"datetime","reference_datetime","duration","site_id","depth_m","family","parameter","variable","prediction","model_id","project_id"
2026-04-29,2026-04-28,"P1D","fcre",NA,"ensemble",1,"ChlorophyllMaximum_depth_sample",2.70765320010178,"fCMdepth_mp","vera4cast"
2026-04-29,2026-04-28,"P1D","fcre",NA,"ensemble",32,"ChlorophyllMaximum_depth_sample",2.72754923318932,"fCMdepth_mp","vera4cast"
2026-04-29,2026-04-28,"P1D","fcre",NA,"ensemble",63,"ChlorophyllMaximum_depth_sample",1.61411419760385,"fCMdepth_mp","vera4cast"
2026-04-29,2026-04-28,"P1D","fcre",NA,"ensemble",94,"ChlorophyllMaximum_depth_sample",2.59798287983827,"fCMdepth_mp","vera4cast"
2026-04-29,2026-04-28,"P1D","fcre",NA,"ensemble",125,"ChlorophyllMaximum_depth_sample",3.2648449313156,"fCMdepth_mp","vera4cast"
2026-04-30,2026-04-28,"P1D","fcre",NA,"ensemble",1,"ChlorophyllMaximum_depth_sample",2.96192683888268,"fCMdepth_mp","vera4cast"
2026-04-30,2026-04-28,"P1D","fcre",NA,"ensemble",32,"ChlorophyllMaximum_depth_sample",2.11566798669409,"fCMdepth_mp","vera4cast"
2026-04-30,2026-04-28,"P1D","fcre",NA,"ensemble",63,"ChlorophyllMaximum_depth_sample",3.18911742809053,"fCMdepth_mp","vera4cast"
2026-04-30,2026-04-28,"P1D","fcre",NA,"ensemble",94,"ChlorophyllMaximum_depth_sample",3.07391803055149,"fCMdepth_mp","vera4cast"
2026-04-30,2026-04-28,"P1D","fcre",NA,"ensemble",125,"ChlorophyllMaximum_depth_sample",4.13575135916753,"fCMdepth_mp","vera4cast"
2026-05-01,2026-04-28,"P1D","fcre",NA,"ensemble",1,"ChlorophyllMaximum_depth_sample",3.99382926020181,"fCMdepth_mp","vera4cast"
2026-05-01,2026-04-28,"P1D","fcre",NA,"ensemble",32,"ChlorophyllMaximum_depth_sample",5.46704265915673,"fCMdepth_mp","vera4cast"
2026-05-01,2026-04-28,"P1D","fcre",NA,"ensemble",63,"ChlorophyllMaximum_depth_sample",4.60001992719819,"fCMdepth_mp","vera4cast"
2026-05-01,2026-04-28,"P1D","fcre",NA,"ensemble",94,"ChlorophyllMaximum_depth_sample",1.97421278579273,"fCMdepth_mp","vera4cast"
2026-05-01,2026-04-28,"P1D","fcre",NA,"ensemble",125,"ChlorophyllMaximum_depth_sample",2.48806151518199,"fCMdepth_mp","vera4cast"
2026-05-02,2026-04-28,"P1D","fcre",NA,"ensemble",1,"ChlorophyllMaximum_depth_sample",3.89945862589688,"fCMdepth_mp","vera4cast"
2026-05-02,2026-04-28,"P1D","fcre",NA,"ensemble",32,"ChlorophyllMaximum_depth_sample",1.2023860422236,"fCMdepth_mp","vera4cast"
2026-05-02,2026-04-28,"P1D","fcre",NA,"ensemble",63,"ChlorophyllMaximum_depth_sample",3.6190668788707,"fCMdepth_mp","vera4cast"
2026-05-02,2026-04-28,"P1D","fcre",NA,"ensemble",94,"ChlorophyllMaximum_depth_sample",2.18943780981237,"fCMdepth_mp","vera4cast"
2026-05-02,2026-04-28,"P1D","fcre",NA,"ensemble",125,"ChlorophyllMaximum_depth_sample",5.12294183000469,"fCMdepth_mp","vera4cast"
2026-05-03,2026-04-28,"P1D","fcre",NA,"ensemble",1,"ChlorophyllMaximum_depth_sample",3.34678594102729,"fCMdepth_mp","vera4cast"
2026-05-03,2026-04-28,"P1D","fcre",NA,"ensemble",32,"ChlorophyllMaximum_depth_sample",2.56570434206849,"fCMdepth_mp","vera4cast"
2026-05-03,2026-04-28,"P1D","fcre",NA,"ensemble",63,"ChlorophyllMaximum_depth_sample",2.3109651084145,"fCMdepth_mp","vera4cast"
2026-05-03,2026-04-28,"P1D","fcre",NA,"ensemble",94,"ChlorophyllMaximum_depth_sample",3.76934483206577,"fCMdepth_mp","vera4cast"
2026-05-03,2026-04-28,"P1D","fcre",NA,"ensemble",125,"ChlorophyllMaximum_depth_sample",3.89590669958233,"fCMdepth_mp","vera4cast"
2026-05-04,2026-04-28,"P1D","fcre",NA,"ensemble",1,"ChlorophyllMaximum_depth_sample",4.007800822918,"fCMdepth_mp","vera4cast"
2026-05-04,2026-04-28,"P1D","fcre",NA,"ensemble",32,"ChlorophyllMaximum_depth_sample",2.95299759767199,"fCMdepth_mp","vera4cast"
2026-05-04,2026-04-28,"P1D","fcre",NA,"ensemble",63,"ChlorophyllMaximum_depth_sample",3.32886244917484,"fCMdepth_mp","vera4cast"
2026-05-04,2026-04-28,"P1D","fcre",NA,"ensemble",94,"ChlorophyllMaximum_depth_sample",3.13124906236518,"fCMdepth_mp","vera4cast"
2026-05-04,2026-04-28,"P1D","fcre",NA,"ensemble",125,"ChlorophyllMaximum_depth_sample",3.49205407130168,"fCMdepth_mp","vera4cast"
2026-05-05,2026-04-28,"P1D","fcre",NA,"ensemble",1,"ChlorophyllMaximum_depth_sample",1.98008350611988,"fCMdepth_mp","vera4cast"
2026-05-05,2026-04-28,"P1D","fcre",NA,"ensemble",32,"ChlorophyllMaximum_depth_sample",1.74198908097877,"fCMdepth_mp","vera4cast"
2026-05-05,2026-04-28,"P1D","fcre",NA,"ensemble",63,"ChlorophyllMaximum_depth_sample",4.44795500562002,"fCMdepth_mp","vera4cast"
2026-05-05,2026-04-28,"P1D","fcre",NA,"ensemble",94,"ChlorophyllMaximum_depth_sample",2.15626308340152,"fCMdepth_mp","vera4cast"
2026-05-05,2026-04-28,"P1D","fcre",NA,"ensemble",125,"ChlorophyllMaximum_depth_sample",2.63662816380977,"fCMdepth_mp","vera4cast"
2026-05-06,2026-04-28,"P1D","fcre",NA,"ensemble",1,"ChlorophyllMaximum_depth_sample",3.21427220184121,"fCMdepth_mp","vera4cast"
2026-05-06,2026-04-28,"P1D","fcre",NA,"ensemble",32,"ChlorophyllMaximum_depth_sample",2.53088254361336,"fCMdepth_mp","vera4cast"
2026-05-06,2026-04-28,"P1D","fcre",NA,"ensemble",63,"ChlorophyllMaximum_depth_sample",1.7427145167804,"fCMdepth_mp","vera4cast"
2026-05-06,2026-04-28,"P1D","fcre",NA,"ensemble",94,"ChlorophyllMaximum_depth_sample",5.22836292971086,"fCMdepth_mp","vera4cast"
2026-05-06,2026-04-28,"P1D","fcre",NA,"ensemble",125,"ChlorophyllMaximum_depth_sample",2.55983970767517,"fCMdepth_mp","vera4cast"
2026-05-07,2026-04-28,"P1D","fcre",NA,"ensemble",1,"ChlorophyllMaximum_depth_sample",2.92653029789123,"fCMdepth_mp","vera4cast"
2026-05-07,2026-04-28,"P1D","fcre",NA,"ensemble",32,"ChlorophyllMaximum_depth_sample",4.62024743328678,"fCMdepth_mp","vera4cast"
2026-05-07,2026-04-28,"P1D","fcre",NA,"ensemble",63,"ChlorophyllMaximum_depth_sample",4.84824172149802,"fCMdepth_mp","vera4cast"
2026-05-07,2026-04-28,"P1D","fcre",NA,"ensemble",94,"ChlorophyllMaximum_depth_sample",5.023311197972,"fCMdepth_mp","vera4cast"
2026-05-07,2026-04-28,"P1D","fcre",NA,"ensemble",125,"ChlorophyllMaximum_depth_sample",2.9200027595943,"fCMdepth_mp","vera4cast"
2026-05-08,2026-04-28,"P1D","fcre",NA,"ensemble",1,"ChlorophyllMaximum_depth_sample",2.68252160580364,"fCMdepth_mp","vera4cast"
2026-05-08,2026-04-28,"P1D","fcre",NA,"ensemble",32,"ChlorophyllMaximum_depth_sample",1.99461749683192,"fCMdepth_mp","vera4cast"
2026-05-08,2026-04-28,"P1D","fcre",NA,"ensemble",63,"ChlorophyllMaximum_depth_sample",6.02706568958465,"fCMdepth_mp","vera4cast"
2026-05-08,2026-04-28,"P1D","fcre",NA,"ensemble",94,"ChlorophyllMaximum_depth_sample",2.3599602041241,"fCMdepth_mp","vera4cast"
2026-05-08,2026-04-28,"P1D","fcre",NA,"ensemble",125,"ChlorophyllMaximum_depth_sample",1.65189538954183,"fCMdepth_mp","vera4cast"
2026-05-09,2026-04-28,"P1D","fcre",NA,"ensemble",1,"ChlorophyllMaximum_depth_sample",4.12077446549229,"fCMdepth_mp","vera4cast"
2026-05-09,2026-04-28,"P1D","fcre",NA,"ensemble",32,"ChlorophyllMaximum_depth_sample",2.50194183180103,"fCMdepth_mp","vera4cast"
2026-05-09,2026-04-28,"P1D","fcre",NA,"ensemble",63,"ChlorophyllMaximum_depth_sample",4.25495251777816,"fCMdepth_mp","vera4cast"
2026-05-09,2026-04-28,"P1D","fcre",NA,"ensemble",94,"ChlorophyllMaximum_depth_sample",2.87990185899684,"fCMdepth_mp","vera4cast"
2026-05-09,2026-04-28,"P1D","fcre",NA,"ensemble",125,"ChlorophyllMaximum_depth_sample",1.06356417567116,"fCMdepth_mp","vera4cast"
2026-05-10,2026-04-28,"P1D","fcre",NA,"ensemble",1,"ChlorophyllMaximum_depth_sample",1.10365358339171,"fCMdepth_mp","vera4cast"
2026-05-10,2026-04-28,"P1D","fcre",NA,"ensemble",32,"ChlorophyllMaximum_depth_sample",2.74494550169775,"fCMdepth_mp","vera4cast"
2026-05-10,2026-04-28,"P1D","fcre",NA,"ensemble",63,"ChlorophyllMaximum_depth_sample",4.47153235800547,"fCMdepth_mp","vera4cast"
2026-05-10,2026-04-28,"P1D","fcre",NA,"ensemble",94,"ChlorophyllMaximum_depth_sample",4.9174508965112,"fCMdepth_mp","vera4cast"
2026-05-10,2026-04-28,"P1D","fcre",NA,"ensemble",125,"ChlorophyllMaximum_depth_sample",3.29360550448653,"fCMdepth_mp","vera4cast"
2026-05-11,2026-04-28,"P1D","fcre",NA,"ensemble",1,"ChlorophyllMaximum_depth_sample",2.85942090003337,"fCMdepth_mp","vera4cast"
2026-05-11,2026-04-28,"P1D","fcre",NA,"ensemble",32,"ChlorophyllMaximum_depth_sample",3.73943332155461,"fCMdepth_mp","vera4cast"
2026-05-11,2026-04-28,"P1D","fcre",NA,"ensemble",63,"ChlorophyllMaximum_depth_sample",2.81133692255802,"fCMdepth_mp","vera4cast"
2026-05-11,2026-04-28,"P1D","fcre",NA,"ensemble",94,"ChlorophyllMaximum_depth_sample",1.83805760402589,"fCMdepth_mp","vera4cast"
2026-05-11,2026-04-28,"P1D","fcre",NA,"ensemble",125,"ChlorophyllMaximum_depth_sample",2.35294716058186,"fCMdepth_mp","vera4cast"
2026-05-12,2026-04-28,"P1D","fcre",NA,"ensemble",1,"ChlorophyllMaximum_depth_sample",1.85843739747046,"fCMdepth_mp","vera4cast"
2026-05-12,2026-04-28,"P1D","fcre",NA,"ensemble",32,"ChlorophyllMaximum_depth_sample",3.63557041233491,"fCMdepth_mp","vera4cast"
2026-05-12,2026-04-28,"P1D","fcre",NA,"ensemble",63,"ChlorophyllMaximum_depth_sample",4.03989894600004,"fCMdepth_mp","vera4cast"
2026-05-12,2026-04-28,"P1D","fcre",NA,"ensemble",94,"ChlorophyllMaximum_depth_sample",3.49702348732988,"fCMdepth_mp","vera4cast"
2026-05-12,2026-04-28,"P1D","fcre",NA,"ensemble",125,"ChlorophyllMaximum_depth_sample",2.63834251210011,"fCMdepth_mp","vera4cast"
2026-05-13,2026-04-28,"P1D","fcre",NA,"ensemble",1,"ChlorophyllMaximum_depth_sample",2.99988169312135,"fCMdepth_mp","vera4cast"
2026-05-13,2026-04-28,"P1D","fcre",NA,"ensemble",32,"ChlorophyllMaximum_depth_sample",3.67823122738375,"fCMdepth_mp","vera4cast"
2026-05-13,2026-04-28,"P1D","fcre",NA,"ensemble",63,"ChlorophyllMaximum_depth_sample",1.46059698162875,"fCMdepth_mp","vera4cast"
2026-05-13,2026-04-28,"P1D","fcre",NA,"ensemble",94,"ChlorophyllMaximum_depth_sample",2.99551885269139,"fCMdepth_mp","vera4cast"
2026-05-13,2026-04-28,"P1D","fcre",NA,"ensemble",125,"ChlorophyllMaximum_depth_sample",3.40397571543714,"fCMdepth_mp","vera4cast"
2026-05-14,2026-04-28,"P1D","fcre",NA,"ensemble",1,"ChlorophyllMaximum_depth_sample",3.36961118790487,"fCMdepth_mp","vera4cast"
2026-05-14,2026-04-28,"P1D","fcre",NA,"ensemble",32,"ChlorophyllMaximum_depth_sample",4.43666317286105,"fCMdepth_mp","vera4cast"
2026-05-14,2026-04-28,"P1D","fcre",NA,"ensemble",63,"ChlorophyllMaximum_depth_sample",2.73071920159117,"fCMdepth_mp","vera4cast"
2026-05-14,2026-04-28,"P1D","fcre",NA,"ensemble",94,"ChlorophyllMaximum_depth_sample",3.13015875231031,"fCMdepth_mp","vera4cast"
2026-05-14,2026-04-28,"P1D","fcre",NA,"ensemble",125,"ChlorophyllMaximum_depth_sample",4.73829962927109,"fCMdepth_mp","vera4cast"
2026-05-15,2026-04-28,"P1D","fcre",NA,"ensemble",1,"ChlorophyllMaximum_depth_sample",4.91269784276299,"fCMdepth_mp","vera4cast"
2026-05-15,2026-04-28,"P1D","fcre",NA,"ensemble",32,"ChlorophyllMaximum_depth_sample",4.90396284009437,"fCMdepth_mp","vera4cast"
2026-05-15,2026-04-28,"P1D","fcre",NA,"ensemble",63,"ChlorophyllMaximum_depth_sample",4.88025672266735,"fCMdepth_mp","vera4cast"
2026-05-15,2026-04-28,"P1D","fcre",NA,"ensemble",94,"ChlorophyllMaximum_depth_sample",4.37098201648125,"fCMdepth_mp","vera4cast"
2026-05-15,2026-04-28,"P1D","fcre",NA,"ensemble",125,"ChlorophyllMaximum_depth_sample",2.7954391367019,"fCMdepth_mp","vera4cast"
2026-05-16,2026-04-28,"P1D","fcre",NA,"ensemble",1,"ChlorophyllMaximum_depth_sample",4.97157179215566,"fCMdepth_mp","vera4cast"
2026-05-16,2026-04-28,"P1D","fcre",NA,"ensemble",32,"ChlorophyllMaximum_depth_sample",5.55440782391146,"fCMdepth_mp","vera4cast"
2026-05-16,2026-04-28,"P1D","fcre",NA,"ensemble",63,"ChlorophyllMaximum_depth_sample",1.69487335106531,"fCMdepth_mp","vera4cast"
2026-05-16,2026-04-28,"P1D","fcre",NA,"ensemble",94,"ChlorophyllMaximum_depth_sample",3.74782483679184,"fCMdepth_mp","vera4cast"
2026-05-16,2026-04-28,"P1D","fcre",NA,"ensemble",125,"ChlorophyllMaximum_depth_sample",4.76762220142413,"fCMdepth_mp","vera4cast"
2026-05-17,2026-04-28,"P1D","fcre",NA,"ensemble",1,"ChlorophyllMaximum_depth_sample",4.3713317377149,"fCMdepth_mp","vera4cast"
2026-05-17,2026-04-28,"P1D","fcre",NA,"ensemble",32,"ChlorophyllMaximum_depth_sample",1.61891391489038,"fCMdepth_mp","vera4cast"
2026-05-17,2026-04-28,"P1D","fcre",NA,"ensemble",63,"ChlorophyllMaximum_depth_sample",2.89811663922624,"fCMdepth_mp","vera4cast"
2026-05-17,2026-04-28,"P1D","fcre",NA,"ensemble",94,"ChlorophyllMaximum_depth_sample",2.69270874321123,"fCMdepth_mp","vera4cast"
2026-05-17,2026-04-28,"P1D","fcre",NA,"ensemble",125,"ChlorophyllMaximum_depth_sample",4.72075533989613,"fCMdepth_mp","vera4cast"
2026-05-18,2026-04-28,"P1D","fcre",NA,"ensemble",1,"ChlorophyllMaximum_depth_sample",3.53723095121645,"fCMdepth_mp","vera4cast"
2026-05-18,2026-04-28,"P1D","fcre",NA,"ensemble",32,"ChlorophyllMaximum_depth_sample",4.30978174361289,"fCMdepth_mp","vera4cast"
2026-05-18,2026-04-28,"P1D","fcre",NA,"ensemble",63,"ChlorophyllMaximum_depth_sample",0.904778271169851,"fCMdepth_mp","vera4cast"
2026-05-18,2026-04-28,"P1D","fcre",NA,"ensemble",94,"ChlorophyllMaximum_depth_sample",1.55816001483089,"fCMdepth_mp","vera4cast"
2026-05-18,2026-04-28,"P1D","fcre",NA,"ensemble",125,"ChlorophyllMaximum_depth_sample",3.08478118068136,"fCMdepth_mp","vera4cast"
2026-05-19,2026-04-28,"P1D","fcre",NA,"ensemble",1,"ChlorophyllMaximum_depth_sample",3.15050309802754,"fCMdepth_mp","vera4cast"
2026-05-19,2026-04-28,"P1D","fcre",NA,"ensemble",32,"ChlorophyllMaximum_depth_sample",1.18376850005742,"fCMdepth_mp","vera4cast"
2026-05-19,2026-04-28,"P1D","fcre",NA,"ensemble",63,"ChlorophyllMaximum_depth_sample",2.8763429658276,"fCMdepth_mp","vera4cast"
2026-05-19,2026-04-28,"P1D","fcre",NA,"ensemble",94,"ChlorophyllMaximum_depth_sample",3.04748557861741,"fCMdepth_mp","vera4cast"
2026-05-19,2026-04-28,"P1D","fcre",NA,"ensemble",125,"ChlorophyllMaximum_depth_sample",2.81565602655397,"fCMdepth_mp","vera4cast"
2026-05-20,2026-04-28,"P1D","fcre",NA,"ensemble",1,"ChlorophyllMaximum_depth_sample",1.41509861756653,"fCMdepth_mp","vera4cast"
2026-05-20,2026-04-28,"P1D","fcre",NA,"ensemble",32,"ChlorophyllMaximum_depth_sample",2.23245863458635,"fCMdepth_mp","vera4cast"
2026-05-20,2026-04-28,"P1D","fcre",NA,"ensemble",63,"ChlorophyllMaximum_depth_sample",2.5735372597089,"fCMdepth_mp","vera4cast"
2026-05-20,2026-04-28,"P1D","fcre",NA,"ensemble",94,"ChlorophyllMaximum_depth_sample",2.36502855982198,"fCMdepth_mp","vera4cast"
2026-05-20,2026-04-28,"P1D","fcre",NA,"ensemble",125,"ChlorophyllMaximum_depth_sample",3.20580415197883,"fCMdepth_mp","vera4cast"
2026-05-21,2026-04-28,"P1D","fcre",NA,"ensemble",1,"ChlorophyllMaximum_depth_sample",3.25681534644841,"fCMdepth_mp","vera4cast"
2026-05-21,2026-04-28,"P1D","fcre",NA,"ensemble",32,"ChlorophyllMaximum_depth_sample",2.90315972930018,"fCMdepth_mp","vera4cast"
2026-05-21,2026-04-28,"P1D","fcre",NA,"ensemble",63,"ChlorophyllMaximum_depth_sample",2.84352349173679,"fCMdepth_mp","vera4cast"
2026-05-21,2026-04-28,"P1D","fcre",NA,"ensemble",94,"ChlorophyllMaximum_depth_sample",0.53200612004544,"fCMdepth_mp","vera4cast"
2026-05-21,2026-04-28,"P1D","fcre",NA,"ensemble",125,"ChlorophyllMaximum_depth_sample",2.47065126909122,"fCMdepth_mp","vera4cast"
2026-05-22,2026-04-28,"P1D","fcre",NA,"ensemble",1,"ChlorophyllMaximum_depth_sample",4.65088160034807,"fCMdepth_mp","vera4cast"
2026-05-22,2026-04-28,"P1D","fcre",NA,"ensemble",32,"ChlorophyllMaximum_depth_sample",2.70686476034131,"fCMdepth_mp","vera4cast"
2026-05-22,2026-04-28,"P1D","fcre",NA,"ensemble",63,"ChlorophyllMaximum_depth_sample",2.64653371481697,"fCMdepth_mp","vera4cast"
2026-05-22,2026-04-28,"P1D","fcre",NA,"ensemble",94,"ChlorophyllMaximum_depth_sample",2.38713454379398,"fCMdepth_mp","vera4cast"
2026-05-22,2026-04-28,"P1D","fcre",NA,"ensemble",125,"ChlorophyllMaximum_depth_sample",2.87770512285166,"fCMdepth_mp","vera4cast"
2026-05-23,2026-04-28,"P1D","fcre",NA,"ensemble",1,"ChlorophyllMaximum_depth_sample",3.90202088161784,"fCMdepth_mp","vera4cast"
2026-05-23,2026-04-28,"P1D","fcre",NA,"ensemble",32,"ChlorophyllMaximum_depth_sample",2.17753901969188,"fCMdepth_mp","vera4cast"
2026-05-23,2026-04-28,"P1D","fcre",NA,"ensemble",63,"ChlorophyllMaximum_depth_sample",5.00576887091564,"fCMdepth_mp","vera4cast"
2026-05-23,2026-04-28,"P1D","fcre",NA,"ensemble",94,"ChlorophyllMaximum_depth_sample",5.27141263634088,"fCMdepth_mp","vera4cast"
2026-05-23,2026-04-28,"P1D","fcre",NA,"ensemble",125,"ChlorophyllMaximum_depth_sample",4.58398444895692,"fCMdepth_mp","vera4cast"
2026-05-24,2026-04-28,"P1D","fcre",NA,"ensemble",1,"ChlorophyllMaximum_depth_sample",1.90929003161226,"fCMdepth_mp","vera4cast"
2026-05-24,2026-04-28,"P1D","fcre",NA,"ensemble",32,"ChlorophyllMaximum_depth_sample",4.04434007569196,"fCMdepth_mp","vera4cast"
2026-05-24,2026-04-28,"P1D","fcre",NA,"ensemble",63,"ChlorophyllMaximum_depth_sample",2.58749182706355,"fCMdepth_mp","vera4cast"
2026-05-24,2026-04-28,"P1D","fcre",NA,"ensemble",94,"ChlorophyllMaximum_depth_sample",2.33871720322312,"fCMdepth_mp","vera4cast"
2026-05-24,2026-04-28,"P1D","fcre",NA,"ensemble",125,"ChlorophyllMaximum_depth_sample",2.56627661094711,"fCMdepth_mp","vera4cast"
2026-05-25,2026-04-28,"P1D","fcre",NA,"ensemble",1,"ChlorophyllMaximum_depth_sample",1.39885041540555,"fCMdepth_mp","vera4cast"
2026-05-25,2026-04-28,"P1D","fcre",NA,"ensemble",32,"ChlorophyllMaximum_depth_sample",3.85893897857443,"fCMdepth_mp","vera4cast"
2026-05-25,2026-04-28,"P1D","fcre",NA,"ensemble",63,"ChlorophyllMaximum_depth_sample",3.3933435310443,"fCMdepth_mp","vera4cast"
2026-05-25,2026-04-28,"P1D","fcre",NA,"ensemble",94,"ChlorophyllMaximum_depth_sample",0.65580060274853,"fCMdepth_mp","vera4cast"
2026-05-25,2026-04-28,"P1D","fcre",NA,"ensemble",125,"ChlorophyllMaximum_depth_sample",3.20782646997727,"fCMdepth_mp","vera4cast"
2026-05-26,2026-04-28,"P1D","fcre",NA,"ensemble",1,"ChlorophyllMaximum_depth_sample",3.14626928416961,"fCMdepth_mp","vera4cast"
2026-05-26,2026-04-28,"P1D","fcre",NA,"ensemble",32,"ChlorophyllMaximum_depth_sample",2.3683618948433,"fCMdepth_mp","vera4cast"
2026-05-26,2026-04-28,"P1D","fcre",NA,"ensemble",63,"ChlorophyllMaximum_depth_sample",4.27587086465391,"fCMdepth_mp","vera4cast"
2026-05-26,2026-04-28,"P1D","fcre",NA,"ensemble",94,"ChlorophyllMaximum_depth_sample",2.9482838466633,"fCMdepth_mp","vera4cast"
2026-05-26,2026-04-28,"P1D","fcre",NA,"ensemble",125,"ChlorophyllMaximum_depth_sample",3.55865027943161,"fCMdepth_mp","vera4cast"
2026-05-27,2026-04-28,"P1D","fcre",NA,"ensemble",1,"ChlorophyllMaximum_depth_sample",5.41702053587707,"fCMdepth_mp","vera4cast"
2026-05-27,2026-04-28,"P1D","fcre",NA,"ensemble",32,"ChlorophyllMaximum_depth_sample",4.5155518690234,"fCMdepth_mp","vera4cast"
2026-05-27,2026-04-28,"P1D","fcre",NA,"ensemble",63,"ChlorophyllMaximum_depth_sample",3.316618235235,"fCMdepth_mp","vera4cast"
2026-05-27,2026-04-28,"P1D","fcre",NA,"ensemble",94,"ChlorophyllMaximum_depth_sample",1.93454121418299,"fCMdepth_mp","vera4cast"
2026-05-27,2026-04-28,"P1D","fcre",NA,"ensemble",125,"ChlorophyllMaximum_depth_sample",3.36268122195768,"fCMdepth_mp","vera4cast"
2026-05-28,2026-04-28,"P1D","fcre",NA,"ensemble",1,"ChlorophyllMaximum_depth_sample",1.08052544953201,"fCMdepth_mp","vera4cast"
2026-05-28,2026-04-28,"P1D","fcre",NA,"ensemble",32,"ChlorophyllMaximum_depth_sample",2.5942551799452,"fCMdepth_mp","vera4cast"
2026-05-28,2026-04-28,"P1D","fcre",NA,"ensemble",63,"ChlorophyllMaximum_depth_sample",2.65335916872168,"fCMdepth_mp","vera4cast"
2026-05-28,2026-04-28,"P1D","fcre",NA,"ensemble",94,"ChlorophyllMaximum_depth_sample",3.41743075091015,"fCMdepth_mp","vera4cast"
2026-05-28,2026-04-28,"P1D","fcre",NA,"ensemble",125,"ChlorophyllMaximum_depth_sample",3.3767371167577,"fCMdepth_mp","vera4cast"
2026-05-29,2026-04-28,"P1D","fcre",NA,"ensemble",1,"ChlorophyllMaximum_depth_sample",3.43566706497484,"fCMdepth_mp","vera4cast"
2026-05-29,2026-04-28,"P1D","fcre",NA,"ensemble",32,"ChlorophyllMaximum_depth_sample",0.438711416850287,"fCMdepth_mp","vera4cast"
2026-05-29,2026-04-28,"P1D","fcre",NA,"ensemble",63,"ChlorophyllMaximum_depth_sample",2.44767792742794,"fCMdepth_mp","vera4cast"
2026-05-29,2026-04-28,"P1D","fcre",NA,"ensemble",94,"ChlorophyllMaximum_depth_sample",3.69271083727187,"fCMdepth_mp","vera4cast"
2026-05-29,2026-04-28,"P1D","fcre",NA,"ensemble",125,"ChlorophyllMaximum_depth_sample",6.08926788926963,"fCMdepth_mp","vera4cast"
2026-05-30,2026-04-28,"P1D","fcre",NA,"ensemble",1,"ChlorophyllMaximum_depth_sample",3.89287400649859,"fCMdepth_mp","vera4cast"
2026-05-30,2026-04-28,"P1D","fcre",NA,"ensemble",32,"ChlorophyllMaximum_depth_sample",3.98961850947954,"fCMdepth_mp","vera4cast"
2026-05-30,2026-04-28,"P1D","fcre",NA,"ensemble",63,"ChlorophyllMaximum_depth_sample",1.17004964870465,"fCMdepth_mp","vera4cast"
2026-05-30,2026-04-28,"P1D","fcre",NA,"ensemble",94,"ChlorophyllMaximum_depth_sample",2.43023094384086,"fCMdepth_mp","vera4cast"
2026-05-30,2026-04-28,"P1D","fcre",NA,"ensemble",125,"ChlorophyllMaximum_depth_sample",0.081391059427709,"fCMdepth_mp","vera4cast"
2026-05-31,2026-04-28,"P1D","fcre",NA,"ensemble",1,"ChlorophyllMaximum_depth_sample",2.24443340016978,"fCMdepth_mp","vera4cast"
2026-05-31,2026-04-28,"P1D","fcre",NA,"ensemble",32,"ChlorophyllMaximum_depth_sample",2.64318107527739,"fCMdepth_mp","vera4cast"
2026-05-31,2026-04-28,"P1D","fcre",NA,"ensemble",63,"ChlorophyllMaximum_depth_sample",3.66436952743084,"fCMdepth_mp","vera4cast"
2026-05-31,2026-04-28,"P1D","fcre",NA,"ensemble",94,"ChlorophyllMaximum_depth_sample",3.82970901162348,"fCMdepth_mp","vera4cast"
2026-05-31,2026-04-28,"P1D","fcre",NA,"ensemble",125,"ChlorophyllMaximum_depth_sample",0.888053279495387,"fCMdepth_mp","vera4cast"
2026-06-01,2026-04-28,"P1D","fcre",NA,"ensemble",1,"ChlorophyllMaximum_depth_sample",3.03656209403614,"fCMdepth_mp","vera4cast"
2026-06-01,2026-04-28,"P1D","fcre",NA,"ensemble",32,"ChlorophyllMaximum_depth_sample",0.248888629451918,"fCMdepth_mp","vera4cast"
2026-06-01,2026-04-28,"P1D","fcre",NA,"ensemble",63,"ChlorophyllMaximum_depth_sample",3.90175737586924,"fCMdepth_mp","vera4cast"
2026-06-01,2026-04-28,"P1D","fcre",NA,"ensemble",94,"ChlorophyllMaximum_depth_sample",3.7106442887803,"fCMdepth_mp","vera4cast"
2026-06-01,2026-04-28,"P1D","fcre",NA,"ensemble",125,"ChlorophyllMaximum_depth_sample",3.42452160348483,"fCMdepth_mp","vera4cast"
2026-04-29,2026-04-28,"P1D","fcre",NA,"ensemble",2,"ChlorophyllMaximum_depth_sample",3.30895237027779,"fCMdepth_mp","vera4cast"
2026-04-29,2026-04-28,"P1D","fcre",NA,"ensemble",33,"ChlorophyllMaximum_depth_sample",1.86383944385307,"fCMdepth_mp","vera4cast"
2026-04-29,2026-04-28,"P1D","fcre",NA,"ensemble",64,"ChlorophyllMaximum_depth_sample",4.51612152611955,"fCMdepth_mp","vera4cast"
2026-04-29,2026-04-28,"P1D","fcre",NA,"ensemble",95,"ChlorophyllMaximum_depth_sample",3.94875281537892,"fCMdepth_mp","vera4cast"
2026-04-29,2026-04-28,"P1D","fcre",NA,"ensemble",126,"ChlorophyllMaximum_depth_sample",1.18717159848796,"fCMdepth_mp","vera4cast"
2026-04-30,2026-04-28,"P1D","fcre",NA,"ensemble",2,"ChlorophyllMaximum_depth_sample",1.96562595484881,"fCMdepth_mp","vera4cast"
2026-04-30,2026-04-28,"P1D","fcre",NA,"ensemble",33,"ChlorophyllMaximum_depth_sample",2.53785390841955,"fCMdepth_mp","vera4cast"
2026-04-30,2026-04-28,"P1D","fcre",NA,"ensemble",64,"ChlorophyllMaximum_depth_sample",3.1714062275907,"fCMdepth_mp","vera4cast"
2026-04-30,2026-04-28,"P1D","fcre",NA,"ensemble",95,"ChlorophyllMaximum_depth_sample",1.61036309793915,"fCMdepth_mp","vera4cast"
2026-04-30,2026-04-28,"P1D","fcre",NA,"ensemble",126,"ChlorophyllMaximum_depth_sample",1.66071158704771,"fCMdepth_mp","vera4cast"
2026-05-01,2026-04-28,"P1D","fcre",NA,"ensemble",2,"ChlorophyllMaximum_depth_sample",3.23103858459309,"fCMdepth_mp","vera4cast"
2026-05-01,2026-04-28,"P1D","fcre",NA,"ensemble",33,"ChlorophyllMaximum_depth_sample",3.26494900895419,"fCMdepth_mp","vera4cast"
2026-05-01,2026-04-28,"P1D","fcre",NA,"ensemble",64,"ChlorophyllMaximum_depth_sample",2.05710636345716,"fCMdepth_mp","vera4cast"
2026-05-01,2026-04-28,"P1D","fcre",NA,"ensemble",95,"ChlorophyllMaximum_depth_sample",4.02354845274718,"fCMdepth_mp","vera4cast"
2026-05-01,2026-04-28,"P1D","fcre",NA,"ensemble",126,"ChlorophyllMaximum_depth_sample",2.3293400849234,"fCMdepth_mp","vera4cast"
2026-05-02,2026-04-28,"P1D","fcre",NA,"ensemble",2,"ChlorophyllMaximum_depth_sample",4.40730543144336,"fCMdepth_mp","vera4cast"
2026-05-02,2026-04-28,"P1D","fcre",NA,"ensemble",33,"ChlorophyllMaximum_depth_sample",3.79754855455799,"fCMdepth_mp","vera4cast"
2026-05-02,2026-04-28,"P1D","fcre",NA,"ensemble",64,"ChlorophyllMaximum_depth_sample",3.41347235874086,"fCMdepth_mp","vera4cast"
2026-05-02,2026-04-28,"P1D","fcre",NA,"ensemble",95,"ChlorophyllMaximum_depth_sample",3.17845291531836,"fCMdepth_mp","vera4cast"
2026-05-02,2026-04-28,"P1D","fcre",NA,"ensemble",126,"ChlorophyllMaximum_depth_sample",3.02549004013213,"fCMdepth_mp","vera4cast"
2026-05-03,2026-04-28,"P1D","fcre",NA,"ensemble",2,"ChlorophyllMaximum_depth_sample",1.85806896551993,"fCMdepth_mp","vera4cast"
2026-05-03,2026-04-28,"P1D","fcre",NA,"ensemble",33,"ChlorophyllMaximum_depth_sample",0.351500807665067,"fCMdepth_mp","vera4cast"
2026-05-03,2026-04-28,"P1D","fcre",NA,"ensemble",64,"ChlorophyllMaximum_depth_sample",3.24038332637065,"fCMdepth_mp","vera4cast"
2026-05-03,2026-04-28,"P1D","fcre",NA,"ensemble",95,"ChlorophyllMaximum_depth_sample",5.03634000423371,"fCMdepth_mp","vera4cast"
2026-05-03,2026-04-28,"P1D","fcre",NA,"ensemble",126,"ChlorophyllMaximum_depth_sample",2.77612730995589,"fCMdepth_mp","vera4cast"
2026-05-04,2026-04-28,"P1D","fcre",NA,"ensemble",2,"ChlorophyllMaximum_depth_sample",5.14514320806663,"fCMdepth_mp","vera4cast"
2026-05-04,2026-04-28,"P1D","fcre",NA,"ensemble",33,"ChlorophyllMaximum_depth_sample",1.84451646852942,"fCMdepth_mp","vera4cast"
2026-05-04,2026-04-28,"P1D","fcre",NA,"ensemble",64,"ChlorophyllMaximum_depth_sample",3.54853806865246,"fCMdepth_mp","vera4cast"
2026-05-04,2026-04-28,"P1D","fcre",NA,"ensemble",95,"ChlorophyllMaximum_depth_sample",3.9593168290786,"fCMdepth_mp","vera4cast"
2026-05-04,2026-04-28,"P1D","fcre",NA,"ensemble",126,"ChlorophyllMaximum_depth_sample",4.52527681601406,"fCMdepth_mp","vera4cast"
2026-05-05,2026-04-28,"P1D","fcre",NA,"ensemble",2,"ChlorophyllMaximum_depth_sample",3.86985581000738,"fCMdepth_mp","vera4cast"
2026-05-05,2026-04-28,"P1D","fcre",NA,"ensemble",33,"ChlorophyllMaximum_depth_sample",4.66845732857266,"fCMdepth_mp","vera4cast"
2026-05-05,2026-04-28,"P1D","fcre",NA,"ensemble",64,"ChlorophyllMaximum_depth_sample",3.50467749032994,"fCMdepth_mp","vera4cast"
2026-05-05,2026-04-28,"P1D","fcre",NA,"ensemble",95,"ChlorophyllMaximum_depth_sample",1.6604674647178,"fCMdepth_mp","vera4cast"
2026-05-05,2026-04-28,"P1D","fcre",NA,"ensemble",126,"ChlorophyllMaximum_depth_sample",3.66859878386991,"fCMdepth_mp","vera4cast"
2026-05-06,2026-04-28,"P1D","fcre",NA,"ensemble",2,"ChlorophyllMaximum_depth_sample",3.28448927158898,"fCMdepth_mp","vera4cast"
2026-05-06,2026-04-28,"P1D","fcre",NA,"ensemble",33,"ChlorophyllMaximum_depth_sample",2.19976432745557,"fCMdepth_mp","vera4cast"
2026-05-06,2026-04-28,"P1D","fcre",NA,"ensemble",64,"ChlorophyllMaximum_depth_sample",1.85412700870937,"fCMdepth_mp","vera4cast"
2026-05-06,2026-04-28,"P1D","fcre",NA,"ensemble",95,"ChlorophyllMaximum_depth_sample",2.34090759452668,"fCMdepth_mp","vera4cast"
2026-05-06,2026-04-28,"P1D","fcre",NA,"ensemble",126,"ChlorophyllMaximum_depth_sample",2.73390324741839,"fCMdepth_mp","vera4cast"
2026-05-07,2026-04-28,"P1D","fcre",NA,"ensemble",2,"ChlorophyllMaximum_depth_sample",2.23536080259529,"fCMdepth_mp","vera4cast"
2026-05-07,2026-04-28,"P1D","fcre",NA,"ensemble",33,"ChlorophyllMaximum_depth_sample",0.407222363824447,"fCMdepth_mp","vera4cast"
2026-05-07,2026-04-28,"P1D","fcre",NA,"ensemble",64,"ChlorophyllMaximum_depth_sample",3.99433212010082,"fCMdepth_mp","vera4cast"
2026-05-07,2026-04-28,"P1D","fcre",NA,"ensemble",95,"ChlorophyllMaximum_depth_sample",2.20532102093692,"fCMdepth_mp","vera4cast"
2026-05-07,2026-04-28,"P1D","fcre",NA,"ensemble",126,"ChlorophyllMaximum_depth_sample",3.24993789351432,"fCMdepth_mp","vera4cast"
2026-05-08,2026-04-28,"P1D","fcre",NA,"ensemble",2,"ChlorophyllMaximum_depth_sample",1.46036460555392,"fCMdepth_mp","vera4cast"
2026-05-08,2026-04-28,"P1D","fcre",NA,"ensemble",33,"ChlorophyllMaximum_depth_sample",3.20657278929396,"fCMdepth_mp","vera4cast"
2026-05-08,2026-04-28,"P1D","fcre",NA,"ensemble",64,"ChlorophyllMaximum_depth_sample",3.72655600229455,"fCMdepth_mp","vera4cast"
2026-05-08,2026-04-28,"P1D","fcre",NA,"ensemble",95,"ChlorophyllMaximum_depth_sample",2.52737134592513,"fCMdepth_mp","vera4cast"
2026-05-08,2026-04-28,"P1D","fcre",NA,"ensemble",126,"ChlorophyllMaximum_depth_sample",2.7896919236157,"fCMdepth_mp","vera4cast"
2026-05-09,2026-04-28,"P1D","fcre",NA,"ensemble",2,"ChlorophyllMaximum_depth_sample",2.13529547218836,"fCMdepth_mp","vera4cast"
2026-05-09,2026-04-28,"P1D","fcre",NA,"ensemble",33,"ChlorophyllMaximum_depth_sample",3.07237146541908,"fCMdepth_mp","vera4cast"
2026-05-09,2026-04-28,"P1D","fcre",NA,"ensemble",64,"ChlorophyllMaximum_depth_sample",3.48664634147548,"fCMdepth_mp","vera4cast"
2026-05-09,2026-04-28,"P1D","fcre",NA,"ensemble",95,"ChlorophyllMaximum_depth_sample",2.47978427543887,"fCMdepth_mp","vera4cast"
2026-05-09,2026-04-28,"P1D","fcre",NA,"ensemble",126,"ChlorophyllMaximum_depth_sample",0.965449070823435,"fCMdepth_mp","vera4cast"
2026-05-10,2026-04-28,"P1D","fcre",NA,"ensemble",2,"ChlorophyllMaximum_depth_sample",2.86259449479046,"fCMdepth_mp","vera4cast"
2026-05-10,2026-04-28,"P1D","fcre",NA,"ensemble",33,"ChlorophyllMaximum_depth_sample",3.9747405505676,"fCMdepth_mp","vera4cast"
2026-05-10,2026-04-28,"P1D","fcre",NA,"ensemble",64,"ChlorophyllMaximum_depth_sample",2.28422635089129,"fCMdepth_mp","vera4cast"
2026-05-10,2026-04-28,"P1D","fcre",NA,"ensemble",95,"ChlorophyllMaximum_depth_sample",4.30549997672193,"fCMdepth_mp","vera4cast"
2026-05-10,2026-04-28,"P1D","fcre",NA,"ensemble",126,"ChlorophyllMaximum_depth_sample",1.10619394578496,"fCMdepth_mp","vera4cast"
2026-05-11,2026-04-28,"P1D","fcre",NA,"ensemble",2,"ChlorophyllMaximum_depth_sample",3.08334047947379,"fCMdepth_mp","vera4cast"
2026-05-11,2026-04-28,"P1D","fcre",NA,"ensemble",33,"ChlorophyllMaximum_depth_sample",2.89923882221903,"fCMdepth_mp","vera4cast"
2026-05-11,2026-04-28,"P1D","fcre",NA,"ensemble",64,"ChlorophyllMaximum_depth_sample",2.63206468180554,"fCMdepth_mp","vera4cast"
2026-05-11,2026-04-28,"P1D","fcre",NA,"ensemble",95,"ChlorophyllMaximum_depth_sample",2.29080491452188,"fCMdepth_mp","vera4cast"
2026-05-11,2026-04-28,"P1D","fcre",NA,"ensemble",126,"ChlorophyllMaximum_depth_sample",0.952593435628215,"fCMdepth_mp","vera4cast"
2026-05-12,2026-04-28,"P1D","fcre",NA,"ensemble",2,"ChlorophyllMaximum_depth_sample",2.85653434369622,"fCMdepth_mp","vera4cast"
2026-05-12,2026-04-28,"P1D","fcre",NA,"ensemble",33,"ChlorophyllMaximum_depth_sample",4.86227249058078,"fCMdepth_mp","vera4cast"
2026-05-12,2026-04-28,"P1D","fcre",NA,"ensemble",64,"ChlorophyllMaximum_depth_sample",1.65896743329232,"fCMdepth_mp","vera4cast"
2026-05-12,2026-04-28,"P1D","fcre",NA,"ensemble",95,"ChlorophyllMaximum_depth_sample",3.15514946518068,"fCMdepth_mp","vera4cast"
2026-05-12,2026-04-28,"P1D","fcre",NA,"ensemble",126,"ChlorophyllMaximum_depth_sample",2.65841685838183,"fCMdepth_mp","vera4cast"
2026-05-13,2026-04-28,"P1D","fcre",NA,"ensemble",2,"ChlorophyllMaximum_depth_sample",3.17545805487835,"fCMdepth_mp","vera4cast"
2026-05-13,2026-04-28,"P1D","fcre",NA,"ensemble",33,"ChlorophyllMaximum_depth_sample",3.62944120443884,"fCMdepth_mp","vera4cast"
2026-05-13,2026-04-28,"P1D","fcre",NA,"ensemble",64,"ChlorophyllMaximum_depth_sample",2.38776768671184,"fCMdepth_mp","vera4cast"
2026-05-13,2026-04-28,"P1D","fcre",NA,"ensemble",95,"ChlorophyllMaximum_depth_sample",3.45029418930623,"fCMdepth_mp","vera4cast"
2026-05-13,2026-04-28,"P1D","fcre",NA,"ensemble",126,"ChlorophyllMaximum_depth_sample",1.80939550609558,"fCMdepth_mp","vera4cast"
2026-05-14,2026-04-28,"P1D","fcre",NA,"ensemble",2,"ChlorophyllMaximum_depth_sample",3.94552841021394,"fCMdepth_mp","vera4cast"
2026-05-14,2026-04-28,"P1D","fcre",NA,"ensemble",33,"ChlorophyllMaximum_depth_sample",2.84822253002785,"fCMdepth_mp","vera4cast"
2026-05-14,2026-04-28,"P1D","fcre",NA,"ensemble",64,"ChlorophyllMaximum_depth_sample",4.48070028890654,"fCMdepth_mp","vera4cast"
2026-05-14,2026-04-28,"P1D","fcre",NA,"ensemble",95,"ChlorophyllMaximum_depth_sample",3.10030489040612,"fCMdepth_mp","vera4cast"
2026-05-14,2026-04-28,"P1D","fcre",NA,"ensemble",126,"ChlorophyllMaximum_depth_sample",1.92115856150482,"fCMdepth_mp","vera4cast"
2026-05-15,2026-04-28,"P1D","fcre",NA,"ensemble",2,"ChlorophyllMaximum_depth_sample",2.52118488205792,"fCMdepth_mp","vera4cast"
2026-05-15,2026-04-28,"P1D","fcre",NA,"ensemble",33,"ChlorophyllMaximum_depth_sample",3.50463314278282,"fCMdepth_mp","vera4cast"
2026-05-15,2026-04-28,"P1D","fcre",NA,"ensemble",64,"ChlorophyllMaximum_depth_sample",1.86800864908145,"fCMdepth_mp","vera4cast"
2026-05-15,2026-04-28,"P1D","fcre",NA,"ensemble",95,"ChlorophyllMaximum_depth_sample",4.07617984743156,"fCMdepth_mp","vera4cast"
2026-05-15,2026-04-28,"P1D","fcre",NA,"ensemble",126,"ChlorophyllMaximum_depth_sample",3.46334592508587,"fCMdepth_mp","vera4cast"
2026-05-16,2026-04-28,"P1D","fcre",NA,"ensemble",2,"ChlorophyllMaximum_depth_sample",2.12393467818756,"fCMdepth_mp","vera4cast"
2026-05-16,2026-04-28,"P1D","fcre",NA,"ensemble",33,"ChlorophyllMaximum_depth_sample",1.88419770382741,"fCMdepth_mp","vera4cast"
2026-05-16,2026-04-28,"P1D","fcre",NA,"ensemble",64,"ChlorophyllMaximum_depth_sample",3.42688051756998,"fCMdepth_mp","vera4cast"
2026-05-16,2026-04-28,"P1D","fcre",NA,"ensemble",95,"ChlorophyllMaximum_depth_sample",3.22673080243479,"fCMdepth_mp","vera4cast"
2026-05-16,2026-04-28,"P1D","fcre",NA,"ensemble",126,"ChlorophyllMaximum_depth_sample",3.52347099180811,"fCMdepth_mp","vera4cast"
2026-05-17,2026-04-28,"P1D","fcre",NA,"ensemble",2,"ChlorophyllMaximum_depth_sample",1.82850300135629,"fCMdepth_mp","vera4cast"
2026-05-17,2026-04-28,"P1D","fcre",NA,"ensemble",33,"ChlorophyllMaximum_depth_sample",2.72775452281093,"fCMdepth_mp","vera4cast"
2026-05-17,2026-04-28,"P1D","fcre",NA,"ensemble",64,"ChlorophyllMaximum_depth_sample",4.95466031087729,"fCMdepth_mp","vera4cast"
2026-05-17,2026-04-28,"P1D","fcre",NA,"ensemble",95,"ChlorophyllMaximum_depth_sample",3.29224150730503,"fCMdepth_mp","vera4cast"
2026-05-17,2026-04-28,"P1D","fcre",NA,"ensemble",126,"ChlorophyllMaximum_depth_sample",3.1354331356158,"fCMdepth_mp","vera4cast"
2026-05-18,2026-04-28,"P1D","fcre",NA,"ensemble",2,"ChlorophyllMaximum_depth_sample",4.76667869396139,"fCMdepth_mp","vera4cast"
2026-05-18,2026-04-28,"P1D","fcre",NA,"ensemble",33,"ChlorophyllMaximum_depth_sample",3.79444300315758,"fCMdepth_mp","vera4cast"
2026-05-18,2026-04-28,"P1D","fcre",NA,"ensemble",64,"ChlorophyllMaximum_depth_sample",3.00031226171748,"fCMdepth_mp","vera4cast"
2026-05-18,2026-04-28,"P1D","fcre",NA,"ensemble",95,"ChlorophyllMaximum_depth_sample",1.66399718775642,"fCMdepth_mp","vera4cast"
2026-05-18,2026-04-28,"P1D","fcre",NA,"ensemble",126,"ChlorophyllMaximum_depth_sample",3.96686618153474,"fCMdepth_mp","vera4cast"
2026-05-19,2026-04-28,"P1D","fcre",NA,"ensemble",2,"ChlorophyllMaximum_depth_sample",1.01659866909771,"fCMdepth_mp","vera4cast"
2026-05-19,2026-04-28,"P1D","fcre",NA,"ensemble",33,"ChlorophyllMaximum_depth_sample",3.06536415397315,"fCMdepth_mp","vera4cast"
2026-05-19,2026-04-28,"P1D","fcre",NA,"ensemble",64,"ChlorophyllMaximum_depth_sample",3.96779067722381,"fCMdepth_mp","vera4cast"
2026-05-19,2026-04-28,"P1D","fcre",NA,"ensemble",95,"ChlorophyllMaximum_depth_sample",2.60711568659177,"fCMdepth_mp","vera4cast"
2026-05-19,2026-04-28,"P1D","fcre",NA,"ensemble",126,"ChlorophyllMaximum_depth_sample",1.8883187341822,"fCMdepth_mp","vera4cast"
2026-05-20,2026-04-28,"P1D","fcre",NA,"ensemble",2,"ChlorophyllMaximum_depth_sample",2.4909531516009,"fCMdepth_mp","vera4cast"
2026-05-20,2026-04-28,"P1D","fcre",NA,"ensemble",33,"ChlorophyllMaximum_depth_sample",2.76133952221494,"fCMdepth_mp","vera4cast"
2026-05-20,2026-04-28,"P1D","fcre",NA,"ensemble",64,"ChlorophyllMaximum_depth_sample",3.75850508449361,"fCMdepth_mp","vera4cast"
2026-05-20,2026-04-28,"P1D","fcre",NA,"ensemble",95,"ChlorophyllMaximum_depth_sample",2.62203501135469,"fCMdepth_mp","vera4cast"
2026-05-20,2026-04-28,"P1D","fcre",NA,"ensemble",126,"ChlorophyllMaximum_depth_sample",2.49282889250822,"fCMdepth_mp","vera4cast"
2026-05-21,2026-04-28,"P1D","fcre",NA,"ensemble",2,"ChlorophyllMaximum_depth_sample",3.08010583799836,"fCMdepth_mp","vera4cast"
2026-05-21,2026-04-28,"P1D","fcre",NA,"ensemble",33,"ChlorophyllMaximum_depth_sample",2.90376912992725,"fCMdepth_mp","vera4cast"
2026-05-21,2026-04-28,"P1D","fcre",NA,"ensemble",64,"ChlorophyllMaximum_depth_sample",2.38474949017713,"fCMdepth_mp","vera4cast"
2026-05-21,2026-04-28,"P1D","fcre",NA,"ensemble",95,"ChlorophyllMaximum_depth_sample",3.84328121102364,"fCMdepth_mp","vera4cast"
2026-05-21,2026-04-28,"P1D","fcre",NA,"ensemble",126,"ChlorophyllMaximum_depth_sample",3.12203134344561,"fCMdepth_mp","vera4cast"
2026-05-22,2026-04-28,"P1D","fcre",NA,"ensemble",2,"ChlorophyllMaximum_depth_sample",2.58924096047733,"fCMdepth_mp","vera4cast"
2026-05-22,2026-04-28,"P1D","fcre",NA,"ensemble",33,"ChlorophyllMaximum_depth_sample",2.78012168480947,"fCMdepth_mp","vera4cast"
2026-05-22,2026-04-28,"P1D","fcre",NA,"ensemble",64,"ChlorophyllMaximum_depth_sample",2.00256775884731,"fCMdepth_mp","vera4cast"
2026-05-22,2026-04-28,"P1D","fcre",NA,"ensemble",95,"ChlorophyllMaximum_depth_sample",2.90310547128797,"fCMdepth_mp","vera4cast"
2026-05-22,2026-04-28,"P1D","fcre",NA,"ensemble",126,"ChlorophyllMaximum_depth_sample",4.27102432444559,"fCMdepth_mp","vera4cast"
2026-05-23,2026-04-28,"P1D","fcre",NA,"ensemble",2,"ChlorophyllMaximum_depth_sample",2.80417418683739,"fCMdepth_mp","vera4cast"
2026-05-23,2026-04-28,"P1D","fcre",NA,"ensemble",33,"ChlorophyllMaximum_depth_sample",4.85925957513934,"fCMdepth_mp","vera4cast"
2026-05-23,2026-04-28,"P1D","fcre",NA,"ensemble",64,"ChlorophyllMaximum_depth_sample",2.18978100416602,"fCMdepth_mp","vera4cast"
2026-05-23,2026-04-28,"P1D","fcre",NA,"ensemble",95,"ChlorophyllMaximum_depth_sample",1.63561372573883,"fCMdepth_mp","vera4cast"
2026-05-23,2026-04-28,"P1D","fcre",NA,"ensemble",126,"ChlorophyllMaximum_depth_sample",2.08358290612273,"fCMdepth_mp","vera4cast"
2026-05-24,2026-04-28,"P1D","fcre",NA,"ensemble",2,"ChlorophyllMaximum_depth_sample",3.70829255198775,"fCMdepth_mp","vera4cast"
2026-05-24,2026-04-28,"P1D","fcre",NA,"ensemble",33,"ChlorophyllMaximum_depth_sample",2.61291228315638,"fCMdepth_mp","vera4cast"
2026-05-24,2026-04-28,"P1D","fcre",NA,"ensemble",64,"ChlorophyllMaximum_depth_sample",2.66631250980604,"fCMdepth_mp","vera4cast"
2026-05-24,2026-04-28,"P1D","fcre",NA,"ensemble",95,"ChlorophyllMaximum_depth_sample",1.77363016916747,"fCMdepth_mp","vera4cast"
2026-05-24,2026-04-28,"P1D","fcre",NA,"ensemble",126,"ChlorophyllMaximum_depth_sample",1.80952117158551,"fCMdepth_mp","vera4cast"
2026-05-25,2026-04-28,"P1D","fcre",NA,"ensemble",2,"ChlorophyllMaximum_depth_sample",2.04013362939383,"fCMdepth_mp","vera4cast"
2026-05-25,2026-04-28,"P1D","fcre",NA,"ensemble",33,"ChlorophyllMaximum_depth_sample",3.2789079000044,"fCMdepth_mp","vera4cast"
2026-05-25,2026-04-28,"P1D","fcre",NA,"ensemble",64,"ChlorophyllMaximum_depth_sample",0.783641226188529,"fCMdepth_mp","vera4cast"
2026-05-25,2026-04-28,"P1D","fcre",NA,"ensemble",95,"ChlorophyllMaximum_depth_sample",1.51686326430604,"fCMdepth_mp","vera4cast"
2026-05-25,2026-04-28,"P1D","fcre",NA,"ensemble",126,"ChlorophyllMaximum_depth_sample",4.48781346453245,"fCMdepth_mp","vera4cast"
2026-05-26,2026-04-28,"P1D","fcre",NA,"ensemble",2,"ChlorophyllMaximum_depth_sample",3.32467867252764,"fCMdepth_mp","vera4cast"
2026-05-26,2026-04-28,"P1D","fcre",NA,"ensemble",33,"ChlorophyllMaximum_depth_sample",2.46775300697828,"fCMdepth_mp","vera4cast"
2026-05-26,2026-04-28,"P1D","fcre",NA,"ensemble",64,"ChlorophyllMaximum_depth_sample",4.23458749721151,"fCMdepth_mp","vera4cast"
2026-05-26,2026-04-28,"P1D","fcre",NA,"ensemble",95,"ChlorophyllMaximum_depth_sample",3.17933888615673,"fCMdepth_mp","vera4cast"
2026-05-26,2026-04-28,"P1D","fcre",NA,"ensemble",126,"ChlorophyllMaximum_depth_sample",2.69575118753196,"fCMdepth_mp","vera4cast"
2026-05-27,2026-04-28,"P1D","fcre",NA,"ensemble",2,"ChlorophyllMaximum_depth_sample",2.55610183077864,"fCMdepth_mp","vera4cast"
2026-05-27,2026-04-28,"P1D","fcre",NA,"ensemble",33,"ChlorophyllMaximum_depth_sample",2.18306052101031,"fCMdepth_mp","vera4cast"
2026-05-27,2026-04-28,"P1D","fcre",NA,"ensemble",64,"ChlorophyllMaximum_depth_sample",2.88635934939327,"fCMdepth_mp","vera4cast"
2026-05-27,2026-04-28,"P1D","fcre",NA,"ensemble",95,"ChlorophyllMaximum_depth_sample",4.80934840253002,"fCMdepth_mp","vera4cast"
2026-05-27,2026-04-28,"P1D","fcre",NA,"ensemble",126,"ChlorophyllMaximum_depth_sample",4.2306987689134,"fCMdepth_mp","vera4cast"
2026-05-28,2026-04-28,"P1D","fcre",NA,"ensemble",2,"ChlorophyllMaximum_depth_sample",3.09714841789854,"fCMdepth_mp","vera4cast"
2026-05-28,2026-04-28,"P1D","fcre",NA,"ensemble",33,"ChlorophyllMaximum_depth_sample",4.1333963561582,"fCMdepth_mp","vera4cast"
2026-05-28,2026-04-28,"P1D","fcre",NA,"ensemble",64,"ChlorophyllMaximum_depth_sample",1.09475543719046,"fCMdepth_mp","vera4cast"
2026-05-28,2026-04-28,"P1D","fcre",NA,"ensemble",95,"ChlorophyllMaximum_depth_sample",2.03035943513084,"fCMdepth_mp","vera4cast"
2026-05-28,2026-04-28,"P1D","fcre",NA,"ensemble",126,"ChlorophyllMaximum_depth_sample",3.31597040551849,"fCMdepth_mp","vera4cast"
2026-05-29,2026-04-28,"P1D","fcre",NA,"ensemble",2,"ChlorophyllMaximum_depth_sample",2.50896348531486,"fCMdepth_mp","vera4cast"
2026-05-29,2026-04-28,"P1D","fcre",NA,"ensemble",33,"ChlorophyllMaximum_depth_sample",0.458739228897322,"fCMdepth_mp","vera4cast"
2026-05-29,2026-04-28,"P1D","fcre",NA,"ensemble",64,"ChlorophyllMaximum_depth_sample",2.8939059120969,"fCMdepth_mp","vera4cast"
2026-05-29,2026-04-28,"P1D","fcre",NA,"ensemble",95,"ChlorophyllMaximum_depth_sample",1.85831874280137,"fCMdepth_mp","vera4cast"
2026-05-29,2026-04-28,"P1D","fcre",NA,"ensemble",126,"ChlorophyllMaximum_depth_sample",0.0413913715286487,"fCMdepth_mp","vera4cast"
2026-05-30,2026-04-28,"P1D","fcre",NA,"ensemble",2,"ChlorophyllMaximum_depth_sample",1.29736993024968,"fCMdepth_mp","vera4cast"
2026-05-30,2026-04-28,"P1D","fcre",NA,"ensemble",33,"ChlorophyllMaximum_depth_sample",0.532232933793518,"fCMdepth_mp","vera4cast"
2026-05-30,2026-04-28,"P1D","fcre",NA,"ensemble",64,"ChlorophyllMaximum_depth_sample",1.86856032335579,"fCMdepth_mp","vera4cast"
2026-05-30,2026-04-28,"P1D","fcre",NA,"ensemble",95,"ChlorophyllMaximum_depth_sample",3.91877714119032,"fCMdepth_mp","vera4cast"
2026-05-30,2026-04-28,"P1D","fcre",NA,"ensemble",126,"ChlorophyllMaximum_depth_sample",4.92279420005497,"fCMdepth_mp","vera4cast"
2026-05-31,2026-04-28,"P1D","fcre",NA,"ensemble",2,"ChlorophyllMaximum_depth_sample",1.77434378557582,"fCMdepth_mp","vera4cast"
2026-05-31,2026-04-28,"P1D","fcre",NA,"ensemble",33,"ChlorophyllMaximum_depth_sample",1.59270014046934,"fCMdepth_mp","vera4cast"
2026-05-31,2026-04-28,"P1D","fcre",NA,"ensemble",64,"ChlorophyllMaximum_depth_sample",4.03304027578139,"fCMdepth_mp","vera4cast"
2026-05-31,2026-04-28,"P1D","fcre",NA,"ensemble",95,"ChlorophyllMaximum_depth_sample",2.78676726093629,"fCMdepth_mp","vera4cast"
2026-05-31,2026-04-28,"P1D","fcre",NA,"ensemble",126,"ChlorophyllMaximum_depth_sample",3.33916307566722,"fCMdepth_mp","vera4cast"
2026-06-01,2026-04-28,"P1D","fcre",NA,"ensemble",2,"ChlorophyllMaximum_depth_sample",2.00776983229945,"fCMdepth_mp","vera4cast"
2026-06-01,2026-04-28,"P1D","fcre",NA,"ensemble",33,"ChlorophyllMaximum_depth_sample",2.11312449669745,"fCMdepth_mp","vera4cast"
2026-06-01,2026-04-28,"P1D","fcre",NA,"ensemble",64,"ChlorophyllMaximum_depth_sample",2.45495410940935,"fCMdepth_mp","vera4cast"
2026-06-01,2026-04-28,"P1D","fcre",NA,"ensemble",95,"ChlorophyllMaximum_depth_sample",4.48625081204088,"fCMdepth_mp","vera4cast"
2026-06-01,2026-04-28,"P1D","fcre",NA,"ensemble",126,"ChlorophyllMaximum_depth_sample",2.3586739354997,"fCMdepth_mp","vera4cast"
2026-04-29,2026-04-28,"P1D","fcre",NA,"ensemble",3,"ChlorophyllMaximum_depth_sample",2.15621591120457,"fCMdepth_mp","vera4cast"
2026-04-29,2026-04-28,"P1D","fcre",NA,"ensemble",34,"ChlorophyllMaximum_depth_sample",2.83339168672138,"fCMdepth_mp","vera4cast"
2026-04-29,2026-04-28,"P1D","fcre",NA,"ensemble",65,"ChlorophyllMaximum_depth_sample",0.848894023978483,"fCMdepth_mp","vera4cast"
2026-04-29,2026-04-28,"P1D","fcre",NA,"ensemble",96,"ChlorophyllMaximum_depth_sample",1.39333609173512,"fCMdepth_mp","vera4cast"
2026-04-29,2026-04-28,"P1D","fcre",NA,"ensemble",127,"ChlorophyllMaximum_depth_sample",2.64274646254407,"fCMdepth_mp","vera4cast"
2026-04-30,2026-04-28,"P1D","fcre",NA,"ensemble",3,"ChlorophyllMaximum_depth_sample",0.883973609067115,"fCMdepth_mp","vera4cast"
2026-04-30,2026-04-28,"P1D","fcre",NA,"ensemble",34,"ChlorophyllMaximum_depth_sample",2.71441524120908,"fCMdepth_mp","vera4cast"
2026-04-30,2026-04-28,"P1D","fcre",NA,"ensemble",65,"ChlorophyllMaximum_depth_sample",2.31286443376635,"fCMdepth_mp","vera4cast"
2026-04-30,2026-04-28,"P1D","fcre",NA,"ensemble",96,"ChlorophyllMaximum_depth_sample",3.69475126569065,"fCMdepth_mp","vera4cast"
2026-04-30,2026-04-28,"P1D","fcre",NA,"ensemble",127,"ChlorophyllMaximum_depth_sample",2.83150987613059,"fCMdepth_mp","vera4cast"
2026-05-01,2026-04-28,"P1D","fcre",NA,"ensemble",3,"ChlorophyllMaximum_depth_sample",2.95363306216963,"fCMdepth_mp","vera4cast"
2026-05-01,2026-04-28,"P1D","fcre",NA,"ensemble",34,"ChlorophyllMaximum_depth_sample",2.69825392078132,"fCMdepth_mp","vera4cast"
2026-05-01,2026-04-28,"P1D","fcre",NA,"ensemble",65,"ChlorophyllMaximum_depth_sample",4.87771668598777,"fCMdepth_mp","vera4cast"
2026-05-01,2026-04-28,"P1D","fcre",NA,"ensemble",96,"ChlorophyllMaximum_depth_sample",2.90189668593216,"fCMdepth_mp","vera4cast"
2026-05-01,2026-04-28,"P1D","fcre",NA,"ensemble",127,"ChlorophyllMaximum_depth_sample",4.52269880531075,"fCMdepth_mp","vera4cast"
2026-05-02,2026-04-28,"P1D","fcre",NA,"ensemble",3,"ChlorophyllMaximum_depth_sample",1.86441622685889,"fCMdepth_mp","vera4cast"
2026-05-02,2026-04-28,"P1D","fcre",NA,"ensemble",34,"ChlorophyllMaximum_depth_sample",3.80400084294235,"fCMdepth_mp","vera4cast"
2026-05-02,2026-04-28,"P1D","fcre",NA,"ensemble",65,"ChlorophyllMaximum_depth_sample",3.43306977298682,"fCMdepth_mp","vera4cast"
2026-05-02,2026-04-28,"P1D","fcre",NA,"ensemble",96,"ChlorophyllMaximum_depth_sample",4.47116453605594,"fCMdepth_mp","vera4cast"
2026-05-02,2026-04-28,"P1D","fcre",NA,"ensemble",127,"ChlorophyllMaximum_depth_sample",3.18607425029686,"fCMdepth_mp","vera4cast"
2026-05-03,2026-04-28,"P1D","fcre",NA,"ensemble",3,"ChlorophyllMaximum_depth_sample",2.39607258636032,"fCMdepth_mp","vera4cast"
2026-05-03,2026-04-28,"P1D","fcre",NA,"ensemble",34,"ChlorophyllMaximum_depth_sample",2.78394175291096,"fCMdepth_mp","vera4cast"
2026-05-03,2026-04-28,"P1D","fcre",NA,"ensemble",65,"ChlorophyllMaximum_depth_sample",3.46078548287727,"fCMdepth_mp","vera4cast"
2026-05-03,2026-04-28,"P1D","fcre",NA,"ensemble",96,"ChlorophyllMaximum_depth_sample",3.57350450274132,"fCMdepth_mp","vera4cast"
2026-05-03,2026-04-28,"P1D","fcre",NA,"ensemble",127,"ChlorophyllMaximum_depth_sample",0.00898640775567072,"fCMdepth_mp","vera4cast"
2026-05-04,2026-04-28,"P1D","fcre",NA,"ensemble",3,"ChlorophyllMaximum_depth_sample",2.26777231878882,"fCMdepth_mp","vera4cast"
2026-05-04,2026-04-28,"P1D","fcre",NA,"ensemble",34,"ChlorophyllMaximum_depth_sample",1.8323596768673,"fCMdepth_mp","vera4cast"
2026-05-04,2026-04-28,"P1D","fcre",NA,"ensemble",65,"ChlorophyllMaximum_depth_sample",3.01313065054738,"fCMdepth_mp","vera4cast"
2026-05-04,2026-04-28,"P1D","fcre",NA,"ensemble",96,"ChlorophyllMaximum_depth_sample",1.72387397079766,"fCMdepth_mp","vera4cast"
2026-05-04,2026-04-28,"P1D","fcre",NA,"ensemble",127,"ChlorophyllMaximum_depth_sample",1.92187128088467,"fCMdepth_mp","vera4cast"
2026-05-05,2026-04-28,"P1D","fcre",NA,"ensemble",3,"ChlorophyllMaximum_depth_sample",1.90954820340952,"fCMdepth_mp","vera4cast"
2026-05-05,2026-04-28,"P1D","fcre",NA,"ensemble",34,"ChlorophyllMaximum_depth_sample",2.09700136284661,"fCMdepth_mp","vera4cast"
2026-05-05,2026-04-28,"P1D","fcre",NA,"ensemble",65,"ChlorophyllMaximum_depth_sample",2.98475063433069,"fCMdepth_mp","vera4cast"
2026-05-05,2026-04-28,"P1D","fcre",NA,"ensemble",96,"ChlorophyllMaximum_depth_sample",2.76469268611363,"fCMdepth_mp","vera4cast"
2026-05-05,2026-04-28,"P1D","fcre",NA,"ensemble",127,"ChlorophyllMaximum_depth_sample",2.2361690625675,"fCMdepth_mp","vera4cast"
2026-05-06,2026-04-28,"P1D","fcre",NA,"ensemble",3,"ChlorophyllMaximum_depth_sample",3.39504311077029,"fCMdepth_mp","vera4cast"
2026-05-06,2026-04-28,"P1D","fcre",NA,"ensemble",34,"ChlorophyllMaximum_depth_sample",1.94552747878977,"fCMdepth_mp","vera4cast"
2026-05-06,2026-04-28,"P1D","fcre",NA,"ensemble",65,"ChlorophyllMaximum_depth_sample",2.85737917799629,"fCMdepth_mp","vera4cast"
2026-05-06,2026-04-28,"P1D","fcre",NA,"ensemble",96,"ChlorophyllMaximum_depth_sample",1.80836252985801,"fCMdepth_mp","vera4cast"
2026-05-06,2026-04-28,"P1D","fcre",NA,"ensemble",127,"ChlorophyllMaximum_depth_sample",4.18386851137127,"fCMdepth_mp","vera4cast"
2026-05-07,2026-04-28,"P1D","fcre",NA,"ensemble",3,"ChlorophyllMaximum_depth_sample",2.94181877411679,"fCMdepth_mp","vera4cast"
2026-05-07,2026-04-28,"P1D","fcre",NA,"ensemble",34,"ChlorophyllMaximum_depth_sample",3.32001320189946,"fCMdepth_mp","vera4cast"
2026-05-07,2026-04-28,"P1D","fcre",NA,"ensemble",65,"ChlorophyllMaximum_depth_sample",2.6752074267457,"fCMdepth_mp","vera4cast"
2026-05-07,2026-04-28,"P1D","fcre",NA,"ensemble",96,"ChlorophyllMaximum_depth_sample",2.92582615154616,"fCMdepth_mp","vera4cast"
2026-05-07,2026-04-28,"P1D","fcre",NA,"ensemble",127,"ChlorophyllMaximum_depth_sample",3.36568682196559,"fCMdepth_mp","vera4cast"
2026-05-08,2026-04-28,"P1D","fcre",NA,"ensemble",3,"ChlorophyllMaximum_depth_sample",2.99216680776696,"fCMdepth_mp","vera4cast"
2026-05-08,2026-04-28,"P1D","fcre",NA,"ensemble",34,"ChlorophyllMaximum_depth_sample",3.00523814623489,"fCMdepth_mp","vera4cast"
2026-05-08,2026-04-28,"P1D","fcre",NA,"ensemble",65,"ChlorophyllMaximum_depth_sample",3.58023810721558,"fCMdepth_mp","vera4cast"
2026-05-08,2026-04-28,"P1D","fcre",NA,"ensemble",96,"ChlorophyllMaximum_depth_sample",2.62298480775064,"fCMdepth_mp","vera4cast"
2026-05-08,2026-04-28,"P1D","fcre",NA,"ensemble",127,"ChlorophyllMaximum_depth_sample",0.307401826835311,"fCMdepth_mp","vera4cast"
2026-05-09,2026-04-28,"P1D","fcre",NA,"ensemble",3,"ChlorophyllMaximum_depth_sample",1.51440858343629,"fCMdepth_mp","vera4cast"
2026-05-09,2026-04-28,"P1D","fcre",NA,"ensemble",34,"ChlorophyllMaximum_depth_sample",4.37686240861707,"fCMdepth_mp","vera4cast"
2026-05-09,2026-04-28,"P1D","fcre",NA,"ensemble",65,"ChlorophyllMaximum_depth_sample",2.80715896255187,"fCMdepth_mp","vera4cast"
2026-05-09,2026-04-28,"P1D","fcre",NA,"ensemble",96,"ChlorophyllMaximum_depth_sample",2.45152511432194,"fCMdepth_mp","vera4cast"
2026-05-09,2026-04-28,"P1D","fcre",NA,"ensemble",127,"ChlorophyllMaximum_depth_sample",2.66655318980492,"fCMdepth_mp","vera4cast"
2026-05-10,2026-04-28,"P1D","fcre",NA,"ensemble",3,"ChlorophyllMaximum_depth_sample",4.03595882051581,"fCMdepth_mp","vera4cast"
2026-05-10,2026-04-28,"P1D","fcre",NA,"ensemble",34,"ChlorophyllMaximum_depth_sample",2.93790233794633,"fCMdepth_mp","vera4cast"
2026-05-10,2026-04-28,"P1D","fcre",NA,"ensemble",65,"ChlorophyllMaximum_depth_sample",2.65013234255633,"fCMdepth_mp","vera4cast"
2026-05-10,2026-04-28,"P1D","fcre",NA,"ensemble",96,"ChlorophyllMaximum_depth_sample",3.05989606859999,"fCMdepth_mp","vera4cast"
2026-05-10,2026-04-28,"P1D","fcre",NA,"ensemble",127,"ChlorophyllMaximum_depth_sample",5.26991875153013,"fCMdepth_mp","vera4cast"
2026-05-11,2026-04-28,"P1D","fcre",NA,"ensemble",3,"ChlorophyllMaximum_depth_sample",4.71553878136978,"fCMdepth_mp","vera4cast"
2026-05-11,2026-04-28,"P1D","fcre",NA,"ensemble",34,"ChlorophyllMaximum_depth_sample",5.00022016374469,"fCMdepth_mp","vera4cast"
2026-05-11,2026-04-28,"P1D","fcre",NA,"ensemble",65,"ChlorophyllMaximum_depth_sample",4.56010841674251,"fCMdepth_mp","vera4cast"
2026-05-11,2026-04-28,"P1D","fcre",NA,"ensemble",96,"ChlorophyllMaximum_depth_sample",2.72222362133629,"fCMdepth_mp","vera4cast"
2026-05-11,2026-04-28,"P1D","fcre",NA,"ensemble",127,"ChlorophyllMaximum_depth_sample",3.73710001540436,"fCMdepth_mp","vera4cast"
2026-05-12,2026-04-28,"P1D","fcre",NA,"ensemble",3,"ChlorophyllMaximum_depth_sample",1.23602411290964,"fCMdepth_mp","vera4cast"
2026-05-12,2026-04-28,"P1D","fcre",NA,"ensemble",34,"ChlorophyllMaximum_depth_sample",3.26088158592776,"fCMdepth_mp","vera4cast"
2026-05-12,2026-04-28,"P1D","fcre",NA,"ensemble",65,"ChlorophyllMaximum_depth_sample",2.95382896633855,"fCMdepth_mp","vera4cast"
2026-05-12,2026-04-28,"P1D","fcre",NA,"ensemble",96,"ChlorophyllMaximum_depth_sample",4.10873794334235,"fCMdepth_mp","vera4cast"
2026-05-12,2026-04-28,"P1D","fcre",NA,"ensemble",127,"ChlorophyllMaximum_depth_sample",2.15901973133749,"fCMdepth_mp","vera4cast"
2026-05-13,2026-04-28,"P1D","fcre",NA,"ensemble",3,"ChlorophyllMaximum_depth_sample",3.8288137987211,"fCMdepth_mp","vera4cast"
2026-05-13,2026-04-28,"P1D","fcre",NA,"ensemble",34,"ChlorophyllMaximum_depth_sample",1.65514632655552,"fCMdepth_mp","vera4cast"
2026-05-13,2026-04-28,"P1D","fcre",NA,"ensemble",65,"ChlorophyllMaximum_depth_sample",3.05932996270713,"fCMdepth_mp","vera4cast"
2026-05-13,2026-04-28,"P1D","fcre",NA,"ensemble",96,"ChlorophyllMaximum_depth_sample",3.76225466674568,"fCMdepth_mp","vera4cast"
2026-05-13,2026-04-28,"P1D","fcre",NA,"ensemble",127,"ChlorophyllMaximum_depth_sample",4.53958358021421,"fCMdepth_mp","vera4cast"
2026-05-14,2026-04-28,"P1D","fcre",NA,"ensemble",3,"ChlorophyllMaximum_depth_sample",2.3494844684326,"fCMdepth_mp","vera4cast"
2026-05-14,2026-04-28,"P1D","fcre",NA,"ensemble",34,"ChlorophyllMaximum_depth_sample",2.68202951373648,"fCMdepth_mp","vera4cast"
2026-05-14,2026-04-28,"P1D","fcre",NA,"ensemble",65,"ChlorophyllMaximum_depth_sample",3.73551605882187,"fCMdepth_mp","vera4cast"
2026-05-14,2026-04-28,"P1D","fcre",NA,"ensemble",96,"ChlorophyllMaximum_depth_sample",5.3521300061917,"fCMdepth_mp","vera4cast"
2026-05-14,2026-04-28,"P1D","fcre",NA,"ensemble",127,"ChlorophyllMaximum_depth_sample",3.37450574651769,"fCMdepth_mp","vera4cast"
2026-05-15,2026-04-28,"P1D","fcre",NA,"ensemble",3,"ChlorophyllMaximum_depth_sample",3.10147785829117,"fCMdepth_mp","vera4cast"
2026-05-15,2026-04-28,"P1D","fcre",NA,"ensemble",34,"ChlorophyllMaximum_depth_sample",2.90549949966047,"fCMdepth_mp","vera4cast"
2026-05-15,2026-04-28,"P1D","fcre",NA,"ensemble",65,"ChlorophyllMaximum_depth_sample",3.34320666229491,"fCMdepth_mp","vera4cast"
2026-05-15,2026-04-28,"P1D","fcre",NA,"ensemble",96,"ChlorophyllMaximum_depth_sample",3.64242235382606,"fCMdepth_mp","vera4cast"
2026-05-15,2026-04-28,"P1D","fcre",NA,"ensemble",127,"ChlorophyllMaximum_depth_sample",2.8979851565622,"fCMdepth_mp","vera4cast"
2026-05-16,2026-04-28,"P1D","fcre",NA,"ensemble",3,"ChlorophyllMaximum_depth_sample",2.94533758706023,"fCMdepth_mp","vera4cast"
2026-05-16,2026-04-28,"P1D","fcre",NA,"ensemble",34,"ChlorophyllMaximum_depth_sample",2.13266144234965,"fCMdepth_mp","vera4cast"
2026-05-16,2026-04-28,"P1D","fcre",NA,"ensemble",65,"ChlorophyllMaximum_depth_sample",3.43715154785874,"fCMdepth_mp","vera4cast"
2026-05-16,2026-04-28,"P1D","fcre",NA,"ensemble",96,"ChlorophyllMaximum_depth_sample",2.50334993546075,"fCMdepth_mp","vera4cast"
2026-05-16,2026-04-28,"P1D","fcre",NA,"ensemble",127,"ChlorophyllMaximum_depth_sample",2.20555225500987,"fCMdepth_mp","vera4cast"
2026-05-17,2026-04-28,"P1D","fcre",NA,"ensemble",3,"ChlorophyllMaximum_depth_sample",1.93861147272116,"fCMdepth_mp","vera4cast"
2026-05-17,2026-04-28,"P1D","fcre",NA,"ensemble",34,"ChlorophyllMaximum_depth_sample",3.91369418805328,"fCMdepth_mp","vera4cast"
2026-05-17,2026-04-28,"P1D","fcre",NA,"ensemble",65,"ChlorophyllMaximum_depth_sample",2.74666698392008,"fCMdepth_mp","vera4cast"
2026-05-17,2026-04-28,"P1D","fcre",NA,"ensemble",96,"ChlorophyllMaximum_depth_sample",2.75958919021213,"fCMdepth_mp","vera4cast"
2026-05-17,2026-04-28,"P1D","fcre",NA,"ensemble",127,"ChlorophyllMaximum_depth_sample",2.64402208473457,"fCMdepth_mp","vera4cast"
2026-05-18,2026-04-28,"P1D","fcre",NA,"ensemble",3,"ChlorophyllMaximum_depth_sample",2.63052083217618,"fCMdepth_mp","vera4cast"
2026-05-18,2026-04-28,"P1D","fcre",NA,"ensemble",34,"ChlorophyllMaximum_depth_sample",4.12240882923516,"fCMdepth_mp","vera4cast"
2026-05-18,2026-04-28,"P1D","fcre",NA,"ensemble",65,"ChlorophyllMaximum_depth_sample",2.31551603050156,"fCMdepth_mp","vera4cast"
2026-05-18,2026-04-28,"P1D","fcre",NA,"ensemble",96,"ChlorophyllMaximum_depth_sample",4.33045495147293,"fCMdepth_mp","vera4cast"
2026-05-18,2026-04-28,"P1D","fcre",NA,"ensemble",127,"ChlorophyllMaximum_depth_sample",2.88475587808475,"fCMdepth_mp","vera4cast"
2026-05-19,2026-04-28,"P1D","fcre",NA,"ensemble",3,"ChlorophyllMaximum_depth_sample",3.53786471886694,"fCMdepth_mp","vera4cast"
2026-05-19,2026-04-28,"P1D","fcre",NA,"ensemble",34,"ChlorophyllMaximum_depth_sample",2.12076637722792,"fCMdepth_mp","vera4cast"
2026-05-19,2026-04-28,"P1D","fcre",NA,"ensemble",65,"ChlorophyllMaximum_depth_sample",1.27229846972899,"fCMdepth_mp","vera4cast"
2026-05-19,2026-04-28,"P1D","fcre",NA,"ensemble",96,"ChlorophyllMaximum_depth_sample",2.46574251100594,"fCMdepth_mp","vera4cast"
2026-05-19,2026-04-28,"P1D","fcre",NA,"ensemble",127,"ChlorophyllMaximum_depth_sample",4.31207277174195,"fCMdepth_mp","vera4cast"
2026-05-20,2026-04-28,"P1D","fcre",NA,"ensemble",3,"ChlorophyllMaximum_depth_sample",1.74675777589404,"fCMdepth_mp","vera4cast"
2026-05-20,2026-04-28,"P1D","fcre",NA,"ensemble",34,"ChlorophyllMaximum_depth_sample",5.15629217207255,"fCMdepth_mp","vera4cast"
2026-05-20,2026-04-28,"P1D","fcre",NA,"ensemble",65,"ChlorophyllMaximum_depth_sample",2.65068385927765,"fCMdepth_mp","vera4cast"
2026-05-20,2026-04-28,"P1D","fcre",NA,"ensemble",96,"ChlorophyllMaximum_depth_sample",2.34199597704978,"fCMdepth_mp","vera4cast"
2026-05-20,2026-04-28,"P1D","fcre",NA,"ensemble",127,"ChlorophyllMaximum_depth_sample",2.72511736150129,"fCMdepth_mp","vera4cast"
2026-05-21,2026-04-28,"P1D","fcre",NA,"ensemble",3,"ChlorophyllMaximum_depth_sample",4.7031265512972,"fCMdepth_mp","vera4cast"
2026-05-21,2026-04-28,"P1D","fcre",NA,"ensemble",34,"ChlorophyllMaximum_depth_sample",2.17706592895231,"fCMdepth_mp","vera4cast"
2026-05-21,2026-04-28,"P1D","fcre",NA,"ensemble",65,"ChlorophyllMaximum_depth_sample",3.84681607963664,"fCMdepth_mp","vera4cast"
2026-05-21,2026-04-28,"P1D","fcre",NA,"ensemble",96,"ChlorophyllMaximum_depth_sample",0.987470659086236,"fCMdepth_mp","vera4cast"
2026-05-21,2026-04-28,"P1D","fcre",NA,"ensemble",127,"ChlorophyllMaximum_depth_sample",3.47153800780853,"fCMdepth_mp","vera4cast"
2026-05-22,2026-04-28,"P1D","fcre",NA,"ensemble",3,"ChlorophyllMaximum_depth_sample",2.67772450375371,"fCMdepth_mp","vera4cast"
2026-05-22,2026-04-28,"P1D","fcre",NA,"ensemble",34,"ChlorophyllMaximum_depth_sample",4.22091383091423,"fCMdepth_mp","vera4cast"
2026-05-22,2026-04-28,"P1D","fcre",NA,"ensemble",65,"ChlorophyllMaximum_depth_sample",-0.0159156637626183,"fCMdepth_mp","vera4cast"
2026-05-22,2026-04-28,"P1D","fcre",NA,"ensemble",96,"ChlorophyllMaximum_depth_sample",3.99028445050514,"fCMdepth_mp","vera4cast"
2026-05-22,2026-04-28,"P1D","fcre",NA,"ensemble",127,"ChlorophyllMaximum_depth_sample",2.07690505566863,"fCMdepth_mp","vera4cast"
2026-05-23,2026-04-28,"P1D","fcre",NA,"ensemble",3,"ChlorophyllMaximum_depth_sample",3.67818117878527,"fCMdepth_mp","vera4cast"
2026-05-23,2026-04-28,"P1D","fcre",NA,"ensemble",34,"ChlorophyllMaximum_depth_sample",3.36971307919335,"fCMdepth_mp","vera4cast"
2026-05-23,2026-04-28,"P1D","fcre",NA,"ensemble",65,"ChlorophyllMaximum_depth_sample",2.80152661726498,"fCMdepth_mp","vera4cast"
2026-05-23,2026-04-28,"P1D","fcre",NA,"ensemble",96,"ChlorophyllMaximum_depth_sample",3.36293411379902,"fCMdepth_mp","vera4cast"
2026-05-23,2026-04-28,"P1D","fcre",NA,"ensemble",127,"ChlorophyllMaximum_depth_sample",3.0509373108688,"fCMdepth_mp","vera4cast"
2026-05-24,2026-04-28,"P1D","fcre",NA,"ensemble",3,"ChlorophyllMaximum_depth_sample",2.12126468803588,"fCMdepth_mp","vera4cast"
2026-05-24,2026-04-28,"P1D","fcre",NA,"ensemble",34,"ChlorophyllMaximum_depth_sample",1.76517996007924,"fCMdepth_mp","vera4cast"
2026-05-24,2026-04-28,"P1D","fcre",NA,"ensemble",65,"ChlorophyllMaximum_depth_sample",1.85733302397308,"fCMdepth_mp","vera4cast"
2026-05-24,2026-04-28,"P1D","fcre",NA,"ensemble",96,"ChlorophyllMaximum_depth_sample",2.37910757836352,"fCMdepth_mp","vera4cast"
2026-05-24,2026-04-28,"P1D","fcre",NA,"ensemble",127,"ChlorophyllMaximum_depth_sample",3.32659606357852,"fCMdepth_mp","vera4cast"
2026-05-25,2026-04-28,"P1D","fcre",NA,"ensemble",3,"ChlorophyllMaximum_depth_sample",2.80773439129611,"fCMdepth_mp","vera4cast"
2026-05-25,2026-04-28,"P1D","fcre",NA,"ensemble",34,"ChlorophyllMaximum_depth_sample",2.04352441517048,"fCMdepth_mp","vera4cast"
2026-05-25,2026-04-28,"P1D","fcre",NA,"ensemble",65,"ChlorophyllMaximum_depth_sample",4.65244870981795,"fCMdepth_mp","vera4cast"
2026-05-25,2026-04-28,"P1D","fcre",NA,"ensemble",96,"ChlorophyllMaximum_depth_sample",4.00990830389234,"fCMdepth_mp","vera4cast"
2026-05-25,2026-04-28,"P1D","fcre",NA,"ensemble",127,"ChlorophyllMaximum_depth_sample",1.5871663139048,"fCMdepth_mp","vera4cast"
2026-05-26,2026-04-28,"P1D","fcre",NA,"ensemble",3,"ChlorophyllMaximum_depth_sample",3.49496607923359,"fCMdepth_mp","vera4cast"
2026-05-26,2026-04-28,"P1D","fcre",NA,"ensemble",34,"ChlorophyllMaximum_depth_sample",2.90822897544057,"fCMdepth_mp","vera4cast"
2026-05-26,2026-04-28,"P1D","fcre",NA,"ensemble",65,"ChlorophyllMaximum_depth_sample",2.60429344018398,"fCMdepth_mp","vera4cast"
2026-05-26,2026-04-28,"P1D","fcre",NA,"ensemble",96,"ChlorophyllMaximum_depth_sample",0.329974929143309,"fCMdepth_mp","vera4cast"
2026-05-26,2026-04-28,"P1D","fcre",NA,"ensemble",127,"ChlorophyllMaximum_depth_sample",3.23803478872417,"fCMdepth_mp","vera4cast"
2026-05-27,2026-04-28,"P1D","fcre",NA,"ensemble",3,"ChlorophyllMaximum_depth_sample",3.10211899791958,"fCMdepth_mp","vera4cast"
2026-05-27,2026-04-28,"P1D","fcre",NA,"ensemble",34,"ChlorophyllMaximum_depth_sample",1.83208773154407,"fCMdepth_mp","vera4cast"
2026-05-27,2026-04-28,"P1D","fcre",NA,"ensemble",65,"ChlorophyllMaximum_depth_sample",3.30287477710026,"fCMdepth_mp","vera4cast"
2026-05-27,2026-04-28,"P1D","fcre",NA,"ensemble",96,"ChlorophyllMaximum_depth_sample",1.14161816899375,"fCMdepth_mp","vera4cast"
2026-05-27,2026-04-28,"P1D","fcre",NA,"ensemble",127,"ChlorophyllMaximum_depth_sample",4.42775532183585,"fCMdepth_mp","vera4cast"
2026-05-28,2026-04-28,"P1D","fcre",NA,"ensemble",3,"ChlorophyllMaximum_depth_sample",3.46313880877301,"fCMdepth_mp","vera4cast"
2026-05-28,2026-04-28,"P1D","fcre",NA,"ensemble",34,"ChlorophyllMaximum_depth_sample",4.32209327631588,"fCMdepth_mp","vera4cast"
2026-05-28,2026-04-28,"P1D","fcre",NA,"ensemble",65,"ChlorophyllMaximum_depth_sample",2.54298158558632,"fCMdepth_mp","vera4cast"
2026-05-28,2026-04-28,"P1D","fcre",NA,"ensemble",96,"ChlorophyllMaximum_depth_sample",3.50785887881748,"fCMdepth_mp","vera4cast"
2026-05-28,2026-04-28,"P1D","fcre",NA,"ensemble",127,"ChlorophyllMaximum_depth_sample",3.6543844056626,"fCMdepth_mp","vera4cast"
2026-05-29,2026-04-28,"P1D","fcre",NA,"ensemble",3,"ChlorophyllMaximum_depth_sample",4.66589664317945,"fCMdepth_mp","vera4cast"
2026-05-29,2026-04-28,"P1D","fcre",NA,"ensemble",34,"ChlorophyllMaximum_depth_sample",3.21747237770934,"fCMdepth_mp","vera4cast"
2026-05-29,2026-04-28,"P1D","fcre",NA,"ensemble",65,"ChlorophyllMaximum_depth_sample",2.49824637471974,"fCMdepth_mp","vera4cast"
2026-05-29,2026-04-28,"P1D","fcre",NA,"ensemble",96,"ChlorophyllMaximum_depth_sample",3.13940654154274,"fCMdepth_mp","vera4cast"
2026-05-29,2026-04-28,"P1D","fcre",NA,"ensemble",127,"ChlorophyllMaximum_depth_sample",2.28382989652983,"fCMdepth_mp","vera4cast"
2026-05-30,2026-04-28,"P1D","fcre",NA,"ensemble",3,"ChlorophyllMaximum_depth_sample",2.02690865365756,"fCMdepth_mp","vera4cast"
2026-05-30,2026-04-28,"P1D","fcre",NA,"ensemble",34,"ChlorophyllMaximum_depth_sample",1.95171534025169,"fCMdepth_mp","vera4cast"
2026-05-30,2026-04-28,"P1D","fcre",NA,"ensemble",65,"ChlorophyllMaximum_depth_sample",3.83035904624565,"fCMdepth_mp","vera4cast"
2026-05-30,2026-04-28,"P1D","fcre",NA,"ensemble",96,"ChlorophyllMaximum_depth_sample",2.74587613389399,"fCMdepth_mp","vera4cast"
2026-05-30,2026-04-28,"P1D","fcre",NA,"ensemble",127,"ChlorophyllMaximum_depth_sample",3.3095088842766,"fCMdepth_mp","vera4cast"
2026-05-31,2026-04-28,"P1D","fcre",NA,"ensemble",3,"ChlorophyllMaximum_depth_sample",3.55183840369112,"fCMdepth_mp","vera4cast"
2026-05-31,2026-04-28,"P1D","fcre",NA,"ensemble",34,"ChlorophyllMaximum_depth_sample",2.85978291103055,"fCMdepth_mp","vera4cast"
2026-05-31,2026-04-28,"P1D","fcre",NA,"ensemble",65,"ChlorophyllMaximum_depth_sample",1.86522104009474,"fCMdepth_mp","vera4cast"
2026-05-31,2026-04-28,"P1D","fcre",NA,"ensemble",96,"ChlorophyllMaximum_depth_sample",3.61006630667635,"fCMdepth_mp","vera4cast"
2026-05-31,2026-04-28,"P1D","fcre",NA,"ensemble",127,"ChlorophyllMaximum_depth_sample",5.1642536048732,"fCMdepth_mp","vera4cast"
2026-06-01,2026-04-28,"P1D","fcre",NA,"ensemble",3,"ChlorophyllMaximum_depth_sample",3.95218259181224,"fCMdepth_mp","vera4cast"
2026-06-01,2026-04-28,"P1D","fcre",NA,"ensemble",34,"ChlorophyllMaximum_depth_sample",1.57133508536513,"fCMdepth_mp","vera4cast"
2026-06-01,2026-04-28,"P1D","fcre",NA,"ensemble",65,"ChlorophyllMaximum_depth_sample",2.76943556205892,"fCMdepth_mp","vera4cast"
2026-06-01,2026-04-28,"P1D","fcre",NA,"ensemble",96,"ChlorophyllMaximum_depth_sample",2.38029845488876,"fCMdepth_mp","vera4cast"
2026-06-01,2026-04-28,"P1D","fcre",NA,"ensemble",127,"ChlorophyllMaximum_depth_sample",2.54788303048142,"fCMdepth_mp","vera4cast"
2026-04-29,2026-04-28,"P1D","fcre",NA,"ensemble",4,"ChlorophyllMaximum_depth_sample",0.892313425991969,"fCMdepth_mp","vera4cast"
2026-04-29,2026-04-28,"P1D","fcre",NA,"ensemble",35,"ChlorophyllMaximum_depth_sample",3.68379700194875,"fCMdepth_mp","vera4cast"
2026-04-29,2026-04-28,"P1D","fcre",NA,"ensemble",66,"ChlorophyllMaximum_depth_sample",3.72893108285745,"fCMdepth_mp","vera4cast"
2026-04-29,2026-04-28,"P1D","fcre",NA,"ensemble",97,"ChlorophyllMaximum_depth_sample",2.76900798428191,"fCMdepth_mp","vera4cast"
2026-04-29,2026-04-28,"P1D","fcre",NA,"ensemble",128,"ChlorophyllMaximum_depth_sample",2.42256409676746,"fCMdepth_mp","vera4cast"
2026-04-30,2026-04-28,"P1D","fcre",NA,"ensemble",4,"ChlorophyllMaximum_depth_sample",1.07582837828034,"fCMdepth_mp","vera4cast"
2026-04-30,2026-04-28,"P1D","fcre",NA,"ensemble",35,"ChlorophyllMaximum_depth_sample",3.42350333976085,"fCMdepth_mp","vera4cast"
2026-04-30,2026-04-28,"P1D","fcre",NA,"ensemble",66,"ChlorophyllMaximum_depth_sample",3.10094354760839,"fCMdepth_mp","vera4cast"
2026-04-30,2026-04-28,"P1D","fcre",NA,"ensemble",97,"ChlorophyllMaximum_depth_sample",1.96451187408789,"fCMdepth_mp","vera4cast"
2026-04-30,2026-04-28,"P1D","fcre",NA,"ensemble",128,"ChlorophyllMaximum_depth_sample",1.82689549340973,"fCMdepth_mp","vera4cast"
2026-05-01,2026-04-28,"P1D","fcre",NA,"ensemble",4,"ChlorophyllMaximum_depth_sample",2.1377136550508,"fCMdepth_mp","vera4cast"
2026-05-01,2026-04-28,"P1D","fcre",NA,"ensemble",35,"ChlorophyllMaximum_depth_sample",3.52734757827183,"fCMdepth_mp","vera4cast"
2026-05-01,2026-04-28,"P1D","fcre",NA,"ensemble",66,"ChlorophyllMaximum_depth_sample",4.17285110996413,"fCMdepth_mp","vera4cast"
2026-05-01,2026-04-28,"P1D","fcre",NA,"ensemble",97,"ChlorophyllMaximum_depth_sample",1.3051452115371,"fCMdepth_mp","vera4cast"
2026-05-01,2026-04-28,"P1D","fcre",NA,"ensemble",128,"ChlorophyllMaximum_depth_sample",3.03628494281091,"fCMdepth_mp","vera4cast"
2026-05-02,2026-04-28,"P1D","fcre",NA,"ensemble",4,"ChlorophyllMaximum_depth_sample",3.20709877512903,"fCMdepth_mp","vera4cast"
2026-05-02,2026-04-28,"P1D","fcre",NA,"ensemble",35,"ChlorophyllMaximum_depth_sample",3.32517947444082,"fCMdepth_mp","vera4cast"
2026-05-02,2026-04-28,"P1D","fcre",NA,"ensemble",66,"ChlorophyllMaximum_depth_sample",3.17954290109361,"fCMdepth_mp","vera4cast"
2026-05-02,2026-04-28,"P1D","fcre",NA,"ensemble",97,"ChlorophyllMaximum_depth_sample",1.60029940629908,"fCMdepth_mp","vera4cast"
2026-05-02,2026-04-28,"P1D","fcre",NA,"ensemble",128,"ChlorophyllMaximum_depth_sample",3.12461284581277,"fCMdepth_mp","vera4cast"
2026-05-03,2026-04-28,"P1D","fcre",NA,"ensemble",4,"ChlorophyllMaximum_depth_sample",1.97508038122849,"fCMdepth_mp","vera4cast"
2026-05-03,2026-04-28,"P1D","fcre",NA,"ensemble",35,"ChlorophyllMaximum_depth_sample",3.63878526144887,"fCMdepth_mp","vera4cast"
2026-05-03,2026-04-28,"P1D","fcre",NA,"ensemble",66,"ChlorophyllMaximum_depth_sample",3.61272437284239,"fCMdepth_mp","vera4cast"
2026-05-03,2026-04-28,"P1D","fcre",NA,"ensemble",97,"ChlorophyllMaximum_depth_sample",4.05007746473359,"fCMdepth_mp","vera4cast"
2026-05-03,2026-04-28,"P1D","fcre",NA,"ensemble",128,"ChlorophyllMaximum_depth_sample",5.18233388221902,"fCMdepth_mp","vera4cast"
2026-05-04,2026-04-28,"P1D","fcre",NA,"ensemble",4,"ChlorophyllMaximum_depth_sample",2.51470186598433,"fCMdepth_mp","vera4cast"
2026-05-04,2026-04-28,"P1D","fcre",NA,"ensemble",35,"ChlorophyllMaximum_depth_sample",4.97963534182237,"fCMdepth_mp","vera4cast"
2026-05-04,2026-04-28,"P1D","fcre",NA,"ensemble",66,"ChlorophyllMaximum_depth_sample",1.60896934934221,"fCMdepth_mp","vera4cast"
2026-05-04,2026-04-28,"P1D","fcre",NA,"ensemble",97,"ChlorophyllMaximum_depth_sample",2.34865405580318,"fCMdepth_mp","vera4cast"
2026-05-04,2026-04-28,"P1D","fcre",NA,"ensemble",128,"ChlorophyllMaximum_depth_sample",3.04081225905647,"fCMdepth_mp","vera4cast"
2026-05-05,2026-04-28,"P1D","fcre",NA,"ensemble",4,"ChlorophyllMaximum_depth_sample",4.50349762302652,"fCMdepth_mp","vera4cast"
2026-05-05,2026-04-28,"P1D","fcre",NA,"ensemble",35,"ChlorophyllMaximum_depth_sample",3.02651212485346,"fCMdepth_mp","vera4cast"
2026-05-05,2026-04-28,"P1D","fcre",NA,"ensemble",66,"ChlorophyllMaximum_depth_sample",2.83039161206027,"fCMdepth_mp","vera4cast"
2026-05-05,2026-04-28,"P1D","fcre",NA,"ensemble",97,"ChlorophyllMaximum_depth_sample",2.58279999232059,"fCMdepth_mp","vera4cast"
2026-05-05,2026-04-28,"P1D","fcre",NA,"ensemble",128,"ChlorophyllMaximum_depth_sample",3.3013294455295,"fCMdepth_mp","vera4cast"
2026-05-06,2026-04-28,"P1D","fcre",NA,"ensemble",4,"ChlorophyllMaximum_depth_sample",4.34662012727561,"fCMdepth_mp","vera4cast"
2026-05-06,2026-04-28,"P1D","fcre",NA,"ensemble",35,"ChlorophyllMaximum_depth_sample",2.79965988167437,"fCMdepth_mp","vera4cast"
2026-05-06,2026-04-28,"P1D","fcre",NA,"ensemble",66,"ChlorophyllMaximum_depth_sample",4.00993458347012,"fCMdepth_mp","vera4cast"
2026-05-06,2026-04-28,"P1D","fcre",NA,"ensemble",97,"ChlorophyllMaximum_depth_sample",1.25229878395329,"fCMdepth_mp","vera4cast"
2026-05-06,2026-04-28,"P1D","fcre",NA,"ensemble",128,"ChlorophyllMaximum_depth_sample",3.78966362072907,"fCMdepth_mp","vera4cast"
2026-05-07,2026-04-28,"P1D","fcre",NA,"ensemble",4,"ChlorophyllMaximum_depth_sample",2.79701381198288,"fCMdepth_mp","vera4cast"
2026-05-07,2026-04-28,"P1D","fcre",NA,"ensemble",35,"ChlorophyllMaximum_depth_sample",3.40627208358126,"fCMdepth_mp","vera4cast"
2026-05-07,2026-04-28,"P1D","fcre",NA,"ensemble",66,"ChlorophyllMaximum_depth_sample",2.38781965545925,"fCMdepth_mp","vera4cast"
2026-05-07,2026-04-28,"P1D","fcre",NA,"ensemble",97,"ChlorophyllMaximum_depth_sample",4.3187411891308,"fCMdepth_mp","vera4cast"
2026-05-07,2026-04-28,"P1D","fcre",NA,"ensemble",128,"ChlorophyllMaximum_depth_sample",1.6635230595603,"fCMdepth_mp","vera4cast"
2026-05-08,2026-04-28,"P1D","fcre",NA,"ensemble",4,"ChlorophyllMaximum_depth_sample",4.49276132738021,"fCMdepth_mp","vera4cast"
2026-05-08,2026-04-28,"P1D","fcre",NA,"ensemble",35,"ChlorophyllMaximum_depth_sample",2.58741187023412,"fCMdepth_mp","vera4cast"
2026-05-08,2026-04-28,"P1D","fcre",NA,"ensemble",66,"ChlorophyllMaximum_depth_sample",3.21173823006629,"fCMdepth_mp","vera4cast"
2026-05-08,2026-04-28,"P1D","fcre",NA,"ensemble",97,"ChlorophyllMaximum_depth_sample",3.25259844951963,"fCMdepth_mp","vera4cast"
2026-05-08,2026-04-28,"P1D","fcre",NA,"ensemble",128,"ChlorophyllMaximum_depth_sample",2.02331409880884,"fCMdepth_mp","vera4cast"
2026-05-09,2026-04-28,"P1D","fcre",NA,"ensemble",4,"ChlorophyllMaximum_depth_sample",2.90401748700458,"fCMdepth_mp","vera4cast"
2026-05-09,2026-04-28,"P1D","fcre",NA,"ensemble",35,"ChlorophyllMaximum_depth_sample",4.53688758375981,"fCMdepth_mp","vera4cast"
2026-05-09,2026-04-28,"P1D","fcre",NA,"ensemble",66,"ChlorophyllMaximum_depth_sample",4.51400720940224,"fCMdepth_mp","vera4cast"
2026-05-09,2026-04-28,"P1D","fcre",NA,"ensemble",97,"ChlorophyllMaximum_depth_sample",0.0356300296072565,"fCMdepth_mp","vera4cast"
2026-05-09,2026-04-28,"P1D","fcre",NA,"ensemble",128,"ChlorophyllMaximum_depth_sample",3.24844671335195,"fCMdepth_mp","vera4cast"
2026-05-10,2026-04-28,"P1D","fcre",NA,"ensemble",4,"ChlorophyllMaximum_depth_sample",0.820899216850354,"fCMdepth_mp","vera4cast"
2026-05-10,2026-04-28,"P1D","fcre",NA,"ensemble",35,"ChlorophyllMaximum_depth_sample",1.35214899796002,"fCMdepth_mp","vera4cast"
2026-05-10,2026-04-28,"P1D","fcre",NA,"ensemble",66,"ChlorophyllMaximum_depth_sample",4.50577463329174,"fCMdepth_mp","vera4cast"
2026-05-10,2026-04-28,"P1D","fcre",NA,"ensemble",97,"ChlorophyllMaximum_depth_sample",3.40444029634872,"fCMdepth_mp","vera4cast"
2026-05-10,2026-04-28,"P1D","fcre",NA,"ensemble",128,"ChlorophyllMaximum_depth_sample",2.95959000314371,"fCMdepth_mp","vera4cast"
2026-05-11,2026-04-28,"P1D","fcre",NA,"ensemble",4,"ChlorophyllMaximum_depth_sample",3.04122795488842,"fCMdepth_mp","vera4cast"
2026-05-11,2026-04-28,"P1D","fcre",NA,"ensemble",35,"ChlorophyllMaximum_depth_sample",4.81575006749675,"fCMdepth_mp","vera4cast"
2026-05-11,2026-04-28,"P1D","fcre",NA,"ensemble",66,"ChlorophyllMaximum_depth_sample",2.40587565947588,"fCMdepth_mp","vera4cast"
2026-05-11,2026-04-28,"P1D","fcre",NA,"ensemble",97,"ChlorophyllMaximum_depth_sample",0.755572045300874,"fCMdepth_mp","vera4cast"
2026-05-11,2026-04-28,"P1D","fcre",NA,"ensemble",128,"ChlorophyllMaximum_depth_sample",2.53575946984323,"fCMdepth_mp","vera4cast"
2026-05-12,2026-04-28,"P1D","fcre",NA,"ensemble",4,"ChlorophyllMaximum_depth_sample",3.74965997691069,"fCMdepth_mp","vera4cast"
2026-05-12,2026-04-28,"P1D","fcre",NA,"ensemble",35,"ChlorophyllMaximum_depth_sample",2.1325900380853,"fCMdepth_mp","vera4cast"
2026-05-12,2026-04-28,"P1D","fcre",NA,"ensemble",66,"ChlorophyllMaximum_depth_sample",4.7139789679994,"fCMdepth_mp","vera4cast"
2026-05-12,2026-04-28,"P1D","fcre",NA,"ensemble",97,"ChlorophyllMaximum_depth_sample",2.6665086172532,"fCMdepth_mp","vera4cast"
2026-05-12,2026-04-28,"P1D","fcre",NA,"ensemble",128,"ChlorophyllMaximum_depth_sample",2.32827453146514,"fCMdepth_mp","vera4cast"
2026-05-13,2026-04-28,"P1D","fcre",NA,"ensemble",4,"ChlorophyllMaximum_depth_sample",5.0052547697231,"fCMdepth_mp","vera4cast"
2026-05-13,2026-04-28,"P1D","fcre",NA,"ensemble",35,"ChlorophyllMaximum_depth_sample",3.90361645067205,"fCMdepth_mp","vera4cast"
2026-05-13,2026-04-28,"P1D","fcre",NA,"ensemble",66,"ChlorophyllMaximum_depth_sample",2.42604298808093,"fCMdepth_mp","vera4cast"
2026-05-13,2026-04-28,"P1D","fcre",NA,"ensemble",97,"ChlorophyllMaximum_depth_sample",2.71732503673032,"fCMdepth_mp","vera4cast"
2026-05-13,2026-04-28,"P1D","fcre",NA,"ensemble",128,"ChlorophyllMaximum_depth_sample",3.1708781219072,"fCMdepth_mp","vera4cast"
2026-05-14,2026-04-28,"P1D","fcre",NA,"ensemble",4,"ChlorophyllMaximum_depth_sample",2.94214189820145,"fCMdepth_mp","vera4cast"
2026-05-14,2026-04-28,"P1D","fcre",NA,"ensemble",35,"ChlorophyllMaximum_depth_sample",4.21002794851763,"fCMdepth_mp","vera4cast"
2026-05-14,2026-04-28,"P1D","fcre",NA,"ensemble",66,"ChlorophyllMaximum_depth_sample",5.20359008076918,"fCMdepth_mp","vera4cast"
2026-05-14,2026-04-28,"P1D","fcre",NA,"ensemble",97,"ChlorophyllMaximum_depth_sample",3.42683307141448,"fCMdepth_mp","vera4cast"
2026-05-14,2026-04-28,"P1D","fcre",NA,"ensemble",128,"ChlorophyllMaximum_depth_sample",4.43680659934951,"fCMdepth_mp","vera4cast"
2026-05-15,2026-04-28,"P1D","fcre",NA,"ensemble",4,"ChlorophyllMaximum_depth_sample",4.31190997242663,"fCMdepth_mp","vera4cast"
2026-05-15,2026-04-28,"P1D","fcre",NA,"ensemble",35,"ChlorophyllMaximum_depth_sample",2.47870281628502,"fCMdepth_mp","vera4cast"
2026-05-15,2026-04-28,"P1D","fcre",NA,"ensemble",66,"ChlorophyllMaximum_depth_sample",2.6231615621013,"fCMdepth_mp","vera4cast"
2026-05-15,2026-04-28,"P1D","fcre",NA,"ensemble",97,"ChlorophyllMaximum_depth_sample",3.47240815222792,"fCMdepth_mp","vera4cast"
2026-05-15,2026-04-28,"P1D","fcre",NA,"ensemble",128,"ChlorophyllMaximum_depth_sample",2.87607647087551,"fCMdepth_mp","vera4cast"
2026-05-16,2026-04-28,"P1D","fcre",NA,"ensemble",4,"ChlorophyllMaximum_depth_sample",3.22349998764906,"fCMdepth_mp","vera4cast"
2026-05-16,2026-04-28,"P1D","fcre",NA,"ensemble",35,"ChlorophyllMaximum_depth_sample",2.72378548206229,"fCMdepth_mp","vera4cast"
2026-05-16,2026-04-28,"P1D","fcre",NA,"ensemble",66,"ChlorophyllMaximum_depth_sample",2.5921023209305,"fCMdepth_mp","vera4cast"
2026-05-16,2026-04-28,"P1D","fcre",NA,"ensemble",97,"ChlorophyllMaximum_depth_sample",3.43846285005277,"fCMdepth_mp","vera4cast"
2026-05-16,2026-04-28,"P1D","fcre",NA,"ensemble",128,"ChlorophyllMaximum_depth_sample",3.85060760501982,"fCMdepth_mp","vera4cast"
2026-05-17,2026-04-28,"P1D","fcre",NA,"ensemble",4,"ChlorophyllMaximum_depth_sample",2.74292812424753,"fCMdepth_mp","vera4cast"
2026-05-17,2026-04-28,"P1D","fcre",NA,"ensemble",35,"ChlorophyllMaximum_depth_sample",2.86676588837465,"fCMdepth_mp","vera4cast"
2026-05-17,2026-04-28,"P1D","fcre",NA,"ensemble",66,"ChlorophyllMaximum_depth_sample",3.15689049912675,"fCMdepth_mp","vera4cast"
2026-05-17,2026-04-28,"P1D","fcre",NA,"ensemble",97,"ChlorophyllMaximum_depth_sample",2.80474680667861,"fCMdepth_mp","vera4cast"
2026-05-17,2026-04-28,"P1D","fcre",NA,"ensemble",128,"ChlorophyllMaximum_depth_sample",2.54965800371435,"fCMdepth_mp","vera4cast"
2026-05-18,2026-04-28,"P1D","fcre",NA,"ensemble",4,"ChlorophyllMaximum_depth_sample",4.17048487289574,"fCMdepth_mp","vera4cast"
2026-05-18,2026-04-28,"P1D","fcre",NA,"ensemble",35,"ChlorophyllMaximum_depth_sample",2.80996605408308,"fCMdepth_mp","vera4cast"
2026-05-18,2026-04-28,"P1D","fcre",NA,"ensemble",66,"ChlorophyllMaximum_depth_sample",3.6637562466464,"fCMdepth_mp","vera4cast"
2026-05-18,2026-04-28,"P1D","fcre",NA,"ensemble",97,"ChlorophyllMaximum_depth_sample",3.24885531202429,"fCMdepth_mp","vera4cast"
2026-05-18,2026-04-28,"P1D","fcre",NA,"ensemble",128,"ChlorophyllMaximum_depth_sample",4.00502598933074,"fCMdepth_mp","vera4cast"
2026-05-19,2026-04-28,"P1D","fcre",NA,"ensemble",4,"ChlorophyllMaximum_depth_sample",3.60401330025766,"fCMdepth_mp","vera4cast"
2026-05-19,2026-04-28,"P1D","fcre",NA,"ensemble",35,"ChlorophyllMaximum_depth_sample",2.80900785997584,"fCMdepth_mp","vera4cast"
2026-05-19,2026-04-28,"P1D","fcre",NA,"ensemble",66,"ChlorophyllMaximum_depth_sample",4.07315798188771,"fCMdepth_mp","vera4cast"
2026-05-19,2026-04-28,"P1D","fcre",NA,"ensemble",97,"ChlorophyllMaximum_depth_sample",2.97760659887416,"fCMdepth_mp","vera4cast"
2026-05-19,2026-04-28,"P1D","fcre",NA,"ensemble",128,"ChlorophyllMaximum_depth_sample",3.9097160283064,"fCMdepth_mp","vera4cast"
2026-05-20,2026-04-28,"P1D","fcre",NA,"ensemble",4,"ChlorophyllMaximum_depth_sample",3.05677407165573,"fCMdepth_mp","vera4cast"
2026-05-20,2026-04-28,"P1D","fcre",NA,"ensemble",35,"ChlorophyllMaximum_depth_sample",3.38643275421244,"fCMdepth_mp","vera4cast"
2026-05-20,2026-04-28,"P1D","fcre",NA,"ensemble",66,"ChlorophyllMaximum_depth_sample",1.94987641692343,"fCMdepth_mp","vera4cast"
2026-05-20,2026-04-28,"P1D","fcre",NA,"ensemble",97,"ChlorophyllMaximum_depth_sample",3.89261604172886,"fCMdepth_mp","vera4cast"
2026-05-20,2026-04-28,"P1D","fcre",NA,"ensemble",128,"ChlorophyllMaximum_depth_sample",1.52136761167134,"fCMdepth_mp","vera4cast"
2026-05-21,2026-04-28,"P1D","fcre",NA,"ensemble",4,"ChlorophyllMaximum_depth_sample",1.75725568244159,"fCMdepth_mp","vera4cast"
2026-05-21,2026-04-28,"P1D","fcre",NA,"ensemble",35,"ChlorophyllMaximum_depth_sample",3.48384949179717,"fCMdepth_mp","vera4cast"
2026-05-21,2026-04-28,"P1D","fcre",NA,"ensemble",66,"ChlorophyllMaximum_depth_sample",2.47836778383596,"fCMdepth_mp","vera4cast"
2026-05-21,2026-04-28,"P1D","fcre",NA,"ensemble",97,"ChlorophyllMaximum_depth_sample",1.34970774165706,"fCMdepth_mp","vera4cast"
2026-05-21,2026-04-28,"P1D","fcre",NA,"ensemble",128,"ChlorophyllMaximum_depth_sample",2.02700784484,"fCMdepth_mp","vera4cast"
2026-05-22,2026-04-28,"P1D","fcre",NA,"ensemble",4,"ChlorophyllMaximum_depth_sample",2.89807774139699,"fCMdepth_mp","vera4cast"
2026-05-22,2026-04-28,"P1D","fcre",NA,"ensemble",35,"ChlorophyllMaximum_depth_sample",3.37205548643784,"fCMdepth_mp","vera4cast"
2026-05-22,2026-04-28,"P1D","fcre",NA,"ensemble",66,"ChlorophyllMaximum_depth_sample",3.77476364449619,"fCMdepth_mp","vera4cast"
2026-05-22,2026-04-28,"P1D","fcre",NA,"ensemble",97,"ChlorophyllMaximum_depth_sample",4.16549913652107,"fCMdepth_mp","vera4cast"
2026-05-22,2026-04-28,"P1D","fcre",NA,"ensemble",128,"ChlorophyllMaximum_depth_sample",3.60569667493473,"fCMdepth_mp","vera4cast"
2026-05-23,2026-04-28,"P1D","fcre",NA,"ensemble",4,"ChlorophyllMaximum_depth_sample",3.50535334555509,"fCMdepth_mp","vera4cast"
2026-05-23,2026-04-28,"P1D","fcre",NA,"ensemble",35,"ChlorophyllMaximum_depth_sample",2.47393426690102,"fCMdepth_mp","vera4cast"
2026-05-23,2026-04-28,"P1D","fcre",NA,"ensemble",66,"ChlorophyllMaximum_depth_sample",2.79929826356636,"fCMdepth_mp","vera4cast"
2026-05-23,2026-04-28,"P1D","fcre",NA,"ensemble",97,"ChlorophyllMaximum_depth_sample",1.7626779003355,"fCMdepth_mp","vera4cast"
2026-05-23,2026-04-28,"P1D","fcre",NA,"ensemble",128,"ChlorophyllMaximum_depth_sample",5.90714176941608,"fCMdepth_mp","vera4cast"
2026-05-24,2026-04-28,"P1D","fcre",NA,"ensemble",4,"ChlorophyllMaximum_depth_sample",2.84718413440148,"fCMdepth_mp","vera4cast"
2026-05-24,2026-04-28,"P1D","fcre",NA,"ensemble",35,"ChlorophyllMaximum_depth_sample",1.4835153522193,"fCMdepth_mp","vera4cast"
2026-05-24,2026-04-28,"P1D","fcre",NA,"ensemble",66,"ChlorophyllMaximum_depth_sample",3.04623509191437,"fCMdepth_mp","vera4cast"
2026-05-24,2026-04-28,"P1D","fcre",NA,"ensemble",97,"ChlorophyllMaximum_depth_sample",1.39611065509447,"fCMdepth_mp","vera4cast"
2026-05-24,2026-04-28,"P1D","fcre",NA,"ensemble",128,"ChlorophyllMaximum_depth_sample",2.59503972943958,"fCMdepth_mp","vera4cast"
2026-05-25,2026-04-28,"P1D","fcre",NA,"ensemble",4,"ChlorophyllMaximum_depth_sample",2.32096149416923,"fCMdepth_mp","vera4cast"
2026-05-25,2026-04-28,"P1D","fcre",NA,"ensemble",35,"ChlorophyllMaximum_depth_sample",4.52358984203436,"fCMdepth_mp","vera4cast"
2026-05-25,2026-04-28,"P1D","fcre",NA,"ensemble",66,"ChlorophyllMaximum_depth_sample",2.35473889502462,"fCMdepth_mp","vera4cast"
2026-05-25,2026-04-28,"P1D","fcre",NA,"ensemble",97,"ChlorophyllMaximum_depth_sample",2.52343645696786,"fCMdepth_mp","vera4cast"
2026-05-25,2026-04-28,"P1D","fcre",NA,"ensemble",128,"ChlorophyllMaximum_depth_sample",3.13262167939503,"fCMdepth_mp","vera4cast"
2026-05-26,2026-04-28,"P1D","fcre",NA,"ensemble",4,"ChlorophyllMaximum_depth_sample",2.73346685808902,"fCMdepth_mp","vera4cast"
2026-05-26,2026-04-28,"P1D","fcre",NA,"ensemble",35,"ChlorophyllMaximum_depth_sample",2.86184764212769,"fCMdepth_mp","vera4cast"
2026-05-26,2026-04-28,"P1D","fcre",NA,"ensemble",66,"ChlorophyllMaximum_depth_sample",1.52332816397969,"fCMdepth_mp","vera4cast"
2026-05-26,2026-04-28,"P1D","fcre",NA,"ensemble",97,"ChlorophyllMaximum_depth_sample",1.97782544306181,"fCMdepth_mp","vera4cast"
2026-05-26,2026-04-28,"P1D","fcre",NA,"ensemble",128,"ChlorophyllMaximum_depth_sample",1.79159580902019,"fCMdepth_mp","vera4cast"
2026-05-27,2026-04-28,"P1D","fcre",NA,"ensemble",4,"ChlorophyllMaximum_depth_sample",1.97343847946165,"fCMdepth_mp","vera4cast"
2026-05-27,2026-04-28,"P1D","fcre",NA,"ensemble",35,"ChlorophyllMaximum_depth_sample",3.53537182084071,"fCMdepth_mp","vera4cast"
2026-05-27,2026-04-28,"P1D","fcre",NA,"ensemble",66,"ChlorophyllMaximum_depth_sample",0.94877820037649,"fCMdepth_mp","vera4cast"
2026-05-27,2026-04-28,"P1D","fcre",NA,"ensemble",97,"ChlorophyllMaximum_depth_sample",1.62383017939191,"fCMdepth_mp","vera4cast"
2026-05-27,2026-04-28,"P1D","fcre",NA,"ensemble",128,"ChlorophyllMaximum_depth_sample",2.7546445457061,"fCMdepth_mp","vera4cast"
2026-05-28,2026-04-28,"P1D","fcre",NA,"ensemble",4,"ChlorophyllMaximum_depth_sample",1.47073635969772,"fCMdepth_mp","vera4cast"
2026-05-28,2026-04-28,"P1D","fcre",NA,"ensemble",35,"ChlorophyllMaximum_depth_sample",2.42286297137065,"fCMdepth_mp","vera4cast"
2026-05-28,2026-04-28,"P1D","fcre",NA,"ensemble",66,"ChlorophyllMaximum_depth_sample",4.12851102362157,"fCMdepth_mp","vera4cast"
2026-05-28,2026-04-28,"P1D","fcre",NA,"ensemble",97,"ChlorophyllMaximum_depth_sample",0.764100330626683,"fCMdepth_mp","vera4cast"
2026-05-28,2026-04-28,"P1D","fcre",NA,"ensemble",128,"ChlorophyllMaximum_depth_sample",3.69529447947099,"fCMdepth_mp","vera4cast"
2026-05-29,2026-04-28,"P1D","fcre",NA,"ensemble",4,"ChlorophyllMaximum_depth_sample",4.48448169918646,"fCMdepth_mp","vera4cast"
2026-05-29,2026-04-28,"P1D","fcre",NA,"ensemble",35,"ChlorophyllMaximum_depth_sample",0.972951298184799,"fCMdepth_mp","vera4cast"
2026-05-29,2026-04-28,"P1D","fcre",NA,"ensemble",66,"ChlorophyllMaximum_depth_sample",3.17790016549837,"fCMdepth_mp","vera4cast"
2026-05-29,2026-04-28,"P1D","fcre",NA,"ensemble",97,"ChlorophyllMaximum_depth_sample",2.58681066587712,"fCMdepth_mp","vera4cast"
2026-05-29,2026-04-28,"P1D","fcre",NA,"ensemble",128,"ChlorophyllMaximum_depth_sample",3.03527528694168,"fCMdepth_mp","vera4cast"
2026-05-30,2026-04-28,"P1D","fcre",NA,"ensemble",4,"ChlorophyllMaximum_depth_sample",1.65425186032907,"fCMdepth_mp","vera4cast"
2026-05-30,2026-04-28,"P1D","fcre",NA,"ensemble",35,"ChlorophyllMaximum_depth_sample",2.5410054759593,"fCMdepth_mp","vera4cast"
2026-05-30,2026-04-28,"P1D","fcre",NA,"ensemble",66,"ChlorophyllMaximum_depth_sample",1.63480178002849,"fCMdepth_mp","vera4cast"
2026-05-30,2026-04-28,"P1D","fcre",NA,"ensemble",97,"ChlorophyllMaximum_depth_sample",3.93249818245319,"fCMdepth_mp","vera4cast"
2026-05-30,2026-04-28,"P1D","fcre",NA,"ensemble",128,"ChlorophyllMaximum_depth_sample",2.65719712484457,"fCMdepth_mp","vera4cast"
2026-05-31,2026-04-28,"P1D","fcre",NA,"ensemble",4,"ChlorophyllMaximum_depth_sample",2.83924950121523,"fCMdepth_mp","vera4cast"
2026-05-31,2026-04-28,"P1D","fcre",NA,"ensemble",35,"ChlorophyllMaximum_depth_sample",3.21204158331708,"fCMdepth_mp","vera4cast"
2026-05-31,2026-04-28,"P1D","fcre",NA,"ensemble",66,"ChlorophyllMaximum_depth_sample",2.52641059153181,"fCMdepth_mp","vera4cast"
2026-05-31,2026-04-28,"P1D","fcre",NA,"ensemble",97,"ChlorophyllMaximum_depth_sample",4.09662761754719,"fCMdepth_mp","vera4cast"
2026-05-31,2026-04-28,"P1D","fcre",NA,"ensemble",128,"ChlorophyllMaximum_depth_sample",5.61267421086037,"fCMdepth_mp","vera4cast"
2026-06-01,2026-04-28,"P1D","fcre",NA,"ensemble",4,"ChlorophyllMaximum_depth_sample",3.18585921438523,"fCMdepth_mp","vera4cast"
2026-06-01,2026-04-28,"P1D","fcre",NA,"ensemble",35,"ChlorophyllMaximum_depth_sample",3.64266822032938,"fCMdepth_mp","vera4cast"
2026-06-01,2026-04-28,"P1D","fcre",NA,"ensemble",66,"ChlorophyllMaximum_depth_sample",1.81520525630323,"fCMdepth_mp","vera4cast"
2026-06-01,2026-04-28,"P1D","fcre",NA,"ensemble",97,"ChlorophyllMaximum_depth_sample",2.574033166765,"fCMdepth_mp","vera4cast"
2026-06-01,2026-04-28,"P1D","fcre",NA,"ensemble",128,"ChlorophyllMaximum_depth_sample",1.9612310012024,"fCMdepth_mp","vera4cast"
2026-04-29,2026-04-28,"P1D","fcre",NA,"ensemble",5,"ChlorophyllMaximum_depth_sample",3.93821664263801,"fCMdepth_mp","vera4cast"
2026-04-29,2026-04-28,"P1D","fcre",NA,"ensemble",36,"ChlorophyllMaximum_depth_sample",1.31070274459868,"fCMdepth_mp","vera4cast"
2026-04-29,2026-04-28,"P1D","fcre",NA,"ensemble",67,"ChlorophyllMaximum_depth_sample",1.66299116146432,"fCMdepth_mp","vera4cast"
2026-04-29,2026-04-28,"P1D","fcre",NA,"ensemble",98,"ChlorophyllMaximum_depth_sample",1.61005712476963,"fCMdepth_mp","vera4cast"
2026-04-29,2026-04-28,"P1D","fcre",NA,"ensemble",129,"ChlorophyllMaximum_depth_sample",2.75220438442674,"fCMdepth_mp","vera4cast"
2026-04-30,2026-04-28,"P1D","fcre",NA,"ensemble",5,"ChlorophyllMaximum_depth_sample",3.86670996517115,"fCMdepth_mp","vera4cast"
2026-04-30,2026-04-28,"P1D","fcre",NA,"ensemble",36,"ChlorophyllMaximum_depth_sample",2.46237611470558,"fCMdepth_mp","vera4cast"
2026-04-30,2026-04-28,"P1D","fcre",NA,"ensemble",67,"ChlorophyllMaximum_depth_sample",4.72945453364939,"fCMdepth_mp","vera4cast"
2026-04-30,2026-04-28,"P1D","fcre",NA,"ensemble",98,"ChlorophyllMaximum_depth_sample",3.63781238800339,"fCMdepth_mp","vera4cast"
2026-04-30,2026-04-28,"P1D","fcre",NA,"ensemble",129,"ChlorophyllMaximum_depth_sample",2.76042795099027,"fCMdepth_mp","vera4cast"
2026-05-01,2026-04-28,"P1D","fcre",NA,"ensemble",5,"ChlorophyllMaximum_depth_sample",2.66204625327886,"fCMdepth_mp","vera4cast"
2026-05-01,2026-04-28,"P1D","fcre",NA,"ensemble",36,"ChlorophyllMaximum_depth_sample",2.45669301487692,"fCMdepth_mp","vera4cast"
2026-05-01,2026-04-28,"P1D","fcre",NA,"ensemble",67,"ChlorophyllMaximum_depth_sample",3.36324700192928,"fCMdepth_mp","vera4cast"
2026-05-01,2026-04-28,"P1D","fcre",NA,"ensemble",98,"ChlorophyllMaximum_depth_sample",1.52180562676499,"fCMdepth_mp","vera4cast"
2026-05-01,2026-04-28,"P1D","fcre",NA,"ensemble",129,"ChlorophyllMaximum_depth_sample",1.05824533281337,"fCMdepth_mp","vera4cast"
2026-05-02,2026-04-28,"P1D","fcre",NA,"ensemble",5,"ChlorophyllMaximum_depth_sample",0.828618948011721,"fCMdepth_mp","vera4cast"
2026-05-02,2026-04-28,"P1D","fcre",NA,"ensemble",36,"ChlorophyllMaximum_depth_sample",2.61034922174675,"fCMdepth_mp","vera4cast"
2026-05-02,2026-04-28,"P1D","fcre",NA,"ensemble",67,"ChlorophyllMaximum_depth_sample",0.719502110077423,"fCMdepth_mp","vera4cast"
2026-05-02,2026-04-28,"P1D","fcre",NA,"ensemble",98,"ChlorophyllMaximum_depth_sample",3.0502175951615,"fCMdepth_mp","vera4cast"
2026-05-02,2026-04-28,"P1D","fcre",NA,"ensemble",129,"ChlorophyllMaximum_depth_sample",4.53090620787801,"fCMdepth_mp","vera4cast"
2026-05-03,2026-04-28,"P1D","fcre",NA,"ensemble",5,"ChlorophyllMaximum_depth_sample",5.02421317871034,"fCMdepth_mp","vera4cast"
2026-05-03,2026-04-28,"P1D","fcre",NA,"ensemble",36,"ChlorophyllMaximum_depth_sample",1.17321589651952,"fCMdepth_mp","vera4cast"
2026-05-03,2026-04-28,"P1D","fcre",NA,"ensemble",67,"ChlorophyllMaximum_depth_sample",2.01205753403473,"fCMdepth_mp","vera4cast"
2026-05-03,2026-04-28,"P1D","fcre",NA,"ensemble",98,"ChlorophyllMaximum_depth_sample",1.48914439622486,"fCMdepth_mp","vera4cast"
2026-05-03,2026-04-28,"P1D","fcre",NA,"ensemble",129,"ChlorophyllMaximum_depth_sample",4.86009530183955,"fCMdepth_mp","vera4cast"
2026-05-04,2026-04-28,"P1D","fcre",NA,"ensemble",5,"ChlorophyllMaximum_depth_sample",3.31516710447045,"fCMdepth_mp","vera4cast"
2026-05-04,2026-04-28,"P1D","fcre",NA,"ensemble",36,"ChlorophyllMaximum_depth_sample",1.77547943628636,"fCMdepth_mp","vera4cast"
2026-05-04,2026-04-28,"P1D","fcre",NA,"ensemble",67,"ChlorophyllMaximum_depth_sample",1.21505064209936,"fCMdepth_mp","vera4cast"
2026-05-04,2026-04-28,"P1D","fcre",NA,"ensemble",98,"ChlorophyllMaximum_depth_sample",3.19128877767788,"fCMdepth_mp","vera4cast"
2026-05-04,2026-04-28,"P1D","fcre",NA,"ensemble",129,"ChlorophyllMaximum_depth_sample",2.07985179204083,"fCMdepth_mp","vera4cast"
2026-05-05,2026-04-28,"P1D","fcre",NA,"ensemble",5,"ChlorophyllMaximum_depth_sample",4.27925617580205,"fCMdepth_mp","vera4cast"
2026-05-05,2026-04-28,"P1D","fcre",NA,"ensemble",36,"ChlorophyllMaximum_depth_sample",1.30005542923951,"fCMdepth_mp","vera4cast"
2026-05-05,2026-04-28,"P1D","fcre",NA,"ensemble",67,"ChlorophyllMaximum_depth_sample",3.36308088930465,"fCMdepth_mp","vera4cast"
2026-05-05,2026-04-28,"P1D","fcre",NA,"ensemble",98,"ChlorophyllMaximum_depth_sample",2.33958771474982,"fCMdepth_mp","vera4cast"
2026-05-05,2026-04-28,"P1D","fcre",NA,"ensemble",129,"ChlorophyllMaximum_depth_sample",3.47279016684816,"fCMdepth_mp","vera4cast"
2026-05-06,2026-04-28,"P1D","fcre",NA,"ensemble",5,"ChlorophyllMaximum_depth_sample",3.45970510642539,"fCMdepth_mp","vera4cast"
2026-05-06,2026-04-28,"P1D","fcre",NA,"ensemble",36,"ChlorophyllMaximum_depth_sample",5.88942371224896,"fCMdepth_mp","vera4cast"
2026-05-06,2026-04-28,"P1D","fcre",NA,"ensemble",67,"ChlorophyllMaximum_depth_sample",2.64462461524555,"fCMdepth_mp","vera4cast"
2026-05-06,2026-04-28,"P1D","fcre",NA,"ensemble",98,"ChlorophyllMaximum_depth_sample",1.01382129842226,"fCMdepth_mp","vera4cast"
2026-05-06,2026-04-28,"P1D","fcre",NA,"ensemble",129,"ChlorophyllMaximum_depth_sample",3.27333934653287,"fCMdepth_mp","vera4cast"
2026-05-07,2026-04-28,"P1D","fcre",NA,"ensemble",5,"ChlorophyllMaximum_depth_sample",2.64038278169877,"fCMdepth_mp","vera4cast"
2026-05-07,2026-04-28,"P1D","fcre",NA,"ensemble",36,"ChlorophyllMaximum_depth_sample",2.12456767953821,"fCMdepth_mp","vera4cast"
2026-05-07,2026-04-28,"P1D","fcre",NA,"ensemble",67,"ChlorophyllMaximum_depth_sample",3.87390079505116,"fCMdepth_mp","vera4cast"
2026-05-07,2026-04-28,"P1D","fcre",NA,"ensemble",98,"ChlorophyllMaximum_depth_sample",3.36073430752721,"fCMdepth_mp","vera4cast"
2026-05-07,2026-04-28,"P1D","fcre",NA,"ensemble",129,"ChlorophyllMaximum_depth_sample",4.22989880938678,"fCMdepth_mp","vera4cast"
2026-05-08,2026-04-28,"P1D","fcre",NA,"ensemble",5,"ChlorophyllMaximum_depth_sample",2.9448629432852,"fCMdepth_mp","vera4cast"
2026-05-08,2026-04-28,"P1D","fcre",NA,"ensemble",36,"ChlorophyllMaximum_depth_sample",4.3868089447914,"fCMdepth_mp","vera4cast"
2026-05-08,2026-04-28,"P1D","fcre",NA,"ensemble",67,"ChlorophyllMaximum_depth_sample",4.18861825177298,"fCMdepth_mp","vera4cast"
2026-05-08,2026-04-28,"P1D","fcre",NA,"ensemble",98,"ChlorophyllMaximum_depth_sample",3.72558939246003,"fCMdepth_mp","vera4cast"
2026-05-08,2026-04-28,"P1D","fcre",NA,"ensemble",129,"ChlorophyllMaximum_depth_sample",1.93318295691941,"fCMdepth_mp","vera4cast"
2026-05-09,2026-04-28,"P1D","fcre",NA,"ensemble",5,"ChlorophyllMaximum_depth_sample",4.17146830939065,"fCMdepth_mp","vera4cast"
2026-05-09,2026-04-28,"P1D","fcre",NA,"ensemble",36,"ChlorophyllMaximum_depth_sample",4.43723196489398,"fCMdepth_mp","vera4cast"
2026-05-09,2026-04-28,"P1D","fcre",NA,"ensemble",67,"ChlorophyllMaximum_depth_sample",1.91874744393767,"fCMdepth_mp","vera4cast"
2026-05-09,2026-04-28,"P1D","fcre",NA,"ensemble",98,"ChlorophyllMaximum_depth_sample",2.70343488932151,"fCMdepth_mp","vera4cast"
2026-05-09,2026-04-28,"P1D","fcre",NA,"ensemble",129,"ChlorophyllMaximum_depth_sample",3.82163056480629,"fCMdepth_mp","vera4cast"
2026-05-10,2026-04-28,"P1D","fcre",NA,"ensemble",5,"ChlorophyllMaximum_depth_sample",4.57255875566234,"fCMdepth_mp","vera4cast"
2026-05-10,2026-04-28,"P1D","fcre",NA,"ensemble",36,"ChlorophyllMaximum_depth_sample",2.87178743555467,"fCMdepth_mp","vera4cast"
2026-05-10,2026-04-28,"P1D","fcre",NA,"ensemble",67,"ChlorophyllMaximum_depth_sample",3.87532348658082,"fCMdepth_mp","vera4cast"
2026-05-10,2026-04-28,"P1D","fcre",NA,"ensemble",98,"ChlorophyllMaximum_depth_sample",3.95550429885931,"fCMdepth_mp","vera4cast"
2026-05-10,2026-04-28,"P1D","fcre",NA,"ensemble",129,"ChlorophyllMaximum_depth_sample",4.30320063788627,"fCMdepth_mp","vera4cast"
2026-05-11,2026-04-28,"P1D","fcre",NA,"ensemble",5,"ChlorophyllMaximum_depth_sample",3.4460294216114,"fCMdepth_mp","vera4cast"
2026-05-11,2026-04-28,"P1D","fcre",NA,"ensemble",36,"ChlorophyllMaximum_depth_sample",3.20252709552079,"fCMdepth_mp","vera4cast"
2026-05-11,2026-04-28,"P1D","fcre",NA,"ensemble",67,"ChlorophyllMaximum_depth_sample",4.59544046264069,"fCMdepth_mp","vera4cast"
2026-05-11,2026-04-28,"P1D","fcre",NA,"ensemble",98,"ChlorophyllMaximum_depth_sample",4.85750067900031,"fCMdepth_mp","vera4cast"
2026-05-11,2026-04-28,"P1D","fcre",NA,"ensemble",129,"ChlorophyllMaximum_depth_sample",4.08491954068113,"fCMdepth_mp","vera4cast"
2026-05-12,2026-04-28,"P1D","fcre",NA,"ensemble",5,"ChlorophyllMaximum_depth_sample",3.05985164890885,"fCMdepth_mp","vera4cast"
2026-05-12,2026-04-28,"P1D","fcre",NA,"ensemble",36,"ChlorophyllMaximum_depth_sample",5.37976285882095,"fCMdepth_mp","vera4cast"
2026-05-12,2026-04-28,"P1D","fcre",NA,"ensemble",67,"ChlorophyllMaximum_depth_sample",2.13930989834823,"fCMdepth_mp","vera4cast"
2026-05-12,2026-04-28,"P1D","fcre",NA,"ensemble",98,"ChlorophyllMaximum_depth_sample",1.92938696618601,"fCMdepth_mp","vera4cast"
2026-05-12,2026-04-28,"P1D","fcre",NA,"ensemble",129,"ChlorophyllMaximum_depth_sample",4.10788016160811,"fCMdepth_mp","vera4cast"
2026-05-13,2026-04-28,"P1D","fcre",NA,"ensemble",5,"ChlorophyllMaximum_depth_sample",0.84109673607234,"fCMdepth_mp","vera4cast"
2026-05-13,2026-04-28,"P1D","fcre",NA,"ensemble",36,"ChlorophyllMaximum_depth_sample",3.57783445391579,"fCMdepth_mp","vera4cast"
2026-05-13,2026-04-28,"P1D","fcre",NA,"ensemble",67,"ChlorophyllMaximum_depth_sample",2.43597785357174,"fCMdepth_mp","vera4cast"
2026-05-13,2026-04-28,"P1D","fcre",NA,"ensemble",98,"ChlorophyllMaximum_depth_sample",5.25251177025812,"fCMdepth_mp","vera4cast"
2026-05-13,2026-04-28,"P1D","fcre",NA,"ensemble",129,"ChlorophyllMaximum_depth_sample",4.25128070880167,"fCMdepth_mp","vera4cast"
2026-05-14,2026-04-28,"P1D","fcre",NA,"ensemble",5,"ChlorophyllMaximum_depth_sample",3.54278415486295,"fCMdepth_mp","vera4cast"
2026-05-14,2026-04-28,"P1D","fcre",NA,"ensemble",36,"ChlorophyllMaximum_depth_sample",3.73452543264411,"fCMdepth_mp","vera4cast"
2026-05-14,2026-04-28,"P1D","fcre",NA,"ensemble",67,"ChlorophyllMaximum_depth_sample",1.66902400238561,"fCMdepth_mp","vera4cast"
2026-05-14,2026-04-28,"P1D","fcre",NA,"ensemble",98,"ChlorophyllMaximum_depth_sample",1.16808758517761,"fCMdepth_mp","vera4cast"
2026-05-14,2026-04-28,"P1D","fcre",NA,"ensemble",129,"ChlorophyllMaximum_depth_sample",1.23281252725174,"fCMdepth_mp","vera4cast"
2026-05-15,2026-04-28,"P1D","fcre",NA,"ensemble",5,"ChlorophyllMaximum_depth_sample",2.36409944685614,"fCMdepth_mp","vera4cast"
2026-05-15,2026-04-28,"P1D","fcre",NA,"ensemble",36,"ChlorophyllMaximum_depth_sample",1.8043697272707,"fCMdepth_mp","vera4cast"
2026-05-15,2026-04-28,"P1D","fcre",NA,"ensemble",67,"ChlorophyllMaximum_depth_sample",3.82461970255047,"fCMdepth_mp","vera4cast"
2026-05-15,2026-04-28,"P1D","fcre",NA,"ensemble",98,"ChlorophyllMaximum_depth_sample",3.78256253603596,"fCMdepth_mp","vera4cast"
2026-05-15,2026-04-28,"P1D","fcre",NA,"ensemble",129,"ChlorophyllMaximum_depth_sample",3.2780128397086,"fCMdepth_mp","vera4cast"
2026-05-16,2026-04-28,"P1D","fcre",NA,"ensemble",5,"ChlorophyllMaximum_depth_sample",1.99287194625174,"fCMdepth_mp","vera4cast"
2026-05-16,2026-04-28,"P1D","fcre",NA,"ensemble",36,"ChlorophyllMaximum_depth_sample",2.50161329146006,"fCMdepth_mp","vera4cast"
2026-05-16,2026-04-28,"P1D","fcre",NA,"ensemble",67,"ChlorophyllMaximum_depth_sample",2.46163683579492,"fCMdepth_mp","vera4cast"
2026-05-16,2026-04-28,"P1D","fcre",NA,"ensemble",98,"ChlorophyllMaximum_depth_sample",2.92849956580784,"fCMdepth_mp","vera4cast"
2026-05-16,2026-04-28,"P1D","fcre",NA,"ensemble",129,"ChlorophyllMaximum_depth_sample",1.71957816798636,"fCMdepth_mp","vera4cast"
2026-05-17,2026-04-28,"P1D","fcre",NA,"ensemble",5,"ChlorophyllMaximum_depth_sample",2.40530115742002,"fCMdepth_mp","vera4cast"
2026-05-17,2026-04-28,"P1D","fcre",NA,"ensemble",36,"ChlorophyllMaximum_depth_sample",2.69526093512627,"fCMdepth_mp","vera4cast"
2026-05-17,2026-04-28,"P1D","fcre",NA,"ensemble",67,"ChlorophyllMaximum_depth_sample",2.49173604302032,"fCMdepth_mp","vera4cast"
2026-05-17,2026-04-28,"P1D","fcre",NA,"ensemble",98,"ChlorophyllMaximum_depth_sample",3.57829458848671,"fCMdepth_mp","vera4cast"
2026-05-17,2026-04-28,"P1D","fcre",NA,"ensemble",129,"ChlorophyllMaximum_depth_sample",2.57598122556825,"fCMdepth_mp","vera4cast"
2026-05-18,2026-04-28,"P1D","fcre",NA,"ensemble",5,"ChlorophyllMaximum_depth_sample",4.95820616641637,"fCMdepth_mp","vera4cast"
2026-05-18,2026-04-28,"P1D","fcre",NA,"ensemble",36,"ChlorophyllMaximum_depth_sample",4.43494837158224,"fCMdepth_mp","vera4cast"
2026-05-18,2026-04-28,"P1D","fcre",NA,"ensemble",67,"ChlorophyllMaximum_depth_sample",4.48942938808206,"fCMdepth_mp","vera4cast"
2026-05-18,2026-04-28,"P1D","fcre",NA,"ensemble",98,"ChlorophyllMaximum_depth_sample",1.9664984887033,"fCMdepth_mp","vera4cast"
2026-05-18,2026-04-28,"P1D","fcre",NA,"ensemble",129,"ChlorophyllMaximum_depth_sample",3.93276338141724,"fCMdepth_mp","vera4cast"
2026-05-19,2026-04-28,"P1D","fcre",NA,"ensemble",5,"ChlorophyllMaximum_depth_sample",2.71710079695658,"fCMdepth_mp","vera4cast"
2026-05-19,2026-04-28,"P1D","fcre",NA,"ensemble",36,"ChlorophyllMaximum_depth_sample",4.39400964692643,"fCMdepth_mp","vera4cast"
2026-05-19,2026-04-28,"P1D","fcre",NA,"ensemble",67,"ChlorophyllMaximum_depth_sample",6.03176071103817,"fCMdepth_mp","vera4cast"
2026-05-19,2026-04-28,"P1D","fcre",NA,"ensemble",98,"ChlorophyllMaximum_depth_sample",3.76813050786974,"fCMdepth_mp","vera4cast"
2026-05-19,2026-04-28,"P1D","fcre",NA,"ensemble",129,"ChlorophyllMaximum_depth_sample",4.3682312475302,"fCMdepth_mp","vera4cast"
2026-05-20,2026-04-28,"P1D","fcre",NA,"ensemble",5,"ChlorophyllMaximum_depth_sample",2.97926219360903,"fCMdepth_mp","vera4cast"
2026-05-20,2026-04-28,"P1D","fcre",NA,"ensemble",36,"ChlorophyllMaximum_depth_sample",4.08739233484308,"fCMdepth_mp","vera4cast"
2026-05-20,2026-04-28,"P1D","fcre",NA,"ensemble",67,"ChlorophyllMaximum_depth_sample",5.04580313116235,"fCMdepth_mp","vera4cast"
2026-05-20,2026-04-28,"P1D","fcre",NA,"ensemble",98,"ChlorophyllMaximum_depth_sample",4.08432676705699,"fCMdepth_mp","vera4cast"
2026-05-20,2026-04-28,"P1D","fcre",NA,"ensemble",129,"ChlorophyllMaximum_depth_sample",3.90162443335742,"fCMdepth_mp","vera4cast"
2026-05-21,2026-04-28,"P1D","fcre",NA,"ensemble",5,"ChlorophyllMaximum_depth_sample",4.7241131751074,"fCMdepth_mp","vera4cast"
2026-05-21,2026-04-28,"P1D","fcre",NA,"ensemble",36,"ChlorophyllMaximum_depth_sample",4.15781304020726,"fCMdepth_mp","vera4cast"
2026-05-21,2026-04-28,"P1D","fcre",NA,"ensemble",67,"ChlorophyllMaximum_depth_sample",1.70889414751875,"fCMdepth_mp","vera4cast"
2026-05-21,2026-04-28,"P1D","fcre",NA,"ensemble",98,"ChlorophyllMaximum_depth_sample",3.50101842158971,"fCMdepth_mp","vera4cast"
2026-05-21,2026-04-28,"P1D","fcre",NA,"ensemble",129,"ChlorophyllMaximum_depth_sample",3.89817147448915,"fCMdepth_mp","vera4cast"
2026-05-22,2026-04-28,"P1D","fcre",NA,"ensemble",5,"ChlorophyllMaximum_depth_sample",3.89782120146422,"fCMdepth_mp","vera4cast"
2026-05-22,2026-04-28,"P1D","fcre",NA,"ensemble",36,"ChlorophyllMaximum_depth_sample",3.1804144755268,"fCMdepth_mp","vera4cast"
2026-05-22,2026-04-28,"P1D","fcre",NA,"ensemble",67,"ChlorophyllMaximum_depth_sample",1.84146010938819,"fCMdepth_mp","vera4cast"
2026-05-22,2026-04-28,"P1D","fcre",NA,"ensemble",98,"ChlorophyllMaximum_depth_sample",2.89513213919419,"fCMdepth_mp","vera4cast"
2026-05-22,2026-04-28,"P1D","fcre",NA,"ensemble",129,"ChlorophyllMaximum_depth_sample",2.41239293486989,"fCMdepth_mp","vera4cast"
2026-05-23,2026-04-28,"P1D","fcre",NA,"ensemble",5,"ChlorophyllMaximum_depth_sample",4.53325352588929,"fCMdepth_mp","vera4cast"
2026-05-23,2026-04-28,"P1D","fcre",NA,"ensemble",36,"ChlorophyllMaximum_depth_sample",3.79832227565241,"fCMdepth_mp","vera4cast"
2026-05-23,2026-04-28,"P1D","fcre",NA,"ensemble",67,"ChlorophyllMaximum_depth_sample",2.34363526829926,"fCMdepth_mp","vera4cast"
2026-05-23,2026-04-28,"P1D","fcre",NA,"ensemble",98,"ChlorophyllMaximum_depth_sample",3.44163426578517,"fCMdepth_mp","vera4cast"
2026-05-23,2026-04-28,"P1D","fcre",NA,"ensemble",129,"ChlorophyllMaximum_depth_sample",3.54880753228381,"fCMdepth_mp","vera4cast"
2026-05-24,2026-04-28,"P1D","fcre",NA,"ensemble",5,"ChlorophyllMaximum_depth_sample",3.93291365033358,"fCMdepth_mp","vera4cast"
2026-05-24,2026-04-28,"P1D","fcre",NA,"ensemble",36,"ChlorophyllMaximum_depth_sample",3.38125271460643,"fCMdepth_mp","vera4cast"
2026-05-24,2026-04-28,"P1D","fcre",NA,"ensemble",67,"ChlorophyllMaximum_depth_sample",3.40136433805785,"fCMdepth_mp","vera4cast"
2026-05-24,2026-04-28,"P1D","fcre",NA,"ensemble",98,"ChlorophyllMaximum_depth_sample",2.74118678127072,"fCMdepth_mp","vera4cast"
2026-05-24,2026-04-28,"P1D","fcre",NA,"ensemble",129,"ChlorophyllMaximum_depth_sample",3.28912055837739,"fCMdepth_mp","vera4cast"
2026-05-25,2026-04-28,"P1D","fcre",NA,"ensemble",5,"ChlorophyllMaximum_depth_sample",2.0467343166289,"fCMdepth_mp","vera4cast"
2026-05-25,2026-04-28,"P1D","fcre",NA,"ensemble",36,"ChlorophyllMaximum_depth_sample",3.34703927416392,"fCMdepth_mp","vera4cast"
2026-05-25,2026-04-28,"P1D","fcre",NA,"ensemble",67,"ChlorophyllMaximum_depth_sample",2.03076610768451,"fCMdepth_mp","vera4cast"
2026-05-25,2026-04-28,"P1D","fcre",NA,"ensemble",98,"ChlorophyllMaximum_depth_sample",2.56837841664369,"fCMdepth_mp","vera4cast"
2026-05-25,2026-04-28,"P1D","fcre",NA,"ensemble",129,"ChlorophyllMaximum_depth_sample",3.21157881854912,"fCMdepth_mp","vera4cast"
2026-05-26,2026-04-28,"P1D","fcre",NA,"ensemble",5,"ChlorophyllMaximum_depth_sample",0.339939328424571,"fCMdepth_mp","vera4cast"
2026-05-26,2026-04-28,"P1D","fcre",NA,"ensemble",36,"ChlorophyllMaximum_depth_sample",3.71599158893815,"fCMdepth_mp","vera4cast"
2026-05-26,2026-04-28,"P1D","fcre",NA,"ensemble",67,"ChlorophyllMaximum_depth_sample",2.8019332792573,"fCMdepth_mp","vera4cast"
2026-05-26,2026-04-28,"P1D","fcre",NA,"ensemble",98,"ChlorophyllMaximum_depth_sample",3.70056081516301,"fCMdepth_mp","vera4cast"
2026-05-26,2026-04-28,"P1D","fcre",NA,"ensemble",129,"ChlorophyllMaximum_depth_sample",2.42040539199186,"fCMdepth_mp","vera4cast"
2026-05-27,2026-04-28,"P1D","fcre",NA,"ensemble",5,"ChlorophyllMaximum_depth_sample",3.68136951825886,"fCMdepth_mp","vera4cast"
2026-05-27,2026-04-28,"P1D","fcre",NA,"ensemble",36,"ChlorophyllMaximum_depth_sample",1.76977861796487,"fCMdepth_mp","vera4cast"
2026-05-27,2026-04-28,"P1D","fcre",NA,"ensemble",67,"ChlorophyllMaximum_depth_sample",3.6623594481019,"fCMdepth_mp","vera4cast"
2026-05-27,2026-04-28,"P1D","fcre",NA,"ensemble",98,"ChlorophyllMaximum_depth_sample",3.6358574566524,"fCMdepth_mp","vera4cast"
2026-05-27,2026-04-28,"P1D","fcre",NA,"ensemble",129,"ChlorophyllMaximum_depth_sample",2.76710847840021,"fCMdepth_mp","vera4cast"
2026-05-28,2026-04-28,"P1D","fcre",NA,"ensemble",5,"ChlorophyllMaximum_depth_sample",2.83760920391392,"fCMdepth_mp","vera4cast"
2026-05-28,2026-04-28,"P1D","fcre",NA,"ensemble",36,"ChlorophyllMaximum_depth_sample",1.7423378751131,"fCMdepth_mp","vera4cast"
2026-05-28,2026-04-28,"P1D","fcre",NA,"ensemble",67,"ChlorophyllMaximum_depth_sample",1.26085097661127,"fCMdepth_mp","vera4cast"
2026-05-28,2026-04-28,"P1D","fcre",NA,"ensemble",98,"ChlorophyllMaximum_depth_sample",2.47689196803454,"fCMdepth_mp","vera4cast"
2026-05-28,2026-04-28,"P1D","fcre",NA,"ensemble",129,"ChlorophyllMaximum_depth_sample",2.1915694310425,"fCMdepth_mp","vera4cast"
2026-05-29,2026-04-28,"P1D","fcre",NA,"ensemble",5,"ChlorophyllMaximum_depth_sample",4.49593333323834,"fCMdepth_mp","vera4cast"
2026-05-29,2026-04-28,"P1D","fcre",NA,"ensemble",36,"ChlorophyllMaximum_depth_sample",2.71427976863933,"fCMdepth_mp","vera4cast"
2026-05-29,2026-04-28,"P1D","fcre",NA,"ensemble",67,"ChlorophyllMaximum_depth_sample",1.28016606635831,"fCMdepth_mp","vera4cast"
2026-05-29,2026-04-28,"P1D","fcre",NA,"ensemble",98,"ChlorophyllMaximum_depth_sample",1.66818557359596,"fCMdepth_mp","vera4cast"
2026-05-29,2026-04-28,"P1D","fcre",NA,"ensemble",129,"ChlorophyllMaximum_depth_sample",2.87859996502352,"fCMdepth_mp","vera4cast"
2026-05-30,2026-04-28,"P1D","fcre",NA,"ensemble",5,"ChlorophyllMaximum_depth_sample",4.12019574847308,"fCMdepth_mp","vera4cast"
2026-05-30,2026-04-28,"P1D","fcre",NA,"ensemble",36,"ChlorophyllMaximum_depth_sample",3.41673947558836,"fCMdepth_mp","vera4cast"
2026-05-30,2026-04-28,"P1D","fcre",NA,"ensemble",67,"ChlorophyllMaximum_depth_sample",2.27242065479087,"fCMdepth_mp","vera4cast"
2026-05-30,2026-04-28,"P1D","fcre",NA,"ensemble",98,"ChlorophyllMaximum_depth_sample",2.24611871442818,"fCMdepth_mp","vera4cast"
2026-05-30,2026-04-28,"P1D","fcre",NA,"ensemble",129,"ChlorophyllMaximum_depth_sample",2.46355596653967,"fCMdepth_mp","vera4cast"
2026-05-31,2026-04-28,"P1D","fcre",NA,"ensemble",5,"ChlorophyllMaximum_depth_sample",5.0758523222839,"fCMdepth_mp","vera4cast"
2026-05-31,2026-04-28,"P1D","fcre",NA,"ensemble",36,"ChlorophyllMaximum_depth_sample",1.65199315124984,"fCMdepth_mp","vera4cast"
2026-05-31,2026-04-28,"P1D","fcre",NA,"ensemble",67,"ChlorophyllMaximum_depth_sample",3.14358253414108,"fCMdepth_mp","vera4cast"
2026-05-31,2026-04-28,"P1D","fcre",NA,"ensemble",98,"ChlorophyllMaximum_depth_sample",2.59412390936728,"fCMdepth_mp","vera4cast"
2026-05-31,2026-04-28,"P1D","fcre",NA,"ensemble",129,"ChlorophyllMaximum_depth_sample",2.01340792997739,"fCMdepth_mp","vera4cast"
2026-06-01,2026-04-28,"P1D","fcre",NA,"ensemble",5,"ChlorophyllMaximum_depth_sample",3.47404327111119,"fCMdepth_mp","vera4cast"
2026-06-01,2026-04-28,"P1D","fcre",NA,"ensemble",36,"ChlorophyllMaximum_depth_sample",3.74109647594637,"fCMdepth_mp","vera4cast"
2026-06-01,2026-04-28,"P1D","fcre",NA,"ensemble",67,"ChlorophyllMaximum_depth_sample",0.766886200100129,"fCMdepth_mp","vera4cast"
2026-06-01,2026-04-28,"P1D","fcre",NA,"ensemble",98,"ChlorophyllMaximum_depth_sample",3.92826706606673,"fCMdepth_mp","vera4cast"
2026-06-01,2026-04-28,"P1D","fcre",NA,"ensemble",129,"ChlorophyllMaximum_depth_sample",2.70910564672938,"fCMdepth_mp","vera4cast"
2026-04-29,2026-04-28,"P1D","fcre",NA,"ensemble",6,"ChlorophyllMaximum_depth_sample",2.73339073410619,"fCMdepth_mp","vera4cast"
2026-04-29,2026-04-28,"P1D","fcre",NA,"ensemble",37,"ChlorophyllMaximum_depth_sample",4.49054076425688,"fCMdepth_mp","vera4cast"
2026-04-29,2026-04-28,"P1D","fcre",NA,"ensemble",68,"ChlorophyllMaximum_depth_sample",2.67680466207313,"fCMdepth_mp","vera4cast"
2026-04-29,2026-04-28,"P1D","fcre",NA,"ensemble",99,"ChlorophyllMaximum_depth_sample",3.8814758982047,"fCMdepth_mp","vera4cast"
2026-04-29,2026-04-28,"P1D","fcre",NA,"ensemble",130,"ChlorophyllMaximum_depth_sample",3.03162557305127,"fCMdepth_mp","vera4cast"
2026-04-30,2026-04-28,"P1D","fcre",NA,"ensemble",6,"ChlorophyllMaximum_depth_sample",3.08789378685064,"fCMdepth_mp","vera4cast"
2026-04-30,2026-04-28,"P1D","fcre",NA,"ensemble",37,"ChlorophyllMaximum_depth_sample",2.2925828604007,"fCMdepth_mp","vera4cast"
2026-04-30,2026-04-28,"P1D","fcre",NA,"ensemble",68,"ChlorophyllMaximum_depth_sample",2.42654293792286,"fCMdepth_mp","vera4cast"
2026-04-30,2026-04-28,"P1D","fcre",NA,"ensemble",99,"ChlorophyllMaximum_depth_sample",3.12426659749994,"fCMdepth_mp","vera4cast"
2026-04-30,2026-04-28,"P1D","fcre",NA,"ensemble",130,"ChlorophyllMaximum_depth_sample",2.80076996450257,"fCMdepth_mp","vera4cast"
2026-05-01,2026-04-28,"P1D","fcre",NA,"ensemble",6,"ChlorophyllMaximum_depth_sample",2.95708540660884,"fCMdepth_mp","vera4cast"
2026-05-01,2026-04-28,"P1D","fcre",NA,"ensemble",37,"ChlorophyllMaximum_depth_sample",2.44293653484984,"fCMdepth_mp","vera4cast"
2026-05-01,2026-04-28,"P1D","fcre",NA,"ensemble",68,"ChlorophyllMaximum_depth_sample",3.33633394178852,"fCMdepth_mp","vera4cast"
2026-05-01,2026-04-28,"P1D","fcre",NA,"ensemble",99,"ChlorophyllMaximum_depth_sample",2.30944823878926,"fCMdepth_mp","vera4cast"
2026-05-01,2026-04-28,"P1D","fcre",NA,"ensemble",130,"ChlorophyllMaximum_depth_sample",2.63619810260449,"fCMdepth_mp","vera4cast"
2026-05-02,2026-04-28,"P1D","fcre",NA,"ensemble",6,"ChlorophyllMaximum_depth_sample",3.61658401388919,"fCMdepth_mp","vera4cast"
2026-05-02,2026-04-28,"P1D","fcre",NA,"ensemble",37,"ChlorophyllMaximum_depth_sample",3.09516380116071,"fCMdepth_mp","vera4cast"
2026-05-02,2026-04-28,"P1D","fcre",NA,"ensemble",68,"ChlorophyllMaximum_depth_sample",4.17108141849087,"fCMdepth_mp","vera4cast"
2026-05-02,2026-04-28,"P1D","fcre",NA,"ensemble",99,"ChlorophyllMaximum_depth_sample",1.72150565968517,"fCMdepth_mp","vera4cast"
2026-05-02,2026-04-28,"P1D","fcre",NA,"ensemble",130,"ChlorophyllMaximum_depth_sample",2.51757097528191,"fCMdepth_mp","vera4cast"
2026-05-03,2026-04-28,"P1D","fcre",NA,"ensemble",6,"ChlorophyllMaximum_depth_sample",3.59197918349862,"fCMdepth_mp","vera4cast"
2026-05-03,2026-04-28,"P1D","fcre",NA,"ensemble",37,"ChlorophyllMaximum_depth_sample",3.60203215346449,"fCMdepth_mp","vera4cast"
2026-05-03,2026-04-28,"P1D","fcre",NA,"ensemble",68,"ChlorophyllMaximum_depth_sample",0.367810598926809,"fCMdepth_mp","vera4cast"
2026-05-03,2026-04-28,"P1D","fcre",NA,"ensemble",99,"ChlorophyllMaximum_depth_sample",1.66886410826488,"fCMdepth_mp","vera4cast"
2026-05-03,2026-04-28,"P1D","fcre",NA,"ensemble",130,"ChlorophyllMaximum_depth_sample",4.34560044663473,"fCMdepth_mp","vera4cast"
2026-05-04,2026-04-28,"P1D","fcre",NA,"ensemble",6,"ChlorophyllMaximum_depth_sample",2.4645946936846,"fCMdepth_mp","vera4cast"
2026-05-04,2026-04-28,"P1D","fcre",NA,"ensemble",37,"ChlorophyllMaximum_depth_sample",2.18553250518515,"fCMdepth_mp","vera4cast"
2026-05-04,2026-04-28,"P1D","fcre",NA,"ensemble",68,"ChlorophyllMaximum_depth_sample",4.92357681808476,"fCMdepth_mp","vera4cast"
2026-05-04,2026-04-28,"P1D","fcre",NA,"ensemble",99,"ChlorophyllMaximum_depth_sample",2.93388226680468,"fCMdepth_mp","vera4cast"
2026-05-04,2026-04-28,"P1D","fcre",NA,"ensemble",130,"ChlorophyllMaximum_depth_sample",3.30649740705804,"fCMdepth_mp","vera4cast"
2026-05-05,2026-04-28,"P1D","fcre",NA,"ensemble",6,"ChlorophyllMaximum_depth_sample",3.69451511813202,"fCMdepth_mp","vera4cast"
2026-05-05,2026-04-28,"P1D","fcre",NA,"ensemble",37,"ChlorophyllMaximum_depth_sample",2.55648046187821,"fCMdepth_mp","vera4cast"
2026-05-05,2026-04-28,"P1D","fcre",NA,"ensemble",68,"ChlorophyllMaximum_depth_sample",2.95727743628194,"fCMdepth_mp","vera4cast"
2026-05-05,2026-04-28,"P1D","fcre",NA,"ensemble",99,"ChlorophyllMaximum_depth_sample",3.49436621022369,"fCMdepth_mp","vera4cast"
2026-05-05,2026-04-28,"P1D","fcre",NA,"ensemble",130,"ChlorophyllMaximum_depth_sample",3.79267479503785,"fCMdepth_mp","vera4cast"
2026-05-06,2026-04-28,"P1D","fcre",NA,"ensemble",6,"ChlorophyllMaximum_depth_sample",4.49607836961087,"fCMdepth_mp","vera4cast"
2026-05-06,2026-04-28,"P1D","fcre",NA,"ensemble",37,"ChlorophyllMaximum_depth_sample",3.09333931996783,"fCMdepth_mp","vera4cast"
2026-05-06,2026-04-28,"P1D","fcre",NA,"ensemble",68,"ChlorophyllMaximum_depth_sample",3.49830605479617,"fCMdepth_mp","vera4cast"
2026-05-06,2026-04-28,"P1D","fcre",NA,"ensemble",99,"ChlorophyllMaximum_depth_sample",3.6112668469163,"fCMdepth_mp","vera4cast"
2026-05-06,2026-04-28,"P1D","fcre",NA,"ensemble",130,"ChlorophyllMaximum_depth_sample",2.81666694146566,"fCMdepth_mp","vera4cast"
2026-05-07,2026-04-28,"P1D","fcre",NA,"ensemble",6,"ChlorophyllMaximum_depth_sample",1.39377173527445,"fCMdepth_mp","vera4cast"
2026-05-07,2026-04-28,"P1D","fcre",NA,"ensemble",37,"ChlorophyllMaximum_depth_sample",3.80923157544013,"fCMdepth_mp","vera4cast"
2026-05-07,2026-04-28,"P1D","fcre",NA,"ensemble",68,"ChlorophyllMaximum_depth_sample",2.58851590856061,"fCMdepth_mp","vera4cast"
2026-05-07,2026-04-28,"P1D","fcre",NA,"ensemble",99,"ChlorophyllMaximum_depth_sample",2.48431283558186,"fCMdepth_mp","vera4cast"
2026-05-07,2026-04-28,"P1D","fcre",NA,"ensemble",130,"ChlorophyllMaximum_depth_sample",0.118050721930413,"fCMdepth_mp","vera4cast"
2026-05-08,2026-04-28,"P1D","fcre",NA,"ensemble",6,"ChlorophyllMaximum_depth_sample",3.12030280795438,"fCMdepth_mp","vera4cast"
2026-05-08,2026-04-28,"P1D","fcre",NA,"ensemble",37,"ChlorophyllMaximum_depth_sample",3.71855455243805,"fCMdepth_mp","vera4cast"
2026-05-08,2026-04-28,"P1D","fcre",NA,"ensemble",68,"ChlorophyllMaximum_depth_sample",2.8559344304625,"fCMdepth_mp","vera4cast"
2026-05-08,2026-04-28,"P1D","fcre",NA,"ensemble",99,"ChlorophyllMaximum_depth_sample",4.2887033055037,"fCMdepth_mp","vera4cast"
2026-05-08,2026-04-28,"P1D","fcre",NA,"ensemble",130,"ChlorophyllMaximum_depth_sample",4.09494509664055,"fCMdepth_mp","vera4cast"
2026-05-09,2026-04-28,"P1D","fcre",NA,"ensemble",6,"ChlorophyllMaximum_depth_sample",1.4740639215754,"fCMdepth_mp","vera4cast"
2026-05-09,2026-04-28,"P1D","fcre",NA,"ensemble",37,"ChlorophyllMaximum_depth_sample",2.65979829764829,"fCMdepth_mp","vera4cast"
2026-05-09,2026-04-28,"P1D","fcre",NA,"ensemble",68,"ChlorophyllMaximum_depth_sample",2.6212389127702,"fCMdepth_mp","vera4cast"
2026-05-09,2026-04-28,"P1D","fcre",NA,"ensemble",99,"ChlorophyllMaximum_depth_sample",4.863439820478,"fCMdepth_mp","vera4cast"
2026-05-09,2026-04-28,"P1D","fcre",NA,"ensemble",130,"ChlorophyllMaximum_depth_sample",2.89882312770864,"fCMdepth_mp","vera4cast"
2026-05-10,2026-04-28,"P1D","fcre",NA,"ensemble",6,"ChlorophyllMaximum_depth_sample",4.15009491749071,"fCMdepth_mp","vera4cast"
2026-05-10,2026-04-28,"P1D","fcre",NA,"ensemble",37,"ChlorophyllMaximum_depth_sample",4.0759088751519,"fCMdepth_mp","vera4cast"
2026-05-10,2026-04-28,"P1D","fcre",NA,"ensemble",68,"ChlorophyllMaximum_depth_sample",4.36267091559306,"fCMdepth_mp","vera4cast"
2026-05-10,2026-04-28,"P1D","fcre",NA,"ensemble",99,"ChlorophyllMaximum_depth_sample",4.30988554536769,"fCMdepth_mp","vera4cast"
2026-05-10,2026-04-28,"P1D","fcre",NA,"ensemble",130,"ChlorophyllMaximum_depth_sample",4.25656790338989,"fCMdepth_mp","vera4cast"
2026-05-11,2026-04-28,"P1D","fcre",NA,"ensemble",6,"ChlorophyllMaximum_depth_sample",2.34649854385733,"fCMdepth_mp","vera4cast"
2026-05-11,2026-04-28,"P1D","fcre",NA,"ensemble",37,"ChlorophyllMaximum_depth_sample",1.37045690295625,"fCMdepth_mp","vera4cast"
2026-05-11,2026-04-28,"P1D","fcre",NA,"ensemble",68,"ChlorophyllMaximum_depth_sample",2.56301165366297,"fCMdepth_mp","vera4cast"
2026-05-11,2026-04-28,"P1D","fcre",NA,"ensemble",99,"ChlorophyllMaximum_depth_sample",2.94585692431584,"fCMdepth_mp","vera4cast"
2026-05-11,2026-04-28,"P1D","fcre",NA,"ensemble",130,"ChlorophyllMaximum_depth_sample",2.98258602880091,"fCMdepth_mp","vera4cast"
2026-05-12,2026-04-28,"P1D","fcre",NA,"ensemble",6,"ChlorophyllMaximum_depth_sample",3.41437532319079,"fCMdepth_mp","vera4cast"
2026-05-12,2026-04-28,"P1D","fcre",NA,"ensemble",37,"ChlorophyllMaximum_depth_sample",2.84922665573414,"fCMdepth_mp","vera4cast"
2026-05-12,2026-04-28,"P1D","fcre",NA,"ensemble",68,"ChlorophyllMaximum_depth_sample",4.29531981486954,"fCMdepth_mp","vera4cast"
2026-05-12,2026-04-28,"P1D","fcre",NA,"ensemble",99,"ChlorophyllMaximum_depth_sample",2.85996708774088,"fCMdepth_mp","vera4cast"
2026-05-12,2026-04-28,"P1D","fcre",NA,"ensemble",130,"ChlorophyllMaximum_depth_sample",2.8369000183207,"fCMdepth_mp","vera4cast"
2026-05-13,2026-04-28,"P1D","fcre",NA,"ensemble",6,"ChlorophyllMaximum_depth_sample",3.89444785650252,"fCMdepth_mp","vera4cast"
2026-05-13,2026-04-28,"P1D","fcre",NA,"ensemble",37,"ChlorophyllMaximum_depth_sample",1.29353257492104,"fCMdepth_mp","vera4cast"
2026-05-13,2026-04-28,"P1D","fcre",NA,"ensemble",68,"ChlorophyllMaximum_depth_sample",3.02258266638303,"fCMdepth_mp","vera4cast"
2026-05-13,2026-04-28,"P1D","fcre",NA,"ensemble",99,"ChlorophyllMaximum_depth_sample",5.28715600852898,"fCMdepth_mp","vera4cast"
2026-05-13,2026-04-28,"P1D","fcre",NA,"ensemble",130,"ChlorophyllMaximum_depth_sample",3.31383678690711,"fCMdepth_mp","vera4cast"
2026-05-14,2026-04-28,"P1D","fcre",NA,"ensemble",6,"ChlorophyllMaximum_depth_sample",1.25811078280888,"fCMdepth_mp","vera4cast"
2026-05-14,2026-04-28,"P1D","fcre",NA,"ensemble",37,"ChlorophyllMaximum_depth_sample",2.68206192423471,"fCMdepth_mp","vera4cast"
2026-05-14,2026-04-28,"P1D","fcre",NA,"ensemble",68,"ChlorophyllMaximum_depth_sample",4.08828632011345,"fCMdepth_mp","vera4cast"
2026-05-14,2026-04-28,"P1D","fcre",NA,"ensemble",99,"ChlorophyllMaximum_depth_sample",3.77420437825851,"fCMdepth_mp","vera4cast"
2026-05-14,2026-04-28,"P1D","fcre",NA,"ensemble",130,"ChlorophyllMaximum_depth_sample",2.39487094933707,"fCMdepth_mp","vera4cast"
2026-05-15,2026-04-28,"P1D","fcre",NA,"ensemble",6,"ChlorophyllMaximum_depth_sample",3.1869362501111,"fCMdepth_mp","vera4cast"
2026-05-15,2026-04-28,"P1D","fcre",NA,"ensemble",37,"ChlorophyllMaximum_depth_sample",1.52189336200427,"fCMdepth_mp","vera4cast"
2026-05-15,2026-04-28,"P1D","fcre",NA,"ensemble",68,"ChlorophyllMaximum_depth_sample",3.50941907786635,"fCMdepth_mp","vera4cast"
2026-05-15,2026-04-28,"P1D","fcre",NA,"ensemble",99,"ChlorophyllMaximum_depth_sample",2.49544248275366,"fCMdepth_mp","vera4cast"
2026-05-15,2026-04-28,"P1D","fcre",NA,"ensemble",130,"ChlorophyllMaximum_depth_sample",2.31882002948503,"fCMdepth_mp","vera4cast"
2026-05-16,2026-04-28,"P1D","fcre",NA,"ensemble",6,"ChlorophyllMaximum_depth_sample",2.47478585500488,"fCMdepth_mp","vera4cast"
2026-05-16,2026-04-28,"P1D","fcre",NA,"ensemble",37,"ChlorophyllMaximum_depth_sample",4.37824080112898,"fCMdepth_mp","vera4cast"
2026-05-16,2026-04-28,"P1D","fcre",NA,"ensemble",68,"ChlorophyllMaximum_depth_sample",2.80659622467402,"fCMdepth_mp","vera4cast"
2026-05-16,2026-04-28,"P1D","fcre",NA,"ensemble",99,"ChlorophyllMaximum_depth_sample",2.55229617688672,"fCMdepth_mp","vera4cast"
2026-05-16,2026-04-28,"P1D","fcre",NA,"ensemble",130,"ChlorophyllMaximum_depth_sample",2.09446509440497,"fCMdepth_mp","vera4cast"
2026-05-17,2026-04-28,"P1D","fcre",NA,"ensemble",6,"ChlorophyllMaximum_depth_sample",3.13661665797134,"fCMdepth_mp","vera4cast"
2026-05-17,2026-04-28,"P1D","fcre",NA,"ensemble",37,"ChlorophyllMaximum_depth_sample",3.18464099524713,"fCMdepth_mp","vera4cast"
2026-05-17,2026-04-28,"P1D","fcre",NA,"ensemble",68,"ChlorophyllMaximum_depth_sample",2.17732136055332,"fCMdepth_mp","vera4cast"
2026-05-17,2026-04-28,"P1D","fcre",NA,"ensemble",99,"ChlorophyllMaximum_depth_sample",3.67486802612063,"fCMdepth_mp","vera4cast"
2026-05-17,2026-04-28,"P1D","fcre",NA,"ensemble",130,"ChlorophyllMaximum_depth_sample",3.69657561162471,"fCMdepth_mp","vera4cast"
2026-05-18,2026-04-28,"P1D","fcre",NA,"ensemble",6,"ChlorophyllMaximum_depth_sample",3.07385756979707,"fCMdepth_mp","vera4cast"
2026-05-18,2026-04-28,"P1D","fcre",NA,"ensemble",37,"ChlorophyllMaximum_depth_sample",3.10208617310367,"fCMdepth_mp","vera4cast"
2026-05-18,2026-04-28,"P1D","fcre",NA,"ensemble",68,"ChlorophyllMaximum_depth_sample",4.04769445597114,"fCMdepth_mp","vera4cast"
2026-05-18,2026-04-28,"P1D","fcre",NA,"ensemble",99,"ChlorophyllMaximum_depth_sample",3.03919865095055,"fCMdepth_mp","vera4cast"
2026-05-18,2026-04-28,"P1D","fcre",NA,"ensemble",130,"ChlorophyllMaximum_depth_sample",3.29008562041941,"fCMdepth_mp","vera4cast"
2026-05-19,2026-04-28,"P1D","fcre",NA,"ensemble",6,"ChlorophyllMaximum_depth_sample",2.38415033010884,"fCMdepth_mp","vera4cast"
2026-05-19,2026-04-28,"P1D","fcre",NA,"ensemble",37,"ChlorophyllMaximum_depth_sample",3.7655471054845,"fCMdepth_mp","vera4cast"
2026-05-19,2026-04-28,"P1D","fcre",NA,"ensemble",68,"ChlorophyllMaximum_depth_sample",2.25600170765012,"fCMdepth_mp","vera4cast"
2026-05-19,2026-04-28,"P1D","fcre",NA,"ensemble",99,"ChlorophyllMaximum_depth_sample",4.71050125532795,"fCMdepth_mp","vera4cast"
2026-05-19,2026-04-28,"P1D","fcre",NA,"ensemble",130,"ChlorophyllMaximum_depth_sample",4.3731883994139,"fCMdepth_mp","vera4cast"
2026-05-20,2026-04-28,"P1D","fcre",NA,"ensemble",6,"ChlorophyllMaximum_depth_sample",2.68196832715041,"fCMdepth_mp","vera4cast"
2026-05-20,2026-04-28,"P1D","fcre",NA,"ensemble",37,"ChlorophyllMaximum_depth_sample",2.44828933012387,"fCMdepth_mp","vera4cast"
2026-05-20,2026-04-28,"P1D","fcre",NA,"ensemble",68,"ChlorophyllMaximum_depth_sample",2.87147494589544,"fCMdepth_mp","vera4cast"
2026-05-20,2026-04-28,"P1D","fcre",NA,"ensemble",99,"ChlorophyllMaximum_depth_sample",2.60291536653742,"fCMdepth_mp","vera4cast"
2026-05-20,2026-04-28,"P1D","fcre",NA,"ensemble",130,"ChlorophyllMaximum_depth_sample",4.8060751889907,"fCMdepth_mp","vera4cast"
2026-05-21,2026-04-28,"P1D","fcre",NA,"ensemble",6,"ChlorophyllMaximum_depth_sample",2.65390208882636,"fCMdepth_mp","vera4cast"
2026-05-21,2026-04-28,"P1D","fcre",NA,"ensemble",37,"ChlorophyllMaximum_depth_sample",4.35868258726493,"fCMdepth_mp","vera4cast"
2026-05-21,2026-04-28,"P1D","fcre",NA,"ensemble",68,"ChlorophyllMaximum_depth_sample",3.4843072961766,"fCMdepth_mp","vera4cast"
2026-05-21,2026-04-28,"P1D","fcre",NA,"ensemble",99,"ChlorophyllMaximum_depth_sample",4.8266401613634,"fCMdepth_mp","vera4cast"
2026-05-21,2026-04-28,"P1D","fcre",NA,"ensemble",130,"ChlorophyllMaximum_depth_sample",5.13881353339074,"fCMdepth_mp","vera4cast"
2026-05-22,2026-04-28,"P1D","fcre",NA,"ensemble",6,"ChlorophyllMaximum_depth_sample",2.04697038540243,"fCMdepth_mp","vera4cast"
2026-05-22,2026-04-28,"P1D","fcre",NA,"ensemble",37,"ChlorophyllMaximum_depth_sample",5.44362506325663,"fCMdepth_mp","vera4cast"
2026-05-22,2026-04-28,"P1D","fcre",NA,"ensemble",68,"ChlorophyllMaximum_depth_sample",1.90394151563659,"fCMdepth_mp","vera4cast"
2026-05-22,2026-04-28,"P1D","fcre",NA,"ensemble",99,"ChlorophyllMaximum_depth_sample",2.57392628715217,"fCMdepth_mp","vera4cast"
2026-05-22,2026-04-28,"P1D","fcre",NA,"ensemble",130,"ChlorophyllMaximum_depth_sample",1.78453509070351,"fCMdepth_mp","vera4cast"
2026-05-23,2026-04-28,"P1D","fcre",NA,"ensemble",6,"ChlorophyllMaximum_depth_sample",1.59699048691965,"fCMdepth_mp","vera4cast"
2026-05-23,2026-04-28,"P1D","fcre",NA,"ensemble",37,"ChlorophyllMaximum_depth_sample",4.55824036499373,"fCMdepth_mp","vera4cast"
2026-05-23,2026-04-28,"P1D","fcre",NA,"ensemble",68,"ChlorophyllMaximum_depth_sample",2.33580291728734,"fCMdepth_mp","vera4cast"
2026-05-23,2026-04-28,"P1D","fcre",NA,"ensemble",99,"ChlorophyllMaximum_depth_sample",2.04230760432692,"fCMdepth_mp","vera4cast"
2026-05-23,2026-04-28,"P1D","fcre",NA,"ensemble",130,"ChlorophyllMaximum_depth_sample",1.59493594968906,"fCMdepth_mp","vera4cast"
2026-05-24,2026-04-28,"P1D","fcre",NA,"ensemble",6,"ChlorophyllMaximum_depth_sample",0.673953542077125,"fCMdepth_mp","vera4cast"
2026-05-24,2026-04-28,"P1D","fcre",NA,"ensemble",37,"ChlorophyllMaximum_depth_sample",3.71452254456717,"fCMdepth_mp","vera4cast"
2026-05-24,2026-04-28,"P1D","fcre",NA,"ensemble",68,"ChlorophyllMaximum_depth_sample",5.9369505464089,"fCMdepth_mp","vera4cast"
2026-05-24,2026-04-28,"P1D","fcre",NA,"ensemble",99,"ChlorophyllMaximum_depth_sample",2.68979743128128,"fCMdepth_mp","vera4cast"
2026-05-24,2026-04-28,"P1D","fcre",NA,"ensemble",130,"ChlorophyllMaximum_depth_sample",3.81013445764432,"fCMdepth_mp","vera4cast"
2026-05-25,2026-04-28,"P1D","fcre",NA,"ensemble",6,"ChlorophyllMaximum_depth_sample",1.8448020967231,"fCMdepth_mp","vera4cast"
2026-05-25,2026-04-28,"P1D","fcre",NA,"ensemble",37,"ChlorophyllMaximum_depth_sample",2.80633161638159,"fCMdepth_mp","vera4cast"
2026-05-25,2026-04-28,"P1D","fcre",NA,"ensemble",68,"ChlorophyllMaximum_depth_sample",2.28652224811884,"fCMdepth_mp","vera4cast"
2026-05-25,2026-04-28,"P1D","fcre",NA,"ensemble",99,"ChlorophyllMaximum_depth_sample",2.88174785995751,"fCMdepth_mp","vera4cast"
2026-05-25,2026-04-28,"P1D","fcre",NA,"ensemble",130,"ChlorophyllMaximum_depth_sample",4.15562140647734,"fCMdepth_mp","vera4cast"
2026-05-26,2026-04-28,"P1D","fcre",NA,"ensemble",6,"ChlorophyllMaximum_depth_sample",3.07922581008001,"fCMdepth_mp","vera4cast"
2026-05-26,2026-04-28,"P1D","fcre",NA,"ensemble",37,"ChlorophyllMaximum_depth_sample",1.66742944485879,"fCMdepth_mp","vera4cast"
2026-05-26,2026-04-28,"P1D","fcre",NA,"ensemble",68,"ChlorophyllMaximum_depth_sample",2.59655686919131,"fCMdepth_mp","vera4cast"
2026-05-26,2026-04-28,"P1D","fcre",NA,"ensemble",99,"ChlorophyllMaximum_depth_sample",3.4698649945005,"fCMdepth_mp","vera4cast"
2026-05-26,2026-04-28,"P1D","fcre",NA,"ensemble",130,"ChlorophyllMaximum_depth_sample",3.45412990548064,"fCMdepth_mp","vera4cast"
2026-05-27,2026-04-28,"P1D","fcre",NA,"ensemble",6,"ChlorophyllMaximum_depth_sample",1.89037406508539,"fCMdepth_mp","vera4cast"
2026-05-27,2026-04-28,"P1D","fcre",NA,"ensemble",37,"ChlorophyllMaximum_depth_sample",3.00304280415449,"fCMdepth_mp","vera4cast"
2026-05-27,2026-04-28,"P1D","fcre",NA,"ensemble",68,"ChlorophyllMaximum_depth_sample",1.79602632437716,"fCMdepth_mp","vera4cast"
2026-05-27,2026-04-28,"P1D","fcre",NA,"ensemble",99,"ChlorophyllMaximum_depth_sample",1.95531918994783,"fCMdepth_mp","vera4cast"
2026-05-27,2026-04-28,"P1D","fcre",NA,"ensemble",130,"ChlorophyllMaximum_depth_sample",1.75247448475695,"fCMdepth_mp","vera4cast"
2026-05-28,2026-04-28,"P1D","fcre",NA,"ensemble",6,"ChlorophyllMaximum_depth_sample",2.8141460731167,"fCMdepth_mp","vera4cast"
2026-05-28,2026-04-28,"P1D","fcre",NA,"ensemble",37,"ChlorophyllMaximum_depth_sample",3.90437626821465,"fCMdepth_mp","vera4cast"
2026-05-28,2026-04-28,"P1D","fcre",NA,"ensemble",68,"ChlorophyllMaximum_depth_sample",1.19361691488481,"fCMdepth_mp","vera4cast"
2026-05-28,2026-04-28,"P1D","fcre",NA,"ensemble",99,"ChlorophyllMaximum_depth_sample",2.27535754830566,"fCMdepth_mp","vera4cast"
2026-05-28,2026-04-28,"P1D","fcre",NA,"ensemble",130,"ChlorophyllMaximum_depth_sample",2.20290322756738,"fCMdepth_mp","vera4cast"
2026-05-29,2026-04-28,"P1D","fcre",NA,"ensemble",6,"ChlorophyllMaximum_depth_sample",3.29284898466714,"fCMdepth_mp","vera4cast"
2026-05-29,2026-04-28,"P1D","fcre",NA,"ensemble",37,"ChlorophyllMaximum_depth_sample",2.56205437946322,"fCMdepth_mp","vera4cast"
2026-05-29,2026-04-28,"P1D","fcre",NA,"ensemble",68,"ChlorophyllMaximum_depth_sample",2.25480816641761,"fCMdepth_mp","vera4cast"
2026-05-29,2026-04-28,"P1D","fcre",NA,"ensemble",99,"ChlorophyllMaximum_depth_sample",4.14375628739588,"fCMdepth_mp","vera4cast"
2026-05-29,2026-04-28,"P1D","fcre",NA,"ensemble",130,"ChlorophyllMaximum_depth_sample",3.91500406848484,"fCMdepth_mp","vera4cast"
2026-05-30,2026-04-28,"P1D","fcre",NA,"ensemble",6,"ChlorophyllMaximum_depth_sample",-0.265498483492851,"fCMdepth_mp","vera4cast"
2026-05-30,2026-04-28,"P1D","fcre",NA,"ensemble",37,"ChlorophyllMaximum_depth_sample",1.46474891481917,"fCMdepth_mp","vera4cast"
2026-05-30,2026-04-28,"P1D","fcre",NA,"ensemble",68,"ChlorophyllMaximum_depth_sample",3.39430550626163,"fCMdepth_mp","vera4cast"
2026-05-30,2026-04-28,"P1D","fcre",NA,"ensemble",99,"ChlorophyllMaximum_depth_sample",2.84445461216832,"fCMdepth_mp","vera4cast"
2026-05-30,2026-04-28,"P1D","fcre",NA,"ensemble",130,"ChlorophyllMaximum_depth_sample",2.29573339544858,"fCMdepth_mp","vera4cast"
2026-05-31,2026-04-28,"P1D","fcre",NA,"ensemble",6,"ChlorophyllMaximum_depth_sample",3.457577029349,"fCMdepth_mp","vera4cast"
2026-05-31,2026-04-28,"P1D","fcre",NA,"ensemble",37,"ChlorophyllMaximum_depth_sample",1.78738612491068,"fCMdepth_mp","vera4cast"
2026-05-31,2026-04-28,"P1D","fcre",NA,"ensemble",68,"ChlorophyllMaximum_depth_sample",1.27760988166555,"fCMdepth_mp","vera4cast"
2026-05-31,2026-04-28,"P1D","fcre",NA,"ensemble",99,"ChlorophyllMaximum_depth_sample",1.80561661370097,"fCMdepth_mp","vera4cast"
2026-05-31,2026-04-28,"P1D","fcre",NA,"ensemble",130,"ChlorophyllMaximum_depth_sample",2.45839698522434,"fCMdepth_mp","vera4cast"
2026-06-01,2026-04-28,"P1D","fcre",NA,"ensemble",6,"ChlorophyllMaximum_depth_sample",2.01815407791483,"fCMdepth_mp","vera4cast"
2026-06-01,2026-04-28,"P1D","fcre",NA,"ensemble",37,"ChlorophyllMaximum_depth_sample",4.72429272330656,"fCMdepth_mp","vera4cast"
2026-06-01,2026-04-28,"P1D","fcre",NA,"ensemble",68,"ChlorophyllMaximum_depth_sample",2.55652694039514,"fCMdepth_mp","vera4cast"
2026-06-01,2026-04-28,"P1D","fcre",NA,"ensemble",99,"ChlorophyllMaximum_depth_sample",2.41923733907163,"fCMdepth_mp","vera4cast"
2026-06-01,2026-04-28,"P1D","fcre",NA,"ensemble",130,"ChlorophyllMaximum_depth_sample",1.78379479031377,"fCMdepth_mp","vera4cast"
2026-04-29,2026-04-28,"P1D","fcre",NA,"ensemble",7,"ChlorophyllMaximum_depth_sample",1.70289500960249,"fCMdepth_mp","vera4cast"
2026-04-29,2026-04-28,"P1D","fcre",NA,"ensemble",38,"ChlorophyllMaximum_depth_sample",3.41270658442433,"fCMdepth_mp","vera4cast"
2026-04-29,2026-04-28,"P1D","fcre",NA,"ensemble",69,"ChlorophyllMaximum_depth_sample",3.23871663065013,"fCMdepth_mp","vera4cast"
2026-04-29,2026-04-28,"P1D","fcre",NA,"ensemble",100,"ChlorophyllMaximum_depth_sample",4.74199029107452,"fCMdepth_mp","vera4cast"
2026-04-29,2026-04-28,"P1D","fcre",NA,"ensemble",131,"ChlorophyllMaximum_depth_sample",2.07345365276697,"fCMdepth_mp","vera4cast"
2026-04-30,2026-04-28,"P1D","fcre",NA,"ensemble",7,"ChlorophyllMaximum_depth_sample",2.7740814315505,"fCMdepth_mp","vera4cast"
2026-04-30,2026-04-28,"P1D","fcre",NA,"ensemble",38,"ChlorophyllMaximum_depth_sample",3.97645465003784,"fCMdepth_mp","vera4cast"
2026-04-30,2026-04-28,"P1D","fcre",NA,"ensemble",69,"ChlorophyllMaximum_depth_sample",4.00025396647259,"fCMdepth_mp","vera4cast"
2026-04-30,2026-04-28,"P1D","fcre",NA,"ensemble",100,"ChlorophyllMaximum_depth_sample",5.55237743629122,"fCMdepth_mp","vera4cast"
2026-04-30,2026-04-28,"P1D","fcre",NA,"ensemble",131,"ChlorophyllMaximum_depth_sample",4.03951223755606,"fCMdepth_mp","vera4cast"
2026-05-01,2026-04-28,"P1D","fcre",NA,"ensemble",7,"ChlorophyllMaximum_depth_sample",1.83551803124134,"fCMdepth_mp","vera4cast"
2026-05-01,2026-04-28,"P1D","fcre",NA,"ensemble",38,"ChlorophyllMaximum_depth_sample",2.75834983351217,"fCMdepth_mp","vera4cast"
2026-05-01,2026-04-28,"P1D","fcre",NA,"ensemble",69,"ChlorophyllMaximum_depth_sample",2.65843184801614,"fCMdepth_mp","vera4cast"
2026-05-01,2026-04-28,"P1D","fcre",NA,"ensemble",100,"ChlorophyllMaximum_depth_sample",4.03915800010175,"fCMdepth_mp","vera4cast"
2026-05-01,2026-04-28,"P1D","fcre",NA,"ensemble",131,"ChlorophyllMaximum_depth_sample",2.7422367945282,"fCMdepth_mp","vera4cast"
2026-05-02,2026-04-28,"P1D","fcre",NA,"ensemble",7,"ChlorophyllMaximum_depth_sample",1.4107154931874,"fCMdepth_mp","vera4cast"
2026-05-02,2026-04-28,"P1D","fcre",NA,"ensemble",38,"ChlorophyllMaximum_depth_sample",4.23331110756883,"fCMdepth_mp","vera4cast"
2026-05-02,2026-04-28,"P1D","fcre",NA,"ensemble",69,"ChlorophyllMaximum_depth_sample",2.47921824398479,"fCMdepth_mp","vera4cast"
2026-05-02,2026-04-28,"P1D","fcre",NA,"ensemble",100,"ChlorophyllMaximum_depth_sample",1.74823185803027,"fCMdepth_mp","vera4cast"
2026-05-02,2026-04-28,"P1D","fcre",NA,"ensemble",131,"ChlorophyllMaximum_depth_sample",1.44535913224121,"fCMdepth_mp","vera4cast"
2026-05-03,2026-04-28,"P1D","fcre",NA,"ensemble",7,"ChlorophyllMaximum_depth_sample",0.814415919240827,"fCMdepth_mp","vera4cast"
2026-05-03,2026-04-28,"P1D","fcre",NA,"ensemble",38,"ChlorophyllMaximum_depth_sample",4.28773352760956,"fCMdepth_mp","vera4cast"
2026-05-03,2026-04-28,"P1D","fcre",NA,"ensemble",69,"ChlorophyllMaximum_depth_sample",2.69427519269631,"fCMdepth_mp","vera4cast"
2026-05-03,2026-04-28,"P1D","fcre",NA,"ensemble",100,"ChlorophyllMaximum_depth_sample",2.87325506768865,"fCMdepth_mp","vera4cast"
2026-05-03,2026-04-28,"P1D","fcre",NA,"ensemble",131,"ChlorophyllMaximum_depth_sample",1.47444256175881,"fCMdepth_mp","vera4cast"
2026-05-04,2026-04-28,"P1D","fcre",NA,"ensemble",7,"ChlorophyllMaximum_depth_sample",0.796674448211736,"fCMdepth_mp","vera4cast"
2026-05-04,2026-04-28,"P1D","fcre",NA,"ensemble",38,"ChlorophyllMaximum_depth_sample",3.26101013486127,"fCMdepth_mp","vera4cast"
2026-05-04,2026-04-28,"P1D","fcre",NA,"ensemble",69,"ChlorophyllMaximum_depth_sample",3.54671370411989,"fCMdepth_mp","vera4cast"
2026-05-04,2026-04-28,"P1D","fcre",NA,"ensemble",100,"ChlorophyllMaximum_depth_sample",2.19122136796336,"fCMdepth_mp","vera4cast"
2026-05-04,2026-04-28,"P1D","fcre",NA,"ensemble",131,"ChlorophyllMaximum_depth_sample",1.87744594500204,"fCMdepth_mp","vera4cast"
2026-05-05,2026-04-28,"P1D","fcre",NA,"ensemble",7,"ChlorophyllMaximum_depth_sample",2.59478750157416,"fCMdepth_mp","vera4cast"
2026-05-05,2026-04-28,"P1D","fcre",NA,"ensemble",38,"ChlorophyllMaximum_depth_sample",2.01504720488278,"fCMdepth_mp","vera4cast"
2026-05-05,2026-04-28,"P1D","fcre",NA,"ensemble",69,"ChlorophyllMaximum_depth_sample",3.6132780100536,"fCMdepth_mp","vera4cast"
2026-05-05,2026-04-28,"P1D","fcre",NA,"ensemble",100,"ChlorophyllMaximum_depth_sample",2.76258898132076,"fCMdepth_mp","vera4cast"
2026-05-05,2026-04-28,"P1D","fcre",NA,"ensemble",131,"ChlorophyllMaximum_depth_sample",3.85477263017897,"fCMdepth_mp","vera4cast"
2026-05-06,2026-04-28,"P1D","fcre",NA,"ensemble",7,"ChlorophyllMaximum_depth_sample",3.09335577332519,"fCMdepth_mp","vera4cast"
2026-05-06,2026-04-28,"P1D","fcre",NA,"ensemble",38,"ChlorophyllMaximum_depth_sample",3.14996281169624,"fCMdepth_mp","vera4cast"
2026-05-06,2026-04-28,"P1D","fcre",NA,"ensemble",69,"ChlorophyllMaximum_depth_sample",3.22594695135,"fCMdepth_mp","vera4cast"
2026-05-06,2026-04-28,"P1D","fcre",NA,"ensemble",100,"ChlorophyllMaximum_depth_sample",2.87038786167557,"fCMdepth_mp","vera4cast"
2026-05-06,2026-04-28,"P1D","fcre",NA,"ensemble",131,"ChlorophyllMaximum_depth_sample",3.02990932075824,"fCMdepth_mp","vera4cast"
2026-05-07,2026-04-28,"P1D","fcre",NA,"ensemble",7,"ChlorophyllMaximum_depth_sample",3.59831139810778,"fCMdepth_mp","vera4cast"
2026-05-07,2026-04-28,"P1D","fcre",NA,"ensemble",38,"ChlorophyllMaximum_depth_sample",2.85390016277393,"fCMdepth_mp","vera4cast"
2026-05-07,2026-04-28,"P1D","fcre",NA,"ensemble",69,"ChlorophyllMaximum_depth_sample",2.6613501538245,"fCMdepth_mp","vera4cast"
2026-05-07,2026-04-28,"P1D","fcre",NA,"ensemble",100,"ChlorophyllMaximum_depth_sample",2.88297923436381,"fCMdepth_mp","vera4cast"
2026-05-07,2026-04-28,"P1D","fcre",NA,"ensemble",131,"ChlorophyllMaximum_depth_sample",5.40197033206559,"fCMdepth_mp","vera4cast"
2026-05-08,2026-04-28,"P1D","fcre",NA,"ensemble",7,"ChlorophyllMaximum_depth_sample",4.07081292001096,"fCMdepth_mp","vera4cast"
2026-05-08,2026-04-28,"P1D","fcre",NA,"ensemble",38,"ChlorophyllMaximum_depth_sample",3.84024488379997,"fCMdepth_mp","vera4cast"
2026-05-08,2026-04-28,"P1D","fcre",NA,"ensemble",69,"ChlorophyllMaximum_depth_sample",3.46739329733188,"fCMdepth_mp","vera4cast"
2026-05-08,2026-04-28,"P1D","fcre",NA,"ensemble",100,"ChlorophyllMaximum_depth_sample",2.89476641932498,"fCMdepth_mp","vera4cast"
2026-05-08,2026-04-28,"P1D","fcre",NA,"ensemble",131,"ChlorophyllMaximum_depth_sample",3.18338798450467,"fCMdepth_mp","vera4cast"
2026-05-09,2026-04-28,"P1D","fcre",NA,"ensemble",7,"ChlorophyllMaximum_depth_sample",2.44280617714732,"fCMdepth_mp","vera4cast"
2026-05-09,2026-04-28,"P1D","fcre",NA,"ensemble",38,"ChlorophyllMaximum_depth_sample",3.98218965805849,"fCMdepth_mp","vera4cast"
2026-05-09,2026-04-28,"P1D","fcre",NA,"ensemble",69,"ChlorophyllMaximum_depth_sample",3.85691141053683,"fCMdepth_mp","vera4cast"
2026-05-09,2026-04-28,"P1D","fcre",NA,"ensemble",100,"ChlorophyllMaximum_depth_sample",3.42755067539381,"fCMdepth_mp","vera4cast"
2026-05-09,2026-04-28,"P1D","fcre",NA,"ensemble",131,"ChlorophyllMaximum_depth_sample",0.592300867080588,"fCMdepth_mp","vera4cast"
2026-05-10,2026-04-28,"P1D","fcre",NA,"ensemble",7,"ChlorophyllMaximum_depth_sample",1.43802271318661,"fCMdepth_mp","vera4cast"
2026-05-10,2026-04-28,"P1D","fcre",NA,"ensemble",38,"ChlorophyllMaximum_depth_sample",3.41238402729176,"fCMdepth_mp","vera4cast"
2026-05-10,2026-04-28,"P1D","fcre",NA,"ensemble",69,"ChlorophyllMaximum_depth_sample",1.83540210141486,"fCMdepth_mp","vera4cast"
2026-05-10,2026-04-28,"P1D","fcre",NA,"ensemble",100,"ChlorophyllMaximum_depth_sample",2.83130008722081,"fCMdepth_mp","vera4cast"
2026-05-10,2026-04-28,"P1D","fcre",NA,"ensemble",131,"ChlorophyllMaximum_depth_sample",3.46321428623128,"fCMdepth_mp","vera4cast"
2026-05-11,2026-04-28,"P1D","fcre",NA,"ensemble",7,"ChlorophyllMaximum_depth_sample",4.23770022997963,"fCMdepth_mp","vera4cast"
2026-05-11,2026-04-28,"P1D","fcre",NA,"ensemble",38,"ChlorophyllMaximum_depth_sample",1.99590834295088,"fCMdepth_mp","vera4cast"
2026-05-11,2026-04-28,"P1D","fcre",NA,"ensemble",69,"ChlorophyllMaximum_depth_sample",5.66241487854156,"fCMdepth_mp","vera4cast"
2026-05-11,2026-04-28,"P1D","fcre",NA,"ensemble",100,"ChlorophyllMaximum_depth_sample",4.25436562702612,"fCMdepth_mp","vera4cast"
2026-05-11,2026-04-28,"P1D","fcre",NA,"ensemble",131,"ChlorophyllMaximum_depth_sample",4.32928432825794,"fCMdepth_mp","vera4cast"
2026-05-12,2026-04-28,"P1D","fcre",NA,"ensemble",7,"ChlorophyllMaximum_depth_sample",3.67803708699374,"fCMdepth_mp","vera4cast"
2026-05-12,2026-04-28,"P1D","fcre",NA,"ensemble",38,"ChlorophyllMaximum_depth_sample",2.44728792863879,"fCMdepth_mp","vera4cast"
2026-05-12,2026-04-28,"P1D","fcre",NA,"ensemble",69,"ChlorophyllMaximum_depth_sample",3.46540204446236,"fCMdepth_mp","vera4cast"
2026-05-12,2026-04-28,"P1D","fcre",NA,"ensemble",100,"ChlorophyllMaximum_depth_sample",3.39493571304784,"fCMdepth_mp","vera4cast"
2026-05-12,2026-04-28,"P1D","fcre",NA,"ensemble",131,"ChlorophyllMaximum_depth_sample",5.38076539868598,"fCMdepth_mp","vera4cast"
2026-05-13,2026-04-28,"P1D","fcre",NA,"ensemble",7,"ChlorophyllMaximum_depth_sample",3.60761021803826,"fCMdepth_mp","vera4cast"
2026-05-13,2026-04-28,"P1D","fcre",NA,"ensemble",38,"ChlorophyllMaximum_depth_sample",4.06753978979996,"fCMdepth_mp","vera4cast"
2026-05-13,2026-04-28,"P1D","fcre",NA,"ensemble",69,"ChlorophyllMaximum_depth_sample",1.13720227891819,"fCMdepth_mp","vera4cast"
2026-05-13,2026-04-28,"P1D","fcre",NA,"ensemble",100,"ChlorophyllMaximum_depth_sample",5.31635907979728,"fCMdepth_mp","vera4cast"
2026-05-13,2026-04-28,"P1D","fcre",NA,"ensemble",131,"ChlorophyllMaximum_depth_sample",3.23162609639539,"fCMdepth_mp","vera4cast"
2026-05-14,2026-04-28,"P1D","fcre",NA,"ensemble",7,"ChlorophyllMaximum_depth_sample",1.72227736411626,"fCMdepth_mp","vera4cast"
2026-05-14,2026-04-28,"P1D","fcre",NA,"ensemble",38,"ChlorophyllMaximum_depth_sample",4.35567726295375,"fCMdepth_mp","vera4cast"
2026-05-14,2026-04-28,"P1D","fcre",NA,"ensemble",69,"ChlorophyllMaximum_depth_sample",3.0939258480763,"fCMdepth_mp","vera4cast"
2026-05-14,2026-04-28,"P1D","fcre",NA,"ensemble",100,"ChlorophyllMaximum_depth_sample",2.87708942452505,"fCMdepth_mp","vera4cast"
2026-05-14,2026-04-28,"P1D","fcre",NA,"ensemble",131,"ChlorophyllMaximum_depth_sample",4.06673714088915,"fCMdepth_mp","vera4cast"
2026-05-15,2026-04-28,"P1D","fcre",NA,"ensemble",7,"ChlorophyllMaximum_depth_sample",2.1232504015995,"fCMdepth_mp","vera4cast"
2026-05-15,2026-04-28,"P1D","fcre",NA,"ensemble",38,"ChlorophyllMaximum_depth_sample",6.11730661045659,"fCMdepth_mp","vera4cast"
2026-05-15,2026-04-28,"P1D","fcre",NA,"ensemble",69,"ChlorophyllMaximum_depth_sample",2.97130959085516,"fCMdepth_mp","vera4cast"
2026-05-15,2026-04-28,"P1D","fcre",NA,"ensemble",100,"ChlorophyllMaximum_depth_sample",2.21578054136513,"fCMdepth_mp","vera4cast"
2026-05-15,2026-04-28,"P1D","fcre",NA,"ensemble",131,"ChlorophyllMaximum_depth_sample",3.16482105752298,"fCMdepth_mp","vera4cast"
2026-05-16,2026-04-28,"P1D","fcre",NA,"ensemble",7,"ChlorophyllMaximum_depth_sample",2.7189628159754,"fCMdepth_mp","vera4cast"
2026-05-16,2026-04-28,"P1D","fcre",NA,"ensemble",38,"ChlorophyllMaximum_depth_sample",1.73641085377226,"fCMdepth_mp","vera4cast"
2026-05-16,2026-04-28,"P1D","fcre",NA,"ensemble",69,"ChlorophyllMaximum_depth_sample",3.8328180929971,"fCMdepth_mp","vera4cast"
2026-05-16,2026-04-28,"P1D","fcre",NA,"ensemble",100,"ChlorophyllMaximum_depth_sample",3.08099094549072,"fCMdepth_mp","vera4cast"
2026-05-16,2026-04-28,"P1D","fcre",NA,"ensemble",131,"ChlorophyllMaximum_depth_sample",3.20050561541292,"fCMdepth_mp","vera4cast"
2026-05-17,2026-04-28,"P1D","fcre",NA,"ensemble",7,"ChlorophyllMaximum_depth_sample",2.94259531296991,"fCMdepth_mp","vera4cast"
2026-05-17,2026-04-28,"P1D","fcre",NA,"ensemble",38,"ChlorophyllMaximum_depth_sample",2.07495886146034,"fCMdepth_mp","vera4cast"
2026-05-17,2026-04-28,"P1D","fcre",NA,"ensemble",69,"ChlorophyllMaximum_depth_sample",4.19571102870763,"fCMdepth_mp","vera4cast"
2026-05-17,2026-04-28,"P1D","fcre",NA,"ensemble",100,"ChlorophyllMaximum_depth_sample",4.26837567637284,"fCMdepth_mp","vera4cast"
2026-05-17,2026-04-28,"P1D","fcre",NA,"ensemble",131,"ChlorophyllMaximum_depth_sample",2.55071054218915,"fCMdepth_mp","vera4cast"
2026-05-18,2026-04-28,"P1D","fcre",NA,"ensemble",7,"ChlorophyllMaximum_depth_sample",4.5624026101836,"fCMdepth_mp","vera4cast"
2026-05-18,2026-04-28,"P1D","fcre",NA,"ensemble",38,"ChlorophyllMaximum_depth_sample",3.7670156239816,"fCMdepth_mp","vera4cast"
2026-05-18,2026-04-28,"P1D","fcre",NA,"ensemble",69,"ChlorophyllMaximum_depth_sample",4.11981408879207,"fCMdepth_mp","vera4cast"
2026-05-18,2026-04-28,"P1D","fcre",NA,"ensemble",100,"ChlorophyllMaximum_depth_sample",1.61704125157195,"fCMdepth_mp","vera4cast"
2026-05-18,2026-04-28,"P1D","fcre",NA,"ensemble",131,"ChlorophyllMaximum_depth_sample",2.81886416499785,"fCMdepth_mp","vera4cast"
2026-05-19,2026-04-28,"P1D","fcre",NA,"ensemble",7,"ChlorophyllMaximum_depth_sample",4.69214691831797,"fCMdepth_mp","vera4cast"
2026-05-19,2026-04-28,"P1D","fcre",NA,"ensemble",38,"ChlorophyllMaximum_depth_sample",3.8787981608999,"fCMdepth_mp","vera4cast"
2026-05-19,2026-04-28,"P1D","fcre",NA,"ensemble",69,"ChlorophyllMaximum_depth_sample",6.36119093189444,"fCMdepth_mp","vera4cast"
2026-05-19,2026-04-28,"P1D","fcre",NA,"ensemble",100,"ChlorophyllMaximum_depth_sample",3.04654026074384,"fCMdepth_mp","vera4cast"
2026-05-19,2026-04-28,"P1D","fcre",NA,"ensemble",131,"ChlorophyllMaximum_depth_sample",1.91816779121007,"fCMdepth_mp","vera4cast"
2026-05-20,2026-04-28,"P1D","fcre",NA,"ensemble",7,"ChlorophyllMaximum_depth_sample",3.32139724441928,"fCMdepth_mp","vera4cast"
2026-05-20,2026-04-28,"P1D","fcre",NA,"ensemble",38,"ChlorophyllMaximum_depth_sample",3.55729139886885,"fCMdepth_mp","vera4cast"
2026-05-20,2026-04-28,"P1D","fcre",NA,"ensemble",69,"ChlorophyllMaximum_depth_sample",5.36987366945429,"fCMdepth_mp","vera4cast"
2026-05-20,2026-04-28,"P1D","fcre",NA,"ensemble",100,"ChlorophyllMaximum_depth_sample",2.09235838792528,"fCMdepth_mp","vera4cast"
2026-05-20,2026-04-28,"P1D","fcre",NA,"ensemble",131,"ChlorophyllMaximum_depth_sample",3.76984670513174,"fCMdepth_mp","vera4cast"
2026-05-21,2026-04-28,"P1D","fcre",NA,"ensemble",7,"ChlorophyllMaximum_depth_sample",1.43866201757161,"fCMdepth_mp","vera4cast"
2026-05-21,2026-04-28,"P1D","fcre",NA,"ensemble",38,"ChlorophyllMaximum_depth_sample",3.03567780385245,"fCMdepth_mp","vera4cast"
2026-05-21,2026-04-28,"P1D","fcre",NA,"ensemble",69,"ChlorophyllMaximum_depth_sample",3.19297901621342,"fCMdepth_mp","vera4cast"
2026-05-21,2026-04-28,"P1D","fcre",NA,"ensemble",100,"ChlorophyllMaximum_depth_sample",3.13280864263839,"fCMdepth_mp","vera4cast"
2026-05-21,2026-04-28,"P1D","fcre",NA,"ensemble",131,"ChlorophyllMaximum_depth_sample",3.40000185847209,"fCMdepth_mp","vera4cast"
2026-05-22,2026-04-28,"P1D","fcre",NA,"ensemble",7,"ChlorophyllMaximum_depth_sample",2.77302089048015,"fCMdepth_mp","vera4cast"
2026-05-22,2026-04-28,"P1D","fcre",NA,"ensemble",38,"ChlorophyllMaximum_depth_sample",2.85306649356037,"fCMdepth_mp","vera4cast"
2026-05-22,2026-04-28,"P1D","fcre",NA,"ensemble",69,"ChlorophyllMaximum_depth_sample",5.10340795813296,"fCMdepth_mp","vera4cast"
2026-05-22,2026-04-28,"P1D","fcre",NA,"ensemble",100,"ChlorophyllMaximum_depth_sample",2.97011009850122,"fCMdepth_mp","vera4cast"
2026-05-22,2026-04-28,"P1D","fcre",NA,"ensemble",131,"ChlorophyllMaximum_depth_sample",2.12208898165767,"fCMdepth_mp","vera4cast"
2026-05-23,2026-04-28,"P1D","fcre",NA,"ensemble",7,"ChlorophyllMaximum_depth_sample",2.36315899487764,"fCMdepth_mp","vera4cast"
2026-05-23,2026-04-28,"P1D","fcre",NA,"ensemble",38,"ChlorophyllMaximum_depth_sample",3.06013660465207,"fCMdepth_mp","vera4cast"
2026-05-23,2026-04-28,"P1D","fcre",NA,"ensemble",69,"ChlorophyllMaximum_depth_sample",3.6233449553392,"fCMdepth_mp","vera4cast"
2026-05-23,2026-04-28,"P1D","fcre",NA,"ensemble",100,"ChlorophyllMaximum_depth_sample",4.03146957712746,"fCMdepth_mp","vera4cast"
2026-05-23,2026-04-28,"P1D","fcre",NA,"ensemble",131,"ChlorophyllMaximum_depth_sample",2.95070393779634,"fCMdepth_mp","vera4cast"
2026-05-24,2026-04-28,"P1D","fcre",NA,"ensemble",7,"ChlorophyllMaximum_depth_sample",2.80765314733308,"fCMdepth_mp","vera4cast"
2026-05-24,2026-04-28,"P1D","fcre",NA,"ensemble",38,"ChlorophyllMaximum_depth_sample",2.06538946932483,"fCMdepth_mp","vera4cast"
2026-05-24,2026-04-28,"P1D","fcre",NA,"ensemble",69,"ChlorophyllMaximum_depth_sample",2.37239664571467,"fCMdepth_mp","vera4cast"
2026-05-24,2026-04-28,"P1D","fcre",NA,"ensemble",100,"ChlorophyllMaximum_depth_sample",1.12371663009349,"fCMdepth_mp","vera4cast"
2026-05-24,2026-04-28,"P1D","fcre",NA,"ensemble",131,"ChlorophyllMaximum_depth_sample",3.19271021957348,"fCMdepth_mp","vera4cast"
2026-05-25,2026-04-28,"P1D","fcre",NA,"ensemble",7,"ChlorophyllMaximum_depth_sample",5.39650300747873,"fCMdepth_mp","vera4cast"
2026-05-25,2026-04-28,"P1D","fcre",NA,"ensemble",38,"ChlorophyllMaximum_depth_sample",3.43051130679927,"fCMdepth_mp","vera4cast"
2026-05-25,2026-04-28,"P1D","fcre",NA,"ensemble",69,"ChlorophyllMaximum_depth_sample",3.99189928400128,"fCMdepth_mp","vera4cast"
2026-05-25,2026-04-28,"P1D","fcre",NA,"ensemble",100,"ChlorophyllMaximum_depth_sample",3.10325135017572,"fCMdepth_mp","vera4cast"
2026-05-25,2026-04-28,"P1D","fcre",NA,"ensemble",131,"ChlorophyllMaximum_depth_sample",1.80971482304843,"fCMdepth_mp","vera4cast"
2026-05-26,2026-04-28,"P1D","fcre",NA,"ensemble",7,"ChlorophyllMaximum_depth_sample",4.20902123384385,"fCMdepth_mp","vera4cast"
2026-05-26,2026-04-28,"P1D","fcre",NA,"ensemble",38,"ChlorophyllMaximum_depth_sample",2.6690488744834,"fCMdepth_mp","vera4cast"
2026-05-26,2026-04-28,"P1D","fcre",NA,"ensemble",69,"ChlorophyllMaximum_depth_sample",4.39587871413237,"fCMdepth_mp","vera4cast"
2026-05-26,2026-04-28,"P1D","fcre",NA,"ensemble",100,"ChlorophyllMaximum_depth_sample",2.30057817468464,"fCMdepth_mp","vera4cast"
2026-05-26,2026-04-28,"P1D","fcre",NA,"ensemble",131,"ChlorophyllMaximum_depth_sample",4.08274102876473,"fCMdepth_mp","vera4cast"
2026-05-27,2026-04-28,"P1D","fcre",NA,"ensemble",7,"ChlorophyllMaximum_depth_sample",2.258763119282,"fCMdepth_mp","vera4cast"
2026-05-27,2026-04-28,"P1D","fcre",NA,"ensemble",38,"ChlorophyllMaximum_depth_sample",2.8196495050727,"fCMdepth_mp","vera4cast"
2026-05-27,2026-04-28,"P1D","fcre",NA,"ensemble",69,"ChlorophyllMaximum_depth_sample",3.33193773214043,"fCMdepth_mp","vera4cast"
2026-05-27,2026-04-28,"P1D","fcre",NA,"ensemble",100,"ChlorophyllMaximum_depth_sample",1.70671331736281,"fCMdepth_mp","vera4cast"
2026-05-27,2026-04-28,"P1D","fcre",NA,"ensemble",131,"ChlorophyllMaximum_depth_sample",3.02053718887339,"fCMdepth_mp","vera4cast"
2026-05-28,2026-04-28,"P1D","fcre",NA,"ensemble",7,"ChlorophyllMaximum_depth_sample",2.85763933372775,"fCMdepth_mp","vera4cast"
2026-05-28,2026-04-28,"P1D","fcre",NA,"ensemble",38,"ChlorophyllMaximum_depth_sample",2.86055917523322,"fCMdepth_mp","vera4cast"
2026-05-28,2026-04-28,"P1D","fcre",NA,"ensemble",69,"ChlorophyllMaximum_depth_sample",1.65531500976142,"fCMdepth_mp","vera4cast"
2026-05-28,2026-04-28,"P1D","fcre",NA,"ensemble",100,"ChlorophyllMaximum_depth_sample",2.70979356153182,"fCMdepth_mp","vera4cast"
2026-05-28,2026-04-28,"P1D","fcre",NA,"ensemble",131,"ChlorophyllMaximum_depth_sample",4.47295480276705,"fCMdepth_mp","vera4cast"
2026-05-29,2026-04-28,"P1D","fcre",NA,"ensemble",7,"ChlorophyllMaximum_depth_sample",2.79614141071727,"fCMdepth_mp","vera4cast"
2026-05-29,2026-04-28,"P1D","fcre",NA,"ensemble",38,"ChlorophyllMaximum_depth_sample",1.06403119152057,"fCMdepth_mp","vera4cast"
2026-05-29,2026-04-28,"P1D","fcre",NA,"ensemble",69,"ChlorophyllMaximum_depth_sample",2.85432923100762,"fCMdepth_mp","vera4cast"
2026-05-29,2026-04-28,"P1D","fcre",NA,"ensemble",100,"ChlorophyllMaximum_depth_sample",2.09559544017041,"fCMdepth_mp","vera4cast"
2026-05-29,2026-04-28,"P1D","fcre",NA,"ensemble",131,"ChlorophyllMaximum_depth_sample",1.99491531684967,"fCMdepth_mp","vera4cast"
2026-05-30,2026-04-28,"P1D","fcre",NA,"ensemble",7,"ChlorophyllMaximum_depth_sample",3.02335066706185,"fCMdepth_mp","vera4cast"
2026-05-30,2026-04-28,"P1D","fcre",NA,"ensemble",38,"ChlorophyllMaximum_depth_sample",1.5772173077946,"fCMdepth_mp","vera4cast"
2026-05-30,2026-04-28,"P1D","fcre",NA,"ensemble",69,"ChlorophyllMaximum_depth_sample",0.928688430707385,"fCMdepth_mp","vera4cast"
2026-05-30,2026-04-28,"P1D","fcre",NA,"ensemble",100,"ChlorophyllMaximum_depth_sample",3.27314888290465,"fCMdepth_mp","vera4cast"
2026-05-30,2026-04-28,"P1D","fcre",NA,"ensemble",131,"ChlorophyllMaximum_depth_sample",3.79750937944095,"fCMdepth_mp","vera4cast"
2026-05-31,2026-04-28,"P1D","fcre",NA,"ensemble",7,"ChlorophyllMaximum_depth_sample",2.82924156976116,"fCMdepth_mp","vera4cast"
2026-05-31,2026-04-28,"P1D","fcre",NA,"ensemble",38,"ChlorophyllMaximum_depth_sample",3.83206048598474,"fCMdepth_mp","vera4cast"
2026-05-31,2026-04-28,"P1D","fcre",NA,"ensemble",69,"ChlorophyllMaximum_depth_sample",4.20352486889279,"fCMdepth_mp","vera4cast"
2026-05-31,2026-04-28,"P1D","fcre",NA,"ensemble",100,"ChlorophyllMaximum_depth_sample",1.34306679483975,"fCMdepth_mp","vera4cast"
2026-05-31,2026-04-28,"P1D","fcre",NA,"ensemble",131,"ChlorophyllMaximum_depth_sample",3.10117854481631,"fCMdepth_mp","vera4cast"
2026-06-01,2026-04-28,"P1D","fcre",NA,"ensemble",7,"ChlorophyllMaximum_depth_sample",2.72849710978337,"fCMdepth_mp","vera4cast"
2026-06-01,2026-04-28,"P1D","fcre",NA,"ensemble",38,"ChlorophyllMaximum_depth_sample",2.54495697132304,"fCMdepth_mp","vera4cast"
2026-06-01,2026-04-28,"P1D","fcre",NA,"ensemble",69,"ChlorophyllMaximum_depth_sample",3.28289792611245,"fCMdepth_mp","vera4cast"
2026-06-01,2026-04-28,"P1D","fcre",NA,"ensemble",100,"ChlorophyllMaximum_depth_sample",3.62865913717631,"fCMdepth_mp","vera4cast"
2026-06-01,2026-04-28,"P1D","fcre",NA,"ensemble",131,"ChlorophyllMaximum_depth_sample",1.51160378829426,"fCMdepth_mp","vera4cast"
2026-04-29,2026-04-28,"P1D","fcre",NA,"ensemble",8,"ChlorophyllMaximum_depth_sample",2.79095705687582,"fCMdepth_mp","vera4cast"
2026-04-29,2026-04-28,"P1D","fcre",NA,"ensemble",39,"ChlorophyllMaximum_depth_sample",2.24649024155756,"fCMdepth_mp","vera4cast"
2026-04-29,2026-04-28,"P1D","fcre",NA,"ensemble",70,"ChlorophyllMaximum_depth_sample",2.94261700809909,"fCMdepth_mp","vera4cast"
2026-04-29,2026-04-28,"P1D","fcre",NA,"ensemble",101,"ChlorophyllMaximum_depth_sample",2.57926299460509,"fCMdepth_mp","vera4cast"
2026-04-29,2026-04-28,"P1D","fcre",NA,"ensemble",132,"ChlorophyllMaximum_depth_sample",4.32230670764262,"fCMdepth_mp","vera4cast"
2026-04-30,2026-04-28,"P1D","fcre",NA,"ensemble",8,"ChlorophyllMaximum_depth_sample",3.16702866211402,"fCMdepth_mp","vera4cast"
2026-04-30,2026-04-28,"P1D","fcre",NA,"ensemble",39,"ChlorophyllMaximum_depth_sample",1.70112104960562,"fCMdepth_mp","vera4cast"
2026-04-30,2026-04-28,"P1D","fcre",NA,"ensemble",70,"ChlorophyllMaximum_depth_sample",-0.223338337362707,"fCMdepth_mp","vera4cast"
2026-04-30,2026-04-28,"P1D","fcre",NA,"ensemble",101,"ChlorophyllMaximum_depth_sample",3.83823099904068,"fCMdepth_mp","vera4cast"
2026-04-30,2026-04-28,"P1D","fcre",NA,"ensemble",132,"ChlorophyllMaximum_depth_sample",3.52344173617365,"fCMdepth_mp","vera4cast"
2026-05-01,2026-04-28,"P1D","fcre",NA,"ensemble",8,"ChlorophyllMaximum_depth_sample",3.65687707811609,"fCMdepth_mp","vera4cast"
2026-05-01,2026-04-28,"P1D","fcre",NA,"ensemble",39,"ChlorophyllMaximum_depth_sample",5.23624108040171,"fCMdepth_mp","vera4cast"
2026-05-01,2026-04-28,"P1D","fcre",NA,"ensemble",70,"ChlorophyllMaximum_depth_sample",1.09494358234164,"fCMdepth_mp","vera4cast"
2026-05-01,2026-04-28,"P1D","fcre",NA,"ensemble",101,"ChlorophyllMaximum_depth_sample",3.93741581233169,"fCMdepth_mp","vera4cast"
2026-05-01,2026-04-28,"P1D","fcre",NA,"ensemble",132,"ChlorophyllMaximum_depth_sample",2.89482259440157,"fCMdepth_mp","vera4cast"
2026-05-02,2026-04-28,"P1D","fcre",NA,"ensemble",8,"ChlorophyllMaximum_depth_sample",1.00374824822967,"fCMdepth_mp","vera4cast"
2026-05-02,2026-04-28,"P1D","fcre",NA,"ensemble",39,"ChlorophyllMaximum_depth_sample",3.30181612888498,"fCMdepth_mp","vera4cast"
2026-05-02,2026-04-28,"P1D","fcre",NA,"ensemble",70,"ChlorophyllMaximum_depth_sample",2.26015471428064,"fCMdepth_mp","vera4cast"
2026-05-02,2026-04-28,"P1D","fcre",NA,"ensemble",101,"ChlorophyllMaximum_depth_sample",1.37121038880208,"fCMdepth_mp","vera4cast"
2026-05-02,2026-04-28,"P1D","fcre",NA,"ensemble",132,"ChlorophyllMaximum_depth_sample",0.208901452226069,"fCMdepth_mp","vera4cast"
2026-05-03,2026-04-28,"P1D","fcre",NA,"ensemble",8,"ChlorophyllMaximum_depth_sample",4.51799707456471,"fCMdepth_mp","vera4cast"
2026-05-03,2026-04-28,"P1D","fcre",NA,"ensemble",39,"ChlorophyllMaximum_depth_sample",1.65425980003136,"fCMdepth_mp","vera4cast"
2026-05-03,2026-04-28,"P1D","fcre",NA,"ensemble",70,"ChlorophyllMaximum_depth_sample",3.3098981637121,"fCMdepth_mp","vera4cast"
2026-05-03,2026-04-28,"P1D","fcre",NA,"ensemble",101,"ChlorophyllMaximum_depth_sample",2.98392436084038,"fCMdepth_mp","vera4cast"
2026-05-03,2026-04-28,"P1D","fcre",NA,"ensemble",132,"ChlorophyllMaximum_depth_sample",0.0349232454796651,"fCMdepth_mp","vera4cast"
2026-05-04,2026-04-28,"P1D","fcre",NA,"ensemble",8,"ChlorophyllMaximum_depth_sample",3.45189543325433,"fCMdepth_mp","vera4cast"
2026-05-04,2026-04-28,"P1D","fcre",NA,"ensemble",39,"ChlorophyllMaximum_depth_sample",3.34975123127128,"fCMdepth_mp","vera4cast"
2026-05-04,2026-04-28,"P1D","fcre",NA,"ensemble",70,"ChlorophyllMaximum_depth_sample",2.98039735904723,"fCMdepth_mp","vera4cast"
2026-05-04,2026-04-28,"P1D","fcre",NA,"ensemble",101,"ChlorophyllMaximum_depth_sample",3.38919603977378,"fCMdepth_mp","vera4cast"
2026-05-04,2026-04-28,"P1D","fcre",NA,"ensemble",132,"ChlorophyllMaximum_depth_sample",4.09657565515935,"fCMdepth_mp","vera4cast"
2026-05-05,2026-04-28,"P1D","fcre",NA,"ensemble",8,"ChlorophyllMaximum_depth_sample",3.46378394534308,"fCMdepth_mp","vera4cast"
2026-05-05,2026-04-28,"P1D","fcre",NA,"ensemble",39,"ChlorophyllMaximum_depth_sample",3.32793898684262,"fCMdepth_mp","vera4cast"
2026-05-05,2026-04-28,"P1D","fcre",NA,"ensemble",70,"ChlorophyllMaximum_depth_sample",1.84421449943362,"fCMdepth_mp","vera4cast"
2026-05-05,2026-04-28,"P1D","fcre",NA,"ensemble",101,"ChlorophyllMaximum_depth_sample",2.79610643066019,"fCMdepth_mp","vera4cast"
2026-05-05,2026-04-28,"P1D","fcre",NA,"ensemble",132,"ChlorophyllMaximum_depth_sample",1.05780092641699,"fCMdepth_mp","vera4cast"
2026-05-06,2026-04-28,"P1D","fcre",NA,"ensemble",8,"ChlorophyllMaximum_depth_sample",4.83964058716972,"fCMdepth_mp","vera4cast"
2026-05-06,2026-04-28,"P1D","fcre",NA,"ensemble",39,"ChlorophyllMaximum_depth_sample",2.4046732796149,"fCMdepth_mp","vera4cast"
2026-05-06,2026-04-28,"P1D","fcre",NA,"ensemble",70,"ChlorophyllMaximum_depth_sample",3.28369712174125,"fCMdepth_mp","vera4cast"
2026-05-06,2026-04-28,"P1D","fcre",NA,"ensemble",101,"ChlorophyllMaximum_depth_sample",3.69435177323773,"fCMdepth_mp","vera4cast"
2026-05-06,2026-04-28,"P1D","fcre",NA,"ensemble",132,"ChlorophyllMaximum_depth_sample",3.83515153706959,"fCMdepth_mp","vera4cast"
2026-05-07,2026-04-28,"P1D","fcre",NA,"ensemble",8,"ChlorophyllMaximum_depth_sample",0.993749431060765,"fCMdepth_mp","vera4cast"
2026-05-07,2026-04-28,"P1D","fcre",NA,"ensemble",39,"ChlorophyllMaximum_depth_sample",4.26223198146046,"fCMdepth_mp","vera4cast"
2026-05-07,2026-04-28,"P1D","fcre",NA,"ensemble",70,"ChlorophyllMaximum_depth_sample",3.29827567163327,"fCMdepth_mp","vera4cast"
2026-05-07,2026-04-28,"P1D","fcre",NA,"ensemble",101,"ChlorophyllMaximum_depth_sample",2.64316618506142,"fCMdepth_mp","vera4cast"
2026-05-07,2026-04-28,"P1D","fcre",NA,"ensemble",132,"ChlorophyllMaximum_depth_sample",3.78983296191419,"fCMdepth_mp","vera4cast"
2026-05-08,2026-04-28,"P1D","fcre",NA,"ensemble",8,"ChlorophyllMaximum_depth_sample",2.20169932703192,"fCMdepth_mp","vera4cast"
2026-05-08,2026-04-28,"P1D","fcre",NA,"ensemble",39,"ChlorophyllMaximum_depth_sample",2.55711929235607,"fCMdepth_mp","vera4cast"
2026-05-08,2026-04-28,"P1D","fcre",NA,"ensemble",70,"ChlorophyllMaximum_depth_sample",1.63887374270582,"fCMdepth_mp","vera4cast"
2026-05-08,2026-04-28,"P1D","fcre",NA,"ensemble",101,"ChlorophyllMaximum_depth_sample",1.76249467470688,"fCMdepth_mp","vera4cast"
2026-05-08,2026-04-28,"P1D","fcre",NA,"ensemble",132,"ChlorophyllMaximum_depth_sample",3.80632245763191,"fCMdepth_mp","vera4cast"
2026-05-09,2026-04-28,"P1D","fcre",NA,"ensemble",8,"ChlorophyllMaximum_depth_sample",3.37592753423323,"fCMdepth_mp","vera4cast"
2026-05-09,2026-04-28,"P1D","fcre",NA,"ensemble",39,"ChlorophyllMaximum_depth_sample",0.990820859824367,"fCMdepth_mp","vera4cast"
2026-05-09,2026-04-28,"P1D","fcre",NA,"ensemble",70,"ChlorophyllMaximum_depth_sample",1.96371441027889,"fCMdepth_mp","vera4cast"
2026-05-09,2026-04-28,"P1D","fcre",NA,"ensemble",101,"ChlorophyllMaximum_depth_sample",2.33837801426871,"fCMdepth_mp","vera4cast"
2026-05-09,2026-04-28,"P1D","fcre",NA,"ensemble",132,"ChlorophyllMaximum_depth_sample",3.4792598350659,"fCMdepth_mp","vera4cast"
2026-05-10,2026-04-28,"P1D","fcre",NA,"ensemble",8,"ChlorophyllMaximum_depth_sample",1.19474361760598,"fCMdepth_mp","vera4cast"
2026-05-10,2026-04-28,"P1D","fcre",NA,"ensemble",39,"ChlorophyllMaximum_depth_sample",3.80702848424418,"fCMdepth_mp","vera4cast"
2026-05-10,2026-04-28,"P1D","fcre",NA,"ensemble",70,"ChlorophyllMaximum_depth_sample",4.89757307525459,"fCMdepth_mp","vera4cast"
2026-05-10,2026-04-28,"P1D","fcre",NA,"ensemble",101,"ChlorophyllMaximum_depth_sample",3.37942410066512,"fCMdepth_mp","vera4cast"
2026-05-10,2026-04-28,"P1D","fcre",NA,"ensemble",132,"ChlorophyllMaximum_depth_sample",2.61235562218685,"fCMdepth_mp","vera4cast"
2026-05-11,2026-04-28,"P1D","fcre",NA,"ensemble",8,"ChlorophyllMaximum_depth_sample",1.74170991199755,"fCMdepth_mp","vera4cast"
2026-05-11,2026-04-28,"P1D","fcre",NA,"ensemble",39,"ChlorophyllMaximum_depth_sample",3.92559959809945,"fCMdepth_mp","vera4cast"
2026-05-11,2026-04-28,"P1D","fcre",NA,"ensemble",70,"ChlorophyllMaximum_depth_sample",2.43157693751473,"fCMdepth_mp","vera4cast"
2026-05-11,2026-04-28,"P1D","fcre",NA,"ensemble",101,"ChlorophyllMaximum_depth_sample",-0.263115185758868,"fCMdepth_mp","vera4cast"
2026-05-11,2026-04-28,"P1D","fcre",NA,"ensemble",132,"ChlorophyllMaximum_depth_sample",1.21598915930785,"fCMdepth_mp","vera4cast"
2026-05-12,2026-04-28,"P1D","fcre",NA,"ensemble",8,"ChlorophyllMaximum_depth_sample",3.06936581601592,"fCMdepth_mp","vera4cast"
2026-05-12,2026-04-28,"P1D","fcre",NA,"ensemble",39,"ChlorophyllMaximum_depth_sample",3.20519081028613,"fCMdepth_mp","vera4cast"
2026-05-12,2026-04-28,"P1D","fcre",NA,"ensemble",70,"ChlorophyllMaximum_depth_sample",0.841937250524465,"fCMdepth_mp","vera4cast"
2026-05-12,2026-04-28,"P1D","fcre",NA,"ensemble",101,"ChlorophyllMaximum_depth_sample",3.27819134075227,"fCMdepth_mp","vera4cast"
2026-05-12,2026-04-28,"P1D","fcre",NA,"ensemble",132,"ChlorophyllMaximum_depth_sample",2.78463530880434,"fCMdepth_mp","vera4cast"
2026-05-13,2026-04-28,"P1D","fcre",NA,"ensemble",8,"ChlorophyllMaximum_depth_sample",3.51888630451057,"fCMdepth_mp","vera4cast"
2026-05-13,2026-04-28,"P1D","fcre",NA,"ensemble",39,"ChlorophyllMaximum_depth_sample",2.43112545279347,"fCMdepth_mp","vera4cast"
2026-05-13,2026-04-28,"P1D","fcre",NA,"ensemble",70,"ChlorophyllMaximum_depth_sample",2.19662349316196,"fCMdepth_mp","vera4cast"
2026-05-13,2026-04-28,"P1D","fcre",NA,"ensemble",101,"ChlorophyllMaximum_depth_sample",3.79450976571653,"fCMdepth_mp","vera4cast"
2026-05-13,2026-04-28,"P1D","fcre",NA,"ensemble",132,"ChlorophyllMaximum_depth_sample",3.60271567172957,"fCMdepth_mp","vera4cast"
2026-05-14,2026-04-28,"P1D","fcre",NA,"ensemble",8,"ChlorophyllMaximum_depth_sample",6.30939256162774,"fCMdepth_mp","vera4cast"
2026-05-14,2026-04-28,"P1D","fcre",NA,"ensemble",39,"ChlorophyllMaximum_depth_sample",3.02681420706804,"fCMdepth_mp","vera4cast"
2026-05-14,2026-04-28,"P1D","fcre",NA,"ensemble",70,"ChlorophyllMaximum_depth_sample",0.16930664234927,"fCMdepth_mp","vera4cast"
2026-05-14,2026-04-28,"P1D","fcre",NA,"ensemble",101,"ChlorophyllMaximum_depth_sample",2.89331465586914,"fCMdepth_mp","vera4cast"
2026-05-14,2026-04-28,"P1D","fcre",NA,"ensemble",132,"ChlorophyllMaximum_depth_sample",3.48954586342497,"fCMdepth_mp","vera4cast"
2026-05-15,2026-04-28,"P1D","fcre",NA,"ensemble",8,"ChlorophyllMaximum_depth_sample",4.15953563822299,"fCMdepth_mp","vera4cast"
2026-05-15,2026-04-28,"P1D","fcre",NA,"ensemble",39,"ChlorophyllMaximum_depth_sample",5.80647000894304,"fCMdepth_mp","vera4cast"
2026-05-15,2026-04-28,"P1D","fcre",NA,"ensemble",70,"ChlorophyllMaximum_depth_sample",1.66855548717546,"fCMdepth_mp","vera4cast"
2026-05-15,2026-04-28,"P1D","fcre",NA,"ensemble",101,"ChlorophyllMaximum_depth_sample",2.65314622866578,"fCMdepth_mp","vera4cast"
2026-05-15,2026-04-28,"P1D","fcre",NA,"ensemble",132,"ChlorophyllMaximum_depth_sample",3.63114864091412,"fCMdepth_mp","vera4cast"
2026-05-16,2026-04-28,"P1D","fcre",NA,"ensemble",8,"ChlorophyllMaximum_depth_sample",3.88980906690245,"fCMdepth_mp","vera4cast"
2026-05-16,2026-04-28,"P1D","fcre",NA,"ensemble",39,"ChlorophyllMaximum_depth_sample",1.26122091985779,"fCMdepth_mp","vera4cast"
2026-05-16,2026-04-28,"P1D","fcre",NA,"ensemble",70,"ChlorophyllMaximum_depth_sample",1.00500180983112,"fCMdepth_mp","vera4cast"
2026-05-16,2026-04-28,"P1D","fcre",NA,"ensemble",101,"ChlorophyllMaximum_depth_sample",1.26891299072831,"fCMdepth_mp","vera4cast"
2026-05-16,2026-04-28,"P1D","fcre",NA,"ensemble",132,"ChlorophyllMaximum_depth_sample",2.71018188682014,"fCMdepth_mp","vera4cast"
2026-05-17,2026-04-28,"P1D","fcre",NA,"ensemble",8,"ChlorophyllMaximum_depth_sample",3.44767973648943,"fCMdepth_mp","vera4cast"
2026-05-17,2026-04-28,"P1D","fcre",NA,"ensemble",39,"ChlorophyllMaximum_depth_sample",2.01333213717116,"fCMdepth_mp","vera4cast"
2026-05-17,2026-04-28,"P1D","fcre",NA,"ensemble",70,"ChlorophyllMaximum_depth_sample",2.09291957165718,"fCMdepth_mp","vera4cast"
2026-05-17,2026-04-28,"P1D","fcre",NA,"ensemble",101,"ChlorophyllMaximum_depth_sample",2.68713551064751,"fCMdepth_mp","vera4cast"
2026-05-17,2026-04-28,"P1D","fcre",NA,"ensemble",132,"ChlorophyllMaximum_depth_sample",2.28289783691374,"fCMdepth_mp","vera4cast"
2026-05-18,2026-04-28,"P1D","fcre",NA,"ensemble",8,"ChlorophyllMaximum_depth_sample",2.53752182269088,"fCMdepth_mp","vera4cast"
2026-05-18,2026-04-28,"P1D","fcre",NA,"ensemble",39,"ChlorophyllMaximum_depth_sample",1.83032621713434,"fCMdepth_mp","vera4cast"
2026-05-18,2026-04-28,"P1D","fcre",NA,"ensemble",70,"ChlorophyllMaximum_depth_sample",3.93849027727398,"fCMdepth_mp","vera4cast"
2026-05-18,2026-04-28,"P1D","fcre",NA,"ensemble",101,"ChlorophyllMaximum_depth_sample",3.44078542696858,"fCMdepth_mp","vera4cast"
2026-05-18,2026-04-28,"P1D","fcre",NA,"ensemble",132,"ChlorophyllMaximum_depth_sample",4.2695929962251,"fCMdepth_mp","vera4cast"
2026-05-19,2026-04-28,"P1D","fcre",NA,"ensemble",8,"ChlorophyllMaximum_depth_sample",3.74518016512473,"fCMdepth_mp","vera4cast"
2026-05-19,2026-04-28,"P1D","fcre",NA,"ensemble",39,"ChlorophyllMaximum_depth_sample",0.915298048340297,"fCMdepth_mp","vera4cast"
2026-05-19,2026-04-28,"P1D","fcre",NA,"ensemble",70,"ChlorophyllMaximum_depth_sample",2.85674217017646,"fCMdepth_mp","vera4cast"
2026-05-19,2026-04-28,"P1D","fcre",NA,"ensemble",101,"ChlorophyllMaximum_depth_sample",3.648501149284,"fCMdepth_mp","vera4cast"
2026-05-19,2026-04-28,"P1D","fcre",NA,"ensemble",132,"ChlorophyllMaximum_depth_sample",2.91862241305357,"fCMdepth_mp","vera4cast"
2026-05-20,2026-04-28,"P1D","fcre",NA,"ensemble",8,"ChlorophyllMaximum_depth_sample",1.84615790572799,"fCMdepth_mp","vera4cast"
2026-05-20,2026-04-28,"P1D","fcre",NA,"ensemble",39,"ChlorophyllMaximum_depth_sample",3.93554790529603,"fCMdepth_mp","vera4cast"
2026-05-20,2026-04-28,"P1D","fcre",NA,"ensemble",70,"ChlorophyllMaximum_depth_sample",1.03560617160598,"fCMdepth_mp","vera4cast"
2026-05-20,2026-04-28,"P1D","fcre",NA,"ensemble",101,"ChlorophyllMaximum_depth_sample",3.96166101586386,"fCMdepth_mp","vera4cast"
2026-05-20,2026-04-28,"P1D","fcre",NA,"ensemble",132,"ChlorophyllMaximum_depth_sample",2.85412112856689,"fCMdepth_mp","vera4cast"
2026-05-21,2026-04-28,"P1D","fcre",NA,"ensemble",8,"ChlorophyllMaximum_depth_sample",3.07274698016668,"fCMdepth_mp","vera4cast"
2026-05-21,2026-04-28,"P1D","fcre",NA,"ensemble",39,"ChlorophyllMaximum_depth_sample",2.10323655849473,"fCMdepth_mp","vera4cast"
2026-05-21,2026-04-28,"P1D","fcre",NA,"ensemble",70,"ChlorophyllMaximum_depth_sample",4.24908809169156,"fCMdepth_mp","vera4cast"
2026-05-21,2026-04-28,"P1D","fcre",NA,"ensemble",101,"ChlorophyllMaximum_depth_sample",0.807591973486079,"fCMdepth_mp","vera4cast"
2026-05-21,2026-04-28,"P1D","fcre",NA,"ensemble",132,"ChlorophyllMaximum_depth_sample",3.38619965236488,"fCMdepth_mp","vera4cast"
2026-05-22,2026-04-28,"P1D","fcre",NA,"ensemble",8,"ChlorophyllMaximum_depth_sample",2.53322427440162,"fCMdepth_mp","vera4cast"
2026-05-22,2026-04-28,"P1D","fcre",NA,"ensemble",39,"ChlorophyllMaximum_depth_sample",3.61017489782361,"fCMdepth_mp","vera4cast"
2026-05-22,2026-04-28,"P1D","fcre",NA,"ensemble",70,"ChlorophyllMaximum_depth_sample",1.3040210106736,"fCMdepth_mp","vera4cast"
2026-05-22,2026-04-28,"P1D","fcre",NA,"ensemble",101,"ChlorophyllMaximum_depth_sample",3.12601940091555,"fCMdepth_mp","vera4cast"
2026-05-22,2026-04-28,"P1D","fcre",NA,"ensemble",132,"ChlorophyllMaximum_depth_sample",2.45773764294102,"fCMdepth_mp","vera4cast"
2026-05-23,2026-04-28,"P1D","fcre",NA,"ensemble",8,"ChlorophyllMaximum_depth_sample",4.00696335442579,"fCMdepth_mp","vera4cast"
2026-05-23,2026-04-28,"P1D","fcre",NA,"ensemble",39,"ChlorophyllMaximum_depth_sample",1.68063750150192,"fCMdepth_mp","vera4cast"
2026-05-23,2026-04-28,"P1D","fcre",NA,"ensemble",70,"ChlorophyllMaximum_depth_sample",3.33461050820559,"fCMdepth_mp","vera4cast"
2026-05-23,2026-04-28,"P1D","fcre",NA,"ensemble",101,"ChlorophyllMaximum_depth_sample",3.06014906009278,"fCMdepth_mp","vera4cast"
2026-05-23,2026-04-28,"P1D","fcre",NA,"ensemble",132,"ChlorophyllMaximum_depth_sample",2.95347592680471,"fCMdepth_mp","vera4cast"
2026-05-24,2026-04-28,"P1D","fcre",NA,"ensemble",8,"ChlorophyllMaximum_depth_sample",2.58002005048497,"fCMdepth_mp","vera4cast"
2026-05-24,2026-04-28,"P1D","fcre",NA,"ensemble",39,"ChlorophyllMaximum_depth_sample",3.10052513122602,"fCMdepth_mp","vera4cast"
2026-05-24,2026-04-28,"P1D","fcre",NA,"ensemble",70,"ChlorophyllMaximum_depth_sample",1.52676244089803,"fCMdepth_mp","vera4cast"
2026-05-24,2026-04-28,"P1D","fcre",NA,"ensemble",101,"ChlorophyllMaximum_depth_sample",4.45811008723233,"fCMdepth_mp","vera4cast"
2026-05-24,2026-04-28,"P1D","fcre",NA,"ensemble",132,"ChlorophyllMaximum_depth_sample",3.17956831415057,"fCMdepth_mp","vera4cast"
2026-05-25,2026-04-28,"P1D","fcre",NA,"ensemble",8,"ChlorophyllMaximum_depth_sample",4.90582653805093,"fCMdepth_mp","vera4cast"
2026-05-25,2026-04-28,"P1D","fcre",NA,"ensemble",39,"ChlorophyllMaximum_depth_sample",4.32000584854258,"fCMdepth_mp","vera4cast"
2026-05-25,2026-04-28,"P1D","fcre",NA,"ensemble",70,"ChlorophyllMaximum_depth_sample",2.59514423660474,"fCMdepth_mp","vera4cast"
2026-05-25,2026-04-28,"P1D","fcre",NA,"ensemble",101,"ChlorophyllMaximum_depth_sample",3.59818347431344,"fCMdepth_mp","vera4cast"
2026-05-25,2026-04-28,"P1D","fcre",NA,"ensemble",132,"ChlorophyllMaximum_depth_sample",2.52717092364192,"fCMdepth_mp","vera4cast"
2026-05-26,2026-04-28,"P1D","fcre",NA,"ensemble",8,"ChlorophyllMaximum_depth_sample",3.24608657432258,"fCMdepth_mp","vera4cast"
2026-05-26,2026-04-28,"P1D","fcre",NA,"ensemble",39,"ChlorophyllMaximum_depth_sample",2.01510330841345,"fCMdepth_mp","vera4cast"
2026-05-26,2026-04-28,"P1D","fcre",NA,"ensemble",70,"ChlorophyllMaximum_depth_sample",4.16754251531773,"fCMdepth_mp","vera4cast"
2026-05-26,2026-04-28,"P1D","fcre",NA,"ensemble",101,"ChlorophyllMaximum_depth_sample",3.0571610165198,"fCMdepth_mp","vera4cast"
2026-05-26,2026-04-28,"P1D","fcre",NA,"ensemble",132,"ChlorophyllMaximum_depth_sample",1.73780510333582,"fCMdepth_mp","vera4cast"
2026-05-27,2026-04-28,"P1D","fcre",NA,"ensemble",8,"ChlorophyllMaximum_depth_sample",2.36697912348506,"fCMdepth_mp","vera4cast"
2026-05-27,2026-04-28,"P1D","fcre",NA,"ensemble",39,"ChlorophyllMaximum_depth_sample",4.99283187014378,"fCMdepth_mp","vera4cast"
2026-05-27,2026-04-28,"P1D","fcre",NA,"ensemble",70,"ChlorophyllMaximum_depth_sample",2.37779034614365,"fCMdepth_mp","vera4cast"
2026-05-27,2026-04-28,"P1D","fcre",NA,"ensemble",101,"ChlorophyllMaximum_depth_sample",2.8356427723366,"fCMdepth_mp","vera4cast"
2026-05-27,2026-04-28,"P1D","fcre",NA,"ensemble",132,"ChlorophyllMaximum_depth_sample",2.9900160471766,"fCMdepth_mp","vera4cast"
2026-05-28,2026-04-28,"P1D","fcre",NA,"ensemble",8,"ChlorophyllMaximum_depth_sample",2.07323696129989,"fCMdepth_mp","vera4cast"
2026-05-28,2026-04-28,"P1D","fcre",NA,"ensemble",39,"ChlorophyllMaximum_depth_sample",4.55550689465699,"fCMdepth_mp","vera4cast"
2026-05-28,2026-04-28,"P1D","fcre",NA,"ensemble",70,"ChlorophyllMaximum_depth_sample",2.70689939448718,"fCMdepth_mp","vera4cast"
2026-05-28,2026-04-28,"P1D","fcre",NA,"ensemble",101,"ChlorophyllMaximum_depth_sample",3.70117402106307,"fCMdepth_mp","vera4cast"
2026-05-28,2026-04-28,"P1D","fcre",NA,"ensemble",132,"ChlorophyllMaximum_depth_sample",1.98692556445334,"fCMdepth_mp","vera4cast"
2026-05-29,2026-04-28,"P1D","fcre",NA,"ensemble",8,"ChlorophyllMaximum_depth_sample",3.01739812217272,"fCMdepth_mp","vera4cast"
2026-05-29,2026-04-28,"P1D","fcre",NA,"ensemble",39,"ChlorophyllMaximum_depth_sample",3.25690937910305,"fCMdepth_mp","vera4cast"
2026-05-29,2026-04-28,"P1D","fcre",NA,"ensemble",70,"ChlorophyllMaximum_depth_sample",1.09377752722812,"fCMdepth_mp","vera4cast"
2026-05-29,2026-04-28,"P1D","fcre",NA,"ensemble",101,"ChlorophyllMaximum_depth_sample",2.44293611158211,"fCMdepth_mp","vera4cast"
2026-05-29,2026-04-28,"P1D","fcre",NA,"ensemble",132,"ChlorophyllMaximum_depth_sample",3.30933296076986,"fCMdepth_mp","vera4cast"
2026-05-30,2026-04-28,"P1D","fcre",NA,"ensemble",8,"ChlorophyllMaximum_depth_sample",-0.324257430323871,"fCMdepth_mp","vera4cast"
2026-05-30,2026-04-28,"P1D","fcre",NA,"ensemble",39,"ChlorophyllMaximum_depth_sample",3.44230089920265,"fCMdepth_mp","vera4cast"
2026-05-30,2026-04-28,"P1D","fcre",NA,"ensemble",70,"ChlorophyllMaximum_depth_sample",2.26327905319309,"fCMdepth_mp","vera4cast"
2026-05-30,2026-04-28,"P1D","fcre",NA,"ensemble",101,"ChlorophyllMaximum_depth_sample",2.36283732932876,"fCMdepth_mp","vera4cast"
2026-05-30,2026-04-28,"P1D","fcre",NA,"ensemble",132,"ChlorophyllMaximum_depth_sample",3.3022642518686,"fCMdepth_mp","vera4cast"
2026-05-31,2026-04-28,"P1D","fcre",NA,"ensemble",8,"ChlorophyllMaximum_depth_sample",1.86785824690461,"fCMdepth_mp","vera4cast"
2026-05-31,2026-04-28,"P1D","fcre",NA,"ensemble",39,"ChlorophyllMaximum_depth_sample",1.46361752732442,"fCMdepth_mp","vera4cast"
2026-05-31,2026-04-28,"P1D","fcre",NA,"ensemble",70,"ChlorophyllMaximum_depth_sample",1.46992332139964,"fCMdepth_mp","vera4cast"
2026-05-31,2026-04-28,"P1D","fcre",NA,"ensemble",101,"ChlorophyllMaximum_depth_sample",3.62903109918235,"fCMdepth_mp","vera4cast"
2026-05-31,2026-04-28,"P1D","fcre",NA,"ensemble",132,"ChlorophyllMaximum_depth_sample",3.34459620698744,"fCMdepth_mp","vera4cast"
2026-06-01,2026-04-28,"P1D","fcre",NA,"ensemble",8,"ChlorophyllMaximum_depth_sample",3.94825019033516,"fCMdepth_mp","vera4cast"
2026-06-01,2026-04-28,"P1D","fcre",NA,"ensemble",39,"ChlorophyllMaximum_depth_sample",3.35133283955327,"fCMdepth_mp","vera4cast"
2026-06-01,2026-04-28,"P1D","fcre",NA,"ensemble",70,"ChlorophyllMaximum_depth_sample",2.90065962775316,"fCMdepth_mp","vera4cast"
2026-06-01,2026-04-28,"P1D","fcre",NA,"ensemble",101,"ChlorophyllMaximum_depth_sample",2.45608920178576,"fCMdepth_mp","vera4cast"
2026-06-01,2026-04-28,"P1D","fcre",NA,"ensemble",132,"ChlorophyllMaximum_depth_sample",4.17495187707144,"fCMdepth_mp","vera4cast"
2026-04-29,2026-04-28,"P1D","fcre",NA,"ensemble",9,"ChlorophyllMaximum_depth_sample",2.57872322164901,"fCMdepth_mp","vera4cast"
2026-04-29,2026-04-28,"P1D","fcre",NA,"ensemble",40,"ChlorophyllMaximum_depth_sample",3.19695219413509,"fCMdepth_mp","vera4cast"
2026-04-29,2026-04-28,"P1D","fcre",NA,"ensemble",71,"ChlorophyllMaximum_depth_sample",2.5684799206082,"fCMdepth_mp","vera4cast"
2026-04-29,2026-04-28,"P1D","fcre",NA,"ensemble",102,"ChlorophyllMaximum_depth_sample",4.26561871226727,"fCMdepth_mp","vera4cast"
2026-04-29,2026-04-28,"P1D","fcre",NA,"ensemble",133,"ChlorophyllMaximum_depth_sample",1.4320467023853,"fCMdepth_mp","vera4cast"
2026-04-30,2026-04-28,"P1D","fcre",NA,"ensemble",9,"ChlorophyllMaximum_depth_sample",3.87564288440021,"fCMdepth_mp","vera4cast"
2026-04-30,2026-04-28,"P1D","fcre",NA,"ensemble",40,"ChlorophyllMaximum_depth_sample",5.65221612536855,"fCMdepth_mp","vera4cast"
2026-04-30,2026-04-28,"P1D","fcre",NA,"ensemble",71,"ChlorophyllMaximum_depth_sample",3.15097677787596,"fCMdepth_mp","vera4cast"
2026-04-30,2026-04-28,"P1D","fcre",NA,"ensemble",102,"ChlorophyllMaximum_depth_sample",2.68368879631467,"fCMdepth_mp","vera4cast"
2026-04-30,2026-04-28,"P1D","fcre",NA,"ensemble",133,"ChlorophyllMaximum_depth_sample",3.8680516088301,"fCMdepth_mp","vera4cast"
2026-05-01,2026-04-28,"P1D","fcre",NA,"ensemble",9,"ChlorophyllMaximum_depth_sample",3.11702426043192,"fCMdepth_mp","vera4cast"
2026-05-01,2026-04-28,"P1D","fcre",NA,"ensemble",40,"ChlorophyllMaximum_depth_sample",2.65491763948476,"fCMdepth_mp","vera4cast"
2026-05-01,2026-04-28,"P1D","fcre",NA,"ensemble",71,"ChlorophyllMaximum_depth_sample",3.24000262208093,"fCMdepth_mp","vera4cast"
2026-05-01,2026-04-28,"P1D","fcre",NA,"ensemble",102,"ChlorophyllMaximum_depth_sample",1.55746357067282,"fCMdepth_mp","vera4cast"
2026-05-01,2026-04-28,"P1D","fcre",NA,"ensemble",133,"ChlorophyllMaximum_depth_sample",1.10546380850232,"fCMdepth_mp","vera4cast"
2026-05-02,2026-04-28,"P1D","fcre",NA,"ensemble",9,"ChlorophyllMaximum_depth_sample",5.2832172925121,"fCMdepth_mp","vera4cast"
2026-05-02,2026-04-28,"P1D","fcre",NA,"ensemble",40,"ChlorophyllMaximum_depth_sample",3.82341372758059,"fCMdepth_mp","vera4cast"
2026-05-02,2026-04-28,"P1D","fcre",NA,"ensemble",71,"ChlorophyllMaximum_depth_sample",3.44150154665912,"fCMdepth_mp","vera4cast"
2026-05-02,2026-04-28,"P1D","fcre",NA,"ensemble",102,"ChlorophyllMaximum_depth_sample",3.34681831951725,"fCMdepth_mp","vera4cast"
2026-05-02,2026-04-28,"P1D","fcre",NA,"ensemble",133,"ChlorophyllMaximum_depth_sample",1.4211977493715,"fCMdepth_mp","vera4cast"
2026-05-03,2026-04-28,"P1D","fcre",NA,"ensemble",9,"ChlorophyllMaximum_depth_sample",2.69508070970547,"fCMdepth_mp","vera4cast"
2026-05-03,2026-04-28,"P1D","fcre",NA,"ensemble",40,"ChlorophyllMaximum_depth_sample",5.31969797053908,"fCMdepth_mp","vera4cast"
2026-05-03,2026-04-28,"P1D","fcre",NA,"ensemble",71,"ChlorophyllMaximum_depth_sample",2.53919904724339,"fCMdepth_mp","vera4cast"
2026-05-03,2026-04-28,"P1D","fcre",NA,"ensemble",102,"ChlorophyllMaximum_depth_sample",3.0844619209736,"fCMdepth_mp","vera4cast"
2026-05-03,2026-04-28,"P1D","fcre",NA,"ensemble",133,"ChlorophyllMaximum_depth_sample",3.32054084740831,"fCMdepth_mp","vera4cast"
2026-05-04,2026-04-28,"P1D","fcre",NA,"ensemble",9,"ChlorophyllMaximum_depth_sample",3.87089593882907,"fCMdepth_mp","vera4cast"
2026-05-04,2026-04-28,"P1D","fcre",NA,"ensemble",40,"ChlorophyllMaximum_depth_sample",3.29640047419425,"fCMdepth_mp","vera4cast"
2026-05-04,2026-04-28,"P1D","fcre",NA,"ensemble",71,"ChlorophyllMaximum_depth_sample",2.21596744845104,"fCMdepth_mp","vera4cast"
2026-05-04,2026-04-28,"P1D","fcre",NA,"ensemble",102,"ChlorophyllMaximum_depth_sample",2.23293798356881,"fCMdepth_mp","vera4cast"
2026-05-04,2026-04-28,"P1D","fcre",NA,"ensemble",133,"ChlorophyllMaximum_depth_sample",3.12258200659536,"fCMdepth_mp","vera4cast"
2026-05-05,2026-04-28,"P1D","fcre",NA,"ensemble",9,"ChlorophyllMaximum_depth_sample",3.25810780531881,"fCMdepth_mp","vera4cast"
2026-05-05,2026-04-28,"P1D","fcre",NA,"ensemble",40,"ChlorophyllMaximum_depth_sample",3.47103853308459,"fCMdepth_mp","vera4cast"
2026-05-05,2026-04-28,"P1D","fcre",NA,"ensemble",71,"ChlorophyllMaximum_depth_sample",3.95868008539749,"fCMdepth_mp","vera4cast"
2026-05-05,2026-04-28,"P1D","fcre",NA,"ensemble",102,"ChlorophyllMaximum_depth_sample",2.29880181638981,"fCMdepth_mp","vera4cast"
2026-05-05,2026-04-28,"P1D","fcre",NA,"ensemble",133,"ChlorophyllMaximum_depth_sample",4.8827479771343,"fCMdepth_mp","vera4cast"
2026-05-06,2026-04-28,"P1D","fcre",NA,"ensemble",9,"ChlorophyllMaximum_depth_sample",3.1804336530984,"fCMdepth_mp","vera4cast"
2026-05-06,2026-04-28,"P1D","fcre",NA,"ensemble",40,"ChlorophyllMaximum_depth_sample",2.60206411320414,"fCMdepth_mp","vera4cast"
2026-05-06,2026-04-28,"P1D","fcre",NA,"ensemble",71,"ChlorophyllMaximum_depth_sample",1.44361536022966,"fCMdepth_mp","vera4cast"
2026-05-06,2026-04-28,"P1D","fcre",NA,"ensemble",102,"ChlorophyllMaximum_depth_sample",4.41303242044747,"fCMdepth_mp","vera4cast"
2026-05-06,2026-04-28,"P1D","fcre",NA,"ensemble",133,"ChlorophyllMaximum_depth_sample",3.73626218903093,"fCMdepth_mp","vera4cast"
2026-05-07,2026-04-28,"P1D","fcre",NA,"ensemble",9,"ChlorophyllMaximum_depth_sample",2.13768372805917,"fCMdepth_mp","vera4cast"
2026-05-07,2026-04-28,"P1D","fcre",NA,"ensemble",40,"ChlorophyllMaximum_depth_sample",3.88334153898632,"fCMdepth_mp","vera4cast"
2026-05-07,2026-04-28,"P1D","fcre",NA,"ensemble",71,"ChlorophyllMaximum_depth_sample",1.97325617451612,"fCMdepth_mp","vera4cast"
2026-05-07,2026-04-28,"P1D","fcre",NA,"ensemble",102,"ChlorophyllMaximum_depth_sample",0.528730934153793,"fCMdepth_mp","vera4cast"
2026-05-07,2026-04-28,"P1D","fcre",NA,"ensemble",133,"ChlorophyllMaximum_depth_sample",2.36891520637898,"fCMdepth_mp","vera4cast"
2026-05-08,2026-04-28,"P1D","fcre",NA,"ensemble",9,"ChlorophyllMaximum_depth_sample",2.56323143838965,"fCMdepth_mp","vera4cast"
2026-05-08,2026-04-28,"P1D","fcre",NA,"ensemble",40,"ChlorophyllMaximum_depth_sample",3.91910465955535,"fCMdepth_mp","vera4cast"
2026-05-08,2026-04-28,"P1D","fcre",NA,"ensemble",71,"ChlorophyllMaximum_depth_sample",0.389467609974855,"fCMdepth_mp","vera4cast"
2026-05-08,2026-04-28,"P1D","fcre",NA,"ensemble",102,"ChlorophyllMaximum_depth_sample",3.7233676263504,"fCMdepth_mp","vera4cast"
2026-05-08,2026-04-28,"P1D","fcre",NA,"ensemble",133,"ChlorophyllMaximum_depth_sample",3.14140544240689,"fCMdepth_mp","vera4cast"
2026-05-09,2026-04-28,"P1D","fcre",NA,"ensemble",9,"ChlorophyllMaximum_depth_sample",4.6918328403752,"fCMdepth_mp","vera4cast"
2026-05-09,2026-04-28,"P1D","fcre",NA,"ensemble",40,"ChlorophyllMaximum_depth_sample",3.33722666800959,"fCMdepth_mp","vera4cast"
2026-05-09,2026-04-28,"P1D","fcre",NA,"ensemble",71,"ChlorophyllMaximum_depth_sample",3.96025573551731,"fCMdepth_mp","vera4cast"
2026-05-09,2026-04-28,"P1D","fcre",NA,"ensemble",102,"ChlorophyllMaximum_depth_sample",2.12675486387849,"fCMdepth_mp","vera4cast"
2026-05-09,2026-04-28,"P1D","fcre",NA,"ensemble",133,"ChlorophyllMaximum_depth_sample",2.57827597002233,"fCMdepth_mp","vera4cast"
2026-05-10,2026-04-28,"P1D","fcre",NA,"ensemble",9,"ChlorophyllMaximum_depth_sample",1.60482374630784,"fCMdepth_mp","vera4cast"
2026-05-10,2026-04-28,"P1D","fcre",NA,"ensemble",40,"ChlorophyllMaximum_depth_sample",4.52226725413518,"fCMdepth_mp","vera4cast"
2026-05-10,2026-04-28,"P1D","fcre",NA,"ensemble",71,"ChlorophyllMaximum_depth_sample",2.46323586997766,"fCMdepth_mp","vera4cast"
2026-05-10,2026-04-28,"P1D","fcre",NA,"ensemble",102,"ChlorophyllMaximum_depth_sample",3.56035677432201,"fCMdepth_mp","vera4cast"
2026-05-10,2026-04-28,"P1D","fcre",NA,"ensemble",133,"ChlorophyllMaximum_depth_sample",3.5215619378139,"fCMdepth_mp","vera4cast"
2026-05-11,2026-04-28,"P1D","fcre",NA,"ensemble",9,"ChlorophyllMaximum_depth_sample",2.65469056605918,"fCMdepth_mp","vera4cast"
2026-05-11,2026-04-28,"P1D","fcre",NA,"ensemble",40,"ChlorophyllMaximum_depth_sample",2.31963559666882,"fCMdepth_mp","vera4cast"
2026-05-11,2026-04-28,"P1D","fcre",NA,"ensemble",71,"ChlorophyllMaximum_depth_sample",2.82538731174912,"fCMdepth_mp","vera4cast"
2026-05-11,2026-04-28,"P1D","fcre",NA,"ensemble",102,"ChlorophyllMaximum_depth_sample",5.05253106389891,"fCMdepth_mp","vera4cast"
2026-05-11,2026-04-28,"P1D","fcre",NA,"ensemble",133,"ChlorophyllMaximum_depth_sample",0.806544920957705,"fCMdepth_mp","vera4cast"
2026-05-12,2026-04-28,"P1D","fcre",NA,"ensemble",9,"ChlorophyllMaximum_depth_sample",1.24193444603867,"fCMdepth_mp","vera4cast"
2026-05-12,2026-04-28,"P1D","fcre",NA,"ensemble",40,"ChlorophyllMaximum_depth_sample",2.92090951121302,"fCMdepth_mp","vera4cast"
2026-05-12,2026-04-28,"P1D","fcre",NA,"ensemble",71,"ChlorophyllMaximum_depth_sample",1.58788849162479,"fCMdepth_mp","vera4cast"
2026-05-12,2026-04-28,"P1D","fcre",NA,"ensemble",102,"ChlorophyllMaximum_depth_sample",6.54923166213418,"fCMdepth_mp","vera4cast"
2026-05-12,2026-04-28,"P1D","fcre",NA,"ensemble",133,"ChlorophyllMaximum_depth_sample",2.42502721918479,"fCMdepth_mp","vera4cast"
2026-05-13,2026-04-28,"P1D","fcre",NA,"ensemble",9,"ChlorophyllMaximum_depth_sample",2.58253627673322,"fCMdepth_mp","vera4cast"
2026-05-13,2026-04-28,"P1D","fcre",NA,"ensemble",40,"ChlorophyllMaximum_depth_sample",3.60896673196822,"fCMdepth_mp","vera4cast"
2026-05-13,2026-04-28,"P1D","fcre",NA,"ensemble",71,"ChlorophyllMaximum_depth_sample",2.4655762211406,"fCMdepth_mp","vera4cast"
2026-05-13,2026-04-28,"P1D","fcre",NA,"ensemble",102,"ChlorophyllMaximum_depth_sample",3.04862623713477,"fCMdepth_mp","vera4cast"
2026-05-13,2026-04-28,"P1D","fcre",NA,"ensemble",133,"ChlorophyllMaximum_depth_sample",2.86323327017619,"fCMdepth_mp","vera4cast"
2026-05-14,2026-04-28,"P1D","fcre",NA,"ensemble",9,"ChlorophyllMaximum_depth_sample",5.07733581668566,"fCMdepth_mp","vera4cast"
2026-05-14,2026-04-28,"P1D","fcre",NA,"ensemble",40,"ChlorophyllMaximum_depth_sample",3.8135451730577,"fCMdepth_mp","vera4cast"
2026-05-14,2026-04-28,"P1D","fcre",NA,"ensemble",71,"ChlorophyllMaximum_depth_sample",2.91865419822065,"fCMdepth_mp","vera4cast"
2026-05-14,2026-04-28,"P1D","fcre",NA,"ensemble",102,"ChlorophyllMaximum_depth_sample",3.61302905736931,"fCMdepth_mp","vera4cast"
2026-05-14,2026-04-28,"P1D","fcre",NA,"ensemble",133,"ChlorophyllMaximum_depth_sample",2.75097041154678,"fCMdepth_mp","vera4cast"
2026-05-15,2026-04-28,"P1D","fcre",NA,"ensemble",9,"ChlorophyllMaximum_depth_sample",3.75281203478802,"fCMdepth_mp","vera4cast"
2026-05-15,2026-04-28,"P1D","fcre",NA,"ensemble",40,"ChlorophyllMaximum_depth_sample",3.17569890185241,"fCMdepth_mp","vera4cast"
2026-05-15,2026-04-28,"P1D","fcre",NA,"ensemble",71,"ChlorophyllMaximum_depth_sample",1.93444558089643,"fCMdepth_mp","vera4cast"
2026-05-15,2026-04-28,"P1D","fcre",NA,"ensemble",102,"ChlorophyllMaximum_depth_sample",4.63781762510362,"fCMdepth_mp","vera4cast"
2026-05-15,2026-04-28,"P1D","fcre",NA,"ensemble",133,"ChlorophyllMaximum_depth_sample",5.09988950587763,"fCMdepth_mp","vera4cast"
2026-05-16,2026-04-28,"P1D","fcre",NA,"ensemble",9,"ChlorophyllMaximum_depth_sample",2.74689845179779,"fCMdepth_mp","vera4cast"
2026-05-16,2026-04-28,"P1D","fcre",NA,"ensemble",40,"ChlorophyllMaximum_depth_sample",3.1249003013914,"fCMdepth_mp","vera4cast"
2026-05-16,2026-04-28,"P1D","fcre",NA,"ensemble",71,"ChlorophyllMaximum_depth_sample",3.57664279314913,"fCMdepth_mp","vera4cast"
2026-05-16,2026-04-28,"P1D","fcre",NA,"ensemble",102,"ChlorophyllMaximum_depth_sample",4.95946345752996,"fCMdepth_mp","vera4cast"
2026-05-16,2026-04-28,"P1D","fcre",NA,"ensemble",133,"ChlorophyllMaximum_depth_sample",3.63326531462862,"fCMdepth_mp","vera4cast"
2026-05-17,2026-04-28,"P1D","fcre",NA,"ensemble",9,"ChlorophyllMaximum_depth_sample",3.56377058262827,"fCMdepth_mp","vera4cast"
2026-05-17,2026-04-28,"P1D","fcre",NA,"ensemble",40,"ChlorophyllMaximum_depth_sample",4.35730282196473,"fCMdepth_mp","vera4cast"
2026-05-17,2026-04-28,"P1D","fcre",NA,"ensemble",71,"ChlorophyllMaximum_depth_sample",4.31048201069947,"fCMdepth_mp","vera4cast"
2026-05-17,2026-04-28,"P1D","fcre",NA,"ensemble",102,"ChlorophyllMaximum_depth_sample",4.24629693542119,"fCMdepth_mp","vera4cast"
2026-05-17,2026-04-28,"P1D","fcre",NA,"ensemble",133,"ChlorophyllMaximum_depth_sample",2.62157683365336,"fCMdepth_mp","vera4cast"
2026-05-18,2026-04-28,"P1D","fcre",NA,"ensemble",9,"ChlorophyllMaximum_depth_sample",3.44604887677998,"fCMdepth_mp","vera4cast"
2026-05-18,2026-04-28,"P1D","fcre",NA,"ensemble",40,"ChlorophyllMaximum_depth_sample",4.14195099625804,"fCMdepth_mp","vera4cast"
2026-05-18,2026-04-28,"P1D","fcre",NA,"ensemble",71,"ChlorophyllMaximum_depth_sample",5.63924325484114,"fCMdepth_mp","vera4cast"
2026-05-18,2026-04-28,"P1D","fcre",NA,"ensemble",102,"ChlorophyllMaximum_depth_sample",4.82802585828137,"fCMdepth_mp","vera4cast"
2026-05-18,2026-04-28,"P1D","fcre",NA,"ensemble",133,"ChlorophyllMaximum_depth_sample",2.77225276542997,"fCMdepth_mp","vera4cast"
2026-05-19,2026-04-28,"P1D","fcre",NA,"ensemble",9,"ChlorophyllMaximum_depth_sample",2.52702441350619,"fCMdepth_mp","vera4cast"
2026-05-19,2026-04-28,"P1D","fcre",NA,"ensemble",40,"ChlorophyllMaximum_depth_sample",3.52840299115442,"fCMdepth_mp","vera4cast"
2026-05-19,2026-04-28,"P1D","fcre",NA,"ensemble",71,"ChlorophyllMaximum_depth_sample",3.19074287138261,"fCMdepth_mp","vera4cast"
2026-05-19,2026-04-28,"P1D","fcre",NA,"ensemble",102,"ChlorophyllMaximum_depth_sample",3.0169714840794,"fCMdepth_mp","vera4cast"
2026-05-19,2026-04-28,"P1D","fcre",NA,"ensemble",133,"ChlorophyllMaximum_depth_sample",3.9750425903723,"fCMdepth_mp","vera4cast"
2026-05-20,2026-04-28,"P1D","fcre",NA,"ensemble",9,"ChlorophyllMaximum_depth_sample",3.6713278596871,"fCMdepth_mp","vera4cast"
2026-05-20,2026-04-28,"P1D","fcre",NA,"ensemble",40,"ChlorophyllMaximum_depth_sample",4.13444979647279,"fCMdepth_mp","vera4cast"
2026-05-20,2026-04-28,"P1D","fcre",NA,"ensemble",71,"ChlorophyllMaximum_depth_sample",2.35359509125972,"fCMdepth_mp","vera4cast"
2026-05-20,2026-04-28,"P1D","fcre",NA,"ensemble",102,"ChlorophyllMaximum_depth_sample",4.04393166853017,"fCMdepth_mp","vera4cast"
2026-05-20,2026-04-28,"P1D","fcre",NA,"ensemble",133,"ChlorophyllMaximum_depth_sample",1.8712362600296,"fCMdepth_mp","vera4cast"
2026-05-21,2026-04-28,"P1D","fcre",NA,"ensemble",9,"ChlorophyllMaximum_depth_sample",1.68173099353932,"fCMdepth_mp","vera4cast"
2026-05-21,2026-04-28,"P1D","fcre",NA,"ensemble",40,"ChlorophyllMaximum_depth_sample",2.48781523502893,"fCMdepth_mp","vera4cast"
2026-05-21,2026-04-28,"P1D","fcre",NA,"ensemble",71,"ChlorophyllMaximum_depth_sample",1.60131710955719,"fCMdepth_mp","vera4cast"
2026-05-21,2026-04-28,"P1D","fcre",NA,"ensemble",102,"ChlorophyllMaximum_depth_sample",2.71655756733932,"fCMdepth_mp","vera4cast"
2026-05-21,2026-04-28,"P1D","fcre",NA,"ensemble",133,"ChlorophyllMaximum_depth_sample",1.85847973514597,"fCMdepth_mp","vera4cast"
2026-05-22,2026-04-28,"P1D","fcre",NA,"ensemble",9,"ChlorophyllMaximum_depth_sample",1.95675298815448,"fCMdepth_mp","vera4cast"
2026-05-22,2026-04-28,"P1D","fcre",NA,"ensemble",40,"ChlorophyllMaximum_depth_sample",1.75366446310103,"fCMdepth_mp","vera4cast"
2026-05-22,2026-04-28,"P1D","fcre",NA,"ensemble",71,"ChlorophyllMaximum_depth_sample",4.36119850705158,"fCMdepth_mp","vera4cast"
2026-05-22,2026-04-28,"P1D","fcre",NA,"ensemble",102,"ChlorophyllMaximum_depth_sample",2.76642847021024,"fCMdepth_mp","vera4cast"
2026-05-22,2026-04-28,"P1D","fcre",NA,"ensemble",133,"ChlorophyllMaximum_depth_sample",1.84825418671151,"fCMdepth_mp","vera4cast"
2026-05-23,2026-04-28,"P1D","fcre",NA,"ensemble",9,"ChlorophyllMaximum_depth_sample",3.70097667318073,"fCMdepth_mp","vera4cast"
2026-05-23,2026-04-28,"P1D","fcre",NA,"ensemble",40,"ChlorophyllMaximum_depth_sample",2.72758089414335,"fCMdepth_mp","vera4cast"
2026-05-23,2026-04-28,"P1D","fcre",NA,"ensemble",71,"ChlorophyllMaximum_depth_sample",2.54717524797753,"fCMdepth_mp","vera4cast"
2026-05-23,2026-04-28,"P1D","fcre",NA,"ensemble",102,"ChlorophyllMaximum_depth_sample",3.31067173573612,"fCMdepth_mp","vera4cast"
2026-05-23,2026-04-28,"P1D","fcre",NA,"ensemble",133,"ChlorophyllMaximum_depth_sample",1.60927910516485,"fCMdepth_mp","vera4cast"
2026-05-24,2026-04-28,"P1D","fcre",NA,"ensemble",9,"ChlorophyllMaximum_depth_sample",2.55286804326723,"fCMdepth_mp","vera4cast"
2026-05-24,2026-04-28,"P1D","fcre",NA,"ensemble",40,"ChlorophyllMaximum_depth_sample",3.36062753637751,"fCMdepth_mp","vera4cast"
2026-05-24,2026-04-28,"P1D","fcre",NA,"ensemble",71,"ChlorophyllMaximum_depth_sample",3.27953538937236,"fCMdepth_mp","vera4cast"
2026-05-24,2026-04-28,"P1D","fcre",NA,"ensemble",102,"ChlorophyllMaximum_depth_sample",2.78560922359734,"fCMdepth_mp","vera4cast"
2026-05-24,2026-04-28,"P1D","fcre",NA,"ensemble",133,"ChlorophyllMaximum_depth_sample",2.32864427587679,"fCMdepth_mp","vera4cast"
2026-05-25,2026-04-28,"P1D","fcre",NA,"ensemble",9,"ChlorophyllMaximum_depth_sample",0.24942384242722,"fCMdepth_mp","vera4cast"
2026-05-25,2026-04-28,"P1D","fcre",NA,"ensemble",40,"ChlorophyllMaximum_depth_sample",3.60434195595002,"fCMdepth_mp","vera4cast"
2026-05-25,2026-04-28,"P1D","fcre",NA,"ensemble",71,"ChlorophyllMaximum_depth_sample",2.80996517328235,"fCMdepth_mp","vera4cast"
2026-05-25,2026-04-28,"P1D","fcre",NA,"ensemble",102,"ChlorophyllMaximum_depth_sample",3.40106685749825,"fCMdepth_mp","vera4cast"
2026-05-25,2026-04-28,"P1D","fcre",NA,"ensemble",133,"ChlorophyllMaximum_depth_sample",2.19391988102142,"fCMdepth_mp","vera4cast"
2026-05-26,2026-04-28,"P1D","fcre",NA,"ensemble",9,"ChlorophyllMaximum_depth_sample",3.89518338022586,"fCMdepth_mp","vera4cast"
2026-05-26,2026-04-28,"P1D","fcre",NA,"ensemble",40,"ChlorophyllMaximum_depth_sample",1.52757650664832,"fCMdepth_mp","vera4cast"
2026-05-26,2026-04-28,"P1D","fcre",NA,"ensemble",71,"ChlorophyllMaximum_depth_sample",2.6768145803117,"fCMdepth_mp","vera4cast"
2026-05-26,2026-04-28,"P1D","fcre",NA,"ensemble",102,"ChlorophyllMaximum_depth_sample",1.71316265930283,"fCMdepth_mp","vera4cast"
2026-05-26,2026-04-28,"P1D","fcre",NA,"ensemble",133,"ChlorophyllMaximum_depth_sample",1.49386514368855,"fCMdepth_mp","vera4cast"
2026-05-27,2026-04-28,"P1D","fcre",NA,"ensemble",9,"ChlorophyllMaximum_depth_sample",1.58396439591404,"fCMdepth_mp","vera4cast"
2026-05-27,2026-04-28,"P1D","fcre",NA,"ensemble",40,"ChlorophyllMaximum_depth_sample",2.73933707010086,"fCMdepth_mp","vera4cast"
2026-05-27,2026-04-28,"P1D","fcre",NA,"ensemble",71,"ChlorophyllMaximum_depth_sample",2.68590317502623,"fCMdepth_mp","vera4cast"
2026-05-27,2026-04-28,"P1D","fcre",NA,"ensemble",102,"ChlorophyllMaximum_depth_sample",4.07580917418041,"fCMdepth_mp","vera4cast"
2026-05-27,2026-04-28,"P1D","fcre",NA,"ensemble",133,"ChlorophyllMaximum_depth_sample",2.18386769814315,"fCMdepth_mp","vera4cast"
2026-05-28,2026-04-28,"P1D","fcre",NA,"ensemble",9,"ChlorophyllMaximum_depth_sample",4.18209409680821,"fCMdepth_mp","vera4cast"
2026-05-28,2026-04-28,"P1D","fcre",NA,"ensemble",40,"ChlorophyllMaximum_depth_sample",1.20344892846628,"fCMdepth_mp","vera4cast"
2026-05-28,2026-04-28,"P1D","fcre",NA,"ensemble",71,"ChlorophyllMaximum_depth_sample",2.80444160340945,"fCMdepth_mp","vera4cast"
2026-05-28,2026-04-28,"P1D","fcre",NA,"ensemble",102,"ChlorophyllMaximum_depth_sample",2.70837550066785,"fCMdepth_mp","vera4cast"
2026-05-28,2026-04-28,"P1D","fcre",NA,"ensemble",133,"ChlorophyllMaximum_depth_sample",3.63420269117456,"fCMdepth_mp","vera4cast"
2026-05-29,2026-04-28,"P1D","fcre",NA,"ensemble",9,"ChlorophyllMaximum_depth_sample",2.95472501033077,"fCMdepth_mp","vera4cast"
2026-05-29,2026-04-28,"P1D","fcre",NA,"ensemble",40,"ChlorophyllMaximum_depth_sample",2.23493885228865,"fCMdepth_mp","vera4cast"
2026-05-29,2026-04-28,"P1D","fcre",NA,"ensemble",71,"ChlorophyllMaximum_depth_sample",0.119384371078028,"fCMdepth_mp","vera4cast"
2026-05-29,2026-04-28,"P1D","fcre",NA,"ensemble",102,"ChlorophyllMaximum_depth_sample",2.75073758254542,"fCMdepth_mp","vera4cast"
2026-05-29,2026-04-28,"P1D","fcre",NA,"ensemble",133,"ChlorophyllMaximum_depth_sample",2.34496114075687,"fCMdepth_mp","vera4cast"
2026-05-30,2026-04-28,"P1D","fcre",NA,"ensemble",9,"ChlorophyllMaximum_depth_sample",1.71269732644589,"fCMdepth_mp","vera4cast"
2026-05-30,2026-04-28,"P1D","fcre",NA,"ensemble",40,"ChlorophyllMaximum_depth_sample",2.47703069199577,"fCMdepth_mp","vera4cast"
2026-05-30,2026-04-28,"P1D","fcre",NA,"ensemble",71,"ChlorophyllMaximum_depth_sample",2.79632994342942,"fCMdepth_mp","vera4cast"
2026-05-30,2026-04-28,"P1D","fcre",NA,"ensemble",102,"ChlorophyllMaximum_depth_sample",3.35988831366351,"fCMdepth_mp","vera4cast"
2026-05-30,2026-04-28,"P1D","fcre",NA,"ensemble",133,"ChlorophyllMaximum_depth_sample",2.53817785487589,"fCMdepth_mp","vera4cast"
2026-05-31,2026-04-28,"P1D","fcre",NA,"ensemble",9,"ChlorophyllMaximum_depth_sample",1.07235019148422,"fCMdepth_mp","vera4cast"
2026-05-31,2026-04-28,"P1D","fcre",NA,"ensemble",40,"ChlorophyllMaximum_depth_sample",2.93533953770199,"fCMdepth_mp","vera4cast"
2026-05-31,2026-04-28,"P1D","fcre",NA,"ensemble",71,"ChlorophyllMaximum_depth_sample",4.90371681154562,"fCMdepth_mp","vera4cast"
2026-05-31,2026-04-28,"P1D","fcre",NA,"ensemble",102,"ChlorophyllMaximum_depth_sample",4.35102735570943,"fCMdepth_mp","vera4cast"
2026-05-31,2026-04-28,"P1D","fcre",NA,"ensemble",133,"ChlorophyllMaximum_depth_sample",3.68545266539551,"fCMdepth_mp","vera4cast"
2026-06-01,2026-04-28,"P1D","fcre",NA,"ensemble",9,"ChlorophyllMaximum_depth_sample",3.07492101499163,"fCMdepth_mp","vera4cast"
2026-06-01,2026-04-28,"P1D","fcre",NA,"ensemble",40,"ChlorophyllMaximum_depth_sample",4.78617786953035,"fCMdepth_mp","vera4cast"
2026-06-01,2026-04-28,"P1D","fcre",NA,"ensemble",71,"ChlorophyllMaximum_depth_sample",3.26585638666079,"fCMdepth_mp","vera4cast"
2026-06-01,2026-04-28,"P1D","fcre",NA,"ensemble",102,"ChlorophyllMaximum_depth_sample",0.837939313474718,"fCMdepth_mp","vera4cast"
2026-06-01,2026-04-28,"P1D","fcre",NA,"ensemble",133,"ChlorophyllMaximum_depth_sample",3.18749611764459,"fCMdepth_mp","vera4cast"
2026-04-29,2026-04-28,"P1D","fcre",NA,"ensemble",10,"ChlorophyllMaximum_depth_sample",1.08444681892866,"fCMdepth_mp","vera4cast"
2026-04-29,2026-04-28,"P1D","fcre",NA,"ensemble",41,"ChlorophyllMaximum_depth_sample",3.43590123275514,"fCMdepth_mp","vera4cast"
2026-04-29,2026-04-28,"P1D","fcre",NA,"ensemble",72,"ChlorophyllMaximum_depth_sample",2.60796479369837,"fCMdepth_mp","vera4cast"
2026-04-29,2026-04-28,"P1D","fcre",NA,"ensemble",103,"ChlorophyllMaximum_depth_sample",1.78847512617935,"fCMdepth_mp","vera4cast"
2026-04-29,2026-04-28,"P1D","fcre",NA,"ensemble",134,"ChlorophyllMaximum_depth_sample",4.06784158138105,"fCMdepth_mp","vera4cast"
2026-04-30,2026-04-28,"P1D","fcre",NA,"ensemble",10,"ChlorophyllMaximum_depth_sample",4.49179499614501,"fCMdepth_mp","vera4cast"
2026-04-30,2026-04-28,"P1D","fcre",NA,"ensemble",41,"ChlorophyllMaximum_depth_sample",2.01119459211297,"fCMdepth_mp","vera4cast"
2026-04-30,2026-04-28,"P1D","fcre",NA,"ensemble",72,"ChlorophyllMaximum_depth_sample",3.00457754875208,"fCMdepth_mp","vera4cast"
2026-04-30,2026-04-28,"P1D","fcre",NA,"ensemble",103,"ChlorophyllMaximum_depth_sample",1.83818061468873,"fCMdepth_mp","vera4cast"
2026-04-30,2026-04-28,"P1D","fcre",NA,"ensemble",134,"ChlorophyllMaximum_depth_sample",3.03017513905828,"fCMdepth_mp","vera4cast"
2026-05-01,2026-04-28,"P1D","fcre",NA,"ensemble",10,"ChlorophyllMaximum_depth_sample",4.07984217355146,"fCMdepth_mp","vera4cast"
2026-05-01,2026-04-28,"P1D","fcre",NA,"ensemble",41,"ChlorophyllMaximum_depth_sample",3.28623049242755,"fCMdepth_mp","vera4cast"
2026-05-01,2026-04-28,"P1D","fcre",NA,"ensemble",72,"ChlorophyllMaximum_depth_sample",3.40185322583145,"fCMdepth_mp","vera4cast"
2026-05-01,2026-04-28,"P1D","fcre",NA,"ensemble",103,"ChlorophyllMaximum_depth_sample",3.59646992349055,"fCMdepth_mp","vera4cast"
2026-05-01,2026-04-28,"P1D","fcre",NA,"ensemble",134,"ChlorophyllMaximum_depth_sample",4.7995648689428,"fCMdepth_mp","vera4cast"
2026-05-02,2026-04-28,"P1D","fcre",NA,"ensemble",10,"ChlorophyllMaximum_depth_sample",2.57504773759018,"fCMdepth_mp","vera4cast"
2026-05-02,2026-04-28,"P1D","fcre",NA,"ensemble",41,"ChlorophyllMaximum_depth_sample",3.6482823813545,"fCMdepth_mp","vera4cast"
2026-05-02,2026-04-28,"P1D","fcre",NA,"ensemble",72,"ChlorophyllMaximum_depth_sample",1.65730243729447,"fCMdepth_mp","vera4cast"
2026-05-02,2026-04-28,"P1D","fcre",NA,"ensemble",103,"ChlorophyllMaximum_depth_sample",4.07606956513728,"fCMdepth_mp","vera4cast"
2026-05-02,2026-04-28,"P1D","fcre",NA,"ensemble",134,"ChlorophyllMaximum_depth_sample",3.37812943654542,"fCMdepth_mp","vera4cast"
2026-05-03,2026-04-28,"P1D","fcre",NA,"ensemble",10,"ChlorophyllMaximum_depth_sample",4.94545035577465,"fCMdepth_mp","vera4cast"
2026-05-03,2026-04-28,"P1D","fcre",NA,"ensemble",41,"ChlorophyllMaximum_depth_sample",4.54782142715754,"fCMdepth_mp","vera4cast"
2026-05-03,2026-04-28,"P1D","fcre",NA,"ensemble",72,"ChlorophyllMaximum_depth_sample",4.28741563904373,"fCMdepth_mp","vera4cast"
2026-05-03,2026-04-28,"P1D","fcre",NA,"ensemble",103,"ChlorophyllMaximum_depth_sample",3.58458323680719,"fCMdepth_mp","vera4cast"
2026-05-03,2026-04-28,"P1D","fcre",NA,"ensemble",134,"ChlorophyllMaximum_depth_sample",2.30066801241948,"fCMdepth_mp","vera4cast"
2026-05-04,2026-04-28,"P1D","fcre",NA,"ensemble",10,"ChlorophyllMaximum_depth_sample",2.70237113127715,"fCMdepth_mp","vera4cast"
2026-05-04,2026-04-28,"P1D","fcre",NA,"ensemble",41,"ChlorophyllMaximum_depth_sample",4.02564159482047,"fCMdepth_mp","vera4cast"
2026-05-04,2026-04-28,"P1D","fcre",NA,"ensemble",72,"ChlorophyllMaximum_depth_sample",2.93132893724146,"fCMdepth_mp","vera4cast"
2026-05-04,2026-04-28,"P1D","fcre",NA,"ensemble",103,"ChlorophyllMaximum_depth_sample",1.00342118328824,"fCMdepth_mp","vera4cast"
2026-05-04,2026-04-28,"P1D","fcre",NA,"ensemble",134,"ChlorophyllMaximum_depth_sample",2.67899939353553,"fCMdepth_mp","vera4cast"
2026-05-05,2026-04-28,"P1D","fcre",NA,"ensemble",10,"ChlorophyllMaximum_depth_sample",3.10154905742684,"fCMdepth_mp","vera4cast"
2026-05-05,2026-04-28,"P1D","fcre",NA,"ensemble",41,"ChlorophyllMaximum_depth_sample",2.47535794522514,"fCMdepth_mp","vera4cast"
2026-05-05,2026-04-28,"P1D","fcre",NA,"ensemble",72,"ChlorophyllMaximum_depth_sample",2.82382630846883,"fCMdepth_mp","vera4cast"
2026-05-05,2026-04-28,"P1D","fcre",NA,"ensemble",103,"ChlorophyllMaximum_depth_sample",3.7976601196349,"fCMdepth_mp","vera4cast"
2026-05-05,2026-04-28,"P1D","fcre",NA,"ensemble",134,"ChlorophyllMaximum_depth_sample",2.1665495765734,"fCMdepth_mp","vera4cast"
2026-05-06,2026-04-28,"P1D","fcre",NA,"ensemble",10,"ChlorophyllMaximum_depth_sample",4.48267285437384,"fCMdepth_mp","vera4cast"
2026-05-06,2026-04-28,"P1D","fcre",NA,"ensemble",41,"ChlorophyllMaximum_depth_sample",3.43964822947484,"fCMdepth_mp","vera4cast"
2026-05-06,2026-04-28,"P1D","fcre",NA,"ensemble",72,"ChlorophyllMaximum_depth_sample",4.51198704190497,"fCMdepth_mp","vera4cast"
2026-05-06,2026-04-28,"P1D","fcre",NA,"ensemble",103,"ChlorophyllMaximum_depth_sample",3.29981231510886,"fCMdepth_mp","vera4cast"
2026-05-06,2026-04-28,"P1D","fcre",NA,"ensemble",134,"ChlorophyllMaximum_depth_sample",1.35852705735207,"fCMdepth_mp","vera4cast"
2026-05-07,2026-04-28,"P1D","fcre",NA,"ensemble",10,"ChlorophyllMaximum_depth_sample",1.86589508853944,"fCMdepth_mp","vera4cast"
2026-05-07,2026-04-28,"P1D","fcre",NA,"ensemble",41,"ChlorophyllMaximum_depth_sample",2.52300972677985,"fCMdepth_mp","vera4cast"
2026-05-07,2026-04-28,"P1D","fcre",NA,"ensemble",72,"ChlorophyllMaximum_depth_sample",3.48099709979337,"fCMdepth_mp","vera4cast"
2026-05-07,2026-04-28,"P1D","fcre",NA,"ensemble",103,"ChlorophyllMaximum_depth_sample",3.29790723958604,"fCMdepth_mp","vera4cast"
2026-05-07,2026-04-28,"P1D","fcre",NA,"ensemble",134,"ChlorophyllMaximum_depth_sample",1.59532363972346,"fCMdepth_mp","vera4cast"
2026-05-08,2026-04-28,"P1D","fcre",NA,"ensemble",10,"ChlorophyllMaximum_depth_sample",2.65682187710523,"fCMdepth_mp","vera4cast"
2026-05-08,2026-04-28,"P1D","fcre",NA,"ensemble",41,"ChlorophyllMaximum_depth_sample",2.86856004977415,"fCMdepth_mp","vera4cast"
2026-05-08,2026-04-28,"P1D","fcre",NA,"ensemble",72,"ChlorophyllMaximum_depth_sample",3.87283723974174,"fCMdepth_mp","vera4cast"
2026-05-08,2026-04-28,"P1D","fcre",NA,"ensemble",103,"ChlorophyllMaximum_depth_sample",3.88075267745476,"fCMdepth_mp","vera4cast"
2026-05-08,2026-04-28,"P1D","fcre",NA,"ensemble",134,"ChlorophyllMaximum_depth_sample",2.03882455926902,"fCMdepth_mp","vera4cast"
2026-05-09,2026-04-28,"P1D","fcre",NA,"ensemble",10,"ChlorophyllMaximum_depth_sample",3.03752670945649,"fCMdepth_mp","vera4cast"
2026-05-09,2026-04-28,"P1D","fcre",NA,"ensemble",41,"ChlorophyllMaximum_depth_sample",4.95782805601964,"fCMdepth_mp","vera4cast"
2026-05-09,2026-04-28,"P1D","fcre",NA,"ensemble",72,"ChlorophyllMaximum_depth_sample",4.17744632468055,"fCMdepth_mp","vera4cast"
2026-05-09,2026-04-28,"P1D","fcre",NA,"ensemble",103,"ChlorophyllMaximum_depth_sample",2.61865060160645,"fCMdepth_mp","vera4cast"
2026-05-09,2026-04-28,"P1D","fcre",NA,"ensemble",134,"ChlorophyllMaximum_depth_sample",3.81989202524237,"fCMdepth_mp","vera4cast"
2026-05-10,2026-04-28,"P1D","fcre",NA,"ensemble",10,"ChlorophyllMaximum_depth_sample",3.28941314927809,"fCMdepth_mp","vera4cast"
2026-05-10,2026-04-28,"P1D","fcre",NA,"ensemble",41,"ChlorophyllMaximum_depth_sample",1.34034063434039,"fCMdepth_mp","vera4cast"
2026-05-10,2026-04-28,"P1D","fcre",NA,"ensemble",72,"ChlorophyllMaximum_depth_sample",4.12557182077828,"fCMdepth_mp","vera4cast"
2026-05-10,2026-04-28,"P1D","fcre",NA,"ensemble",103,"ChlorophyllMaximum_depth_sample",1.72943848337333,"fCMdepth_mp","vera4cast"
2026-05-10,2026-04-28,"P1D","fcre",NA,"ensemble",134,"ChlorophyllMaximum_depth_sample",3.2623476742626,"fCMdepth_mp","vera4cast"
2026-05-11,2026-04-28,"P1D","fcre",NA,"ensemble",10,"ChlorophyllMaximum_depth_sample",2.78614046984852,"fCMdepth_mp","vera4cast"
2026-05-11,2026-04-28,"P1D","fcre",NA,"ensemble",41,"ChlorophyllMaximum_depth_sample",3.95719010947137,"fCMdepth_mp","vera4cast"
2026-05-11,2026-04-28,"P1D","fcre",NA,"ensemble",72,"ChlorophyllMaximum_depth_sample",0.930016850024273,"fCMdepth_mp","vera4cast"
2026-05-11,2026-04-28,"P1D","fcre",NA,"ensemble",103,"ChlorophyllMaximum_depth_sample",3.02788001744417,"fCMdepth_mp","vera4cast"
2026-05-11,2026-04-28,"P1D","fcre",NA,"ensemble",134,"ChlorophyllMaximum_depth_sample",1.46498890052392,"fCMdepth_mp","vera4cast"
2026-05-12,2026-04-28,"P1D","fcre",NA,"ensemble",10,"ChlorophyllMaximum_depth_sample",2.19261391068256,"fCMdepth_mp","vera4cast"
2026-05-12,2026-04-28,"P1D","fcre",NA,"ensemble",41,"ChlorophyllMaximum_depth_sample",4.91937094365327,"fCMdepth_mp","vera4cast"
2026-05-12,2026-04-28,"P1D","fcre",NA,"ensemble",72,"ChlorophyllMaximum_depth_sample",2.5167624233065,"fCMdepth_mp","vera4cast"
2026-05-12,2026-04-28,"P1D","fcre",NA,"ensemble",103,"ChlorophyllMaximum_depth_sample",4.44754987998957,"fCMdepth_mp","vera4cast"
2026-05-12,2026-04-28,"P1D","fcre",NA,"ensemble",134,"ChlorophyllMaximum_depth_sample",4.18379960511921,"fCMdepth_mp","vera4cast"
2026-05-13,2026-04-28,"P1D","fcre",NA,"ensemble",10,"ChlorophyllMaximum_depth_sample",2.58288363801223,"fCMdepth_mp","vera4cast"
2026-05-13,2026-04-28,"P1D","fcre",NA,"ensemble",41,"ChlorophyllMaximum_depth_sample",4.50274218475502,"fCMdepth_mp","vera4cast"
2026-05-13,2026-04-28,"P1D","fcre",NA,"ensemble",72,"ChlorophyllMaximum_depth_sample",3.48608802440629,"fCMdepth_mp","vera4cast"
2026-05-13,2026-04-28,"P1D","fcre",NA,"ensemble",103,"ChlorophyllMaximum_depth_sample",3.06029223500636,"fCMdepth_mp","vera4cast"
2026-05-13,2026-04-28,"P1D","fcre",NA,"ensemble",134,"ChlorophyllMaximum_depth_sample",3.39351858809298,"fCMdepth_mp","vera4cast"
2026-05-14,2026-04-28,"P1D","fcre",NA,"ensemble",10,"ChlorophyllMaximum_depth_sample",4.24702962587226,"fCMdepth_mp","vera4cast"
2026-05-14,2026-04-28,"P1D","fcre",NA,"ensemble",41,"ChlorophyllMaximum_depth_sample",2.45856639705511,"fCMdepth_mp","vera4cast"
2026-05-14,2026-04-28,"P1D","fcre",NA,"ensemble",72,"ChlorophyllMaximum_depth_sample",5.52255016992655,"fCMdepth_mp","vera4cast"
2026-05-14,2026-04-28,"P1D","fcre",NA,"ensemble",103,"ChlorophyllMaximum_depth_sample",2.48428767505689,"fCMdepth_mp","vera4cast"
2026-05-14,2026-04-28,"P1D","fcre",NA,"ensemble",134,"ChlorophyllMaximum_depth_sample",3.04724280461396,"fCMdepth_mp","vera4cast"
2026-05-15,2026-04-28,"P1D","fcre",NA,"ensemble",10,"ChlorophyllMaximum_depth_sample",1.54435181358361,"fCMdepth_mp","vera4cast"
2026-05-15,2026-04-28,"P1D","fcre",NA,"ensemble",41,"ChlorophyllMaximum_depth_sample",2.28378284642915,"fCMdepth_mp","vera4cast"
2026-05-15,2026-04-28,"P1D","fcre",NA,"ensemble",72,"ChlorophyllMaximum_depth_sample",2.12461537130884,"fCMdepth_mp","vera4cast"
2026-05-15,2026-04-28,"P1D","fcre",NA,"ensemble",103,"ChlorophyllMaximum_depth_sample",3.22885786330952,"fCMdepth_mp","vera4cast"
2026-05-15,2026-04-28,"P1D","fcre",NA,"ensemble",134,"ChlorophyllMaximum_depth_sample",3.33657176941377,"fCMdepth_mp","vera4cast"
2026-05-16,2026-04-28,"P1D","fcre",NA,"ensemble",10,"ChlorophyllMaximum_depth_sample",2.74495369482491,"fCMdepth_mp","vera4cast"
2026-05-16,2026-04-28,"P1D","fcre",NA,"ensemble",41,"ChlorophyllMaximum_depth_sample",2.38016122951355,"fCMdepth_mp","vera4cast"
2026-05-16,2026-04-28,"P1D","fcre",NA,"ensemble",72,"ChlorophyllMaximum_depth_sample",4.54484404185559,"fCMdepth_mp","vera4cast"
2026-05-16,2026-04-28,"P1D","fcre",NA,"ensemble",103,"ChlorophyllMaximum_depth_sample",1.54456739352007,"fCMdepth_mp","vera4cast"
2026-05-16,2026-04-28,"P1D","fcre",NA,"ensemble",134,"ChlorophyllMaximum_depth_sample",3.37605188424668,"fCMdepth_mp","vera4cast"
2026-05-17,2026-04-28,"P1D","fcre",NA,"ensemble",10,"ChlorophyllMaximum_depth_sample",3.79116707866364,"fCMdepth_mp","vera4cast"
2026-05-17,2026-04-28,"P1D","fcre",NA,"ensemble",41,"ChlorophyllMaximum_depth_sample",2.76439322207295,"fCMdepth_mp","vera4cast"
2026-05-17,2026-04-28,"P1D","fcre",NA,"ensemble",72,"ChlorophyllMaximum_depth_sample",1.19824677342337,"fCMdepth_mp","vera4cast"
2026-05-17,2026-04-28,"P1D","fcre",NA,"ensemble",103,"ChlorophyllMaximum_depth_sample",1.26688829884877,"fCMdepth_mp","vera4cast"
2026-05-17,2026-04-28,"P1D","fcre",NA,"ensemble",134,"ChlorophyllMaximum_depth_sample",5.28299963574917,"fCMdepth_mp","vera4cast"
2026-05-18,2026-04-28,"P1D","fcre",NA,"ensemble",10,"ChlorophyllMaximum_depth_sample",3.21631977135824,"fCMdepth_mp","vera4cast"
2026-05-18,2026-04-28,"P1D","fcre",NA,"ensemble",41,"ChlorophyllMaximum_depth_sample",1.49421594058655,"fCMdepth_mp","vera4cast"
2026-05-18,2026-04-28,"P1D","fcre",NA,"ensemble",72,"ChlorophyllMaximum_depth_sample",4.85468576047489,"fCMdepth_mp","vera4cast"
2026-05-18,2026-04-28,"P1D","fcre",NA,"ensemble",103,"ChlorophyllMaximum_depth_sample",3.37155100174502,"fCMdepth_mp","vera4cast"
2026-05-18,2026-04-28,"P1D","fcre",NA,"ensemble",134,"ChlorophyllMaximum_depth_sample",3.15032529915485,"fCMdepth_mp","vera4cast"
2026-05-19,2026-04-28,"P1D","fcre",NA,"ensemble",10,"ChlorophyllMaximum_depth_sample",4.22768827723785,"fCMdepth_mp","vera4cast"
2026-05-19,2026-04-28,"P1D","fcre",NA,"ensemble",41,"ChlorophyllMaximum_depth_sample",3.30305110915096,"fCMdepth_mp","vera4cast"
2026-05-19,2026-04-28,"P1D","fcre",NA,"ensemble",72,"ChlorophyllMaximum_depth_sample",4.83183083725479,"fCMdepth_mp","vera4cast"
2026-05-19,2026-04-28,"P1D","fcre",NA,"ensemble",103,"ChlorophyllMaximum_depth_sample",0.907394881091548,"fCMdepth_mp","vera4cast"
2026-05-19,2026-04-28,"P1D","fcre",NA,"ensemble",134,"ChlorophyllMaximum_depth_sample",2.27334651886646,"fCMdepth_mp","vera4cast"
2026-05-20,2026-04-28,"P1D","fcre",NA,"ensemble",10,"ChlorophyllMaximum_depth_sample",3.39077578139214,"fCMdepth_mp","vera4cast"
2026-05-20,2026-04-28,"P1D","fcre",NA,"ensemble",41,"ChlorophyllMaximum_depth_sample",2.95768272938057,"fCMdepth_mp","vera4cast"
2026-05-20,2026-04-28,"P1D","fcre",NA,"ensemble",72,"ChlorophyllMaximum_depth_sample",2.58564793356888,"fCMdepth_mp","vera4cast"
2026-05-20,2026-04-28,"P1D","fcre",NA,"ensemble",103,"ChlorophyllMaximum_depth_sample",4.12334829746213,"fCMdepth_mp","vera4cast"
2026-05-20,2026-04-28,"P1D","fcre",NA,"ensemble",134,"ChlorophyllMaximum_depth_sample",3.72163154956242,"fCMdepth_mp","vera4cast"
2026-05-21,2026-04-28,"P1D","fcre",NA,"ensemble",10,"ChlorophyllMaximum_depth_sample",3.6283743298716,"fCMdepth_mp","vera4cast"
2026-05-21,2026-04-28,"P1D","fcre",NA,"ensemble",41,"ChlorophyllMaximum_depth_sample",3.01612580458751,"fCMdepth_mp","vera4cast"
2026-05-21,2026-04-28,"P1D","fcre",NA,"ensemble",72,"ChlorophyllMaximum_depth_sample",3.50588593347353,"fCMdepth_mp","vera4cast"
2026-05-21,2026-04-28,"P1D","fcre",NA,"ensemble",103,"ChlorophyllMaximum_depth_sample",4.39155732774722,"fCMdepth_mp","vera4cast"
2026-05-21,2026-04-28,"P1D","fcre",NA,"ensemble",134,"ChlorophyllMaximum_depth_sample",2.96268045098684,"fCMdepth_mp","vera4cast"
2026-05-22,2026-04-28,"P1D","fcre",NA,"ensemble",10,"ChlorophyllMaximum_depth_sample",2.50369590238256,"fCMdepth_mp","vera4cast"
2026-05-22,2026-04-28,"P1D","fcre",NA,"ensemble",41,"ChlorophyllMaximum_depth_sample",3.32747585147922,"fCMdepth_mp","vera4cast"
2026-05-22,2026-04-28,"P1D","fcre",NA,"ensemble",72,"ChlorophyllMaximum_depth_sample",0.620097455565659,"fCMdepth_mp","vera4cast"
2026-05-22,2026-04-28,"P1D","fcre",NA,"ensemble",103,"ChlorophyllMaximum_depth_sample",2.5083376464789,"fCMdepth_mp","vera4cast"
2026-05-22,2026-04-28,"P1D","fcre",NA,"ensemble",134,"ChlorophyllMaximum_depth_sample",2.85725716933839,"fCMdepth_mp","vera4cast"
2026-05-23,2026-04-28,"P1D","fcre",NA,"ensemble",10,"ChlorophyllMaximum_depth_sample",3.90353373806817,"fCMdepth_mp","vera4cast"
2026-05-23,2026-04-28,"P1D","fcre",NA,"ensemble",41,"ChlorophyllMaximum_depth_sample",2.87666139548156,"fCMdepth_mp","vera4cast"
2026-05-23,2026-04-28,"P1D","fcre",NA,"ensemble",72,"ChlorophyllMaximum_depth_sample",2.3261533973094,"fCMdepth_mp","vera4cast"
2026-05-23,2026-04-28,"P1D","fcre",NA,"ensemble",103,"ChlorophyllMaximum_depth_sample",3.83232688467384,"fCMdepth_mp","vera4cast"
2026-05-23,2026-04-28,"P1D","fcre",NA,"ensemble",134,"ChlorophyllMaximum_depth_sample",2.71737000724282,"fCMdepth_mp","vera4cast"
2026-05-24,2026-04-28,"P1D","fcre",NA,"ensemble",10,"ChlorophyllMaximum_depth_sample",1.72793476286408,"fCMdepth_mp","vera4cast"
2026-05-24,2026-04-28,"P1D","fcre",NA,"ensemble",41,"ChlorophyllMaximum_depth_sample",3.18575105141955,"fCMdepth_mp","vera4cast"
2026-05-24,2026-04-28,"P1D","fcre",NA,"ensemble",72,"ChlorophyllMaximum_depth_sample",3.46286924185125,"fCMdepth_mp","vera4cast"
2026-05-24,2026-04-28,"P1D","fcre",NA,"ensemble",103,"ChlorophyllMaximum_depth_sample",4.42161302626819,"fCMdepth_mp","vera4cast"
2026-05-24,2026-04-28,"P1D","fcre",NA,"ensemble",134,"ChlorophyllMaximum_depth_sample",3.77425654627854,"fCMdepth_mp","vera4cast"
2026-05-25,2026-04-28,"P1D","fcre",NA,"ensemble",10,"ChlorophyllMaximum_depth_sample",1.96631664104669,"fCMdepth_mp","vera4cast"
2026-05-25,2026-04-28,"P1D","fcre",NA,"ensemble",41,"ChlorophyllMaximum_depth_sample",2.92299039839436,"fCMdepth_mp","vera4cast"
2026-05-25,2026-04-28,"P1D","fcre",NA,"ensemble",72,"ChlorophyllMaximum_depth_sample",2.11892030177201,"fCMdepth_mp","vera4cast"
2026-05-25,2026-04-28,"P1D","fcre",NA,"ensemble",103,"ChlorophyllMaximum_depth_sample",2.17152111634725,"fCMdepth_mp","vera4cast"
2026-05-25,2026-04-28,"P1D","fcre",NA,"ensemble",134,"ChlorophyllMaximum_depth_sample",3.26388263039962,"fCMdepth_mp","vera4cast"
2026-05-26,2026-04-28,"P1D","fcre",NA,"ensemble",10,"ChlorophyllMaximum_depth_sample",1.98880533213863,"fCMdepth_mp","vera4cast"
2026-05-26,2026-04-28,"P1D","fcre",NA,"ensemble",41,"ChlorophyllMaximum_depth_sample",1.60940969985274,"fCMdepth_mp","vera4cast"
2026-05-26,2026-04-28,"P1D","fcre",NA,"ensemble",72,"ChlorophyllMaximum_depth_sample",3.18177229955484,"fCMdepth_mp","vera4cast"
2026-05-26,2026-04-28,"P1D","fcre",NA,"ensemble",103,"ChlorophyllMaximum_depth_sample",1.30242820117073,"fCMdepth_mp","vera4cast"
2026-05-26,2026-04-28,"P1D","fcre",NA,"ensemble",134,"ChlorophyllMaximum_depth_sample",2.42493690529876,"fCMdepth_mp","vera4cast"
2026-05-27,2026-04-28,"P1D","fcre",NA,"ensemble",10,"ChlorophyllMaximum_depth_sample",4.0740998590265,"fCMdepth_mp","vera4cast"
2026-05-27,2026-04-28,"P1D","fcre",NA,"ensemble",41,"ChlorophyllMaximum_depth_sample",3.70210119675555,"fCMdepth_mp","vera4cast"
2026-05-27,2026-04-28,"P1D","fcre",NA,"ensemble",72,"ChlorophyllMaximum_depth_sample",5.38924990111172,"fCMdepth_mp","vera4cast"
2026-05-27,2026-04-28,"P1D","fcre",NA,"ensemble",103,"ChlorophyllMaximum_depth_sample",5.20007030356121,"fCMdepth_mp","vera4cast"
2026-05-27,2026-04-28,"P1D","fcre",NA,"ensemble",134,"ChlorophyllMaximum_depth_sample",2.64292569995902,"fCMdepth_mp","vera4cast"
2026-05-28,2026-04-28,"P1D","fcre",NA,"ensemble",10,"ChlorophyllMaximum_depth_sample",3.97114115440468,"fCMdepth_mp","vera4cast"
2026-05-28,2026-04-28,"P1D","fcre",NA,"ensemble",41,"ChlorophyllMaximum_depth_sample",4.04081018230154,"fCMdepth_mp","vera4cast"
2026-05-28,2026-04-28,"P1D","fcre",NA,"ensemble",72,"ChlorophyllMaximum_depth_sample",2.87190878425147,"fCMdepth_mp","vera4cast"
2026-05-28,2026-04-28,"P1D","fcre",NA,"ensemble",103,"ChlorophyllMaximum_depth_sample",1.64482811317086,"fCMdepth_mp","vera4cast"
2026-05-28,2026-04-28,"P1D","fcre",NA,"ensemble",134,"ChlorophyllMaximum_depth_sample",2.75715508868911,"fCMdepth_mp","vera4cast"
2026-05-29,2026-04-28,"P1D","fcre",NA,"ensemble",10,"ChlorophyllMaximum_depth_sample",1.89985480878126,"fCMdepth_mp","vera4cast"
2026-05-29,2026-04-28,"P1D","fcre",NA,"ensemble",41,"ChlorophyllMaximum_depth_sample",2.20924493677471,"fCMdepth_mp","vera4cast"
2026-05-29,2026-04-28,"P1D","fcre",NA,"ensemble",72,"ChlorophyllMaximum_depth_sample",1.86328427894606,"fCMdepth_mp","vera4cast"
2026-05-29,2026-04-28,"P1D","fcre",NA,"ensemble",103,"ChlorophyllMaximum_depth_sample",3.36106974857251,"fCMdepth_mp","vera4cast"
2026-05-29,2026-04-28,"P1D","fcre",NA,"ensemble",134,"ChlorophyllMaximum_depth_sample",3.12137338859359,"fCMdepth_mp","vera4cast"
2026-05-30,2026-04-28,"P1D","fcre",NA,"ensemble",10,"ChlorophyllMaximum_depth_sample",3.46731672327904,"fCMdepth_mp","vera4cast"
2026-05-30,2026-04-28,"P1D","fcre",NA,"ensemble",41,"ChlorophyllMaximum_depth_sample",2.72032259922337,"fCMdepth_mp","vera4cast"
2026-05-30,2026-04-28,"P1D","fcre",NA,"ensemble",72,"ChlorophyllMaximum_depth_sample",4.6245898142669,"fCMdepth_mp","vera4cast"
2026-05-30,2026-04-28,"P1D","fcre",NA,"ensemble",103,"ChlorophyllMaximum_depth_sample",3.29067240392685,"fCMdepth_mp","vera4cast"
2026-05-30,2026-04-28,"P1D","fcre",NA,"ensemble",134,"ChlorophyllMaximum_depth_sample",0.582512302221454,"fCMdepth_mp","vera4cast"
2026-05-31,2026-04-28,"P1D","fcre",NA,"ensemble",10,"ChlorophyllMaximum_depth_sample",4.80670875654704,"fCMdepth_mp","vera4cast"
2026-05-31,2026-04-28,"P1D","fcre",NA,"ensemble",41,"ChlorophyllMaximum_depth_sample",2.35740343858335,"fCMdepth_mp","vera4cast"
2026-05-31,2026-04-28,"P1D","fcre",NA,"ensemble",72,"ChlorophyllMaximum_depth_sample",1.67062789876387,"fCMdepth_mp","vera4cast"
2026-05-31,2026-04-28,"P1D","fcre",NA,"ensemble",103,"ChlorophyllMaximum_depth_sample",4.13963250396428,"fCMdepth_mp","vera4cast"
2026-05-31,2026-04-28,"P1D","fcre",NA,"ensemble",134,"ChlorophyllMaximum_depth_sample",2.18934959694314,"fCMdepth_mp","vera4cast"
2026-06-01,2026-04-28,"P1D","fcre",NA,"ensemble",10,"ChlorophyllMaximum_depth_sample",2.66523629107646,"fCMdepth_mp","vera4cast"
2026-06-01,2026-04-28,"P1D","fcre",NA,"ensemble",41,"ChlorophyllMaximum_depth_sample",4.38318373898348,"fCMdepth_mp","vera4cast"
2026-06-01,2026-04-28,"P1D","fcre",NA,"ensemble",72,"ChlorophyllMaximum_depth_sample",1.76803462685026,"fCMdepth_mp","vera4cast"
2026-06-01,2026-04-28,"P1D","fcre",NA,"ensemble",103,"ChlorophyllMaximum_depth_sample",6.11965884929598,"fCMdepth_mp","vera4cast"
2026-06-01,2026-04-28,"P1D","fcre",NA,"ensemble",134,"ChlorophyllMaximum_depth_sample",2.56586396109142,"fCMdepth_mp","vera4cast"
2026-04-29,2026-04-28,"P1D","fcre",NA,"ensemble",11,"ChlorophyllMaximum_depth_sample",5.27551974588271,"fCMdepth_mp","vera4cast"
2026-04-29,2026-04-28,"P1D","fcre",NA,"ensemble",42,"ChlorophyllMaximum_depth_sample",3.91094189162144,"fCMdepth_mp","vera4cast"
2026-04-29,2026-04-28,"P1D","fcre",NA,"ensemble",73,"ChlorophyllMaximum_depth_sample",3.22230714741411,"fCMdepth_mp","vera4cast"
2026-04-29,2026-04-28,"P1D","fcre",NA,"ensemble",104,"ChlorophyllMaximum_depth_sample",3.01725517084975,"fCMdepth_mp","vera4cast"
2026-04-29,2026-04-28,"P1D","fcre",NA,"ensemble",135,"ChlorophyllMaximum_depth_sample",2.03428427034303,"fCMdepth_mp","vera4cast"
2026-04-30,2026-04-28,"P1D","fcre",NA,"ensemble",11,"ChlorophyllMaximum_depth_sample",2.4848566704979,"fCMdepth_mp","vera4cast"
2026-04-30,2026-04-28,"P1D","fcre",NA,"ensemble",42,"ChlorophyllMaximum_depth_sample",3.75648871346502,"fCMdepth_mp","vera4cast"
2026-04-30,2026-04-28,"P1D","fcre",NA,"ensemble",73,"ChlorophyllMaximum_depth_sample",2.42343174020299,"fCMdepth_mp","vera4cast"
2026-04-30,2026-04-28,"P1D","fcre",NA,"ensemble",104,"ChlorophyllMaximum_depth_sample",2.47994510288067,"fCMdepth_mp","vera4cast"
2026-04-30,2026-04-28,"P1D","fcre",NA,"ensemble",135,"ChlorophyllMaximum_depth_sample",4.71597949492598,"fCMdepth_mp","vera4cast"
2026-05-01,2026-04-28,"P1D","fcre",NA,"ensemble",11,"ChlorophyllMaximum_depth_sample",4.50825763068285,"fCMdepth_mp","vera4cast"
2026-05-01,2026-04-28,"P1D","fcre",NA,"ensemble",42,"ChlorophyllMaximum_depth_sample",3.23929511963569,"fCMdepth_mp","vera4cast"
2026-05-01,2026-04-28,"P1D","fcre",NA,"ensemble",73,"ChlorophyllMaximum_depth_sample",3.8508464891247,"fCMdepth_mp","vera4cast"
2026-05-01,2026-04-28,"P1D","fcre",NA,"ensemble",104,"ChlorophyllMaximum_depth_sample",3.90194762762509,"fCMdepth_mp","vera4cast"
2026-05-01,2026-04-28,"P1D","fcre",NA,"ensemble",135,"ChlorophyllMaximum_depth_sample",3.82412473363312,"fCMdepth_mp","vera4cast"
2026-05-02,2026-04-28,"P1D","fcre",NA,"ensemble",11,"ChlorophyllMaximum_depth_sample",1.84237496370312,"fCMdepth_mp","vera4cast"
2026-05-02,2026-04-28,"P1D","fcre",NA,"ensemble",42,"ChlorophyllMaximum_depth_sample",4.75425933713821,"fCMdepth_mp","vera4cast"
2026-05-02,2026-04-28,"P1D","fcre",NA,"ensemble",73,"ChlorophyllMaximum_depth_sample",4.79706967246811,"fCMdepth_mp","vera4cast"
2026-05-02,2026-04-28,"P1D","fcre",NA,"ensemble",104,"ChlorophyllMaximum_depth_sample",3.23104036567423,"fCMdepth_mp","vera4cast"
2026-05-02,2026-04-28,"P1D","fcre",NA,"ensemble",135,"ChlorophyllMaximum_depth_sample",5.11366204675639,"fCMdepth_mp","vera4cast"
2026-05-03,2026-04-28,"P1D","fcre",NA,"ensemble",11,"ChlorophyllMaximum_depth_sample",4.36940193210087,"fCMdepth_mp","vera4cast"
2026-05-03,2026-04-28,"P1D","fcre",NA,"ensemble",42,"ChlorophyllMaximum_depth_sample",4.8764596253963,"fCMdepth_mp","vera4cast"
2026-05-03,2026-04-28,"P1D","fcre",NA,"ensemble",73,"ChlorophyllMaximum_depth_sample",2.56127981998404,"fCMdepth_mp","vera4cast"
2026-05-03,2026-04-28,"P1D","fcre",NA,"ensemble",104,"ChlorophyllMaximum_depth_sample",2.92865630108458,"fCMdepth_mp","vera4cast"
2026-05-03,2026-04-28,"P1D","fcre",NA,"ensemble",135,"ChlorophyllMaximum_depth_sample",2.828693725939,"fCMdepth_mp","vera4cast"
2026-05-04,2026-04-28,"P1D","fcre",NA,"ensemble",11,"ChlorophyllMaximum_depth_sample",3.35041889294295,"fCMdepth_mp","vera4cast"
2026-05-04,2026-04-28,"P1D","fcre",NA,"ensemble",42,"ChlorophyllMaximum_depth_sample",1.34294080774133,"fCMdepth_mp","vera4cast"
2026-05-04,2026-04-28,"P1D","fcre",NA,"ensemble",73,"ChlorophyllMaximum_depth_sample",4.6612787050812,"fCMdepth_mp","vera4cast"
2026-05-04,2026-04-28,"P1D","fcre",NA,"ensemble",104,"ChlorophyllMaximum_depth_sample",5.15121803918662,"fCMdepth_mp","vera4cast"
2026-05-04,2026-04-28,"P1D","fcre",NA,"ensemble",135,"ChlorophyllMaximum_depth_sample",2.53699768536185,"fCMdepth_mp","vera4cast"
2026-05-05,2026-04-28,"P1D","fcre",NA,"ensemble",11,"ChlorophyllMaximum_depth_sample",2.77209906710551,"fCMdepth_mp","vera4cast"
2026-05-05,2026-04-28,"P1D","fcre",NA,"ensemble",42,"ChlorophyllMaximum_depth_sample",3.71921604294114,"fCMdepth_mp","vera4cast"
2026-05-05,2026-04-28,"P1D","fcre",NA,"ensemble",73,"ChlorophyllMaximum_depth_sample",2.65528360592113,"fCMdepth_mp","vera4cast"
2026-05-05,2026-04-28,"P1D","fcre",NA,"ensemble",104,"ChlorophyllMaximum_depth_sample",3.63009021356577,"fCMdepth_mp","vera4cast"
2026-05-05,2026-04-28,"P1D","fcre",NA,"ensemble",135,"ChlorophyllMaximum_depth_sample",2.59614857195229,"fCMdepth_mp","vera4cast"
2026-05-06,2026-04-28,"P1D","fcre",NA,"ensemble",11,"ChlorophyllMaximum_depth_sample",3.3504984933439,"fCMdepth_mp","vera4cast"
2026-05-06,2026-04-28,"P1D","fcre",NA,"ensemble",42,"ChlorophyllMaximum_depth_sample",3.67395570860701,"fCMdepth_mp","vera4cast"
2026-05-06,2026-04-28,"P1D","fcre",NA,"ensemble",73,"ChlorophyllMaximum_depth_sample",1.12052767161724,"fCMdepth_mp","vera4cast"
2026-05-06,2026-04-28,"P1D","fcre",NA,"ensemble",104,"ChlorophyllMaximum_depth_sample",2.79983655045354,"fCMdepth_mp","vera4cast"
2026-05-06,2026-04-28,"P1D","fcre",NA,"ensemble",135,"ChlorophyllMaximum_depth_sample",4.39181424319117,"fCMdepth_mp","vera4cast"
2026-05-07,2026-04-28,"P1D","fcre",NA,"ensemble",11,"ChlorophyllMaximum_depth_sample",3.7089561227786,"fCMdepth_mp","vera4cast"
2026-05-07,2026-04-28,"P1D","fcre",NA,"ensemble",42,"ChlorophyllMaximum_depth_sample",3.82422403414721,"fCMdepth_mp","vera4cast"
2026-05-07,2026-04-28,"P1D","fcre",NA,"ensemble",73,"ChlorophyllMaximum_depth_sample",2.02965972569139,"fCMdepth_mp","vera4cast"
2026-05-07,2026-04-28,"P1D","fcre",NA,"ensemble",104,"ChlorophyllMaximum_depth_sample",3.67421777235018,"fCMdepth_mp","vera4cast"
2026-05-07,2026-04-28,"P1D","fcre",NA,"ensemble",135,"ChlorophyllMaximum_depth_sample",3.15604770127766,"fCMdepth_mp","vera4cast"
2026-05-08,2026-04-28,"P1D","fcre",NA,"ensemble",11,"ChlorophyllMaximum_depth_sample",2.25820194252566,"fCMdepth_mp","vera4cast"
2026-05-08,2026-04-28,"P1D","fcre",NA,"ensemble",42,"ChlorophyllMaximum_depth_sample",1.6908652507971,"fCMdepth_mp","vera4cast"
2026-05-08,2026-04-28,"P1D","fcre",NA,"ensemble",73,"ChlorophyllMaximum_depth_sample",3.16492015663543,"fCMdepth_mp","vera4cast"
2026-05-08,2026-04-28,"P1D","fcre",NA,"ensemble",104,"ChlorophyllMaximum_depth_sample",1.80076845532088,"fCMdepth_mp","vera4cast"
2026-05-08,2026-04-28,"P1D","fcre",NA,"ensemble",135,"ChlorophyllMaximum_depth_sample",2.26279445545993,"fCMdepth_mp","vera4cast"
2026-05-09,2026-04-28,"P1D","fcre",NA,"ensemble",11,"ChlorophyllMaximum_depth_sample",2.6506193795231,"fCMdepth_mp","vera4cast"
2026-05-09,2026-04-28,"P1D","fcre",NA,"ensemble",42,"ChlorophyllMaximum_depth_sample",3.14506475294042,"fCMdepth_mp","vera4cast"
2026-05-09,2026-04-28,"P1D","fcre",NA,"ensemble",73,"ChlorophyllMaximum_depth_sample",3.77535663339711,"fCMdepth_mp","vera4cast"
2026-05-09,2026-04-28,"P1D","fcre",NA,"ensemble",104,"ChlorophyllMaximum_depth_sample",5.41560521670998,"fCMdepth_mp","vera4cast"
2026-05-09,2026-04-28,"P1D","fcre",NA,"ensemble",135,"ChlorophyllMaximum_depth_sample",3.64254750244045,"fCMdepth_mp","vera4cast"
2026-05-10,2026-04-28,"P1D","fcre",NA,"ensemble",11,"ChlorophyllMaximum_depth_sample",2.70932134195652,"fCMdepth_mp","vera4cast"
2026-05-10,2026-04-28,"P1D","fcre",NA,"ensemble",42,"ChlorophyllMaximum_depth_sample",3.46258385697159,"fCMdepth_mp","vera4cast"
2026-05-10,2026-04-28,"P1D","fcre",NA,"ensemble",73,"ChlorophyllMaximum_depth_sample",3.01290096091512,"fCMdepth_mp","vera4cast"
2026-05-10,2026-04-28,"P1D","fcre",NA,"ensemble",104,"ChlorophyllMaximum_depth_sample",2.90789225395752,"fCMdepth_mp","vera4cast"
2026-05-10,2026-04-28,"P1D","fcre",NA,"ensemble",135,"ChlorophyllMaximum_depth_sample",0.800088979271396,"fCMdepth_mp","vera4cast"
2026-05-11,2026-04-28,"P1D","fcre",NA,"ensemble",11,"ChlorophyllMaximum_depth_sample",5.46198167472863,"fCMdepth_mp","vera4cast"
2026-05-11,2026-04-28,"P1D","fcre",NA,"ensemble",42,"ChlorophyllMaximum_depth_sample",1.96187501793625,"fCMdepth_mp","vera4cast"
2026-05-11,2026-04-28,"P1D","fcre",NA,"ensemble",73,"ChlorophyllMaximum_depth_sample",2.18416500724912,"fCMdepth_mp","vera4cast"
2026-05-11,2026-04-28,"P1D","fcre",NA,"ensemble",104,"ChlorophyllMaximum_depth_sample",1.70048928277246,"fCMdepth_mp","vera4cast"
2026-05-11,2026-04-28,"P1D","fcre",NA,"ensemble",135,"ChlorophyllMaximum_depth_sample",4.60655407906243,"fCMdepth_mp","vera4cast"
2026-05-12,2026-04-28,"P1D","fcre",NA,"ensemble",11,"ChlorophyllMaximum_depth_sample",1.8465764504098,"fCMdepth_mp","vera4cast"
2026-05-12,2026-04-28,"P1D","fcre",NA,"ensemble",42,"ChlorophyllMaximum_depth_sample",1.21755332989532,"fCMdepth_mp","vera4cast"
2026-05-12,2026-04-28,"P1D","fcre",NA,"ensemble",73,"ChlorophyllMaximum_depth_sample",2.60678275683103,"fCMdepth_mp","vera4cast"
2026-05-12,2026-04-28,"P1D","fcre",NA,"ensemble",104,"ChlorophyllMaximum_depth_sample",4.84393453424543,"fCMdepth_mp","vera4cast"
2026-05-12,2026-04-28,"P1D","fcre",NA,"ensemble",135,"ChlorophyllMaximum_depth_sample",5.12432708135095,"fCMdepth_mp","vera4cast"
2026-05-13,2026-04-28,"P1D","fcre",NA,"ensemble",11,"ChlorophyllMaximum_depth_sample",5.75307086318306,"fCMdepth_mp","vera4cast"
2026-05-13,2026-04-28,"P1D","fcre",NA,"ensemble",42,"ChlorophyllMaximum_depth_sample",0.932095273409742,"fCMdepth_mp","vera4cast"
2026-05-13,2026-04-28,"P1D","fcre",NA,"ensemble",73,"ChlorophyllMaximum_depth_sample",2.20457647076802,"fCMdepth_mp","vera4cast"
2026-05-13,2026-04-28,"P1D","fcre",NA,"ensemble",104,"ChlorophyllMaximum_depth_sample",2.339614340118,"fCMdepth_mp","vera4cast"
2026-05-13,2026-04-28,"P1D","fcre",NA,"ensemble",135,"ChlorophyllMaximum_depth_sample",5.70583992701231,"fCMdepth_mp","vera4cast"
2026-05-14,2026-04-28,"P1D","fcre",NA,"ensemble",11,"ChlorophyllMaximum_depth_sample",3.65226106375824,"fCMdepth_mp","vera4cast"
2026-05-14,2026-04-28,"P1D","fcre",NA,"ensemble",42,"ChlorophyllMaximum_depth_sample",4.89085744694571,"fCMdepth_mp","vera4cast"
2026-05-14,2026-04-28,"P1D","fcre",NA,"ensemble",73,"ChlorophyllMaximum_depth_sample",4.32024203259875,"fCMdepth_mp","vera4cast"
2026-05-14,2026-04-28,"P1D","fcre",NA,"ensemble",104,"ChlorophyllMaximum_depth_sample",6.11799705491724,"fCMdepth_mp","vera4cast"
2026-05-14,2026-04-28,"P1D","fcre",NA,"ensemble",135,"ChlorophyllMaximum_depth_sample",2.02617172621212,"fCMdepth_mp","vera4cast"
2026-05-15,2026-04-28,"P1D","fcre",NA,"ensemble",11,"ChlorophyllMaximum_depth_sample",1.90445278113521,"fCMdepth_mp","vera4cast"
2026-05-15,2026-04-28,"P1D","fcre",NA,"ensemble",42,"ChlorophyllMaximum_depth_sample",3.39355843464446,"fCMdepth_mp","vera4cast"
2026-05-15,2026-04-28,"P1D","fcre",NA,"ensemble",73,"ChlorophyllMaximum_depth_sample",2.72909085538555,"fCMdepth_mp","vera4cast"
2026-05-15,2026-04-28,"P1D","fcre",NA,"ensemble",104,"ChlorophyllMaximum_depth_sample",2.93845758027589,"fCMdepth_mp","vera4cast"
2026-05-15,2026-04-28,"P1D","fcre",NA,"ensemble",135,"ChlorophyllMaximum_depth_sample",2.61636319535844,"fCMdepth_mp","vera4cast"
2026-05-16,2026-04-28,"P1D","fcre",NA,"ensemble",11,"ChlorophyllMaximum_depth_sample",2.96998777505963,"fCMdepth_mp","vera4cast"
2026-05-16,2026-04-28,"P1D","fcre",NA,"ensemble",42,"ChlorophyllMaximum_depth_sample",3.74138396886619,"fCMdepth_mp","vera4cast"
2026-05-16,2026-04-28,"P1D","fcre",NA,"ensemble",73,"ChlorophyllMaximum_depth_sample",4.24276615041603,"fCMdepth_mp","vera4cast"
2026-05-16,2026-04-28,"P1D","fcre",NA,"ensemble",104,"ChlorophyllMaximum_depth_sample",2.97438767164149,"fCMdepth_mp","vera4cast"
2026-05-16,2026-04-28,"P1D","fcre",NA,"ensemble",135,"ChlorophyllMaximum_depth_sample",2.85885711546829,"fCMdepth_mp","vera4cast"
2026-05-17,2026-04-28,"P1D","fcre",NA,"ensemble",11,"ChlorophyllMaximum_depth_sample",2.72778497143619,"fCMdepth_mp","vera4cast"
2026-05-17,2026-04-28,"P1D","fcre",NA,"ensemble",42,"ChlorophyllMaximum_depth_sample",4.06012943387763,"fCMdepth_mp","vera4cast"
2026-05-17,2026-04-28,"P1D","fcre",NA,"ensemble",73,"ChlorophyllMaximum_depth_sample",3.4943592298662,"fCMdepth_mp","vera4cast"
2026-05-17,2026-04-28,"P1D","fcre",NA,"ensemble",104,"ChlorophyllMaximum_depth_sample",3.08715691477848,"fCMdepth_mp","vera4cast"
2026-05-17,2026-04-28,"P1D","fcre",NA,"ensemble",135,"ChlorophyllMaximum_depth_sample",3.4570298784255,"fCMdepth_mp","vera4cast"
2026-05-18,2026-04-28,"P1D","fcre",NA,"ensemble",11,"ChlorophyllMaximum_depth_sample",3.50841444021109,"fCMdepth_mp","vera4cast"
2026-05-18,2026-04-28,"P1D","fcre",NA,"ensemble",42,"ChlorophyllMaximum_depth_sample",3.37517889338884,"fCMdepth_mp","vera4cast"
2026-05-18,2026-04-28,"P1D","fcre",NA,"ensemble",73,"ChlorophyllMaximum_depth_sample",3.02312261080646,"fCMdepth_mp","vera4cast"
2026-05-18,2026-04-28,"P1D","fcre",NA,"ensemble",104,"ChlorophyllMaximum_depth_sample",5.30370931593528,"fCMdepth_mp","vera4cast"
2026-05-18,2026-04-28,"P1D","fcre",NA,"ensemble",135,"ChlorophyllMaximum_depth_sample",2.17970237370825,"fCMdepth_mp","vera4cast"
2026-05-19,2026-04-28,"P1D","fcre",NA,"ensemble",11,"ChlorophyllMaximum_depth_sample",2.25350816480438,"fCMdepth_mp","vera4cast"
2026-05-19,2026-04-28,"P1D","fcre",NA,"ensemble",42,"ChlorophyllMaximum_depth_sample",2.35621144062494,"fCMdepth_mp","vera4cast"
2026-05-19,2026-04-28,"P1D","fcre",NA,"ensemble",73,"ChlorophyllMaximum_depth_sample",2.27987374876959,"fCMdepth_mp","vera4cast"
2026-05-19,2026-04-28,"P1D","fcre",NA,"ensemble",104,"ChlorophyllMaximum_depth_sample",1.14583079275649,"fCMdepth_mp","vera4cast"
2026-05-19,2026-04-28,"P1D","fcre",NA,"ensemble",135,"ChlorophyllMaximum_depth_sample",2.19807126946966,"fCMdepth_mp","vera4cast"
2026-05-20,2026-04-28,"P1D","fcre",NA,"ensemble",11,"ChlorophyllMaximum_depth_sample",3.22388124082209,"fCMdepth_mp","vera4cast"
2026-05-20,2026-04-28,"P1D","fcre",NA,"ensemble",42,"ChlorophyllMaximum_depth_sample",1.20275866419178,"fCMdepth_mp","vera4cast"
2026-05-20,2026-04-28,"P1D","fcre",NA,"ensemble",73,"ChlorophyllMaximum_depth_sample",2.41782223631706,"fCMdepth_mp","vera4cast"
2026-05-20,2026-04-28,"P1D","fcre",NA,"ensemble",104,"ChlorophyllMaximum_depth_sample",1.1963859258286,"fCMdepth_mp","vera4cast"
2026-05-20,2026-04-28,"P1D","fcre",NA,"ensemble",135,"ChlorophyllMaximum_depth_sample",3.5423466595616,"fCMdepth_mp","vera4cast"
2026-05-21,2026-04-28,"P1D","fcre",NA,"ensemble",11,"ChlorophyllMaximum_depth_sample",3.9647395010964,"fCMdepth_mp","vera4cast"
2026-05-21,2026-04-28,"P1D","fcre",NA,"ensemble",42,"ChlorophyllMaximum_depth_sample",2.16626206763004,"fCMdepth_mp","vera4cast"
2026-05-21,2026-04-28,"P1D","fcre",NA,"ensemble",73,"ChlorophyllMaximum_depth_sample",4.23497417388567,"fCMdepth_mp","vera4cast"
2026-05-21,2026-04-28,"P1D","fcre",NA,"ensemble",104,"ChlorophyllMaximum_depth_sample",1.93620023236326,"fCMdepth_mp","vera4cast"
2026-05-21,2026-04-28,"P1D","fcre",NA,"ensemble",135,"ChlorophyllMaximum_depth_sample",3.25408285404914,"fCMdepth_mp","vera4cast"
2026-05-22,2026-04-28,"P1D","fcre",NA,"ensemble",11,"ChlorophyllMaximum_depth_sample",1.76719505928881,"fCMdepth_mp","vera4cast"
2026-05-22,2026-04-28,"P1D","fcre",NA,"ensemble",42,"ChlorophyllMaximum_depth_sample",2.91665355847532,"fCMdepth_mp","vera4cast"
2026-05-22,2026-04-28,"P1D","fcre",NA,"ensemble",73,"ChlorophyllMaximum_depth_sample",2.72293919106813,"fCMdepth_mp","vera4cast"
2026-05-22,2026-04-28,"P1D","fcre",NA,"ensemble",104,"ChlorophyllMaximum_depth_sample",4.10238698829193,"fCMdepth_mp","vera4cast"
2026-05-22,2026-04-28,"P1D","fcre",NA,"ensemble",135,"ChlorophyllMaximum_depth_sample",3.49654235458841,"fCMdepth_mp","vera4cast"
2026-05-23,2026-04-28,"P1D","fcre",NA,"ensemble",11,"ChlorophyllMaximum_depth_sample",5.3620726613937,"fCMdepth_mp","vera4cast"
2026-05-23,2026-04-28,"P1D","fcre",NA,"ensemble",42,"ChlorophyllMaximum_depth_sample",3.65899011436402,"fCMdepth_mp","vera4cast"
2026-05-23,2026-04-28,"P1D","fcre",NA,"ensemble",73,"ChlorophyllMaximum_depth_sample",3.40435943316295,"fCMdepth_mp","vera4cast"
2026-05-23,2026-04-28,"P1D","fcre",NA,"ensemble",104,"ChlorophyllMaximum_depth_sample",3.53955062008922,"fCMdepth_mp","vera4cast"
2026-05-23,2026-04-28,"P1D","fcre",NA,"ensemble",135,"ChlorophyllMaximum_depth_sample",4.10850219650606,"fCMdepth_mp","vera4cast"
2026-05-24,2026-04-28,"P1D","fcre",NA,"ensemble",11,"ChlorophyllMaximum_depth_sample",4.36030175848808,"fCMdepth_mp","vera4cast"
2026-05-24,2026-04-28,"P1D","fcre",NA,"ensemble",42,"ChlorophyllMaximum_depth_sample",2.44718982176768,"fCMdepth_mp","vera4cast"
2026-05-24,2026-04-28,"P1D","fcre",NA,"ensemble",73,"ChlorophyllMaximum_depth_sample",2.07809912771782,"fCMdepth_mp","vera4cast"
2026-05-24,2026-04-28,"P1D","fcre",NA,"ensemble",104,"ChlorophyllMaximum_depth_sample",1.96431198997591,"fCMdepth_mp","vera4cast"
2026-05-24,2026-04-28,"P1D","fcre",NA,"ensemble",135,"ChlorophyllMaximum_depth_sample",2.46496049254325,"fCMdepth_mp","vera4cast"
2026-05-25,2026-04-28,"P1D","fcre",NA,"ensemble",11,"ChlorophyllMaximum_depth_sample",1.93964287330091,"fCMdepth_mp","vera4cast"
2026-05-25,2026-04-28,"P1D","fcre",NA,"ensemble",42,"ChlorophyllMaximum_depth_sample",4.43257120599413,"fCMdepth_mp","vera4cast"
2026-05-25,2026-04-28,"P1D","fcre",NA,"ensemble",73,"ChlorophyllMaximum_depth_sample",3.28300492668462,"fCMdepth_mp","vera4cast"
2026-05-25,2026-04-28,"P1D","fcre",NA,"ensemble",104,"ChlorophyllMaximum_depth_sample",1.37435085729616,"fCMdepth_mp","vera4cast"
2026-05-25,2026-04-28,"P1D","fcre",NA,"ensemble",135,"ChlorophyllMaximum_depth_sample",1.24436043904065,"fCMdepth_mp","vera4cast"
2026-05-26,2026-04-28,"P1D","fcre",NA,"ensemble",11,"ChlorophyllMaximum_depth_sample",0.720325570740923,"fCMdepth_mp","vera4cast"
2026-05-26,2026-04-28,"P1D","fcre",NA,"ensemble",42,"ChlorophyllMaximum_depth_sample",2.91117420104607,"fCMdepth_mp","vera4cast"
2026-05-26,2026-04-28,"P1D","fcre",NA,"ensemble",73,"ChlorophyllMaximum_depth_sample",3.59997401560076,"fCMdepth_mp","vera4cast"
2026-05-26,2026-04-28,"P1D","fcre",NA,"ensemble",104,"ChlorophyllMaximum_depth_sample",2.35805102204104,"fCMdepth_mp","vera4cast"
2026-05-26,2026-04-28,"P1D","fcre",NA,"ensemble",135,"ChlorophyllMaximum_depth_sample",2.89336325955827,"fCMdepth_mp","vera4cast"
2026-05-27,2026-04-28,"P1D","fcre",NA,"ensemble",11,"ChlorophyllMaximum_depth_sample",2.75658136807935,"fCMdepth_mp","vera4cast"
2026-05-27,2026-04-28,"P1D","fcre",NA,"ensemble",42,"ChlorophyllMaximum_depth_sample",2.79015477170559,"fCMdepth_mp","vera4cast"
2026-05-27,2026-04-28,"P1D","fcre",NA,"ensemble",73,"ChlorophyllMaximum_depth_sample",4.30019482867168,"fCMdepth_mp","vera4cast"
2026-05-27,2026-04-28,"P1D","fcre",NA,"ensemble",104,"ChlorophyllMaximum_depth_sample",3.41812530850021,"fCMdepth_mp","vera4cast"
2026-05-27,2026-04-28,"P1D","fcre",NA,"ensemble",135,"ChlorophyllMaximum_depth_sample",4.0952234183791,"fCMdepth_mp","vera4cast"
2026-05-28,2026-04-28,"P1D","fcre",NA,"ensemble",11,"ChlorophyllMaximum_depth_sample",1.29078570525306,"fCMdepth_mp","vera4cast"
2026-05-28,2026-04-28,"P1D","fcre",NA,"ensemble",42,"ChlorophyllMaximum_depth_sample",0.958368392729603,"fCMdepth_mp","vera4cast"
2026-05-28,2026-04-28,"P1D","fcre",NA,"ensemble",73,"ChlorophyllMaximum_depth_sample",2.48643237844118,"fCMdepth_mp","vera4cast"
2026-05-28,2026-04-28,"P1D","fcre",NA,"ensemble",104,"ChlorophyllMaximum_depth_sample",4.81140520555437,"fCMdepth_mp","vera4cast"
2026-05-28,2026-04-28,"P1D","fcre",NA,"ensemble",135,"ChlorophyllMaximum_depth_sample",1.93439189072103,"fCMdepth_mp","vera4cast"
2026-05-29,2026-04-28,"P1D","fcre",NA,"ensemble",11,"ChlorophyllMaximum_depth_sample",1.82487832192405,"fCMdepth_mp","vera4cast"
2026-05-29,2026-04-28,"P1D","fcre",NA,"ensemble",42,"ChlorophyllMaximum_depth_sample",2.21168557497054,"fCMdepth_mp","vera4cast"
2026-05-29,2026-04-28,"P1D","fcre",NA,"ensemble",73,"ChlorophyllMaximum_depth_sample",2.21354826950542,"fCMdepth_mp","vera4cast"
2026-05-29,2026-04-28,"P1D","fcre",NA,"ensemble",104,"ChlorophyllMaximum_depth_sample",2.23720869460639,"fCMdepth_mp","vera4cast"
2026-05-29,2026-04-28,"P1D","fcre",NA,"ensemble",135,"ChlorophyllMaximum_depth_sample",2.77303158494308,"fCMdepth_mp","vera4cast"
2026-05-30,2026-04-28,"P1D","fcre",NA,"ensemble",11,"ChlorophyllMaximum_depth_sample",1.12580478719733,"fCMdepth_mp","vera4cast"
2026-05-30,2026-04-28,"P1D","fcre",NA,"ensemble",42,"ChlorophyllMaximum_depth_sample",5.27427543670353,"fCMdepth_mp","vera4cast"
2026-05-30,2026-04-28,"P1D","fcre",NA,"ensemble",73,"ChlorophyllMaximum_depth_sample",2.01048325042253,"fCMdepth_mp","vera4cast"
2026-05-30,2026-04-28,"P1D","fcre",NA,"ensemble",104,"ChlorophyllMaximum_depth_sample",3.84202101428929,"fCMdepth_mp","vera4cast"
2026-05-30,2026-04-28,"P1D","fcre",NA,"ensemble",135,"ChlorophyllMaximum_depth_sample",2.69156108197977,"fCMdepth_mp","vera4cast"
2026-05-31,2026-04-28,"P1D","fcre",NA,"ensemble",11,"ChlorophyllMaximum_depth_sample",2.65220925346502,"fCMdepth_mp","vera4cast"
2026-05-31,2026-04-28,"P1D","fcre",NA,"ensemble",42,"ChlorophyllMaximum_depth_sample",3.59470451216886,"fCMdepth_mp","vera4cast"
2026-05-31,2026-04-28,"P1D","fcre",NA,"ensemble",73,"ChlorophyllMaximum_depth_sample",1.88442845933097,"fCMdepth_mp","vera4cast"
2026-05-31,2026-04-28,"P1D","fcre",NA,"ensemble",104,"ChlorophyllMaximum_depth_sample",2.06848476936137,"fCMdepth_mp","vera4cast"
2026-05-31,2026-04-28,"P1D","fcre",NA,"ensemble",135,"ChlorophyllMaximum_depth_sample",2.79823000870713,"fCMdepth_mp","vera4cast"
2026-06-01,2026-04-28,"P1D","fcre",NA,"ensemble",11,"ChlorophyllMaximum_depth_sample",3.04129270972541,"fCMdepth_mp","vera4cast"
2026-06-01,2026-04-28,"P1D","fcre",NA,"ensemble",42,"ChlorophyllMaximum_depth_sample",2.02478812784194,"fCMdepth_mp","vera4cast"
2026-06-01,2026-04-28,"P1D","fcre",NA,"ensemble",73,"ChlorophyllMaximum_depth_sample",1.38633656533788,"fCMdepth_mp","vera4cast"
2026-06-01,2026-04-28,"P1D","fcre",NA,"ensemble",104,"ChlorophyllMaximum_depth_sample",3.33693089865399,"fCMdepth_mp","vera4cast"
2026-06-01,2026-04-28,"P1D","fcre",NA,"ensemble",135,"ChlorophyllMaximum_depth_sample",4.15503797144204,"fCMdepth_mp","vera4cast"
2026-04-29,2026-04-28,"P1D","fcre",NA,"ensemble",12,"ChlorophyllMaximum_depth_sample",2.84578605440857,"fCMdepth_mp","vera4cast"
2026-04-29,2026-04-28,"P1D","fcre",NA,"ensemble",43,"ChlorophyllMaximum_depth_sample",2.35238292484517,"fCMdepth_mp","vera4cast"
2026-04-29,2026-04-28,"P1D","fcre",NA,"ensemble",74,"ChlorophyllMaximum_depth_sample",3.15596976585593,"fCMdepth_mp","vera4cast"
2026-04-29,2026-04-28,"P1D","fcre",NA,"ensemble",105,"ChlorophyllMaximum_depth_sample",3.18087177079241,"fCMdepth_mp","vera4cast"
2026-04-29,2026-04-28,"P1D","fcre",NA,"ensemble",136,"ChlorophyllMaximum_depth_sample",2.72532815878378,"fCMdepth_mp","vera4cast"
2026-04-30,2026-04-28,"P1D","fcre",NA,"ensemble",12,"ChlorophyllMaximum_depth_sample",2.94658773978563,"fCMdepth_mp","vera4cast"
2026-04-30,2026-04-28,"P1D","fcre",NA,"ensemble",43,"ChlorophyllMaximum_depth_sample",2.2202695562499,"fCMdepth_mp","vera4cast"
2026-04-30,2026-04-28,"P1D","fcre",NA,"ensemble",74,"ChlorophyllMaximum_depth_sample",0.772875312313805,"fCMdepth_mp","vera4cast"
2026-04-30,2026-04-28,"P1D","fcre",NA,"ensemble",105,"ChlorophyllMaximum_depth_sample",2.41346231757266,"fCMdepth_mp","vera4cast"
2026-04-30,2026-04-28,"P1D","fcre",NA,"ensemble",136,"ChlorophyllMaximum_depth_sample",3.35246334986885,"fCMdepth_mp","vera4cast"
2026-05-01,2026-04-28,"P1D","fcre",NA,"ensemble",12,"ChlorophyllMaximum_depth_sample",3.12246200129126,"fCMdepth_mp","vera4cast"
2026-05-01,2026-04-28,"P1D","fcre",NA,"ensemble",43,"ChlorophyllMaximum_depth_sample",1.6013063583433,"fCMdepth_mp","vera4cast"
2026-05-01,2026-04-28,"P1D","fcre",NA,"ensemble",74,"ChlorophyllMaximum_depth_sample",3.57431343151601,"fCMdepth_mp","vera4cast"
2026-05-01,2026-04-28,"P1D","fcre",NA,"ensemble",105,"ChlorophyllMaximum_depth_sample",2.76732587134083,"fCMdepth_mp","vera4cast"
2026-05-01,2026-04-28,"P1D","fcre",NA,"ensemble",136,"ChlorophyllMaximum_depth_sample",2.97504519950517,"fCMdepth_mp","vera4cast"
2026-05-02,2026-04-28,"P1D","fcre",NA,"ensemble",12,"ChlorophyllMaximum_depth_sample",2.37847265214908,"fCMdepth_mp","vera4cast"
2026-05-02,2026-04-28,"P1D","fcre",NA,"ensemble",43,"ChlorophyllMaximum_depth_sample",1.31167301968821,"fCMdepth_mp","vera4cast"
2026-05-02,2026-04-28,"P1D","fcre",NA,"ensemble",74,"ChlorophyllMaximum_depth_sample",2.7515321186387,"fCMdepth_mp","vera4cast"
2026-05-02,2026-04-28,"P1D","fcre",NA,"ensemble",105,"ChlorophyllMaximum_depth_sample",2.40837229497802,"fCMdepth_mp","vera4cast"
2026-05-02,2026-04-28,"P1D","fcre",NA,"ensemble",136,"ChlorophyllMaximum_depth_sample",2.66962151560765,"fCMdepth_mp","vera4cast"
2026-05-03,2026-04-28,"P1D","fcre",NA,"ensemble",12,"ChlorophyllMaximum_depth_sample",3.29287820028991,"fCMdepth_mp","vera4cast"
2026-05-03,2026-04-28,"P1D","fcre",NA,"ensemble",43,"ChlorophyllMaximum_depth_sample",1.82813109764434,"fCMdepth_mp","vera4cast"
2026-05-03,2026-04-28,"P1D","fcre",NA,"ensemble",74,"ChlorophyllMaximum_depth_sample",2.89022870764185,"fCMdepth_mp","vera4cast"
2026-05-03,2026-04-28,"P1D","fcre",NA,"ensemble",105,"ChlorophyllMaximum_depth_sample",0.793179491479911,"fCMdepth_mp","vera4cast"
2026-05-03,2026-04-28,"P1D","fcre",NA,"ensemble",136,"ChlorophyllMaximum_depth_sample",3.16146997700059,"fCMdepth_mp","vera4cast"
2026-05-04,2026-04-28,"P1D","fcre",NA,"ensemble",12,"ChlorophyllMaximum_depth_sample",4.16551040242255,"fCMdepth_mp","vera4cast"
2026-05-04,2026-04-28,"P1D","fcre",NA,"ensemble",43,"ChlorophyllMaximum_depth_sample",4.56214716275945,"fCMdepth_mp","vera4cast"
2026-05-04,2026-04-28,"P1D","fcre",NA,"ensemble",74,"ChlorophyllMaximum_depth_sample",2.84307869236249,"fCMdepth_mp","vera4cast"
2026-05-04,2026-04-28,"P1D","fcre",NA,"ensemble",105,"ChlorophyllMaximum_depth_sample",1.83312725523944,"fCMdepth_mp","vera4cast"
2026-05-04,2026-04-28,"P1D","fcre",NA,"ensemble",136,"ChlorophyllMaximum_depth_sample",6.11497466023123,"fCMdepth_mp","vera4cast"
2026-05-05,2026-04-28,"P1D","fcre",NA,"ensemble",12,"ChlorophyllMaximum_depth_sample",4.29387564050718,"fCMdepth_mp","vera4cast"
2026-05-05,2026-04-28,"P1D","fcre",NA,"ensemble",43,"ChlorophyllMaximum_depth_sample",3.32269093948208,"fCMdepth_mp","vera4cast"
2026-05-05,2026-04-28,"P1D","fcre",NA,"ensemble",74,"ChlorophyllMaximum_depth_sample",4.46425156199604,"fCMdepth_mp","vera4cast"
2026-05-05,2026-04-28,"P1D","fcre",NA,"ensemble",105,"ChlorophyllMaximum_depth_sample",2.64611758829223,"fCMdepth_mp","vera4cast"
2026-05-05,2026-04-28,"P1D","fcre",NA,"ensemble",136,"ChlorophyllMaximum_depth_sample",2.61249287977801,"fCMdepth_mp","vera4cast"
2026-05-06,2026-04-28,"P1D","fcre",NA,"ensemble",12,"ChlorophyllMaximum_depth_sample",3.25156434531148,"fCMdepth_mp","vera4cast"
2026-05-06,2026-04-28,"P1D","fcre",NA,"ensemble",43,"ChlorophyllMaximum_depth_sample",2.10084769027905,"fCMdepth_mp","vera4cast"
2026-05-06,2026-04-28,"P1D","fcre",NA,"ensemble",74,"ChlorophyllMaximum_depth_sample",2.44787071250482,"fCMdepth_mp","vera4cast"
2026-05-06,2026-04-28,"P1D","fcre",NA,"ensemble",105,"ChlorophyllMaximum_depth_sample",4.40894380920986,"fCMdepth_mp","vera4cast"
2026-05-06,2026-04-28,"P1D","fcre",NA,"ensemble",136,"ChlorophyllMaximum_depth_sample",2.19510442426533,"fCMdepth_mp","vera4cast"
2026-05-07,2026-04-28,"P1D","fcre",NA,"ensemble",12,"ChlorophyllMaximum_depth_sample",1.71443243213016,"fCMdepth_mp","vera4cast"
2026-05-07,2026-04-28,"P1D","fcre",NA,"ensemble",43,"ChlorophyllMaximum_depth_sample",3.77420375745535,"fCMdepth_mp","vera4cast"
2026-05-07,2026-04-28,"P1D","fcre",NA,"ensemble",74,"ChlorophyllMaximum_depth_sample",4.28856081160669,"fCMdepth_mp","vera4cast"
2026-05-07,2026-04-28,"P1D","fcre",NA,"ensemble",105,"ChlorophyllMaximum_depth_sample",1.84298034527215,"fCMdepth_mp","vera4cast"
2026-05-07,2026-04-28,"P1D","fcre",NA,"ensemble",136,"ChlorophyllMaximum_depth_sample",3.10310587930101,"fCMdepth_mp","vera4cast"
2026-05-08,2026-04-28,"P1D","fcre",NA,"ensemble",12,"ChlorophyllMaximum_depth_sample",4.49950406899323,"fCMdepth_mp","vera4cast"
2026-05-08,2026-04-28,"P1D","fcre",NA,"ensemble",43,"ChlorophyllMaximum_depth_sample",5.28648550587778,"fCMdepth_mp","vera4cast"
2026-05-08,2026-04-28,"P1D","fcre",NA,"ensemble",74,"ChlorophyllMaximum_depth_sample",1.97729521651984,"fCMdepth_mp","vera4cast"
2026-05-08,2026-04-28,"P1D","fcre",NA,"ensemble",105,"ChlorophyllMaximum_depth_sample",3.7033241508462,"fCMdepth_mp","vera4cast"
2026-05-08,2026-04-28,"P1D","fcre",NA,"ensemble",136,"ChlorophyllMaximum_depth_sample",2.71293357620559,"fCMdepth_mp","vera4cast"
2026-05-09,2026-04-28,"P1D","fcre",NA,"ensemble",12,"ChlorophyllMaximum_depth_sample",2.75580557765095,"fCMdepth_mp","vera4cast"
2026-05-09,2026-04-28,"P1D","fcre",NA,"ensemble",43,"ChlorophyllMaximum_depth_sample",3.68042517552985,"fCMdepth_mp","vera4cast"
2026-05-09,2026-04-28,"P1D","fcre",NA,"ensemble",74,"ChlorophyllMaximum_depth_sample",4.07387827026597,"fCMdepth_mp","vera4cast"
2026-05-09,2026-04-28,"P1D","fcre",NA,"ensemble",105,"ChlorophyllMaximum_depth_sample",1.56457388089965,"fCMdepth_mp","vera4cast"
2026-05-09,2026-04-28,"P1D","fcre",NA,"ensemble",136,"ChlorophyllMaximum_depth_sample",4.20815188746695,"fCMdepth_mp","vera4cast"
2026-05-10,2026-04-28,"P1D","fcre",NA,"ensemble",12,"ChlorophyllMaximum_depth_sample",2.3472819822775,"fCMdepth_mp","vera4cast"
2026-05-10,2026-04-28,"P1D","fcre",NA,"ensemble",43,"ChlorophyllMaximum_depth_sample",3.58082223641331,"fCMdepth_mp","vera4cast"
2026-05-10,2026-04-28,"P1D","fcre",NA,"ensemble",74,"ChlorophyllMaximum_depth_sample",3.3021804809674,"fCMdepth_mp","vera4cast"
2026-05-10,2026-04-28,"P1D","fcre",NA,"ensemble",105,"ChlorophyllMaximum_depth_sample",2.41002274529318,"fCMdepth_mp","vera4cast"
2026-05-10,2026-04-28,"P1D","fcre",NA,"ensemble",136,"ChlorophyllMaximum_depth_sample",2.10449595469511,"fCMdepth_mp","vera4cast"
2026-05-11,2026-04-28,"P1D","fcre",NA,"ensemble",12,"ChlorophyllMaximum_depth_sample",3.72430989089392,"fCMdepth_mp","vera4cast"
2026-05-11,2026-04-28,"P1D","fcre",NA,"ensemble",43,"ChlorophyllMaximum_depth_sample",4.08711358758253,"fCMdepth_mp","vera4cast"
2026-05-11,2026-04-28,"P1D","fcre",NA,"ensemble",74,"ChlorophyllMaximum_depth_sample",3.11649788273865,"fCMdepth_mp","vera4cast"
2026-05-11,2026-04-28,"P1D","fcre",NA,"ensemble",105,"ChlorophyllMaximum_depth_sample",4.25585295253216,"fCMdepth_mp","vera4cast"
2026-05-11,2026-04-28,"P1D","fcre",NA,"ensemble",136,"ChlorophyllMaximum_depth_sample",4.84895732599053,"fCMdepth_mp","vera4cast"
2026-05-12,2026-04-28,"P1D","fcre",NA,"ensemble",12,"ChlorophyllMaximum_depth_sample",4.13050156832001,"fCMdepth_mp","vera4cast"
2026-05-12,2026-04-28,"P1D","fcre",NA,"ensemble",43,"ChlorophyllMaximum_depth_sample",3.62821322023493,"fCMdepth_mp","vera4cast"
2026-05-12,2026-04-28,"P1D","fcre",NA,"ensemble",74,"ChlorophyllMaximum_depth_sample",3.06366119427088,"fCMdepth_mp","vera4cast"
2026-05-12,2026-04-28,"P1D","fcre",NA,"ensemble",105,"ChlorophyllMaximum_depth_sample",1.22955273121089,"fCMdepth_mp","vera4cast"
2026-05-12,2026-04-28,"P1D","fcre",NA,"ensemble",136,"ChlorophyllMaximum_depth_sample",2.5577080909018,"fCMdepth_mp","vera4cast"
2026-05-13,2026-04-28,"P1D","fcre",NA,"ensemble",12,"ChlorophyllMaximum_depth_sample",4.02045370925795,"fCMdepth_mp","vera4cast"
2026-05-13,2026-04-28,"P1D","fcre",NA,"ensemble",43,"ChlorophyllMaximum_depth_sample",3.38730268230475,"fCMdepth_mp","vera4cast"
2026-05-13,2026-04-28,"P1D","fcre",NA,"ensemble",74,"ChlorophyllMaximum_depth_sample",3.51117411735188,"fCMdepth_mp","vera4cast"
2026-05-13,2026-04-28,"P1D","fcre",NA,"ensemble",105,"ChlorophyllMaximum_depth_sample",2.39203197496634,"fCMdepth_mp","vera4cast"
2026-05-13,2026-04-28,"P1D","fcre",NA,"ensemble",136,"ChlorophyllMaximum_depth_sample",3.14671217944156,"fCMdepth_mp","vera4cast"
2026-05-14,2026-04-28,"P1D","fcre",NA,"ensemble",12,"ChlorophyllMaximum_depth_sample",3.05478829018801,"fCMdepth_mp","vera4cast"
2026-05-14,2026-04-28,"P1D","fcre",NA,"ensemble",43,"ChlorophyllMaximum_depth_sample",4.34325987778579,"fCMdepth_mp","vera4cast"
2026-05-14,2026-04-28,"P1D","fcre",NA,"ensemble",74,"ChlorophyllMaximum_depth_sample",2.77188435945167,"fCMdepth_mp","vera4cast"
2026-05-14,2026-04-28,"P1D","fcre",NA,"ensemble",105,"ChlorophyllMaximum_depth_sample",0.920511266520923,"fCMdepth_mp","vera4cast"
2026-05-14,2026-04-28,"P1D","fcre",NA,"ensemble",136,"ChlorophyllMaximum_depth_sample",3.83761878020099,"fCMdepth_mp","vera4cast"
2026-05-15,2026-04-28,"P1D","fcre",NA,"ensemble",12,"ChlorophyllMaximum_depth_sample",3.32466478394932,"fCMdepth_mp","vera4cast"
2026-05-15,2026-04-28,"P1D","fcre",NA,"ensemble",43,"ChlorophyllMaximum_depth_sample",2.35626131892505,"fCMdepth_mp","vera4cast"
2026-05-15,2026-04-28,"P1D","fcre",NA,"ensemble",74,"ChlorophyllMaximum_depth_sample",2.54913128269358,"fCMdepth_mp","vera4cast"
2026-05-15,2026-04-28,"P1D","fcre",NA,"ensemble",105,"ChlorophyllMaximum_depth_sample",1.79949810206913,"fCMdepth_mp","vera4cast"
2026-05-15,2026-04-28,"P1D","fcre",NA,"ensemble",136,"ChlorophyllMaximum_depth_sample",2.70644499263429,"fCMdepth_mp","vera4cast"
2026-05-16,2026-04-28,"P1D","fcre",NA,"ensemble",12,"ChlorophyllMaximum_depth_sample",2.95443970384725,"fCMdepth_mp","vera4cast"
2026-05-16,2026-04-28,"P1D","fcre",NA,"ensemble",43,"ChlorophyllMaximum_depth_sample",2.73576488614378,"fCMdepth_mp","vera4cast"
2026-05-16,2026-04-28,"P1D","fcre",NA,"ensemble",74,"ChlorophyllMaximum_depth_sample",3.01677380511623,"fCMdepth_mp","vera4cast"
2026-05-16,2026-04-28,"P1D","fcre",NA,"ensemble",105,"ChlorophyllMaximum_depth_sample",3.37493640484961,"fCMdepth_mp","vera4cast"
2026-05-16,2026-04-28,"P1D","fcre",NA,"ensemble",136,"ChlorophyllMaximum_depth_sample",4.32852971818075,"fCMdepth_mp","vera4cast"
2026-05-17,2026-04-28,"P1D","fcre",NA,"ensemble",12,"ChlorophyllMaximum_depth_sample",3.09837602529203,"fCMdepth_mp","vera4cast"
2026-05-17,2026-04-28,"P1D","fcre",NA,"ensemble",43,"ChlorophyllMaximum_depth_sample",4.28393367239729,"fCMdepth_mp","vera4cast"
2026-05-17,2026-04-28,"P1D","fcre",NA,"ensemble",74,"ChlorophyllMaximum_depth_sample",2.97731180733668,"fCMdepth_mp","vera4cast"
2026-05-17,2026-04-28,"P1D","fcre",NA,"ensemble",105,"ChlorophyllMaximum_depth_sample",1.51088933196041,"fCMdepth_mp","vera4cast"
2026-05-17,2026-04-28,"P1D","fcre",NA,"ensemble",136,"ChlorophyllMaximum_depth_sample",3.93882246233471,"fCMdepth_mp","vera4cast"
2026-05-18,2026-04-28,"P1D","fcre",NA,"ensemble",12,"ChlorophyllMaximum_depth_sample",3.06076731003162,"fCMdepth_mp","vera4cast"
2026-05-18,2026-04-28,"P1D","fcre",NA,"ensemble",43,"ChlorophyllMaximum_depth_sample",2.23981339050218,"fCMdepth_mp","vera4cast"
2026-05-18,2026-04-28,"P1D","fcre",NA,"ensemble",74,"ChlorophyllMaximum_depth_sample",2.05719042471095,"fCMdepth_mp","vera4cast"
2026-05-18,2026-04-28,"P1D","fcre",NA,"ensemble",105,"ChlorophyllMaximum_depth_sample",0.535857061825976,"fCMdepth_mp","vera4cast"
2026-05-18,2026-04-28,"P1D","fcre",NA,"ensemble",136,"ChlorophyllMaximum_depth_sample",3.72058889765412,"fCMdepth_mp","vera4cast"
2026-05-19,2026-04-28,"P1D","fcre",NA,"ensemble",12,"ChlorophyllMaximum_depth_sample",3.42199521077095,"fCMdepth_mp","vera4cast"
2026-05-19,2026-04-28,"P1D","fcre",NA,"ensemble",43,"ChlorophyllMaximum_depth_sample",4.60726885101536,"fCMdepth_mp","vera4cast"
2026-05-19,2026-04-28,"P1D","fcre",NA,"ensemble",74,"ChlorophyllMaximum_depth_sample",3.15774443608862,"fCMdepth_mp","vera4cast"
2026-05-19,2026-04-28,"P1D","fcre",NA,"ensemble",105,"ChlorophyllMaximum_depth_sample",2.14904500625936,"fCMdepth_mp","vera4cast"
2026-05-19,2026-04-28,"P1D","fcre",NA,"ensemble",136,"ChlorophyllMaximum_depth_sample",2.51496032299387,"fCMdepth_mp","vera4cast"
2026-05-20,2026-04-28,"P1D","fcre",NA,"ensemble",12,"ChlorophyllMaximum_depth_sample",2.19342539747866,"fCMdepth_mp","vera4cast"
2026-05-20,2026-04-28,"P1D","fcre",NA,"ensemble",43,"ChlorophyllMaximum_depth_sample",3.94459073981816,"fCMdepth_mp","vera4cast"
2026-05-20,2026-04-28,"P1D","fcre",NA,"ensemble",74,"ChlorophyllMaximum_depth_sample",3.13649208654073,"fCMdepth_mp","vera4cast"
2026-05-20,2026-04-28,"P1D","fcre",NA,"ensemble",105,"ChlorophyllMaximum_depth_sample",2.89063220300122,"fCMdepth_mp","vera4cast"
2026-05-20,2026-04-28,"P1D","fcre",NA,"ensemble",136,"ChlorophyllMaximum_depth_sample",3.43068287679819,"fCMdepth_mp","vera4cast"
2026-05-21,2026-04-28,"P1D","fcre",NA,"ensemble",12,"ChlorophyllMaximum_depth_sample",3.65122319809564,"fCMdepth_mp","vera4cast"
2026-05-21,2026-04-28,"P1D","fcre",NA,"ensemble",43,"ChlorophyllMaximum_depth_sample",3.57458681587678,"fCMdepth_mp","vera4cast"
2026-05-21,2026-04-28,"P1D","fcre",NA,"ensemble",74,"ChlorophyllMaximum_depth_sample",3.03419326940598,"fCMdepth_mp","vera4cast"
2026-05-21,2026-04-28,"P1D","fcre",NA,"ensemble",105,"ChlorophyllMaximum_depth_sample",3.51558744070769,"fCMdepth_mp","vera4cast"
2026-05-21,2026-04-28,"P1D","fcre",NA,"ensemble",136,"ChlorophyllMaximum_depth_sample",3.45853505922413,"fCMdepth_mp","vera4cast"
2026-05-22,2026-04-28,"P1D","fcre",NA,"ensemble",12,"ChlorophyllMaximum_depth_sample",2.05497721389791,"fCMdepth_mp","vera4cast"
2026-05-22,2026-04-28,"P1D","fcre",NA,"ensemble",43,"ChlorophyllMaximum_depth_sample",1.62114914690182,"fCMdepth_mp","vera4cast"
2026-05-22,2026-04-28,"P1D","fcre",NA,"ensemble",74,"ChlorophyllMaximum_depth_sample",1.38435808533325,"fCMdepth_mp","vera4cast"
2026-05-22,2026-04-28,"P1D","fcre",NA,"ensemble",105,"ChlorophyllMaximum_depth_sample",2.69588250611964,"fCMdepth_mp","vera4cast"
2026-05-22,2026-04-28,"P1D","fcre",NA,"ensemble",136,"ChlorophyllMaximum_depth_sample",3.43453333293116,"fCMdepth_mp","vera4cast"
2026-05-23,2026-04-28,"P1D","fcre",NA,"ensemble",12,"ChlorophyllMaximum_depth_sample",2.3121494693719,"fCMdepth_mp","vera4cast"
2026-05-23,2026-04-28,"P1D","fcre",NA,"ensemble",43,"ChlorophyllMaximum_depth_sample",2.66432557598083,"fCMdepth_mp","vera4cast"
2026-05-23,2026-04-28,"P1D","fcre",NA,"ensemble",74,"ChlorophyllMaximum_depth_sample",2.8995130511794,"fCMdepth_mp","vera4cast"
2026-05-23,2026-04-28,"P1D","fcre",NA,"ensemble",105,"ChlorophyllMaximum_depth_sample",1.9399061437328,"fCMdepth_mp","vera4cast"
2026-05-23,2026-04-28,"P1D","fcre",NA,"ensemble",136,"ChlorophyllMaximum_depth_sample",2.63430085325483,"fCMdepth_mp","vera4cast"
2026-05-24,2026-04-28,"P1D","fcre",NA,"ensemble",12,"ChlorophyllMaximum_depth_sample",2.65349812611652,"fCMdepth_mp","vera4cast"
2026-05-24,2026-04-28,"P1D","fcre",NA,"ensemble",43,"ChlorophyllMaximum_depth_sample",4.44535398477171,"fCMdepth_mp","vera4cast"
2026-05-24,2026-04-28,"P1D","fcre",NA,"ensemble",74,"ChlorophyllMaximum_depth_sample",2.60244670289316,"fCMdepth_mp","vera4cast"
2026-05-24,2026-04-28,"P1D","fcre",NA,"ensemble",105,"ChlorophyllMaximum_depth_sample",1.2513269640667,"fCMdepth_mp","vera4cast"
2026-05-24,2026-04-28,"P1D","fcre",NA,"ensemble",136,"ChlorophyllMaximum_depth_sample",4.41606351323186,"fCMdepth_mp","vera4cast"
2026-05-25,2026-04-28,"P1D","fcre",NA,"ensemble",12,"ChlorophyllMaximum_depth_sample",1.27407677898918,"fCMdepth_mp","vera4cast"
2026-05-25,2026-04-28,"P1D","fcre",NA,"ensemble",43,"ChlorophyllMaximum_depth_sample",2.60510328963875,"fCMdepth_mp","vera4cast"
2026-05-25,2026-04-28,"P1D","fcre",NA,"ensemble",74,"ChlorophyllMaximum_depth_sample",3.01109013116992,"fCMdepth_mp","vera4cast"
2026-05-25,2026-04-28,"P1D","fcre",NA,"ensemble",105,"ChlorophyllMaximum_depth_sample",3.29070993663472,"fCMdepth_mp","vera4cast"
2026-05-25,2026-04-28,"P1D","fcre",NA,"ensemble",136,"ChlorophyllMaximum_depth_sample",2.59156308593333,"fCMdepth_mp","vera4cast"
2026-05-26,2026-04-28,"P1D","fcre",NA,"ensemble",12,"ChlorophyllMaximum_depth_sample",4.8369499523644,"fCMdepth_mp","vera4cast"
2026-05-26,2026-04-28,"P1D","fcre",NA,"ensemble",43,"ChlorophyllMaximum_depth_sample",3.10410494788502,"fCMdepth_mp","vera4cast"
2026-05-26,2026-04-28,"P1D","fcre",NA,"ensemble",74,"ChlorophyllMaximum_depth_sample",2.288185683026,"fCMdepth_mp","vera4cast"
2026-05-26,2026-04-28,"P1D","fcre",NA,"ensemble",105,"ChlorophyllMaximum_depth_sample",1.01320398394822,"fCMdepth_mp","vera4cast"
2026-05-26,2026-04-28,"P1D","fcre",NA,"ensemble",136,"ChlorophyllMaximum_depth_sample",3.17519760182572,"fCMdepth_mp","vera4cast"
2026-05-27,2026-04-28,"P1D","fcre",NA,"ensemble",12,"ChlorophyllMaximum_depth_sample",0.739775763592304,"fCMdepth_mp","vera4cast"
2026-05-27,2026-04-28,"P1D","fcre",NA,"ensemble",43,"ChlorophyllMaximum_depth_sample",1.80575510015759,"fCMdepth_mp","vera4cast"
2026-05-27,2026-04-28,"P1D","fcre",NA,"ensemble",74,"ChlorophyllMaximum_depth_sample",1.02587652578796,"fCMdepth_mp","vera4cast"
2026-05-27,2026-04-28,"P1D","fcre",NA,"ensemble",105,"ChlorophyllMaximum_depth_sample",4.27882604299082,"fCMdepth_mp","vera4cast"
2026-05-27,2026-04-28,"P1D","fcre",NA,"ensemble",136,"ChlorophyllMaximum_depth_sample",4.66758622772552,"fCMdepth_mp","vera4cast"
2026-05-28,2026-04-28,"P1D","fcre",NA,"ensemble",12,"ChlorophyllMaximum_depth_sample",3.0718776670815,"fCMdepth_mp","vera4cast"
2026-05-28,2026-04-28,"P1D","fcre",NA,"ensemble",43,"ChlorophyllMaximum_depth_sample",4.43521588726231,"fCMdepth_mp","vera4cast"
2026-05-28,2026-04-28,"P1D","fcre",NA,"ensemble",74,"ChlorophyllMaximum_depth_sample",2.81500538532917,"fCMdepth_mp","vera4cast"
2026-05-28,2026-04-28,"P1D","fcre",NA,"ensemble",105,"ChlorophyllMaximum_depth_sample",3.62303305190902,"fCMdepth_mp","vera4cast"
2026-05-28,2026-04-28,"P1D","fcre",NA,"ensemble",136,"ChlorophyllMaximum_depth_sample",3.72371143647838,"fCMdepth_mp","vera4cast"
2026-05-29,2026-04-28,"P1D","fcre",NA,"ensemble",12,"ChlorophyllMaximum_depth_sample",2.51464365903503,"fCMdepth_mp","vera4cast"
2026-05-29,2026-04-28,"P1D","fcre",NA,"ensemble",43,"ChlorophyllMaximum_depth_sample",3.6390596086289,"fCMdepth_mp","vera4cast"
2026-05-29,2026-04-28,"P1D","fcre",NA,"ensemble",74,"ChlorophyllMaximum_depth_sample",3.94902947504067,"fCMdepth_mp","vera4cast"
2026-05-29,2026-04-28,"P1D","fcre",NA,"ensemble",105,"ChlorophyllMaximum_depth_sample",4.56676157861303,"fCMdepth_mp","vera4cast"
2026-05-29,2026-04-28,"P1D","fcre",NA,"ensemble",136,"ChlorophyllMaximum_depth_sample",2.29317774552082,"fCMdepth_mp","vera4cast"
2026-05-30,2026-04-28,"P1D","fcre",NA,"ensemble",12,"ChlorophyllMaximum_depth_sample",2.70142916912639,"fCMdepth_mp","vera4cast"
2026-05-30,2026-04-28,"P1D","fcre",NA,"ensemble",43,"ChlorophyllMaximum_depth_sample",2.82128227755978,"fCMdepth_mp","vera4cast"
2026-05-30,2026-04-28,"P1D","fcre",NA,"ensemble",74,"ChlorophyllMaximum_depth_sample",3.10708341427464,"fCMdepth_mp","vera4cast"
2026-05-30,2026-04-28,"P1D","fcre",NA,"ensemble",105,"ChlorophyllMaximum_depth_sample",2.57541768463096,"fCMdepth_mp","vera4cast"
2026-05-30,2026-04-28,"P1D","fcre",NA,"ensemble",136,"ChlorophyllMaximum_depth_sample",2.07905851404711,"fCMdepth_mp","vera4cast"
2026-05-31,2026-04-28,"P1D","fcre",NA,"ensemble",12,"ChlorophyllMaximum_depth_sample",4.22346531753669,"fCMdepth_mp","vera4cast"
2026-05-31,2026-04-28,"P1D","fcre",NA,"ensemble",43,"ChlorophyllMaximum_depth_sample",1.31481584459445,"fCMdepth_mp","vera4cast"
2026-05-31,2026-04-28,"P1D","fcre",NA,"ensemble",74,"ChlorophyllMaximum_depth_sample",4.11189226949941,"fCMdepth_mp","vera4cast"
2026-05-31,2026-04-28,"P1D","fcre",NA,"ensemble",105,"ChlorophyllMaximum_depth_sample",1.76477799889043,"fCMdepth_mp","vera4cast"
2026-05-31,2026-04-28,"P1D","fcre",NA,"ensemble",136,"ChlorophyllMaximum_depth_sample",2.31614651820744,"fCMdepth_mp","vera4cast"
2026-06-01,2026-04-28,"P1D","fcre",NA,"ensemble",12,"ChlorophyllMaximum_depth_sample",1.70589320227081,"fCMdepth_mp","vera4cast"
2026-06-01,2026-04-28,"P1D","fcre",NA,"ensemble",43,"ChlorophyllMaximum_depth_sample",2.42755905160949,"fCMdepth_mp","vera4cast"
2026-06-01,2026-04-28,"P1D","fcre",NA,"ensemble",74,"ChlorophyllMaximum_depth_sample",4.63698146367086,"fCMdepth_mp","vera4cast"
2026-06-01,2026-04-28,"P1D","fcre",NA,"ensemble",105,"ChlorophyllMaximum_depth_sample",3.91650136907685,"fCMdepth_mp","vera4cast"
2026-06-01,2026-04-28,"P1D","fcre",NA,"ensemble",136,"ChlorophyllMaximum_depth_sample",2.82926806612953,"fCMdepth_mp","vera4cast"
2026-04-29,2026-04-28,"P1D","fcre",NA,"ensemble",13,"ChlorophyllMaximum_depth_sample",1.18133056188407,"fCMdepth_mp","vera4cast"
2026-04-29,2026-04-28,"P1D","fcre",NA,"ensemble",44,"ChlorophyllMaximum_depth_sample",1.47256963145938,"fCMdepth_mp","vera4cast"
2026-04-29,2026-04-28,"P1D","fcre",NA,"ensemble",75,"ChlorophyllMaximum_depth_sample",3.43153671603121,"fCMdepth_mp","vera4cast"
2026-04-29,2026-04-28,"P1D","fcre",NA,"ensemble",106,"ChlorophyllMaximum_depth_sample",3.0748886917171,"fCMdepth_mp","vera4cast"
2026-04-29,2026-04-28,"P1D","fcre",NA,"ensemble",137,"ChlorophyllMaximum_depth_sample",2.07539004344253,"fCMdepth_mp","vera4cast"
2026-04-30,2026-04-28,"P1D","fcre",NA,"ensemble",13,"ChlorophyllMaximum_depth_sample",4.9647039079646,"fCMdepth_mp","vera4cast"
2026-04-30,2026-04-28,"P1D","fcre",NA,"ensemble",44,"ChlorophyllMaximum_depth_sample",2.69221233011854,"fCMdepth_mp","vera4cast"
2026-04-30,2026-04-28,"P1D","fcre",NA,"ensemble",75,"ChlorophyllMaximum_depth_sample",2.67383646688696,"fCMdepth_mp","vera4cast"
2026-04-30,2026-04-28,"P1D","fcre",NA,"ensemble",106,"ChlorophyllMaximum_depth_sample",2.77842584251221,"fCMdepth_mp","vera4cast"
2026-04-30,2026-04-28,"P1D","fcre",NA,"ensemble",137,"ChlorophyllMaximum_depth_sample",2.21278094253747,"fCMdepth_mp","vera4cast"
2026-05-01,2026-04-28,"P1D","fcre",NA,"ensemble",13,"ChlorophyllMaximum_depth_sample",1.86175411082046,"fCMdepth_mp","vera4cast"
2026-05-01,2026-04-28,"P1D","fcre",NA,"ensemble",44,"ChlorophyllMaximum_depth_sample",3.96278779333343,"fCMdepth_mp","vera4cast"
2026-05-01,2026-04-28,"P1D","fcre",NA,"ensemble",75,"ChlorophyllMaximum_depth_sample",4.35703351726446,"fCMdepth_mp","vera4cast"
2026-05-01,2026-04-28,"P1D","fcre",NA,"ensemble",106,"ChlorophyllMaximum_depth_sample",2.46172105441197,"fCMdepth_mp","vera4cast"
2026-05-01,2026-04-28,"P1D","fcre",NA,"ensemble",137,"ChlorophyllMaximum_depth_sample",2.29699760609269,"fCMdepth_mp","vera4cast"
2026-05-02,2026-04-28,"P1D","fcre",NA,"ensemble",13,"ChlorophyllMaximum_depth_sample",4.2768272185042,"fCMdepth_mp","vera4cast"
2026-05-02,2026-04-28,"P1D","fcre",NA,"ensemble",44,"ChlorophyllMaximum_depth_sample",3.03080639886105,"fCMdepth_mp","vera4cast"
2026-05-02,2026-04-28,"P1D","fcre",NA,"ensemble",75,"ChlorophyllMaximum_depth_sample",2.85414188510723,"fCMdepth_mp","vera4cast"
2026-05-02,2026-04-28,"P1D","fcre",NA,"ensemble",106,"ChlorophyllMaximum_depth_sample",3.46719574753397,"fCMdepth_mp","vera4cast"
2026-05-02,2026-04-28,"P1D","fcre",NA,"ensemble",137,"ChlorophyllMaximum_depth_sample",3.29516553418849,"fCMdepth_mp","vera4cast"
2026-05-03,2026-04-28,"P1D","fcre",NA,"ensemble",13,"ChlorophyllMaximum_depth_sample",2.3834337884961,"fCMdepth_mp","vera4cast"
2026-05-03,2026-04-28,"P1D","fcre",NA,"ensemble",44,"ChlorophyllMaximum_depth_sample",0.779803027526393,"fCMdepth_mp","vera4cast"
2026-05-03,2026-04-28,"P1D","fcre",NA,"ensemble",75,"ChlorophyllMaximum_depth_sample",2.74881343632391,"fCMdepth_mp","vera4cast"
2026-05-03,2026-04-28,"P1D","fcre",NA,"ensemble",106,"ChlorophyllMaximum_depth_sample",3.3950141683056,"fCMdepth_mp","vera4cast"
2026-05-03,2026-04-28,"P1D","fcre",NA,"ensemble",137,"ChlorophyllMaximum_depth_sample",3.23189209892168,"fCMdepth_mp","vera4cast"
2026-05-04,2026-04-28,"P1D","fcre",NA,"ensemble",13,"ChlorophyllMaximum_depth_sample",1.68536050336977,"fCMdepth_mp","vera4cast"
2026-05-04,2026-04-28,"P1D","fcre",NA,"ensemble",44,"ChlorophyllMaximum_depth_sample",3.55423951279529,"fCMdepth_mp","vera4cast"
2026-05-04,2026-04-28,"P1D","fcre",NA,"ensemble",75,"ChlorophyllMaximum_depth_sample",2.96945893767727,"fCMdepth_mp","vera4cast"
2026-05-04,2026-04-28,"P1D","fcre",NA,"ensemble",106,"ChlorophyllMaximum_depth_sample",3.72721508740744,"fCMdepth_mp","vera4cast"
2026-05-04,2026-04-28,"P1D","fcre",NA,"ensemble",137,"ChlorophyllMaximum_depth_sample",1.29868813288795,"fCMdepth_mp","vera4cast"
2026-05-05,2026-04-28,"P1D","fcre",NA,"ensemble",13,"ChlorophyllMaximum_depth_sample",1.43211837318054,"fCMdepth_mp","vera4cast"
2026-05-05,2026-04-28,"P1D","fcre",NA,"ensemble",44,"ChlorophyllMaximum_depth_sample",4.05778539095816,"fCMdepth_mp","vera4cast"
2026-05-05,2026-04-28,"P1D","fcre",NA,"ensemble",75,"ChlorophyllMaximum_depth_sample",1.48756340796036,"fCMdepth_mp","vera4cast"
2026-05-05,2026-04-28,"P1D","fcre",NA,"ensemble",106,"ChlorophyllMaximum_depth_sample",3.79039771482171,"fCMdepth_mp","vera4cast"
2026-05-05,2026-04-28,"P1D","fcre",NA,"ensemble",137,"ChlorophyllMaximum_depth_sample",2.96927493951723,"fCMdepth_mp","vera4cast"
2026-05-06,2026-04-28,"P1D","fcre",NA,"ensemble",13,"ChlorophyllMaximum_depth_sample",3.35032492464141,"fCMdepth_mp","vera4cast"
2026-05-06,2026-04-28,"P1D","fcre",NA,"ensemble",44,"ChlorophyllMaximum_depth_sample",2.16585377050411,"fCMdepth_mp","vera4cast"
2026-05-06,2026-04-28,"P1D","fcre",NA,"ensemble",75,"ChlorophyllMaximum_depth_sample",3.13378344440503,"fCMdepth_mp","vera4cast"
2026-05-06,2026-04-28,"P1D","fcre",NA,"ensemble",106,"ChlorophyllMaximum_depth_sample",4.68584353253399,"fCMdepth_mp","vera4cast"
2026-05-06,2026-04-28,"P1D","fcre",NA,"ensemble",137,"ChlorophyllMaximum_depth_sample",3.27342271316221,"fCMdepth_mp","vera4cast"
2026-05-07,2026-04-28,"P1D","fcre",NA,"ensemble",13,"ChlorophyllMaximum_depth_sample",1.59048008127136,"fCMdepth_mp","vera4cast"
2026-05-07,2026-04-28,"P1D","fcre",NA,"ensemble",44,"ChlorophyllMaximum_depth_sample",2.10820551465743,"fCMdepth_mp","vera4cast"
2026-05-07,2026-04-28,"P1D","fcre",NA,"ensemble",75,"ChlorophyllMaximum_depth_sample",3.26725089487814,"fCMdepth_mp","vera4cast"
2026-05-07,2026-04-28,"P1D","fcre",NA,"ensemble",106,"ChlorophyllMaximum_depth_sample",4.12840776518891,"fCMdepth_mp","vera4cast"
2026-05-07,2026-04-28,"P1D","fcre",NA,"ensemble",137,"ChlorophyllMaximum_depth_sample",2.80117234299074,"fCMdepth_mp","vera4cast"
2026-05-08,2026-04-28,"P1D","fcre",NA,"ensemble",13,"ChlorophyllMaximum_depth_sample",2.92418416298766,"fCMdepth_mp","vera4cast"
2026-05-08,2026-04-28,"P1D","fcre",NA,"ensemble",44,"ChlorophyllMaximum_depth_sample",1.76128359698904,"fCMdepth_mp","vera4cast"
2026-05-08,2026-04-28,"P1D","fcre",NA,"ensemble",75,"ChlorophyllMaximum_depth_sample",3.35878381447447,"fCMdepth_mp","vera4cast"
2026-05-08,2026-04-28,"P1D","fcre",NA,"ensemble",106,"ChlorophyllMaximum_depth_sample",3.23218162950876,"fCMdepth_mp","vera4cast"
2026-05-08,2026-04-28,"P1D","fcre",NA,"ensemble",137,"ChlorophyllMaximum_depth_sample",2.58540980619812,"fCMdepth_mp","vera4cast"
2026-05-09,2026-04-28,"P1D","fcre",NA,"ensemble",13,"ChlorophyllMaximum_depth_sample",1.60721485897973,"fCMdepth_mp","vera4cast"
2026-05-09,2026-04-28,"P1D","fcre",NA,"ensemble",44,"ChlorophyllMaximum_depth_sample",2.19814456351939,"fCMdepth_mp","vera4cast"
2026-05-09,2026-04-28,"P1D","fcre",NA,"ensemble",75,"ChlorophyllMaximum_depth_sample",3.64132309225127,"fCMdepth_mp","vera4cast"
2026-05-09,2026-04-28,"P1D","fcre",NA,"ensemble",106,"ChlorophyllMaximum_depth_sample",2.44260363314959,"fCMdepth_mp","vera4cast"
2026-05-09,2026-04-28,"P1D","fcre",NA,"ensemble",137,"ChlorophyllMaximum_depth_sample",3.3587241738821,"fCMdepth_mp","vera4cast"
2026-05-10,2026-04-28,"P1D","fcre",NA,"ensemble",13,"ChlorophyllMaximum_depth_sample",3.42671161427456,"fCMdepth_mp","vera4cast"
2026-05-10,2026-04-28,"P1D","fcre",NA,"ensemble",44,"ChlorophyllMaximum_depth_sample",1.5850192384256,"fCMdepth_mp","vera4cast"
2026-05-10,2026-04-28,"P1D","fcre",NA,"ensemble",75,"ChlorophyllMaximum_depth_sample",2.89807015278286,"fCMdepth_mp","vera4cast"
2026-05-10,2026-04-28,"P1D","fcre",NA,"ensemble",106,"ChlorophyllMaximum_depth_sample",2.42353438991667,"fCMdepth_mp","vera4cast"
2026-05-10,2026-04-28,"P1D","fcre",NA,"ensemble",137,"ChlorophyllMaximum_depth_sample",3.00309349129386,"fCMdepth_mp","vera4cast"
2026-05-11,2026-04-28,"P1D","fcre",NA,"ensemble",13,"ChlorophyllMaximum_depth_sample",1.89997807444789,"fCMdepth_mp","vera4cast"
2026-05-11,2026-04-28,"P1D","fcre",NA,"ensemble",44,"ChlorophyllMaximum_depth_sample",4.78126278706487,"fCMdepth_mp","vera4cast"
2026-05-11,2026-04-28,"P1D","fcre",NA,"ensemble",75,"ChlorophyllMaximum_depth_sample",3.75344046754059,"fCMdepth_mp","vera4cast"
2026-05-11,2026-04-28,"P1D","fcre",NA,"ensemble",106,"ChlorophyllMaximum_depth_sample",4.62853415048038,"fCMdepth_mp","vera4cast"
2026-05-11,2026-04-28,"P1D","fcre",NA,"ensemble",137,"ChlorophyllMaximum_depth_sample",3.85591524959353,"fCMdepth_mp","vera4cast"
2026-05-12,2026-04-28,"P1D","fcre",NA,"ensemble",13,"ChlorophyllMaximum_depth_sample",1.5315833634139,"fCMdepth_mp","vera4cast"
2026-05-12,2026-04-28,"P1D","fcre",NA,"ensemble",44,"ChlorophyllMaximum_depth_sample",3.44746811027237,"fCMdepth_mp","vera4cast"
2026-05-12,2026-04-28,"P1D","fcre",NA,"ensemble",75,"ChlorophyllMaximum_depth_sample",3.9246718167453,"fCMdepth_mp","vera4cast"
2026-05-12,2026-04-28,"P1D","fcre",NA,"ensemble",106,"ChlorophyllMaximum_depth_sample",2.33524267540456,"fCMdepth_mp","vera4cast"
2026-05-12,2026-04-28,"P1D","fcre",NA,"ensemble",137,"ChlorophyllMaximum_depth_sample",0.954281211135215,"fCMdepth_mp","vera4cast"
2026-05-13,2026-04-28,"P1D","fcre",NA,"ensemble",13,"ChlorophyllMaximum_depth_sample",3.93299464068362,"fCMdepth_mp","vera4cast"
2026-05-13,2026-04-28,"P1D","fcre",NA,"ensemble",44,"ChlorophyllMaximum_depth_sample",4.79404309030017,"fCMdepth_mp","vera4cast"
2026-05-13,2026-04-28,"P1D","fcre",NA,"ensemble",75,"ChlorophyllMaximum_depth_sample",3.18743212545111,"fCMdepth_mp","vera4cast"
2026-05-13,2026-04-28,"P1D","fcre",NA,"ensemble",106,"ChlorophyllMaximum_depth_sample",2.61073794589675,"fCMdepth_mp","vera4cast"
2026-05-13,2026-04-28,"P1D","fcre",NA,"ensemble",137,"ChlorophyllMaximum_depth_sample",3.62498967618812,"fCMdepth_mp","vera4cast"
2026-05-14,2026-04-28,"P1D","fcre",NA,"ensemble",13,"ChlorophyllMaximum_depth_sample",4.23897921665247,"fCMdepth_mp","vera4cast"
2026-05-14,2026-04-28,"P1D","fcre",NA,"ensemble",44,"ChlorophyllMaximum_depth_sample",1.94359612405447,"fCMdepth_mp","vera4cast"
2026-05-14,2026-04-28,"P1D","fcre",NA,"ensemble",75,"ChlorophyllMaximum_depth_sample",3.27580177235896,"fCMdepth_mp","vera4cast"
2026-05-14,2026-04-28,"P1D","fcre",NA,"ensemble",106,"ChlorophyllMaximum_depth_sample",2.65284898355362,"fCMdepth_mp","vera4cast"
2026-05-14,2026-04-28,"P1D","fcre",NA,"ensemble",137,"ChlorophyllMaximum_depth_sample",3.53539463737559,"fCMdepth_mp","vera4cast"
2026-05-15,2026-04-28,"P1D","fcre",NA,"ensemble",13,"ChlorophyllMaximum_depth_sample",4.45581050719494,"fCMdepth_mp","vera4cast"
2026-05-15,2026-04-28,"P1D","fcre",NA,"ensemble",44,"ChlorophyllMaximum_depth_sample",3.94829962893321,"fCMdepth_mp","vera4cast"
2026-05-15,2026-04-28,"P1D","fcre",NA,"ensemble",75,"ChlorophyllMaximum_depth_sample",3.21834970775317,"fCMdepth_mp","vera4cast"
2026-05-15,2026-04-28,"P1D","fcre",NA,"ensemble",106,"ChlorophyllMaximum_depth_sample",3.26981100776638,"fCMdepth_mp","vera4cast"
2026-05-15,2026-04-28,"P1D","fcre",NA,"ensemble",137,"ChlorophyllMaximum_depth_sample",3.37373321890167,"fCMdepth_mp","vera4cast"
2026-05-16,2026-04-28,"P1D","fcre",NA,"ensemble",13,"ChlorophyllMaximum_depth_sample",0.907159923291025,"fCMdepth_mp","vera4cast"
2026-05-16,2026-04-28,"P1D","fcre",NA,"ensemble",44,"ChlorophyllMaximum_depth_sample",3.55016007749546,"fCMdepth_mp","vera4cast"
2026-05-16,2026-04-28,"P1D","fcre",NA,"ensemble",75,"ChlorophyllMaximum_depth_sample",4.80551236272135,"fCMdepth_mp","vera4cast"
2026-05-16,2026-04-28,"P1D","fcre",NA,"ensemble",106,"ChlorophyllMaximum_depth_sample",2.08448915714683,"fCMdepth_mp","vera4cast"
2026-05-16,2026-04-28,"P1D","fcre",NA,"ensemble",137,"ChlorophyllMaximum_depth_sample",1.22156309382969,"fCMdepth_mp","vera4cast"
2026-05-17,2026-04-28,"P1D","fcre",NA,"ensemble",13,"ChlorophyllMaximum_depth_sample",4.27843792042812,"fCMdepth_mp","vera4cast"
2026-05-17,2026-04-28,"P1D","fcre",NA,"ensemble",44,"ChlorophyllMaximum_depth_sample",2.50146377777974,"fCMdepth_mp","vera4cast"
2026-05-17,2026-04-28,"P1D","fcre",NA,"ensemble",75,"ChlorophyllMaximum_depth_sample",2.22505155415193,"fCMdepth_mp","vera4cast"
2026-05-17,2026-04-28,"P1D","fcre",NA,"ensemble",106,"ChlorophyllMaximum_depth_sample",5.65193839528392,"fCMdepth_mp","vera4cast"
2026-05-17,2026-04-28,"P1D","fcre",NA,"ensemble",137,"ChlorophyllMaximum_depth_sample",3.7305610997334,"fCMdepth_mp","vera4cast"
2026-05-18,2026-04-28,"P1D","fcre",NA,"ensemble",13,"ChlorophyllMaximum_depth_sample",1.74173646509712,"fCMdepth_mp","vera4cast"
2026-05-18,2026-04-28,"P1D","fcre",NA,"ensemble",44,"ChlorophyllMaximum_depth_sample",2.13609291238906,"fCMdepth_mp","vera4cast"
2026-05-18,2026-04-28,"P1D","fcre",NA,"ensemble",75,"ChlorophyllMaximum_depth_sample",3.56563646084291,"fCMdepth_mp","vera4cast"
2026-05-18,2026-04-28,"P1D","fcre",NA,"ensemble",106,"ChlorophyllMaximum_depth_sample",3.10580910364965,"fCMdepth_mp","vera4cast"
2026-05-18,2026-04-28,"P1D","fcre",NA,"ensemble",137,"ChlorophyllMaximum_depth_sample",1.45371672223008,"fCMdepth_mp","vera4cast"
2026-05-19,2026-04-28,"P1D","fcre",NA,"ensemble",13,"ChlorophyllMaximum_depth_sample",1.53136236795767,"fCMdepth_mp","vera4cast"
2026-05-19,2026-04-28,"P1D","fcre",NA,"ensemble",44,"ChlorophyllMaximum_depth_sample",3.84703361533446,"fCMdepth_mp","vera4cast"
2026-05-19,2026-04-28,"P1D","fcre",NA,"ensemble",75,"ChlorophyllMaximum_depth_sample",2.82016931090399,"fCMdepth_mp","vera4cast"
2026-05-19,2026-04-28,"P1D","fcre",NA,"ensemble",106,"ChlorophyllMaximum_depth_sample",0.77793981858225,"fCMdepth_mp","vera4cast"
2026-05-19,2026-04-28,"P1D","fcre",NA,"ensemble",137,"ChlorophyllMaximum_depth_sample",2.40549812462616,"fCMdepth_mp","vera4cast"
2026-05-20,2026-04-28,"P1D","fcre",NA,"ensemble",13,"ChlorophyllMaximum_depth_sample",3.32868741805457,"fCMdepth_mp","vera4cast"
2026-05-20,2026-04-28,"P1D","fcre",NA,"ensemble",44,"ChlorophyllMaximum_depth_sample",2.28412097966566,"fCMdepth_mp","vera4cast"
2026-05-20,2026-04-28,"P1D","fcre",NA,"ensemble",75,"ChlorophyllMaximum_depth_sample",4.49826040725796,"fCMdepth_mp","vera4cast"
2026-05-20,2026-04-28,"P1D","fcre",NA,"ensemble",106,"ChlorophyllMaximum_depth_sample",3.91554335650754,"fCMdepth_mp","vera4cast"
2026-05-20,2026-04-28,"P1D","fcre",NA,"ensemble",137,"ChlorophyllMaximum_depth_sample",2.65042993629509,"fCMdepth_mp","vera4cast"
2026-05-21,2026-04-28,"P1D","fcre",NA,"ensemble",13,"ChlorophyllMaximum_depth_sample",1.95117465470786,"fCMdepth_mp","vera4cast"
2026-05-21,2026-04-28,"P1D","fcre",NA,"ensemble",44,"ChlorophyllMaximum_depth_sample",2.82859301073111,"fCMdepth_mp","vera4cast"
2026-05-21,2026-04-28,"P1D","fcre",NA,"ensemble",75,"ChlorophyllMaximum_depth_sample",3.70225653491205,"fCMdepth_mp","vera4cast"
2026-05-21,2026-04-28,"P1D","fcre",NA,"ensemble",106,"ChlorophyllMaximum_depth_sample",2.9823120199041,"fCMdepth_mp","vera4cast"
2026-05-21,2026-04-28,"P1D","fcre",NA,"ensemble",137,"ChlorophyllMaximum_depth_sample",4.62890099724886,"fCMdepth_mp","vera4cast"
2026-05-22,2026-04-28,"P1D","fcre",NA,"ensemble",13,"ChlorophyllMaximum_depth_sample",3.71585596546931,"fCMdepth_mp","vera4cast"
2026-05-22,2026-04-28,"P1D","fcre",NA,"ensemble",44,"ChlorophyllMaximum_depth_sample",2.0546024798667,"fCMdepth_mp","vera4cast"
2026-05-22,2026-04-28,"P1D","fcre",NA,"ensemble",75,"ChlorophyllMaximum_depth_sample",2.52521219355098,"fCMdepth_mp","vera4cast"
2026-05-22,2026-04-28,"P1D","fcre",NA,"ensemble",106,"ChlorophyllMaximum_depth_sample",1.95929027947642,"fCMdepth_mp","vera4cast"
2026-05-22,2026-04-28,"P1D","fcre",NA,"ensemble",137,"ChlorophyllMaximum_depth_sample",1.68432119055256,"fCMdepth_mp","vera4cast"
2026-05-23,2026-04-28,"P1D","fcre",NA,"ensemble",13,"ChlorophyllMaximum_depth_sample",2.93029562270969,"fCMdepth_mp","vera4cast"
2026-05-23,2026-04-28,"P1D","fcre",NA,"ensemble",44,"ChlorophyllMaximum_depth_sample",3.04398706198639,"fCMdepth_mp","vera4cast"
2026-05-23,2026-04-28,"P1D","fcre",NA,"ensemble",75,"ChlorophyllMaximum_depth_sample",1.5485317291381,"fCMdepth_mp","vera4cast"
2026-05-23,2026-04-28,"P1D","fcre",NA,"ensemble",106,"ChlorophyllMaximum_depth_sample",4.06594638937685,"fCMdepth_mp","vera4cast"
2026-05-23,2026-04-28,"P1D","fcre",NA,"ensemble",137,"ChlorophyllMaximum_depth_sample",4.72347335395526,"fCMdepth_mp","vera4cast"
2026-05-24,2026-04-28,"P1D","fcre",NA,"ensemble",13,"ChlorophyllMaximum_depth_sample",2.3033375947089,"fCMdepth_mp","vera4cast"
2026-05-24,2026-04-28,"P1D","fcre",NA,"ensemble",44,"ChlorophyllMaximum_depth_sample",3.11698513647172,"fCMdepth_mp","vera4cast"
2026-05-24,2026-04-28,"P1D","fcre",NA,"ensemble",75,"ChlorophyllMaximum_depth_sample",4.2028678469279,"fCMdepth_mp","vera4cast"
2026-05-24,2026-04-28,"P1D","fcre",NA,"ensemble",106,"ChlorophyllMaximum_depth_sample",3.02475833006916,"fCMdepth_mp","vera4cast"
2026-05-24,2026-04-28,"P1D","fcre",NA,"ensemble",137,"ChlorophyllMaximum_depth_sample",3.20721029078985,"fCMdepth_mp","vera4cast"
2026-05-25,2026-04-28,"P1D","fcre",NA,"ensemble",13,"ChlorophyllMaximum_depth_sample",3.04889810406584,"fCMdepth_mp","vera4cast"
2026-05-25,2026-04-28,"P1D","fcre",NA,"ensemble",44,"ChlorophyllMaximum_depth_sample",2.63301917766281,"fCMdepth_mp","vera4cast"
2026-05-25,2026-04-28,"P1D","fcre",NA,"ensemble",75,"ChlorophyllMaximum_depth_sample",0.923229980102993,"fCMdepth_mp","vera4cast"
2026-05-25,2026-04-28,"P1D","fcre",NA,"ensemble",106,"ChlorophyllMaximum_depth_sample",4.16693416704364,"fCMdepth_mp","vera4cast"
2026-05-25,2026-04-28,"P1D","fcre",NA,"ensemble",137,"ChlorophyllMaximum_depth_sample",3.60665240087418,"fCMdepth_mp","vera4cast"
2026-05-26,2026-04-28,"P1D","fcre",NA,"ensemble",13,"ChlorophyllMaximum_depth_sample",3.67531371109413,"fCMdepth_mp","vera4cast"
2026-05-26,2026-04-28,"P1D","fcre",NA,"ensemble",44,"ChlorophyllMaximum_depth_sample",0.766727318675203,"fCMdepth_mp","vera4cast"
2026-05-26,2026-04-28,"P1D","fcre",NA,"ensemble",75,"ChlorophyllMaximum_depth_sample",1.39514922802717,"fCMdepth_mp","vera4cast"
2026-05-26,2026-04-28,"P1D","fcre",NA,"ensemble",106,"ChlorophyllMaximum_depth_sample",3.97784131397818,"fCMdepth_mp","vera4cast"
2026-05-26,2026-04-28,"P1D","fcre",NA,"ensemble",137,"ChlorophyllMaximum_depth_sample",2.99697240471417,"fCMdepth_mp","vera4cast"
2026-05-27,2026-04-28,"P1D","fcre",NA,"ensemble",13,"ChlorophyllMaximum_depth_sample",1.06398855240814,"fCMdepth_mp","vera4cast"
2026-05-27,2026-04-28,"P1D","fcre",NA,"ensemble",44,"ChlorophyllMaximum_depth_sample",4.48481393134808,"fCMdepth_mp","vera4cast"
2026-05-27,2026-04-28,"P1D","fcre",NA,"ensemble",75,"ChlorophyllMaximum_depth_sample",3.08961903153482,"fCMdepth_mp","vera4cast"
2026-05-27,2026-04-28,"P1D","fcre",NA,"ensemble",106,"ChlorophyllMaximum_depth_sample",2.50250670367473,"fCMdepth_mp","vera4cast"
2026-05-27,2026-04-28,"P1D","fcre",NA,"ensemble",137,"ChlorophyllMaximum_depth_sample",1.93330149173671,"fCMdepth_mp","vera4cast"
2026-05-28,2026-04-28,"P1D","fcre",NA,"ensemble",13,"ChlorophyllMaximum_depth_sample",4.02157936787993,"fCMdepth_mp","vera4cast"
2026-05-28,2026-04-28,"P1D","fcre",NA,"ensemble",44,"ChlorophyllMaximum_depth_sample",4.65697237618142,"fCMdepth_mp","vera4cast"
2026-05-28,2026-04-28,"P1D","fcre",NA,"ensemble",75,"ChlorophyllMaximum_depth_sample",2.45311082090398,"fCMdepth_mp","vera4cast"
2026-05-28,2026-04-28,"P1D","fcre",NA,"ensemble",106,"ChlorophyllMaximum_depth_sample",2.37299427256709,"fCMdepth_mp","vera4cast"
2026-05-28,2026-04-28,"P1D","fcre",NA,"ensemble",137,"ChlorophyllMaximum_depth_sample",4.37803759515496,"fCMdepth_mp","vera4cast"
2026-05-29,2026-04-28,"P1D","fcre",NA,"ensemble",13,"ChlorophyllMaximum_depth_sample",3.08628110025561,"fCMdepth_mp","vera4cast"
2026-05-29,2026-04-28,"P1D","fcre",NA,"ensemble",44,"ChlorophyllMaximum_depth_sample",2.48088781850309,"fCMdepth_mp","vera4cast"
2026-05-29,2026-04-28,"P1D","fcre",NA,"ensemble",75,"ChlorophyllMaximum_depth_sample",2.06539117038381,"fCMdepth_mp","vera4cast"
2026-05-29,2026-04-28,"P1D","fcre",NA,"ensemble",106,"ChlorophyllMaximum_depth_sample",1.60383980571878,"fCMdepth_mp","vera4cast"
2026-05-29,2026-04-28,"P1D","fcre",NA,"ensemble",137,"ChlorophyllMaximum_depth_sample",3.07684813136965,"fCMdepth_mp","vera4cast"
2026-05-30,2026-04-28,"P1D","fcre",NA,"ensemble",13,"ChlorophyllMaximum_depth_sample",2.16596224831863,"fCMdepth_mp","vera4cast"
2026-05-30,2026-04-28,"P1D","fcre",NA,"ensemble",44,"ChlorophyllMaximum_depth_sample",4.87024934008648,"fCMdepth_mp","vera4cast"
2026-05-30,2026-04-28,"P1D","fcre",NA,"ensemble",75,"ChlorophyllMaximum_depth_sample",2.91575608945431,"fCMdepth_mp","vera4cast"
2026-05-30,2026-04-28,"P1D","fcre",NA,"ensemble",106,"ChlorophyllMaximum_depth_sample",3.38496109283208,"fCMdepth_mp","vera4cast"
2026-05-30,2026-04-28,"P1D","fcre",NA,"ensemble",137,"ChlorophyllMaximum_depth_sample",3.82577984115568,"fCMdepth_mp","vera4cast"
2026-05-31,2026-04-28,"P1D","fcre",NA,"ensemble",13,"ChlorophyllMaximum_depth_sample",2.81277819048119,"fCMdepth_mp","vera4cast"
2026-05-31,2026-04-28,"P1D","fcre",NA,"ensemble",44,"ChlorophyllMaximum_depth_sample",1.57422375949883,"fCMdepth_mp","vera4cast"
2026-05-31,2026-04-28,"P1D","fcre",NA,"ensemble",75,"ChlorophyllMaximum_depth_sample",3.18227988952453,"fCMdepth_mp","vera4cast"
2026-05-31,2026-04-28,"P1D","fcre",NA,"ensemble",106,"ChlorophyllMaximum_depth_sample",1.96063203071922,"fCMdepth_mp","vera4cast"
2026-05-31,2026-04-28,"P1D","fcre",NA,"ensemble",137,"ChlorophyllMaximum_depth_sample",2.19461637984643,"fCMdepth_mp","vera4cast"
2026-06-01,2026-04-28,"P1D","fcre",NA,"ensemble",13,"ChlorophyllMaximum_depth_sample",2.13195730414798,"fCMdepth_mp","vera4cast"
2026-06-01,2026-04-28,"P1D","fcre",NA,"ensemble",44,"ChlorophyllMaximum_depth_sample",3.13943298934877,"fCMdepth_mp","vera4cast"
2026-06-01,2026-04-28,"P1D","fcre",NA,"ensemble",75,"ChlorophyllMaximum_depth_sample",5.50227959831776,"fCMdepth_mp","vera4cast"
2026-06-01,2026-04-28,"P1D","fcre",NA,"ensemble",106,"ChlorophyllMaximum_depth_sample",2.0624774744034,"fCMdepth_mp","vera4cast"
2026-06-01,2026-04-28,"P1D","fcre",NA,"ensemble",137,"ChlorophyllMaximum_depth_sample",3.97286290252716,"fCMdepth_mp","vera4cast"
2026-04-29,2026-04-28,"P1D","fcre",NA,"ensemble",14,"ChlorophyllMaximum_depth_sample",4.44046155084985,"fCMdepth_mp","vera4cast"
2026-04-29,2026-04-28,"P1D","fcre",NA,"ensemble",45,"ChlorophyllMaximum_depth_sample",3.16246149466604,"fCMdepth_mp","vera4cast"
2026-04-29,2026-04-28,"P1D","fcre",NA,"ensemble",76,"ChlorophyllMaximum_depth_sample",4.16710934591196,"fCMdepth_mp","vera4cast"
2026-04-29,2026-04-28,"P1D","fcre",NA,"ensemble",107,"ChlorophyllMaximum_depth_sample",3.97255217856096,"fCMdepth_mp","vera4cast"
2026-04-29,2026-04-28,"P1D","fcre",NA,"ensemble",138,"ChlorophyllMaximum_depth_sample",3.54773390121459,"fCMdepth_mp","vera4cast"
2026-04-30,2026-04-28,"P1D","fcre",NA,"ensemble",14,"ChlorophyllMaximum_depth_sample",2.40230935780074,"fCMdepth_mp","vera4cast"
2026-04-30,2026-04-28,"P1D","fcre",NA,"ensemble",45,"ChlorophyllMaximum_depth_sample",2.8398539264585,"fCMdepth_mp","vera4cast"
2026-04-30,2026-04-28,"P1D","fcre",NA,"ensemble",76,"ChlorophyllMaximum_depth_sample",4.12756776008575,"fCMdepth_mp","vera4cast"
2026-04-30,2026-04-28,"P1D","fcre",NA,"ensemble",107,"ChlorophyllMaximum_depth_sample",4.23251579984047,"fCMdepth_mp","vera4cast"
2026-04-30,2026-04-28,"P1D","fcre",NA,"ensemble",138,"ChlorophyllMaximum_depth_sample",3.37472867780209,"fCMdepth_mp","vera4cast"
2026-05-01,2026-04-28,"P1D","fcre",NA,"ensemble",14,"ChlorophyllMaximum_depth_sample",1.41943096792549,"fCMdepth_mp","vera4cast"
2026-05-01,2026-04-28,"P1D","fcre",NA,"ensemble",45,"ChlorophyllMaximum_depth_sample",2.28013556895626,"fCMdepth_mp","vera4cast"
2026-05-01,2026-04-28,"P1D","fcre",NA,"ensemble",76,"ChlorophyllMaximum_depth_sample",3.105729793377,"fCMdepth_mp","vera4cast"
2026-05-01,2026-04-28,"P1D","fcre",NA,"ensemble",107,"ChlorophyllMaximum_depth_sample",3.39526762833106,"fCMdepth_mp","vera4cast"
2026-05-01,2026-04-28,"P1D","fcre",NA,"ensemble",138,"ChlorophyllMaximum_depth_sample",3.40693308492148,"fCMdepth_mp","vera4cast"
2026-05-02,2026-04-28,"P1D","fcre",NA,"ensemble",14,"ChlorophyllMaximum_depth_sample",3.27262428801488,"fCMdepth_mp","vera4cast"
2026-05-02,2026-04-28,"P1D","fcre",NA,"ensemble",45,"ChlorophyllMaximum_depth_sample",3.92935658457735,"fCMdepth_mp","vera4cast"
2026-05-02,2026-04-28,"P1D","fcre",NA,"ensemble",76,"ChlorophyllMaximum_depth_sample",2.24809175490903,"fCMdepth_mp","vera4cast"
2026-05-02,2026-04-28,"P1D","fcre",NA,"ensemble",107,"ChlorophyllMaximum_depth_sample",2.34237716489422,"fCMdepth_mp","vera4cast"
2026-05-02,2026-04-28,"P1D","fcre",NA,"ensemble",138,"ChlorophyllMaximum_depth_sample",2.90186896476535,"fCMdepth_mp","vera4cast"
2026-05-03,2026-04-28,"P1D","fcre",NA,"ensemble",14,"ChlorophyllMaximum_depth_sample",2.62933536766403,"fCMdepth_mp","vera4cast"
2026-05-03,2026-04-28,"P1D","fcre",NA,"ensemble",45,"ChlorophyllMaximum_depth_sample",2.73913548946692,"fCMdepth_mp","vera4cast"
2026-05-03,2026-04-28,"P1D","fcre",NA,"ensemble",76,"ChlorophyllMaximum_depth_sample",2.91637075230581,"fCMdepth_mp","vera4cast"
2026-05-03,2026-04-28,"P1D","fcre",NA,"ensemble",107,"ChlorophyllMaximum_depth_sample",3.61901093281481,"fCMdepth_mp","vera4cast"
2026-05-03,2026-04-28,"P1D","fcre",NA,"ensemble",138,"ChlorophyllMaximum_depth_sample",3.26389132111034,"fCMdepth_mp","vera4cast"
2026-05-04,2026-04-28,"P1D","fcre",NA,"ensemble",14,"ChlorophyllMaximum_depth_sample",3.90945096291655,"fCMdepth_mp","vera4cast"
2026-05-04,2026-04-28,"P1D","fcre",NA,"ensemble",45,"ChlorophyllMaximum_depth_sample",2.95176661464618,"fCMdepth_mp","vera4cast"
2026-05-04,2026-04-28,"P1D","fcre",NA,"ensemble",76,"ChlorophyllMaximum_depth_sample",3.86251188153808,"fCMdepth_mp","vera4cast"
2026-05-04,2026-04-28,"P1D","fcre",NA,"ensemble",107,"ChlorophyllMaximum_depth_sample",3.79396589416204,"fCMdepth_mp","vera4cast"
2026-05-04,2026-04-28,"P1D","fcre",NA,"ensemble",138,"ChlorophyllMaximum_depth_sample",2.09494025619564,"fCMdepth_mp","vera4cast"
2026-05-05,2026-04-28,"P1D","fcre",NA,"ensemble",14,"ChlorophyllMaximum_depth_sample",4.31369050457715,"fCMdepth_mp","vera4cast"
2026-05-05,2026-04-28,"P1D","fcre",NA,"ensemble",45,"ChlorophyllMaximum_depth_sample",4.94573051986383,"fCMdepth_mp","vera4cast"
2026-05-05,2026-04-28,"P1D","fcre",NA,"ensemble",76,"ChlorophyllMaximum_depth_sample",2.91334968600025,"fCMdepth_mp","vera4cast"
2026-05-05,2026-04-28,"P1D","fcre",NA,"ensemble",107,"ChlorophyllMaximum_depth_sample",3.16698726588063,"fCMdepth_mp","vera4cast"
2026-05-05,2026-04-28,"P1D","fcre",NA,"ensemble",138,"ChlorophyllMaximum_depth_sample",3.50846310431456,"fCMdepth_mp","vera4cast"
2026-05-06,2026-04-28,"P1D","fcre",NA,"ensemble",14,"ChlorophyllMaximum_depth_sample",5.00965774582695,"fCMdepth_mp","vera4cast"
2026-05-06,2026-04-28,"P1D","fcre",NA,"ensemble",45,"ChlorophyllMaximum_depth_sample",2.27578282751109,"fCMdepth_mp","vera4cast"
2026-05-06,2026-04-28,"P1D","fcre",NA,"ensemble",76,"ChlorophyllMaximum_depth_sample",3.57645017195573,"fCMdepth_mp","vera4cast"
2026-05-06,2026-04-28,"P1D","fcre",NA,"ensemble",107,"ChlorophyllMaximum_depth_sample",2.70989340086356,"fCMdepth_mp","vera4cast"
2026-05-06,2026-04-28,"P1D","fcre",NA,"ensemble",138,"ChlorophyllMaximum_depth_sample",4.08112034209444,"fCMdepth_mp","vera4cast"
2026-05-07,2026-04-28,"P1D","fcre",NA,"ensemble",14,"ChlorophyllMaximum_depth_sample",3.06846501363392,"fCMdepth_mp","vera4cast"
2026-05-07,2026-04-28,"P1D","fcre",NA,"ensemble",45,"ChlorophyllMaximum_depth_sample",3.28474434226483,"fCMdepth_mp","vera4cast"
2026-05-07,2026-04-28,"P1D","fcre",NA,"ensemble",76,"ChlorophyllMaximum_depth_sample",2.59803042644872,"fCMdepth_mp","vera4cast"
2026-05-07,2026-04-28,"P1D","fcre",NA,"ensemble",107,"ChlorophyllMaximum_depth_sample",2.20027897959547,"fCMdepth_mp","vera4cast"
2026-05-07,2026-04-28,"P1D","fcre",NA,"ensemble",138,"ChlorophyllMaximum_depth_sample",1.37094808337447,"fCMdepth_mp","vera4cast"
2026-05-08,2026-04-28,"P1D","fcre",NA,"ensemble",14,"ChlorophyllMaximum_depth_sample",2.65154304864595,"fCMdepth_mp","vera4cast"
2026-05-08,2026-04-28,"P1D","fcre",NA,"ensemble",45,"ChlorophyllMaximum_depth_sample",1.44642788399486,"fCMdepth_mp","vera4cast"
2026-05-08,2026-04-28,"P1D","fcre",NA,"ensemble",76,"ChlorophyllMaximum_depth_sample",2.08153877689328,"fCMdepth_mp","vera4cast"
2026-05-08,2026-04-28,"P1D","fcre",NA,"ensemble",107,"ChlorophyllMaximum_depth_sample",2.11126768873156,"fCMdepth_mp","vera4cast"
2026-05-08,2026-04-28,"P1D","fcre",NA,"ensemble",138,"ChlorophyllMaximum_depth_sample",2.74607606028523,"fCMdepth_mp","vera4cast"
2026-05-09,2026-04-28,"P1D","fcre",NA,"ensemble",14,"ChlorophyllMaximum_depth_sample",3.51874644719457,"fCMdepth_mp","vera4cast"
2026-05-09,2026-04-28,"P1D","fcre",NA,"ensemble",45,"ChlorophyllMaximum_depth_sample",3.78950385660202,"fCMdepth_mp","vera4cast"
2026-05-09,2026-04-28,"P1D","fcre",NA,"ensemble",76,"ChlorophyllMaximum_depth_sample",2.46162140926261,"fCMdepth_mp","vera4cast"
2026-05-09,2026-04-28,"P1D","fcre",NA,"ensemble",107,"ChlorophyllMaximum_depth_sample",6.32844698659144,"fCMdepth_mp","vera4cast"
2026-05-09,2026-04-28,"P1D","fcre",NA,"ensemble",138,"ChlorophyllMaximum_depth_sample",4.62117495421473,"fCMdepth_mp","vera4cast"
2026-05-10,2026-04-28,"P1D","fcre",NA,"ensemble",14,"ChlorophyllMaximum_depth_sample",5.79461872758024,"fCMdepth_mp","vera4cast"
2026-05-10,2026-04-28,"P1D","fcre",NA,"ensemble",45,"ChlorophyllMaximum_depth_sample",3.02507388123745,"fCMdepth_mp","vera4cast"
2026-05-10,2026-04-28,"P1D","fcre",NA,"ensemble",76,"ChlorophyllMaximum_depth_sample",3.68584875167636,"fCMdepth_mp","vera4cast"
2026-05-10,2026-04-28,"P1D","fcre",NA,"ensemble",107,"ChlorophyllMaximum_depth_sample",2.72252361429537,"fCMdepth_mp","vera4cast"
2026-05-10,2026-04-28,"P1D","fcre",NA,"ensemble",138,"ChlorophyllMaximum_depth_sample",4.15748223530116,"fCMdepth_mp","vera4cast"
2026-05-11,2026-04-28,"P1D","fcre",NA,"ensemble",14,"ChlorophyllMaximum_depth_sample",2.19416903776642,"fCMdepth_mp","vera4cast"
2026-05-11,2026-04-28,"P1D","fcre",NA,"ensemble",45,"ChlorophyllMaximum_depth_sample",2.7915280664422,"fCMdepth_mp","vera4cast"
2026-05-11,2026-04-28,"P1D","fcre",NA,"ensemble",76,"ChlorophyllMaximum_depth_sample",3.16876590489662,"fCMdepth_mp","vera4cast"
2026-05-11,2026-04-28,"P1D","fcre",NA,"ensemble",107,"ChlorophyllMaximum_depth_sample",3.42846063801171,"fCMdepth_mp","vera4cast"
2026-05-11,2026-04-28,"P1D","fcre",NA,"ensemble",138,"ChlorophyllMaximum_depth_sample",1.65939337827569,"fCMdepth_mp","vera4cast"
2026-05-12,2026-04-28,"P1D","fcre",NA,"ensemble",14,"ChlorophyllMaximum_depth_sample",2.66232651715518,"fCMdepth_mp","vera4cast"
2026-05-12,2026-04-28,"P1D","fcre",NA,"ensemble",45,"ChlorophyllMaximum_depth_sample",4.06959773354477,"fCMdepth_mp","vera4cast"
2026-05-12,2026-04-28,"P1D","fcre",NA,"ensemble",76,"ChlorophyllMaximum_depth_sample",3.87146675541368,"fCMdepth_mp","vera4cast"
2026-05-12,2026-04-28,"P1D","fcre",NA,"ensemble",107,"ChlorophyllMaximum_depth_sample",3.14175386491394,"fCMdepth_mp","vera4cast"
2026-05-12,2026-04-28,"P1D","fcre",NA,"ensemble",138,"ChlorophyllMaximum_depth_sample",1.62055844048986,"fCMdepth_mp","vera4cast"
2026-05-13,2026-04-28,"P1D","fcre",NA,"ensemble",14,"ChlorophyllMaximum_depth_sample",1.82248310884839,"fCMdepth_mp","vera4cast"
2026-05-13,2026-04-28,"P1D","fcre",NA,"ensemble",45,"ChlorophyllMaximum_depth_sample",3.44467783168466,"fCMdepth_mp","vera4cast"
2026-05-13,2026-04-28,"P1D","fcre",NA,"ensemble",76,"ChlorophyllMaximum_depth_sample",2.26426692162422,"fCMdepth_mp","vera4cast"
2026-05-13,2026-04-28,"P1D","fcre",NA,"ensemble",107,"ChlorophyllMaximum_depth_sample",2.97609417415821,"fCMdepth_mp","vera4cast"
2026-05-13,2026-04-28,"P1D","fcre",NA,"ensemble",138,"ChlorophyllMaximum_depth_sample",4.47971739122035,"fCMdepth_mp","vera4cast"
2026-05-14,2026-04-28,"P1D","fcre",NA,"ensemble",14,"ChlorophyllMaximum_depth_sample",2.68420274141336,"fCMdepth_mp","vera4cast"
2026-05-14,2026-04-28,"P1D","fcre",NA,"ensemble",45,"ChlorophyllMaximum_depth_sample",2.76710914880475,"fCMdepth_mp","vera4cast"
2026-05-14,2026-04-28,"P1D","fcre",NA,"ensemble",76,"ChlorophyllMaximum_depth_sample",3.34051828564351,"fCMdepth_mp","vera4cast"
2026-05-14,2026-04-28,"P1D","fcre",NA,"ensemble",107,"ChlorophyllMaximum_depth_sample",4.87377830294273,"fCMdepth_mp","vera4cast"
2026-05-14,2026-04-28,"P1D","fcre",NA,"ensemble",138,"ChlorophyllMaximum_depth_sample",4.23967755883172,"fCMdepth_mp","vera4cast"
2026-05-15,2026-04-28,"P1D","fcre",NA,"ensemble",14,"ChlorophyllMaximum_depth_sample",2.13287444819319,"fCMdepth_mp","vera4cast"
2026-05-15,2026-04-28,"P1D","fcre",NA,"ensemble",45,"ChlorophyllMaximum_depth_sample",2.71882396233834,"fCMdepth_mp","vera4cast"
2026-05-15,2026-04-28,"P1D","fcre",NA,"ensemble",76,"ChlorophyllMaximum_depth_sample",0.447870962975331,"fCMdepth_mp","vera4cast"
2026-05-15,2026-04-28,"P1D","fcre",NA,"ensemble",107,"ChlorophyllMaximum_depth_sample",2.92613059534725,"fCMdepth_mp","vera4cast"
2026-05-15,2026-04-28,"P1D","fcre",NA,"ensemble",138,"ChlorophyllMaximum_depth_sample",3.09773257065933,"fCMdepth_mp","vera4cast"
2026-05-16,2026-04-28,"P1D","fcre",NA,"ensemble",14,"ChlorophyllMaximum_depth_sample",2.29628699657251,"fCMdepth_mp","vera4cast"
2026-05-16,2026-04-28,"P1D","fcre",NA,"ensemble",45,"ChlorophyllMaximum_depth_sample",2.3379377520007,"fCMdepth_mp","vera4cast"
2026-05-16,2026-04-28,"P1D","fcre",NA,"ensemble",76,"ChlorophyllMaximum_depth_sample",2.42721351624562,"fCMdepth_mp","vera4cast"
2026-05-16,2026-04-28,"P1D","fcre",NA,"ensemble",107,"ChlorophyllMaximum_depth_sample",3.79571143186854,"fCMdepth_mp","vera4cast"
2026-05-16,2026-04-28,"P1D","fcre",NA,"ensemble",138,"ChlorophyllMaximum_depth_sample",4.04099127803988,"fCMdepth_mp","vera4cast"
2026-05-17,2026-04-28,"P1D","fcre",NA,"ensemble",14,"ChlorophyllMaximum_depth_sample",1.19530940146937,"fCMdepth_mp","vera4cast"
2026-05-17,2026-04-28,"P1D","fcre",NA,"ensemble",45,"ChlorophyllMaximum_depth_sample",2.56785264578373,"fCMdepth_mp","vera4cast"
2026-05-17,2026-04-28,"P1D","fcre",NA,"ensemble",76,"ChlorophyllMaximum_depth_sample",2.75644142473186,"fCMdepth_mp","vera4cast"
2026-05-17,2026-04-28,"P1D","fcre",NA,"ensemble",107,"ChlorophyllMaximum_depth_sample",4.2762790754466,"fCMdepth_mp","vera4cast"
2026-05-17,2026-04-28,"P1D","fcre",NA,"ensemble",138,"ChlorophyllMaximum_depth_sample",4.10738606219468,"fCMdepth_mp","vera4cast"
2026-05-18,2026-04-28,"P1D","fcre",NA,"ensemble",14,"ChlorophyllMaximum_depth_sample",2.47819038003492,"fCMdepth_mp","vera4cast"
2026-05-18,2026-04-28,"P1D","fcre",NA,"ensemble",45,"ChlorophyllMaximum_depth_sample",3.43326412523014,"fCMdepth_mp","vera4cast"
2026-05-18,2026-04-28,"P1D","fcre",NA,"ensemble",76,"ChlorophyllMaximum_depth_sample",1.18174221401966,"fCMdepth_mp","vera4cast"
2026-05-18,2026-04-28,"P1D","fcre",NA,"ensemble",107,"ChlorophyllMaximum_depth_sample",3.47085217572385,"fCMdepth_mp","vera4cast"
2026-05-18,2026-04-28,"P1D","fcre",NA,"ensemble",138,"ChlorophyllMaximum_depth_sample",2.2533159880213,"fCMdepth_mp","vera4cast"
2026-05-19,2026-04-28,"P1D","fcre",NA,"ensemble",14,"ChlorophyllMaximum_depth_sample",2.74351355299026,"fCMdepth_mp","vera4cast"
2026-05-19,2026-04-28,"P1D","fcre",NA,"ensemble",45,"ChlorophyllMaximum_depth_sample",3.02005806695452,"fCMdepth_mp","vera4cast"
2026-05-19,2026-04-28,"P1D","fcre",NA,"ensemble",76,"ChlorophyllMaximum_depth_sample",2.61110368877421,"fCMdepth_mp","vera4cast"
2026-05-19,2026-04-28,"P1D","fcre",NA,"ensemble",107,"ChlorophyllMaximum_depth_sample",3.07119132076138,"fCMdepth_mp","vera4cast"
2026-05-19,2026-04-28,"P1D","fcre",NA,"ensemble",138,"ChlorophyllMaximum_depth_sample",3.32727451697043,"fCMdepth_mp","vera4cast"
2026-05-20,2026-04-28,"P1D","fcre",NA,"ensemble",14,"ChlorophyllMaximum_depth_sample",4.04868050028271,"fCMdepth_mp","vera4cast"
2026-05-20,2026-04-28,"P1D","fcre",NA,"ensemble",45,"ChlorophyllMaximum_depth_sample",2.19867755131099,"fCMdepth_mp","vera4cast"
2026-05-20,2026-04-28,"P1D","fcre",NA,"ensemble",76,"ChlorophyllMaximum_depth_sample",2.60993121546546,"fCMdepth_mp","vera4cast"
2026-05-20,2026-04-28,"P1D","fcre",NA,"ensemble",107,"ChlorophyllMaximum_depth_sample",3.44839302966965,"fCMdepth_mp","vera4cast"
2026-05-20,2026-04-28,"P1D","fcre",NA,"ensemble",138,"ChlorophyllMaximum_depth_sample",3.52746654652897,"fCMdepth_mp","vera4cast"
2026-05-21,2026-04-28,"P1D","fcre",NA,"ensemble",14,"ChlorophyllMaximum_depth_sample",1.91979296899532,"fCMdepth_mp","vera4cast"
2026-05-21,2026-04-28,"P1D","fcre",NA,"ensemble",45,"ChlorophyllMaximum_depth_sample",4.02192988275607,"fCMdepth_mp","vera4cast"
2026-05-21,2026-04-28,"P1D","fcre",NA,"ensemble",76,"ChlorophyllMaximum_depth_sample",3.63046742497217,"fCMdepth_mp","vera4cast"
2026-05-21,2026-04-28,"P1D","fcre",NA,"ensemble",107,"ChlorophyllMaximum_depth_sample",3.05883241162009,"fCMdepth_mp","vera4cast"
2026-05-21,2026-04-28,"P1D","fcre",NA,"ensemble",138,"ChlorophyllMaximum_depth_sample",0.992586225378602,"fCMdepth_mp","vera4cast"
2026-05-22,2026-04-28,"P1D","fcre",NA,"ensemble",14,"ChlorophyllMaximum_depth_sample",2.35950602998819,"fCMdepth_mp","vera4cast"
2026-05-22,2026-04-28,"P1D","fcre",NA,"ensemble",45,"ChlorophyllMaximum_depth_sample",3.08282859403416,"fCMdepth_mp","vera4cast"
2026-05-22,2026-04-28,"P1D","fcre",NA,"ensemble",76,"ChlorophyllMaximum_depth_sample",6.14838583553455,"fCMdepth_mp","vera4cast"
2026-05-22,2026-04-28,"P1D","fcre",NA,"ensemble",107,"ChlorophyllMaximum_depth_sample",3.63352210345529,"fCMdepth_mp","vera4cast"
2026-05-22,2026-04-28,"P1D","fcre",NA,"ensemble",138,"ChlorophyllMaximum_depth_sample",2.38063239780232,"fCMdepth_mp","vera4cast"
2026-05-23,2026-04-28,"P1D","fcre",NA,"ensemble",14,"ChlorophyllMaximum_depth_sample",1.8254573475993,"fCMdepth_mp","vera4cast"
2026-05-23,2026-04-28,"P1D","fcre",NA,"ensemble",45,"ChlorophyllMaximum_depth_sample",2.54249177162793,"fCMdepth_mp","vera4cast"
2026-05-23,2026-04-28,"P1D","fcre",NA,"ensemble",76,"ChlorophyllMaximum_depth_sample",4.37233444914489,"fCMdepth_mp","vera4cast"
2026-05-23,2026-04-28,"P1D","fcre",NA,"ensemble",107,"ChlorophyllMaximum_depth_sample",2.96633352793046,"fCMdepth_mp","vera4cast"
2026-05-23,2026-04-28,"P1D","fcre",NA,"ensemble",138,"ChlorophyllMaximum_depth_sample",1.98853266983874,"fCMdepth_mp","vera4cast"
2026-05-24,2026-04-28,"P1D","fcre",NA,"ensemble",14,"ChlorophyllMaximum_depth_sample",1.44490797269532,"fCMdepth_mp","vera4cast"
2026-05-24,2026-04-28,"P1D","fcre",NA,"ensemble",45,"ChlorophyllMaximum_depth_sample",3.06394359070942,"fCMdepth_mp","vera4cast"
2026-05-24,2026-04-28,"P1D","fcre",NA,"ensemble",76,"ChlorophyllMaximum_depth_sample",1.60300928656433,"fCMdepth_mp","vera4cast"
2026-05-24,2026-04-28,"P1D","fcre",NA,"ensemble",107,"ChlorophyllMaximum_depth_sample",3.63865752879985,"fCMdepth_mp","vera4cast"
2026-05-24,2026-04-28,"P1D","fcre",NA,"ensemble",138,"ChlorophyllMaximum_depth_sample",1.94455493880299,"fCMdepth_mp","vera4cast"
2026-05-25,2026-04-28,"P1D","fcre",NA,"ensemble",14,"ChlorophyllMaximum_depth_sample",1.75736983437144,"fCMdepth_mp","vera4cast"
2026-05-25,2026-04-28,"P1D","fcre",NA,"ensemble",45,"ChlorophyllMaximum_depth_sample",3.62695260132049,"fCMdepth_mp","vera4cast"
2026-05-25,2026-04-28,"P1D","fcre",NA,"ensemble",76,"ChlorophyllMaximum_depth_sample",3.05187951989269,"fCMdepth_mp","vera4cast"
2026-05-25,2026-04-28,"P1D","fcre",NA,"ensemble",107,"ChlorophyllMaximum_depth_sample",1.86202371272386,"fCMdepth_mp","vera4cast"
2026-05-25,2026-04-28,"P1D","fcre",NA,"ensemble",138,"ChlorophyllMaximum_depth_sample",3.08727448545492,"fCMdepth_mp","vera4cast"
2026-05-26,2026-04-28,"P1D","fcre",NA,"ensemble",14,"ChlorophyllMaximum_depth_sample",2.04950462513019,"fCMdepth_mp","vera4cast"
2026-05-26,2026-04-28,"P1D","fcre",NA,"ensemble",45,"ChlorophyllMaximum_depth_sample",1.90632595978803,"fCMdepth_mp","vera4cast"
2026-05-26,2026-04-28,"P1D","fcre",NA,"ensemble",76,"ChlorophyllMaximum_depth_sample",2.56689621699846,"fCMdepth_mp","vera4cast"
2026-05-26,2026-04-28,"P1D","fcre",NA,"ensemble",107,"ChlorophyllMaximum_depth_sample",2.74296374305777,"fCMdepth_mp","vera4cast"
2026-05-26,2026-04-28,"P1D","fcre",NA,"ensemble",138,"ChlorophyllMaximum_depth_sample",3.61276937405339,"fCMdepth_mp","vera4cast"
2026-05-27,2026-04-28,"P1D","fcre",NA,"ensemble",14,"ChlorophyllMaximum_depth_sample",3.74719825200417,"fCMdepth_mp","vera4cast"
2026-05-27,2026-04-28,"P1D","fcre",NA,"ensemble",45,"ChlorophyllMaximum_depth_sample",2.91174945849848,"fCMdepth_mp","vera4cast"
2026-05-27,2026-04-28,"P1D","fcre",NA,"ensemble",76,"ChlorophyllMaximum_depth_sample",5.06747001906439,"fCMdepth_mp","vera4cast"
2026-05-27,2026-04-28,"P1D","fcre",NA,"ensemble",107,"ChlorophyllMaximum_depth_sample",3.56321619157042,"fCMdepth_mp","vera4cast"
2026-05-27,2026-04-28,"P1D","fcre",NA,"ensemble",138,"ChlorophyllMaximum_depth_sample",4.34859371498889,"fCMdepth_mp","vera4cast"
2026-05-28,2026-04-28,"P1D","fcre",NA,"ensemble",14,"ChlorophyllMaximum_depth_sample",1.2043415865473,"fCMdepth_mp","vera4cast"
2026-05-28,2026-04-28,"P1D","fcre",NA,"ensemble",45,"ChlorophyllMaximum_depth_sample",3.10645704442803,"fCMdepth_mp","vera4cast"
2026-05-28,2026-04-28,"P1D","fcre",NA,"ensemble",76,"ChlorophyllMaximum_depth_sample",0.135307848122657,"fCMdepth_mp","vera4cast"
2026-05-28,2026-04-28,"P1D","fcre",NA,"ensemble",107,"ChlorophyllMaximum_depth_sample",1.77667731805163,"fCMdepth_mp","vera4cast"
2026-05-28,2026-04-28,"P1D","fcre",NA,"ensemble",138,"ChlorophyllMaximum_depth_sample",4.2386654839706,"fCMdepth_mp","vera4cast"
2026-05-29,2026-04-28,"P1D","fcre",NA,"ensemble",14,"ChlorophyllMaximum_depth_sample",3.47749557847861,"fCMdepth_mp","vera4cast"
2026-05-29,2026-04-28,"P1D","fcre",NA,"ensemble",45,"ChlorophyllMaximum_depth_sample",3.21438517018946,"fCMdepth_mp","vera4cast"
2026-05-29,2026-04-28,"P1D","fcre",NA,"ensemble",76,"ChlorophyllMaximum_depth_sample",-0.616546782190467,"fCMdepth_mp","vera4cast"
2026-05-29,2026-04-28,"P1D","fcre",NA,"ensemble",107,"ChlorophyllMaximum_depth_sample",1.77575666032132,"fCMdepth_mp","vera4cast"
2026-05-29,2026-04-28,"P1D","fcre",NA,"ensemble",138,"ChlorophyllMaximum_depth_sample",3.01240151843115,"fCMdepth_mp","vera4cast"
2026-05-30,2026-04-28,"P1D","fcre",NA,"ensemble",14,"ChlorophyllMaximum_depth_sample",1.70362455581457,"fCMdepth_mp","vera4cast"
2026-05-30,2026-04-28,"P1D","fcre",NA,"ensemble",45,"ChlorophyllMaximum_depth_sample",0.600155463914015,"fCMdepth_mp","vera4cast"
2026-05-30,2026-04-28,"P1D","fcre",NA,"ensemble",76,"ChlorophyllMaximum_depth_sample",0.792760777006337,"fCMdepth_mp","vera4cast"
2026-05-30,2026-04-28,"P1D","fcre",NA,"ensemble",107,"ChlorophyllMaximum_depth_sample",2.19952042585369,"fCMdepth_mp","vera4cast"
2026-05-30,2026-04-28,"P1D","fcre",NA,"ensemble",138,"ChlorophyllMaximum_depth_sample",3.59777765520774,"fCMdepth_mp","vera4cast"
2026-05-31,2026-04-28,"P1D","fcre",NA,"ensemble",14,"ChlorophyllMaximum_depth_sample",4.36302957198178,"fCMdepth_mp","vera4cast"
2026-05-31,2026-04-28,"P1D","fcre",NA,"ensemble",45,"ChlorophyllMaximum_depth_sample",2.64390380153598,"fCMdepth_mp","vera4cast"
2026-05-31,2026-04-28,"P1D","fcre",NA,"ensemble",76,"ChlorophyllMaximum_depth_sample",4.29084796527279,"fCMdepth_mp","vera4cast"
2026-05-31,2026-04-28,"P1D","fcre",NA,"ensemble",107,"ChlorophyllMaximum_depth_sample",1.69572548577785,"fCMdepth_mp","vera4cast"
2026-05-31,2026-04-28,"P1D","fcre",NA,"ensemble",138,"ChlorophyllMaximum_depth_sample",2.73400918714567,"fCMdepth_mp","vera4cast"
2026-06-01,2026-04-28,"P1D","fcre",NA,"ensemble",14,"ChlorophyllMaximum_depth_sample",3.94091162463154,"fCMdepth_mp","vera4cast"
2026-06-01,2026-04-28,"P1D","fcre",NA,"ensemble",45,"ChlorophyllMaximum_depth_sample",2.22384125532346,"fCMdepth_mp","vera4cast"
2026-06-01,2026-04-28,"P1D","fcre",NA,"ensemble",76,"ChlorophyllMaximum_depth_sample",3.7381087690606,"fCMdepth_mp","vera4cast"
2026-06-01,2026-04-28,"P1D","fcre",NA,"ensemble",107,"ChlorophyllMaximum_depth_sample",4.18532948287311,"fCMdepth_mp","vera4cast"
2026-06-01,2026-04-28,"P1D","fcre",NA,"ensemble",138,"ChlorophyllMaximum_depth_sample",4.19495440493241,"fCMdepth_mp","vera4cast"
2026-04-29,2026-04-28,"P1D","fcre",NA,"ensemble",15,"ChlorophyllMaximum_depth_sample",2.95536154615541,"fCMdepth_mp","vera4cast"
2026-04-29,2026-04-28,"P1D","fcre",NA,"ensemble",46,"ChlorophyllMaximum_depth_sample",2.31396433196312,"fCMdepth_mp","vera4cast"
2026-04-29,2026-04-28,"P1D","fcre",NA,"ensemble",77,"ChlorophyllMaximum_depth_sample",1.15375346396203,"fCMdepth_mp","vera4cast"
2026-04-29,2026-04-28,"P1D","fcre",NA,"ensemble",108,"ChlorophyllMaximum_depth_sample",2.45774283688382,"fCMdepth_mp","vera4cast"
2026-04-29,2026-04-28,"P1D","fcre",NA,"ensemble",139,"ChlorophyllMaximum_depth_sample",3.60216519687992,"fCMdepth_mp","vera4cast"
2026-04-30,2026-04-28,"P1D","fcre",NA,"ensemble",15,"ChlorophyllMaximum_depth_sample",4.84092531768773,"fCMdepth_mp","vera4cast"
2026-04-30,2026-04-28,"P1D","fcre",NA,"ensemble",46,"ChlorophyllMaximum_depth_sample",4.33465534959605,"fCMdepth_mp","vera4cast"
2026-04-30,2026-04-28,"P1D","fcre",NA,"ensemble",77,"ChlorophyllMaximum_depth_sample",3.05422469990247,"fCMdepth_mp","vera4cast"
2026-04-30,2026-04-28,"P1D","fcre",NA,"ensemble",108,"ChlorophyllMaximum_depth_sample",2.43152808825179,"fCMdepth_mp","vera4cast"
2026-04-30,2026-04-28,"P1D","fcre",NA,"ensemble",139,"ChlorophyllMaximum_depth_sample",3.23287706484675,"fCMdepth_mp","vera4cast"
2026-05-01,2026-04-28,"P1D","fcre",NA,"ensemble",15,"ChlorophyllMaximum_depth_sample",2.42452376700619,"fCMdepth_mp","vera4cast"
2026-05-01,2026-04-28,"P1D","fcre",NA,"ensemble",46,"ChlorophyllMaximum_depth_sample",3.72978665101697,"fCMdepth_mp","vera4cast"
2026-05-01,2026-04-28,"P1D","fcre",NA,"ensemble",77,"ChlorophyllMaximum_depth_sample",3.39334065820095,"fCMdepth_mp","vera4cast"
2026-05-01,2026-04-28,"P1D","fcre",NA,"ensemble",108,"ChlorophyllMaximum_depth_sample",4.71758527367404,"fCMdepth_mp","vera4cast"
2026-05-01,2026-04-28,"P1D","fcre",NA,"ensemble",139,"ChlorophyllMaximum_depth_sample",4.30096527123847,"fCMdepth_mp","vera4cast"
2026-05-02,2026-04-28,"P1D","fcre",NA,"ensemble",15,"ChlorophyllMaximum_depth_sample",1.40444550793884,"fCMdepth_mp","vera4cast"
2026-05-02,2026-04-28,"P1D","fcre",NA,"ensemble",46,"ChlorophyllMaximum_depth_sample",1.71280857324535,"fCMdepth_mp","vera4cast"
2026-05-02,2026-04-28,"P1D","fcre",NA,"ensemble",77,"ChlorophyllMaximum_depth_sample",2.90349082447242,"fCMdepth_mp","vera4cast"
2026-05-02,2026-04-28,"P1D","fcre",NA,"ensemble",108,"ChlorophyllMaximum_depth_sample",3.70036378708053,"fCMdepth_mp","vera4cast"
2026-05-02,2026-04-28,"P1D","fcre",NA,"ensemble",139,"ChlorophyllMaximum_depth_sample",1.23654505154789,"fCMdepth_mp","vera4cast"
2026-05-03,2026-04-28,"P1D","fcre",NA,"ensemble",15,"ChlorophyllMaximum_depth_sample",1.59820226960892,"fCMdepth_mp","vera4cast"
2026-05-03,2026-04-28,"P1D","fcre",NA,"ensemble",46,"ChlorophyllMaximum_depth_sample",4.87511578052101,"fCMdepth_mp","vera4cast"
2026-05-03,2026-04-28,"P1D","fcre",NA,"ensemble",77,"ChlorophyllMaximum_depth_sample",3.49874441359167,"fCMdepth_mp","vera4cast"
2026-05-03,2026-04-28,"P1D","fcre",NA,"ensemble",108,"ChlorophyllMaximum_depth_sample",4.82857569033793,"fCMdepth_mp","vera4cast"
2026-05-03,2026-04-28,"P1D","fcre",NA,"ensemble",139,"ChlorophyllMaximum_depth_sample",2.50689327948379,"fCMdepth_mp","vera4cast"
2026-05-04,2026-04-28,"P1D","fcre",NA,"ensemble",15,"ChlorophyllMaximum_depth_sample",2.60594299770996,"fCMdepth_mp","vera4cast"
2026-05-04,2026-04-28,"P1D","fcre",NA,"ensemble",46,"ChlorophyllMaximum_depth_sample",1.17957967226236,"fCMdepth_mp","vera4cast"
2026-05-04,2026-04-28,"P1D","fcre",NA,"ensemble",77,"ChlorophyllMaximum_depth_sample",5.15333921107031,"fCMdepth_mp","vera4cast"
2026-05-04,2026-04-28,"P1D","fcre",NA,"ensemble",108,"ChlorophyllMaximum_depth_sample",3.62262579991718,"fCMdepth_mp","vera4cast"
2026-05-04,2026-04-28,"P1D","fcre",NA,"ensemble",139,"ChlorophyllMaximum_depth_sample",1.84896566841072,"fCMdepth_mp","vera4cast"
2026-05-05,2026-04-28,"P1D","fcre",NA,"ensemble",15,"ChlorophyllMaximum_depth_sample",4.29583358606494,"fCMdepth_mp","vera4cast"
2026-05-05,2026-04-28,"P1D","fcre",NA,"ensemble",46,"ChlorophyllMaximum_depth_sample",3.59867459649373,"fCMdepth_mp","vera4cast"
2026-05-05,2026-04-28,"P1D","fcre",NA,"ensemble",77,"ChlorophyllMaximum_depth_sample",2.94667067129059,"fCMdepth_mp","vera4cast"
2026-05-05,2026-04-28,"P1D","fcre",NA,"ensemble",108,"ChlorophyllMaximum_depth_sample",4.98782279295208,"fCMdepth_mp","vera4cast"
2026-05-05,2026-04-28,"P1D","fcre",NA,"ensemble",139,"ChlorophyllMaximum_depth_sample",0.816520223942266,"fCMdepth_mp","vera4cast"
2026-05-06,2026-04-28,"P1D","fcre",NA,"ensemble",15,"ChlorophyllMaximum_depth_sample",2.65284796640557,"fCMdepth_mp","vera4cast"
2026-05-06,2026-04-28,"P1D","fcre",NA,"ensemble",46,"ChlorophyllMaximum_depth_sample",2.34825259062313,"fCMdepth_mp","vera4cast"
2026-05-06,2026-04-28,"P1D","fcre",NA,"ensemble",77,"ChlorophyllMaximum_depth_sample",2.70272979842785,"fCMdepth_mp","vera4cast"
2026-05-06,2026-04-28,"P1D","fcre",NA,"ensemble",108,"ChlorophyllMaximum_depth_sample",1.39823307630352,"fCMdepth_mp","vera4cast"
2026-05-06,2026-04-28,"P1D","fcre",NA,"ensemble",139,"ChlorophyllMaximum_depth_sample",3.44170712895368,"fCMdepth_mp","vera4cast"
2026-05-07,2026-04-28,"P1D","fcre",NA,"ensemble",15,"ChlorophyllMaximum_depth_sample",4.12987435103355,"fCMdepth_mp","vera4cast"
2026-05-07,2026-04-28,"P1D","fcre",NA,"ensemble",46,"ChlorophyllMaximum_depth_sample",3.18848724865682,"fCMdepth_mp","vera4cast"
2026-05-07,2026-04-28,"P1D","fcre",NA,"ensemble",77,"ChlorophyllMaximum_depth_sample",4.59117881554023,"fCMdepth_mp","vera4cast"
2026-05-07,2026-04-28,"P1D","fcre",NA,"ensemble",108,"ChlorophyllMaximum_depth_sample",2.09760877875452,"fCMdepth_mp","vera4cast"
2026-05-07,2026-04-28,"P1D","fcre",NA,"ensemble",139,"ChlorophyllMaximum_depth_sample",3.49632054744871,"fCMdepth_mp","vera4cast"
2026-05-08,2026-04-28,"P1D","fcre",NA,"ensemble",15,"ChlorophyllMaximum_depth_sample",4.92609068881619,"fCMdepth_mp","vera4cast"
2026-05-08,2026-04-28,"P1D","fcre",NA,"ensemble",46,"ChlorophyllMaximum_depth_sample",5.21673753492547,"fCMdepth_mp","vera4cast"
2026-05-08,2026-04-28,"P1D","fcre",NA,"ensemble",77,"ChlorophyllMaximum_depth_sample",2.47065158405677,"fCMdepth_mp","vera4cast"
2026-05-08,2026-04-28,"P1D","fcre",NA,"ensemble",108,"ChlorophyllMaximum_depth_sample",1.08891236318582,"fCMdepth_mp","vera4cast"
2026-05-08,2026-04-28,"P1D","fcre",NA,"ensemble",139,"ChlorophyllMaximum_depth_sample",3.53804287134898,"fCMdepth_mp","vera4cast"
2026-05-09,2026-04-28,"P1D","fcre",NA,"ensemble",15,"ChlorophyllMaximum_depth_sample",2.96886424979363,"fCMdepth_mp","vera4cast"
2026-05-09,2026-04-28,"P1D","fcre",NA,"ensemble",46,"ChlorophyllMaximum_depth_sample",1.30378481616512,"fCMdepth_mp","vera4cast"
2026-05-09,2026-04-28,"P1D","fcre",NA,"ensemble",77,"ChlorophyllMaximum_depth_sample",3.78140969632471,"fCMdepth_mp","vera4cast"
2026-05-09,2026-04-28,"P1D","fcre",NA,"ensemble",108,"ChlorophyllMaximum_depth_sample",2.42171315549992,"fCMdepth_mp","vera4cast"
2026-05-09,2026-04-28,"P1D","fcre",NA,"ensemble",139,"ChlorophyllMaximum_depth_sample",2.71106193332298,"fCMdepth_mp","vera4cast"
2026-05-10,2026-04-28,"P1D","fcre",NA,"ensemble",15,"ChlorophyllMaximum_depth_sample",3.25083279078287,"fCMdepth_mp","vera4cast"
2026-05-10,2026-04-28,"P1D","fcre",NA,"ensemble",46,"ChlorophyllMaximum_depth_sample",4.19272671860399,"fCMdepth_mp","vera4cast"
2026-05-10,2026-04-28,"P1D","fcre",NA,"ensemble",77,"ChlorophyllMaximum_depth_sample",3.62037770543133,"fCMdepth_mp","vera4cast"
2026-05-10,2026-04-28,"P1D","fcre",NA,"ensemble",108,"ChlorophyllMaximum_depth_sample",2.61067827428447,"fCMdepth_mp","vera4cast"
2026-05-10,2026-04-28,"P1D","fcre",NA,"ensemble",139,"ChlorophyllMaximum_depth_sample",2.81600099177487,"fCMdepth_mp","vera4cast"
2026-05-11,2026-04-28,"P1D","fcre",NA,"ensemble",15,"ChlorophyllMaximum_depth_sample",4.38659590516641,"fCMdepth_mp","vera4cast"
2026-05-11,2026-04-28,"P1D","fcre",NA,"ensemble",46,"ChlorophyllMaximum_depth_sample",1.65328971022632,"fCMdepth_mp","vera4cast"
2026-05-11,2026-04-28,"P1D","fcre",NA,"ensemble",77,"ChlorophyllMaximum_depth_sample",2.32724844665296,"fCMdepth_mp","vera4cast"
2026-05-11,2026-04-28,"P1D","fcre",NA,"ensemble",108,"ChlorophyllMaximum_depth_sample",3.85835210042625,"fCMdepth_mp","vera4cast"
2026-05-11,2026-04-28,"P1D","fcre",NA,"ensemble",139,"ChlorophyllMaximum_depth_sample",2.54874269243135,"fCMdepth_mp","vera4cast"
2026-05-12,2026-04-28,"P1D","fcre",NA,"ensemble",15,"ChlorophyllMaximum_depth_sample",4.47193628427669,"fCMdepth_mp","vera4cast"
2026-05-12,2026-04-28,"P1D","fcre",NA,"ensemble",46,"ChlorophyllMaximum_depth_sample",3.74042630984928,"fCMdepth_mp","vera4cast"
2026-05-12,2026-04-28,"P1D","fcre",NA,"ensemble",77,"ChlorophyllMaximum_depth_sample",4.60508487699056,"fCMdepth_mp","vera4cast"
2026-05-12,2026-04-28,"P1D","fcre",NA,"ensemble",108,"ChlorophyllMaximum_depth_sample",2.1602273708228,"fCMdepth_mp","vera4cast"
2026-05-12,2026-04-28,"P1D","fcre",NA,"ensemble",139,"ChlorophyllMaximum_depth_sample",3.74100415526388,"fCMdepth_mp","vera4cast"
2026-05-13,2026-04-28,"P1D","fcre",NA,"ensemble",15,"ChlorophyllMaximum_depth_sample",2.66716311799425,"fCMdepth_mp","vera4cast"
2026-05-13,2026-04-28,"P1D","fcre",NA,"ensemble",46,"ChlorophyllMaximum_depth_sample",3.30286068949581,"fCMdepth_mp","vera4cast"
2026-05-13,2026-04-28,"P1D","fcre",NA,"ensemble",77,"ChlorophyllMaximum_depth_sample",2.62940577546202,"fCMdepth_mp","vera4cast"
2026-05-13,2026-04-28,"P1D","fcre",NA,"ensemble",108,"ChlorophyllMaximum_depth_sample",4.25919677651094,"fCMdepth_mp","vera4cast"
2026-05-13,2026-04-28,"P1D","fcre",NA,"ensemble",139,"ChlorophyllMaximum_depth_sample",5.58050526493479,"fCMdepth_mp","vera4cast"
2026-05-14,2026-04-28,"P1D","fcre",NA,"ensemble",15,"ChlorophyllMaximum_depth_sample",2.86106931130935,"fCMdepth_mp","vera4cast"
2026-05-14,2026-04-28,"P1D","fcre",NA,"ensemble",46,"ChlorophyllMaximum_depth_sample",1.97709856263538,"fCMdepth_mp","vera4cast"
2026-05-14,2026-04-28,"P1D","fcre",NA,"ensemble",77,"ChlorophyllMaximum_depth_sample",2.13963207053594,"fCMdepth_mp","vera4cast"
2026-05-14,2026-04-28,"P1D","fcre",NA,"ensemble",108,"ChlorophyllMaximum_depth_sample",3.40369628109853,"fCMdepth_mp","vera4cast"
2026-05-14,2026-04-28,"P1D","fcre",NA,"ensemble",139,"ChlorophyllMaximum_depth_sample",2.36699313584529,"fCMdepth_mp","vera4cast"
2026-05-15,2026-04-28,"P1D","fcre",NA,"ensemble",15,"ChlorophyllMaximum_depth_sample",2.72978995687413,"fCMdepth_mp","vera4cast"
2026-05-15,2026-04-28,"P1D","fcre",NA,"ensemble",46,"ChlorophyllMaximum_depth_sample",3.97720911999727,"fCMdepth_mp","vera4cast"
2026-05-15,2026-04-28,"P1D","fcre",NA,"ensemble",77,"ChlorophyllMaximum_depth_sample",4.80123066708351,"fCMdepth_mp","vera4cast"
2026-05-15,2026-04-28,"P1D","fcre",NA,"ensemble",108,"ChlorophyllMaximum_depth_sample",2.70963098392556,"fCMdepth_mp","vera4cast"
2026-05-15,2026-04-28,"P1D","fcre",NA,"ensemble",139,"ChlorophyllMaximum_depth_sample",2.79790394631991,"fCMdepth_mp","vera4cast"
2026-05-16,2026-04-28,"P1D","fcre",NA,"ensemble",15,"ChlorophyllMaximum_depth_sample",3.93253225712934,"fCMdepth_mp","vera4cast"
2026-05-16,2026-04-28,"P1D","fcre",NA,"ensemble",46,"ChlorophyllMaximum_depth_sample",4.41078202169961,"fCMdepth_mp","vera4cast"
2026-05-16,2026-04-28,"P1D","fcre",NA,"ensemble",77,"ChlorophyllMaximum_depth_sample",4.66870922903755,"fCMdepth_mp","vera4cast"
2026-05-16,2026-04-28,"P1D","fcre",NA,"ensemble",108,"ChlorophyllMaximum_depth_sample",3.20780675225432,"fCMdepth_mp","vera4cast"
2026-05-16,2026-04-28,"P1D","fcre",NA,"ensemble",139,"ChlorophyllMaximum_depth_sample",4.31957886011918,"fCMdepth_mp","vera4cast"
2026-05-17,2026-04-28,"P1D","fcre",NA,"ensemble",15,"ChlorophyllMaximum_depth_sample",3.20445823271929,"fCMdepth_mp","vera4cast"
2026-05-17,2026-04-28,"P1D","fcre",NA,"ensemble",46,"ChlorophyllMaximum_depth_sample",4.13699075720654,"fCMdepth_mp","vera4cast"
2026-05-17,2026-04-28,"P1D","fcre",NA,"ensemble",77,"ChlorophyllMaximum_depth_sample",2.45047629744261,"fCMdepth_mp","vera4cast"
2026-05-17,2026-04-28,"P1D","fcre",NA,"ensemble",108,"ChlorophyllMaximum_depth_sample",4.61356951761243,"fCMdepth_mp","vera4cast"
2026-05-17,2026-04-28,"P1D","fcre",NA,"ensemble",139,"ChlorophyllMaximum_depth_sample",1.59380680706645,"fCMdepth_mp","vera4cast"
2026-05-18,2026-04-28,"P1D","fcre",NA,"ensemble",15,"ChlorophyllMaximum_depth_sample",2.28265172450999,"fCMdepth_mp","vera4cast"
2026-05-18,2026-04-28,"P1D","fcre",NA,"ensemble",46,"ChlorophyllMaximum_depth_sample",3.68486915118838,"fCMdepth_mp","vera4cast"
2026-05-18,2026-04-28,"P1D","fcre",NA,"ensemble",77,"ChlorophyllMaximum_depth_sample",4.4472172696891,"fCMdepth_mp","vera4cast"
2026-05-18,2026-04-28,"P1D","fcre",NA,"ensemble",108,"ChlorophyllMaximum_depth_sample",4.97731198217784,"fCMdepth_mp","vera4cast"
2026-05-18,2026-04-28,"P1D","fcre",NA,"ensemble",139,"ChlorophyllMaximum_depth_sample",4.0019272207298,"fCMdepth_mp","vera4cast"
2026-05-19,2026-04-28,"P1D","fcre",NA,"ensemble",15,"ChlorophyllMaximum_depth_sample",5.7019559906735,"fCMdepth_mp","vera4cast"
2026-05-19,2026-04-28,"P1D","fcre",NA,"ensemble",46,"ChlorophyllMaximum_depth_sample",2.6139285282646,"fCMdepth_mp","vera4cast"
2026-05-19,2026-04-28,"P1D","fcre",NA,"ensemble",77,"ChlorophyllMaximum_depth_sample",4.25436351472156,"fCMdepth_mp","vera4cast"
2026-05-19,2026-04-28,"P1D","fcre",NA,"ensemble",108,"ChlorophyllMaximum_depth_sample",2.92452999664742,"fCMdepth_mp","vera4cast"
2026-05-19,2026-04-28,"P1D","fcre",NA,"ensemble",139,"ChlorophyllMaximum_depth_sample",4.67676740729542,"fCMdepth_mp","vera4cast"
2026-05-20,2026-04-28,"P1D","fcre",NA,"ensemble",15,"ChlorophyllMaximum_depth_sample",3.21743038381098,"fCMdepth_mp","vera4cast"
2026-05-20,2026-04-28,"P1D","fcre",NA,"ensemble",46,"ChlorophyllMaximum_depth_sample",1.49356533339374,"fCMdepth_mp","vera4cast"
2026-05-20,2026-04-28,"P1D","fcre",NA,"ensemble",77,"ChlorophyllMaximum_depth_sample",2.73844597461857,"fCMdepth_mp","vera4cast"
2026-05-20,2026-04-28,"P1D","fcre",NA,"ensemble",108,"ChlorophyllMaximum_depth_sample",4.16058650578774,"fCMdepth_mp","vera4cast"
2026-05-20,2026-04-28,"P1D","fcre",NA,"ensemble",139,"ChlorophyllMaximum_depth_sample",1.64327648780413,"fCMdepth_mp","vera4cast"
2026-05-21,2026-04-28,"P1D","fcre",NA,"ensemble",15,"ChlorophyllMaximum_depth_sample",5.75875406063918,"fCMdepth_mp","vera4cast"
2026-05-21,2026-04-28,"P1D","fcre",NA,"ensemble",46,"ChlorophyllMaximum_depth_sample",3.96890276981778,"fCMdepth_mp","vera4cast"
2026-05-21,2026-04-28,"P1D","fcre",NA,"ensemble",77,"ChlorophyllMaximum_depth_sample",1.30781038096591,"fCMdepth_mp","vera4cast"
2026-05-21,2026-04-28,"P1D","fcre",NA,"ensemble",108,"ChlorophyllMaximum_depth_sample",3.70277758035124,"fCMdepth_mp","vera4cast"
2026-05-21,2026-04-28,"P1D","fcre",NA,"ensemble",139,"ChlorophyllMaximum_depth_sample",4.99581232899944,"fCMdepth_mp","vera4cast"
2026-05-22,2026-04-28,"P1D","fcre",NA,"ensemble",15,"ChlorophyllMaximum_depth_sample",1.44521068039423,"fCMdepth_mp","vera4cast"
2026-05-22,2026-04-28,"P1D","fcre",NA,"ensemble",46,"ChlorophyllMaximum_depth_sample",3.28477127072074,"fCMdepth_mp","vera4cast"
2026-05-22,2026-04-28,"P1D","fcre",NA,"ensemble",77,"ChlorophyllMaximum_depth_sample",1.75739572216936,"fCMdepth_mp","vera4cast"
2026-05-22,2026-04-28,"P1D","fcre",NA,"ensemble",108,"ChlorophyllMaximum_depth_sample",3.32772704520271,"fCMdepth_mp","vera4cast"
2026-05-22,2026-04-28,"P1D","fcre",NA,"ensemble",139,"ChlorophyllMaximum_depth_sample",4.24349309796833,"fCMdepth_mp","vera4cast"
2026-05-23,2026-04-28,"P1D","fcre",NA,"ensemble",15,"ChlorophyllMaximum_depth_sample",2.99149403356132,"fCMdepth_mp","vera4cast"
2026-05-23,2026-04-28,"P1D","fcre",NA,"ensemble",46,"ChlorophyllMaximum_depth_sample",2.2270393825968,"fCMdepth_mp","vera4cast"
2026-05-23,2026-04-28,"P1D","fcre",NA,"ensemble",77,"ChlorophyllMaximum_depth_sample",2.47327879214142,"fCMdepth_mp","vera4cast"
2026-05-23,2026-04-28,"P1D","fcre",NA,"ensemble",108,"ChlorophyllMaximum_depth_sample",1.90467668819846,"fCMdepth_mp","vera4cast"
2026-05-23,2026-04-28,"P1D","fcre",NA,"ensemble",139,"ChlorophyllMaximum_depth_sample",1.96358091745293,"fCMdepth_mp","vera4cast"
2026-05-24,2026-04-28,"P1D","fcre",NA,"ensemble",15,"ChlorophyllMaximum_depth_sample",1.67070708922415,"fCMdepth_mp","vera4cast"
2026-05-24,2026-04-28,"P1D","fcre",NA,"ensemble",46,"ChlorophyllMaximum_depth_sample",3.03847456017971,"fCMdepth_mp","vera4cast"
2026-05-24,2026-04-28,"P1D","fcre",NA,"ensemble",77,"ChlorophyllMaximum_depth_sample",4.28561629787687,"fCMdepth_mp","vera4cast"
2026-05-24,2026-04-28,"P1D","fcre",NA,"ensemble",108,"ChlorophyllMaximum_depth_sample",2.09507086318647,"fCMdepth_mp","vera4cast"
2026-05-24,2026-04-28,"P1D","fcre",NA,"ensemble",139,"ChlorophyllMaximum_depth_sample",4.2239567125997,"fCMdepth_mp","vera4cast"
2026-05-25,2026-04-28,"P1D","fcre",NA,"ensemble",15,"ChlorophyllMaximum_depth_sample",2.32173374432961,"fCMdepth_mp","vera4cast"
2026-05-25,2026-04-28,"P1D","fcre",NA,"ensemble",46,"ChlorophyllMaximum_depth_sample",1.26638207077847,"fCMdepth_mp","vera4cast"
2026-05-25,2026-04-28,"P1D","fcre",NA,"ensemble",77,"ChlorophyllMaximum_depth_sample",5.39863626540948,"fCMdepth_mp","vera4cast"
2026-05-25,2026-04-28,"P1D","fcre",NA,"ensemble",108,"ChlorophyllMaximum_depth_sample",3.64460318562186,"fCMdepth_mp","vera4cast"
2026-05-25,2026-04-28,"P1D","fcre",NA,"ensemble",139,"ChlorophyllMaximum_depth_sample",3.58774670263571,"fCMdepth_mp","vera4cast"
2026-05-26,2026-04-28,"P1D","fcre",NA,"ensemble",15,"ChlorophyllMaximum_depth_sample",3.59583038063937,"fCMdepth_mp","vera4cast"
2026-05-26,2026-04-28,"P1D","fcre",NA,"ensemble",46,"ChlorophyllMaximum_depth_sample",1.93511523560489,"fCMdepth_mp","vera4cast"
2026-05-26,2026-04-28,"P1D","fcre",NA,"ensemble",77,"ChlorophyllMaximum_depth_sample",1.45340958606142,"fCMdepth_mp","vera4cast"
2026-05-26,2026-04-28,"P1D","fcre",NA,"ensemble",108,"ChlorophyllMaximum_depth_sample",3.36077521482308,"fCMdepth_mp","vera4cast"
2026-05-26,2026-04-28,"P1D","fcre",NA,"ensemble",139,"ChlorophyllMaximum_depth_sample",1.27394610338824,"fCMdepth_mp","vera4cast"
2026-05-27,2026-04-28,"P1D","fcre",NA,"ensemble",15,"ChlorophyllMaximum_depth_sample",1.42154597808894,"fCMdepth_mp","vera4cast"
2026-05-27,2026-04-28,"P1D","fcre",NA,"ensemble",46,"ChlorophyllMaximum_depth_sample",1.51233415810852,"fCMdepth_mp","vera4cast"
2026-05-27,2026-04-28,"P1D","fcre",NA,"ensemble",77,"ChlorophyllMaximum_depth_sample",2.97606904240046,"fCMdepth_mp","vera4cast"
2026-05-27,2026-04-28,"P1D","fcre",NA,"ensemble",108,"ChlorophyllMaximum_depth_sample",4.14810764297273,"fCMdepth_mp","vera4cast"
2026-05-27,2026-04-28,"P1D","fcre",NA,"ensemble",139,"ChlorophyllMaximum_depth_sample",3.46192807902283,"fCMdepth_mp","vera4cast"
2026-05-28,2026-04-28,"P1D","fcre",NA,"ensemble",15,"ChlorophyllMaximum_depth_sample",4.46116059734703,"fCMdepth_mp","vera4cast"
2026-05-28,2026-04-28,"P1D","fcre",NA,"ensemble",46,"ChlorophyllMaximum_depth_sample",3.33762739724554,"fCMdepth_mp","vera4cast"
2026-05-28,2026-04-28,"P1D","fcre",NA,"ensemble",77,"ChlorophyllMaximum_depth_sample",2.04930767558361,"fCMdepth_mp","vera4cast"
2026-05-28,2026-04-28,"P1D","fcre",NA,"ensemble",108,"ChlorophyllMaximum_depth_sample",5.21384122163855,"fCMdepth_mp","vera4cast"
2026-05-28,2026-04-28,"P1D","fcre",NA,"ensemble",139,"ChlorophyllMaximum_depth_sample",4.51742594501379,"fCMdepth_mp","vera4cast"
2026-05-29,2026-04-28,"P1D","fcre",NA,"ensemble",15,"ChlorophyllMaximum_depth_sample",1.35353294191674,"fCMdepth_mp","vera4cast"
2026-05-29,2026-04-28,"P1D","fcre",NA,"ensemble",46,"ChlorophyllMaximum_depth_sample",4.1945128093671,"fCMdepth_mp","vera4cast"
2026-05-29,2026-04-28,"P1D","fcre",NA,"ensemble",77,"ChlorophyllMaximum_depth_sample",1.95075834096816,"fCMdepth_mp","vera4cast"
2026-05-29,2026-04-28,"P1D","fcre",NA,"ensemble",108,"ChlorophyllMaximum_depth_sample",2.22528261213189,"fCMdepth_mp","vera4cast"
2026-05-29,2026-04-28,"P1D","fcre",NA,"ensemble",139,"ChlorophyllMaximum_depth_sample",4.32160157492405,"fCMdepth_mp","vera4cast"
2026-05-30,2026-04-28,"P1D","fcre",NA,"ensemble",15,"ChlorophyllMaximum_depth_sample",2.45638527009954,"fCMdepth_mp","vera4cast"
2026-05-30,2026-04-28,"P1D","fcre",NA,"ensemble",46,"ChlorophyllMaximum_depth_sample",2.97800360029719,"fCMdepth_mp","vera4cast"
2026-05-30,2026-04-28,"P1D","fcre",NA,"ensemble",77,"ChlorophyllMaximum_depth_sample",2.46383805792057,"fCMdepth_mp","vera4cast"
2026-05-30,2026-04-28,"P1D","fcre",NA,"ensemble",108,"ChlorophyllMaximum_depth_sample",0.870253816633183,"fCMdepth_mp","vera4cast"
2026-05-30,2026-04-28,"P1D","fcre",NA,"ensemble",139,"ChlorophyllMaximum_depth_sample",4.40915174351349,"fCMdepth_mp","vera4cast"
2026-05-31,2026-04-28,"P1D","fcre",NA,"ensemble",15,"ChlorophyllMaximum_depth_sample",3.75488117757252,"fCMdepth_mp","vera4cast"
2026-05-31,2026-04-28,"P1D","fcre",NA,"ensemble",46,"ChlorophyllMaximum_depth_sample",4.4835439623724,"fCMdepth_mp","vera4cast"
2026-05-31,2026-04-28,"P1D","fcre",NA,"ensemble",77,"ChlorophyllMaximum_depth_sample",1.07243428364097,"fCMdepth_mp","vera4cast"
2026-05-31,2026-04-28,"P1D","fcre",NA,"ensemble",108,"ChlorophyllMaximum_depth_sample",2.43167642089613,"fCMdepth_mp","vera4cast"
2026-05-31,2026-04-28,"P1D","fcre",NA,"ensemble",139,"ChlorophyllMaximum_depth_sample",3.51760034214697,"fCMdepth_mp","vera4cast"
2026-06-01,2026-04-28,"P1D","fcre",NA,"ensemble",15,"ChlorophyllMaximum_depth_sample",2.002972905056,"fCMdepth_mp","vera4cast"
2026-06-01,2026-04-28,"P1D","fcre",NA,"ensemble",46,"ChlorophyllMaximum_depth_sample",2.47099221216572,"fCMdepth_mp","vera4cast"
2026-06-01,2026-04-28,"P1D","fcre",NA,"ensemble",77,"ChlorophyllMaximum_depth_sample",4.28483175642203,"fCMdepth_mp","vera4cast"
2026-06-01,2026-04-28,"P1D","fcre",NA,"ensemble",108,"ChlorophyllMaximum_depth_sample",2.92037549233068,"fCMdepth_mp","vera4cast"
2026-06-01,2026-04-28,"P1D","fcre",NA,"ensemble",139,"ChlorophyllMaximum_depth_sample",2.74685797016371,"fCMdepth_mp","vera4cast"
2026-04-29,2026-04-28,"P1D","fcre",NA,"ensemble",16,"ChlorophyllMaximum_depth_sample",2.76148213840433,"fCMdepth_mp","vera4cast"
2026-04-29,2026-04-28,"P1D","fcre",NA,"ensemble",47,"ChlorophyllMaximum_depth_sample",3.00777567446799,"fCMdepth_mp","vera4cast"
2026-04-29,2026-04-28,"P1D","fcre",NA,"ensemble",78,"ChlorophyllMaximum_depth_sample",0.767243890513835,"fCMdepth_mp","vera4cast"
2026-04-29,2026-04-28,"P1D","fcre",NA,"ensemble",109,"ChlorophyllMaximum_depth_sample",3.764567658495,"fCMdepth_mp","vera4cast"
2026-04-29,2026-04-28,"P1D","fcre",NA,"ensemble",140,"ChlorophyllMaximum_depth_sample",2.50847673896142,"fCMdepth_mp","vera4cast"
2026-04-30,2026-04-28,"P1D","fcre",NA,"ensemble",16,"ChlorophyllMaximum_depth_sample",2.15724257672714,"fCMdepth_mp","vera4cast"
2026-04-30,2026-04-28,"P1D","fcre",NA,"ensemble",47,"ChlorophyllMaximum_depth_sample",3.20943088459419,"fCMdepth_mp","vera4cast"
2026-04-30,2026-04-28,"P1D","fcre",NA,"ensemble",78,"ChlorophyllMaximum_depth_sample",3.49535998844229,"fCMdepth_mp","vera4cast"
2026-04-30,2026-04-28,"P1D","fcre",NA,"ensemble",109,"ChlorophyllMaximum_depth_sample",3.19221023833167,"fCMdepth_mp","vera4cast"
2026-04-30,2026-04-28,"P1D","fcre",NA,"ensemble",140,"ChlorophyllMaximum_depth_sample",1.99667601905739,"fCMdepth_mp","vera4cast"
2026-05-01,2026-04-28,"P1D","fcre",NA,"ensemble",16,"ChlorophyllMaximum_depth_sample",3.16699360580561,"fCMdepth_mp","vera4cast"
2026-05-01,2026-04-28,"P1D","fcre",NA,"ensemble",47,"ChlorophyllMaximum_depth_sample",4.17363309018335,"fCMdepth_mp","vera4cast"
2026-05-01,2026-04-28,"P1D","fcre",NA,"ensemble",78,"ChlorophyllMaximum_depth_sample",3.18502635563128,"fCMdepth_mp","vera4cast"
2026-05-01,2026-04-28,"P1D","fcre",NA,"ensemble",109,"ChlorophyllMaximum_depth_sample",0.311375066101732,"fCMdepth_mp","vera4cast"
2026-05-01,2026-04-28,"P1D","fcre",NA,"ensemble",140,"ChlorophyllMaximum_depth_sample",1.66861905537991,"fCMdepth_mp","vera4cast"
2026-05-02,2026-04-28,"P1D","fcre",NA,"ensemble",16,"ChlorophyllMaximum_depth_sample",2.03024812067193,"fCMdepth_mp","vera4cast"
2026-05-02,2026-04-28,"P1D","fcre",NA,"ensemble",47,"ChlorophyllMaximum_depth_sample",1.90002320481508,"fCMdepth_mp","vera4cast"
2026-05-02,2026-04-28,"P1D","fcre",NA,"ensemble",78,"ChlorophyllMaximum_depth_sample",2.18410210200507,"fCMdepth_mp","vera4cast"
2026-05-02,2026-04-28,"P1D","fcre",NA,"ensemble",109,"ChlorophyllMaximum_depth_sample",2.43626533120211,"fCMdepth_mp","vera4cast"
2026-05-02,2026-04-28,"P1D","fcre",NA,"ensemble",140,"ChlorophyllMaximum_depth_sample",2.82093026610007,"fCMdepth_mp","vera4cast"
2026-05-03,2026-04-28,"P1D","fcre",NA,"ensemble",16,"ChlorophyllMaximum_depth_sample",1.87117110704996,"fCMdepth_mp","vera4cast"
2026-05-03,2026-04-28,"P1D","fcre",NA,"ensemble",47,"ChlorophyllMaximum_depth_sample",2.64249258479721,"fCMdepth_mp","vera4cast"
2026-05-03,2026-04-28,"P1D","fcre",NA,"ensemble",78,"ChlorophyllMaximum_depth_sample",2.09748304864642,"fCMdepth_mp","vera4cast"
2026-05-03,2026-04-28,"P1D","fcre",NA,"ensemble",109,"ChlorophyllMaximum_depth_sample",1.63059257293655,"fCMdepth_mp","vera4cast"
2026-05-03,2026-04-28,"P1D","fcre",NA,"ensemble",140,"ChlorophyllMaximum_depth_sample",2.34098547048414,"fCMdepth_mp","vera4cast"
2026-05-04,2026-04-28,"P1D","fcre",NA,"ensemble",16,"ChlorophyllMaximum_depth_sample",1.75119414483848,"fCMdepth_mp","vera4cast"
2026-05-04,2026-04-28,"P1D","fcre",NA,"ensemble",47,"ChlorophyllMaximum_depth_sample",2.04849694059056,"fCMdepth_mp","vera4cast"
2026-05-04,2026-04-28,"P1D","fcre",NA,"ensemble",78,"ChlorophyllMaximum_depth_sample",1.7071502209207,"fCMdepth_mp","vera4cast"
2026-05-04,2026-04-28,"P1D","fcre",NA,"ensemble",109,"ChlorophyllMaximum_depth_sample",2.39244823910192,"fCMdepth_mp","vera4cast"
2026-05-04,2026-04-28,"P1D","fcre",NA,"ensemble",140,"ChlorophyllMaximum_depth_sample",4.582186373356,"fCMdepth_mp","vera4cast"
2026-05-05,2026-04-28,"P1D","fcre",NA,"ensemble",16,"ChlorophyllMaximum_depth_sample",3.23800586286516,"fCMdepth_mp","vera4cast"
2026-05-05,2026-04-28,"P1D","fcre",NA,"ensemble",47,"ChlorophyllMaximum_depth_sample",3.69556184150828,"fCMdepth_mp","vera4cast"
2026-05-05,2026-04-28,"P1D","fcre",NA,"ensemble",78,"ChlorophyllMaximum_depth_sample",2.0447799972774,"fCMdepth_mp","vera4cast"
2026-05-05,2026-04-28,"P1D","fcre",NA,"ensemble",109,"ChlorophyllMaximum_depth_sample",4.80191844771028,"fCMdepth_mp","vera4cast"
2026-05-05,2026-04-28,"P1D","fcre",NA,"ensemble",140,"ChlorophyllMaximum_depth_sample",4.43411326392416,"fCMdepth_mp","vera4cast"
2026-05-06,2026-04-28,"P1D","fcre",NA,"ensemble",16,"ChlorophyllMaximum_depth_sample",2.4423832995071,"fCMdepth_mp","vera4cast"
2026-05-06,2026-04-28,"P1D","fcre",NA,"ensemble",47,"ChlorophyllMaximum_depth_sample",2.62026717563369,"fCMdepth_mp","vera4cast"
2026-05-06,2026-04-28,"P1D","fcre",NA,"ensemble",78,"ChlorophyllMaximum_depth_sample",3.22332020671764,"fCMdepth_mp","vera4cast"
2026-05-06,2026-04-28,"P1D","fcre",NA,"ensemble",109,"ChlorophyllMaximum_depth_sample",1.4210675654291,"fCMdepth_mp","vera4cast"
2026-05-06,2026-04-28,"P1D","fcre",NA,"ensemble",140,"ChlorophyllMaximum_depth_sample",3.4053320666818,"fCMdepth_mp","vera4cast"
2026-05-07,2026-04-28,"P1D","fcre",NA,"ensemble",16,"ChlorophyllMaximum_depth_sample",2.61276888528913,"fCMdepth_mp","vera4cast"
2026-05-07,2026-04-28,"P1D","fcre",NA,"ensemble",47,"ChlorophyllMaximum_depth_sample",2.87719624153676,"fCMdepth_mp","vera4cast"
2026-05-07,2026-04-28,"P1D","fcre",NA,"ensemble",78,"ChlorophyllMaximum_depth_sample",2.51599950157891,"fCMdepth_mp","vera4cast"
2026-05-07,2026-04-28,"P1D","fcre",NA,"ensemble",109,"ChlorophyllMaximum_depth_sample",3.08661532344565,"fCMdepth_mp","vera4cast"
2026-05-07,2026-04-28,"P1D","fcre",NA,"ensemble",140,"ChlorophyllMaximum_depth_sample",1.59924688713616,"fCMdepth_mp","vera4cast"
2026-05-08,2026-04-28,"P1D","fcre",NA,"ensemble",16,"ChlorophyllMaximum_depth_sample",3.18954641939481,"fCMdepth_mp","vera4cast"
2026-05-08,2026-04-28,"P1D","fcre",NA,"ensemble",47,"ChlorophyllMaximum_depth_sample",4.27130959714302,"fCMdepth_mp","vera4cast"
2026-05-08,2026-04-28,"P1D","fcre",NA,"ensemble",78,"ChlorophyllMaximum_depth_sample",3.20539621400685,"fCMdepth_mp","vera4cast"
2026-05-08,2026-04-28,"P1D","fcre",NA,"ensemble",109,"ChlorophyllMaximum_depth_sample",4.0125344402885,"fCMdepth_mp","vera4cast"
2026-05-08,2026-04-28,"P1D","fcre",NA,"ensemble",140,"ChlorophyllMaximum_depth_sample",4.2290501337187,"fCMdepth_mp","vera4cast"
2026-05-09,2026-04-28,"P1D","fcre",NA,"ensemble",16,"ChlorophyllMaximum_depth_sample",4.86904499184184,"fCMdepth_mp","vera4cast"
2026-05-09,2026-04-28,"P1D","fcre",NA,"ensemble",47,"ChlorophyllMaximum_depth_sample",4.06377197132807,"fCMdepth_mp","vera4cast"
2026-05-09,2026-04-28,"P1D","fcre",NA,"ensemble",78,"ChlorophyllMaximum_depth_sample",6.80287852036938,"fCMdepth_mp","vera4cast"
2026-05-09,2026-04-28,"P1D","fcre",NA,"ensemble",109,"ChlorophyllMaximum_depth_sample",3.66314174185672,"fCMdepth_mp","vera4cast"
2026-05-09,2026-04-28,"P1D","fcre",NA,"ensemble",140,"ChlorophyllMaximum_depth_sample",3.45381646985387,"fCMdepth_mp","vera4cast"
2026-05-10,2026-04-28,"P1D","fcre",NA,"ensemble",16,"ChlorophyllMaximum_depth_sample",2.96744840785986,"fCMdepth_mp","vera4cast"
2026-05-10,2026-04-28,"P1D","fcre",NA,"ensemble",47,"ChlorophyllMaximum_depth_sample",4.57320719295987,"fCMdepth_mp","vera4cast"
2026-05-10,2026-04-28,"P1D","fcre",NA,"ensemble",78,"ChlorophyllMaximum_depth_sample",4.61388088813675,"fCMdepth_mp","vera4cast"
2026-05-10,2026-04-28,"P1D","fcre",NA,"ensemble",109,"ChlorophyllMaximum_depth_sample",4.78264215499073,"fCMdepth_mp","vera4cast"
2026-05-10,2026-04-28,"P1D","fcre",NA,"ensemble",140,"ChlorophyllMaximum_depth_sample",4.0976463879776,"fCMdepth_mp","vera4cast"
2026-05-11,2026-04-28,"P1D","fcre",NA,"ensemble",16,"ChlorophyllMaximum_depth_sample",3.81442485701199,"fCMdepth_mp","vera4cast"
2026-05-11,2026-04-28,"P1D","fcre",NA,"ensemble",47,"ChlorophyllMaximum_depth_sample",2.21921017544058,"fCMdepth_mp","vera4cast"
2026-05-11,2026-04-28,"P1D","fcre",NA,"ensemble",78,"ChlorophyllMaximum_depth_sample",3.85512892021355,"fCMdepth_mp","vera4cast"
2026-05-11,2026-04-28,"P1D","fcre",NA,"ensemble",109,"ChlorophyllMaximum_depth_sample",3.57020217056903,"fCMdepth_mp","vera4cast"
2026-05-11,2026-04-28,"P1D","fcre",NA,"ensemble",140,"ChlorophyllMaximum_depth_sample",1.98723593609684,"fCMdepth_mp","vera4cast"
2026-05-12,2026-04-28,"P1D","fcre",NA,"ensemble",16,"ChlorophyllMaximum_depth_sample",2.78938034145624,"fCMdepth_mp","vera4cast"
2026-05-12,2026-04-28,"P1D","fcre",NA,"ensemble",47,"ChlorophyllMaximum_depth_sample",2.43848065519425,"fCMdepth_mp","vera4cast"
2026-05-12,2026-04-28,"P1D","fcre",NA,"ensemble",78,"ChlorophyllMaximum_depth_sample",2.6493158618795,"fCMdepth_mp","vera4cast"
2026-05-12,2026-04-28,"P1D","fcre",NA,"ensemble",109,"ChlorophyllMaximum_depth_sample",3.62906782588159,"fCMdepth_mp","vera4cast"
2026-05-12,2026-04-28,"P1D","fcre",NA,"ensemble",140,"ChlorophyllMaximum_depth_sample",3.14681062965997,"fCMdepth_mp","vera4cast"
2026-05-13,2026-04-28,"P1D","fcre",NA,"ensemble",16,"ChlorophyllMaximum_depth_sample",2.95785369397426,"fCMdepth_mp","vera4cast"
2026-05-13,2026-04-28,"P1D","fcre",NA,"ensemble",47,"ChlorophyllMaximum_depth_sample",3.60566422831515,"fCMdepth_mp","vera4cast"
2026-05-13,2026-04-28,"P1D","fcre",NA,"ensemble",78,"ChlorophyllMaximum_depth_sample",3.91246531702765,"fCMdepth_mp","vera4cast"
2026-05-13,2026-04-28,"P1D","fcre",NA,"ensemble",109,"ChlorophyllMaximum_depth_sample",1.97588025501077,"fCMdepth_mp","vera4cast"
2026-05-13,2026-04-28,"P1D","fcre",NA,"ensemble",140,"ChlorophyllMaximum_depth_sample",2.06534201217943,"fCMdepth_mp","vera4cast"
2026-05-14,2026-04-28,"P1D","fcre",NA,"ensemble",16,"ChlorophyllMaximum_depth_sample",4.68724178394448,"fCMdepth_mp","vera4cast"
2026-05-14,2026-04-28,"P1D","fcre",NA,"ensemble",47,"ChlorophyllMaximum_depth_sample",2.84530357103807,"fCMdepth_mp","vera4cast"
2026-05-14,2026-04-28,"P1D","fcre",NA,"ensemble",78,"ChlorophyllMaximum_depth_sample",1.94137462007677,"fCMdepth_mp","vera4cast"
2026-05-14,2026-04-28,"P1D","fcre",NA,"ensemble",109,"ChlorophyllMaximum_depth_sample",2.75684276189397,"fCMdepth_mp","vera4cast"
2026-05-14,2026-04-28,"P1D","fcre",NA,"ensemble",140,"ChlorophyllMaximum_depth_sample",2.50190365330345,"fCMdepth_mp","vera4cast"
2026-05-15,2026-04-28,"P1D","fcre",NA,"ensemble",16,"ChlorophyllMaximum_depth_sample",4.18405757811562,"fCMdepth_mp","vera4cast"
2026-05-15,2026-04-28,"P1D","fcre",NA,"ensemble",47,"ChlorophyllMaximum_depth_sample",1.43935291877145,"fCMdepth_mp","vera4cast"
2026-05-15,2026-04-28,"P1D","fcre",NA,"ensemble",78,"ChlorophyllMaximum_depth_sample",3.67454444496668,"fCMdepth_mp","vera4cast"
2026-05-15,2026-04-28,"P1D","fcre",NA,"ensemble",109,"ChlorophyllMaximum_depth_sample",3.32022543880026,"fCMdepth_mp","vera4cast"
2026-05-15,2026-04-28,"P1D","fcre",NA,"ensemble",140,"ChlorophyllMaximum_depth_sample",2.28779587713307,"fCMdepth_mp","vera4cast"
2026-05-16,2026-04-28,"P1D","fcre",NA,"ensemble",16,"ChlorophyllMaximum_depth_sample",2.76241505839134,"fCMdepth_mp","vera4cast"
2026-05-16,2026-04-28,"P1D","fcre",NA,"ensemble",47,"ChlorophyllMaximum_depth_sample",4.75926617101866,"fCMdepth_mp","vera4cast"
2026-05-16,2026-04-28,"P1D","fcre",NA,"ensemble",78,"ChlorophyllMaximum_depth_sample",2.39793875300302,"fCMdepth_mp","vera4cast"
2026-05-16,2026-04-28,"P1D","fcre",NA,"ensemble",109,"ChlorophyllMaximum_depth_sample",3.03495174769616,"fCMdepth_mp","vera4cast"
2026-05-16,2026-04-28,"P1D","fcre",NA,"ensemble",140,"ChlorophyllMaximum_depth_sample",3.38609854607364,"fCMdepth_mp","vera4cast"
2026-05-17,2026-04-28,"P1D","fcre",NA,"ensemble",16,"ChlorophyllMaximum_depth_sample",3.64782721692389,"fCMdepth_mp","vera4cast"
2026-05-17,2026-04-28,"P1D","fcre",NA,"ensemble",47,"ChlorophyllMaximum_depth_sample",3.70288711196729,"fCMdepth_mp","vera4cast"
2026-05-17,2026-04-28,"P1D","fcre",NA,"ensemble",78,"ChlorophyllMaximum_depth_sample",3.48617928633471,"fCMdepth_mp","vera4cast"
2026-05-17,2026-04-28,"P1D","fcre",NA,"ensemble",109,"ChlorophyllMaximum_depth_sample",2.30425713602471,"fCMdepth_mp","vera4cast"
2026-05-17,2026-04-28,"P1D","fcre",NA,"ensemble",140,"ChlorophyllMaximum_depth_sample",1.67586800340034,"fCMdepth_mp","vera4cast"
2026-05-18,2026-04-28,"P1D","fcre",NA,"ensemble",16,"ChlorophyllMaximum_depth_sample",5.06134046721282,"fCMdepth_mp","vera4cast"
2026-05-18,2026-04-28,"P1D","fcre",NA,"ensemble",47,"ChlorophyllMaximum_depth_sample",4.42771540218471,"fCMdepth_mp","vera4cast"
2026-05-18,2026-04-28,"P1D","fcre",NA,"ensemble",78,"ChlorophyllMaximum_depth_sample",3.34885763713077,"fCMdepth_mp","vera4cast"
2026-05-18,2026-04-28,"P1D","fcre",NA,"ensemble",109,"ChlorophyllMaximum_depth_sample",3.20361854953604,"fCMdepth_mp","vera4cast"
2026-05-18,2026-04-28,"P1D","fcre",NA,"ensemble",140,"ChlorophyllMaximum_depth_sample",2.00216427484065,"fCMdepth_mp","vera4cast"
2026-05-19,2026-04-28,"P1D","fcre",NA,"ensemble",16,"ChlorophyllMaximum_depth_sample",4.8936030334077,"fCMdepth_mp","vera4cast"
2026-05-19,2026-04-28,"P1D","fcre",NA,"ensemble",47,"ChlorophyllMaximum_depth_sample",2.36663585664054,"fCMdepth_mp","vera4cast"
2026-05-19,2026-04-28,"P1D","fcre",NA,"ensemble",78,"ChlorophyllMaximum_depth_sample",3.32590227800026,"fCMdepth_mp","vera4cast"
2026-05-19,2026-04-28,"P1D","fcre",NA,"ensemble",109,"ChlorophyllMaximum_depth_sample",5.12401767895146,"fCMdepth_mp","vera4cast"
2026-05-19,2026-04-28,"P1D","fcre",NA,"ensemble",140,"ChlorophyllMaximum_depth_sample",2.41908690288108,"fCMdepth_mp","vera4cast"
2026-05-20,2026-04-28,"P1D","fcre",NA,"ensemble",16,"ChlorophyllMaximum_depth_sample",4.05954968443647,"fCMdepth_mp","vera4cast"
2026-05-20,2026-04-28,"P1D","fcre",NA,"ensemble",47,"ChlorophyllMaximum_depth_sample",2.83357125916792,"fCMdepth_mp","vera4cast"
2026-05-20,2026-04-28,"P1D","fcre",NA,"ensemble",78,"ChlorophyllMaximum_depth_sample",2.98329710646233,"fCMdepth_mp","vera4cast"
2026-05-20,2026-04-28,"P1D","fcre",NA,"ensemble",109,"ChlorophyllMaximum_depth_sample",3.3307616086574,"fCMdepth_mp","vera4cast"
2026-05-20,2026-04-28,"P1D","fcre",NA,"ensemble",140,"ChlorophyllMaximum_depth_sample",3.57189886618455,"fCMdepth_mp","vera4cast"
2026-05-21,2026-04-28,"P1D","fcre",NA,"ensemble",16,"ChlorophyllMaximum_depth_sample",4.02933571625518,"fCMdepth_mp","vera4cast"
2026-05-21,2026-04-28,"P1D","fcre",NA,"ensemble",47,"ChlorophyllMaximum_depth_sample",3.06515778216222,"fCMdepth_mp","vera4cast"
2026-05-21,2026-04-28,"P1D","fcre",NA,"ensemble",78,"ChlorophyllMaximum_depth_sample",3.46067780407892,"fCMdepth_mp","vera4cast"
2026-05-21,2026-04-28,"P1D","fcre",NA,"ensemble",109,"ChlorophyllMaximum_depth_sample",4.96538675193049,"fCMdepth_mp","vera4cast"
2026-05-21,2026-04-28,"P1D","fcre",NA,"ensemble",140,"ChlorophyllMaximum_depth_sample",3.23934075434904,"fCMdepth_mp","vera4cast"
2026-05-22,2026-04-28,"P1D","fcre",NA,"ensemble",16,"ChlorophyllMaximum_depth_sample",5.96968373456385,"fCMdepth_mp","vera4cast"
2026-05-22,2026-04-28,"P1D","fcre",NA,"ensemble",47,"ChlorophyllMaximum_depth_sample",2.3039810370288,"fCMdepth_mp","vera4cast"
2026-05-22,2026-04-28,"P1D","fcre",NA,"ensemble",78,"ChlorophyllMaximum_depth_sample",1.94441190811625,"fCMdepth_mp","vera4cast"
2026-05-22,2026-04-28,"P1D","fcre",NA,"ensemble",109,"ChlorophyllMaximum_depth_sample",3.42523705291492,"fCMdepth_mp","vera4cast"
2026-05-22,2026-04-28,"P1D","fcre",NA,"ensemble",140,"ChlorophyllMaximum_depth_sample",2.92115778845825,"fCMdepth_mp","vera4cast"
2026-05-23,2026-04-28,"P1D","fcre",NA,"ensemble",16,"ChlorophyllMaximum_depth_sample",2.1313378435523,"fCMdepth_mp","vera4cast"
2026-05-23,2026-04-28,"P1D","fcre",NA,"ensemble",47,"ChlorophyllMaximum_depth_sample",2.59508091061262,"fCMdepth_mp","vera4cast"
2026-05-23,2026-04-28,"P1D","fcre",NA,"ensemble",78,"ChlorophyllMaximum_depth_sample",3.74525149745748,"fCMdepth_mp","vera4cast"
2026-05-23,2026-04-28,"P1D","fcre",NA,"ensemble",109,"ChlorophyllMaximum_depth_sample",0.964029125375475,"fCMdepth_mp","vera4cast"
2026-05-23,2026-04-28,"P1D","fcre",NA,"ensemble",140,"ChlorophyllMaximum_depth_sample",2.02289455360077,"fCMdepth_mp","vera4cast"
2026-05-24,2026-04-28,"P1D","fcre",NA,"ensemble",16,"ChlorophyllMaximum_depth_sample",3.2053810012801,"fCMdepth_mp","vera4cast"
2026-05-24,2026-04-28,"P1D","fcre",NA,"ensemble",47,"ChlorophyllMaximum_depth_sample",0.373756184496799,"fCMdepth_mp","vera4cast"
2026-05-24,2026-04-28,"P1D","fcre",NA,"ensemble",78,"ChlorophyllMaximum_depth_sample",3.16110496272792,"fCMdepth_mp","vera4cast"
2026-05-24,2026-04-28,"P1D","fcre",NA,"ensemble",109,"ChlorophyllMaximum_depth_sample",2.69320044316918,"fCMdepth_mp","vera4cast"
2026-05-24,2026-04-28,"P1D","fcre",NA,"ensemble",140,"ChlorophyllMaximum_depth_sample",1.34816618614441,"fCMdepth_mp","vera4cast"
2026-05-25,2026-04-28,"P1D","fcre",NA,"ensemble",16,"ChlorophyllMaximum_depth_sample",3.52150629786565,"fCMdepth_mp","vera4cast"
2026-05-25,2026-04-28,"P1D","fcre",NA,"ensemble",47,"ChlorophyllMaximum_depth_sample",2.11678724489311,"fCMdepth_mp","vera4cast"
2026-05-25,2026-04-28,"P1D","fcre",NA,"ensemble",78,"ChlorophyllMaximum_depth_sample",1.73444414523023,"fCMdepth_mp","vera4cast"
2026-05-25,2026-04-28,"P1D","fcre",NA,"ensemble",109,"ChlorophyllMaximum_depth_sample",4.0407109540584,"fCMdepth_mp","vera4cast"
2026-05-25,2026-04-28,"P1D","fcre",NA,"ensemble",140,"ChlorophyllMaximum_depth_sample",2.84830552392996,"fCMdepth_mp","vera4cast"
2026-05-26,2026-04-28,"P1D","fcre",NA,"ensemble",16,"ChlorophyllMaximum_depth_sample",1.14810475723278,"fCMdepth_mp","vera4cast"
2026-05-26,2026-04-28,"P1D","fcre",NA,"ensemble",47,"ChlorophyllMaximum_depth_sample",2.33869457066816,"fCMdepth_mp","vera4cast"
2026-05-26,2026-04-28,"P1D","fcre",NA,"ensemble",78,"ChlorophyllMaximum_depth_sample",2.48550638988293,"fCMdepth_mp","vera4cast"
2026-05-26,2026-04-28,"P1D","fcre",NA,"ensemble",109,"ChlorophyllMaximum_depth_sample",3.23840011283443,"fCMdepth_mp","vera4cast"
2026-05-26,2026-04-28,"P1D","fcre",NA,"ensemble",140,"ChlorophyllMaximum_depth_sample",1.94336384852835,"fCMdepth_mp","vera4cast"
2026-05-27,2026-04-28,"P1D","fcre",NA,"ensemble",16,"ChlorophyllMaximum_depth_sample",2.93908526972569,"fCMdepth_mp","vera4cast"
2026-05-27,2026-04-28,"P1D","fcre",NA,"ensemble",47,"ChlorophyllMaximum_depth_sample",2.85327770538325,"fCMdepth_mp","vera4cast"
2026-05-27,2026-04-28,"P1D","fcre",NA,"ensemble",78,"ChlorophyllMaximum_depth_sample",4.54500566207491,"fCMdepth_mp","vera4cast"
2026-05-27,2026-04-28,"P1D","fcre",NA,"ensemble",109,"ChlorophyllMaximum_depth_sample",0.563581885643174,"fCMdepth_mp","vera4cast"
2026-05-27,2026-04-28,"P1D","fcre",NA,"ensemble",140,"ChlorophyllMaximum_depth_sample",1.99465635735412,"fCMdepth_mp","vera4cast"
2026-05-28,2026-04-28,"P1D","fcre",NA,"ensemble",16,"ChlorophyllMaximum_depth_sample",4.12913562588342,"fCMdepth_mp","vera4cast"
2026-05-28,2026-04-28,"P1D","fcre",NA,"ensemble",47,"ChlorophyllMaximum_depth_sample",3.06799313983287,"fCMdepth_mp","vera4cast"
2026-05-28,2026-04-28,"P1D","fcre",NA,"ensemble",78,"ChlorophyllMaximum_depth_sample",3.01628561882779,"fCMdepth_mp","vera4cast"
2026-05-28,2026-04-28,"P1D","fcre",NA,"ensemble",109,"ChlorophyllMaximum_depth_sample",4.58981745052793,"fCMdepth_mp","vera4cast"
2026-05-28,2026-04-28,"P1D","fcre",NA,"ensemble",140,"ChlorophyllMaximum_depth_sample",2.50269694064053,"fCMdepth_mp","vera4cast"
2026-05-29,2026-04-28,"P1D","fcre",NA,"ensemble",16,"ChlorophyllMaximum_depth_sample",3.14670789515543,"fCMdepth_mp","vera4cast"
2026-05-29,2026-04-28,"P1D","fcre",NA,"ensemble",47,"ChlorophyllMaximum_depth_sample",5.02018611449544,"fCMdepth_mp","vera4cast"
2026-05-29,2026-04-28,"P1D","fcre",NA,"ensemble",78,"ChlorophyllMaximum_depth_sample",3.70004172826521,"fCMdepth_mp","vera4cast"
2026-05-29,2026-04-28,"P1D","fcre",NA,"ensemble",109,"ChlorophyllMaximum_depth_sample",3.30690818383531,"fCMdepth_mp","vera4cast"
2026-05-29,2026-04-28,"P1D","fcre",NA,"ensemble",140,"ChlorophyllMaximum_depth_sample",3.86840921358684,"fCMdepth_mp","vera4cast"
2026-05-30,2026-04-28,"P1D","fcre",NA,"ensemble",16,"ChlorophyllMaximum_depth_sample",3.01688765618572,"fCMdepth_mp","vera4cast"
2026-05-30,2026-04-28,"P1D","fcre",NA,"ensemble",47,"ChlorophyllMaximum_depth_sample",2.87034130993842,"fCMdepth_mp","vera4cast"
2026-05-30,2026-04-28,"P1D","fcre",NA,"ensemble",78,"ChlorophyllMaximum_depth_sample",0.861773135953141,"fCMdepth_mp","vera4cast"
2026-05-30,2026-04-28,"P1D","fcre",NA,"ensemble",109,"ChlorophyllMaximum_depth_sample",0.420046911617351,"fCMdepth_mp","vera4cast"
2026-05-30,2026-04-28,"P1D","fcre",NA,"ensemble",140,"ChlorophyllMaximum_depth_sample",3.11387591230653,"fCMdepth_mp","vera4cast"
2026-05-31,2026-04-28,"P1D","fcre",NA,"ensemble",16,"ChlorophyllMaximum_depth_sample",2.52612937141981,"fCMdepth_mp","vera4cast"
2026-05-31,2026-04-28,"P1D","fcre",NA,"ensemble",47,"ChlorophyllMaximum_depth_sample",0.109911596387634,"fCMdepth_mp","vera4cast"
2026-05-31,2026-04-28,"P1D","fcre",NA,"ensemble",78,"ChlorophyllMaximum_depth_sample",2.96196464123932,"fCMdepth_mp","vera4cast"
2026-05-31,2026-04-28,"P1D","fcre",NA,"ensemble",109,"ChlorophyllMaximum_depth_sample",1.78448565573144,"fCMdepth_mp","vera4cast"
2026-05-31,2026-04-28,"P1D","fcre",NA,"ensemble",140,"ChlorophyllMaximum_depth_sample",2.90436450248274,"fCMdepth_mp","vera4cast"
2026-06-01,2026-04-28,"P1D","fcre",NA,"ensemble",16,"ChlorophyllMaximum_depth_sample",2.08837040845928,"fCMdepth_mp","vera4cast"
2026-06-01,2026-04-28,"P1D","fcre",NA,"ensemble",47,"ChlorophyllMaximum_depth_sample",3.30240845292647,"fCMdepth_mp","vera4cast"
2026-06-01,2026-04-28,"P1D","fcre",NA,"ensemble",78,"ChlorophyllMaximum_depth_sample",0.803862480502806,"fCMdepth_mp","vera4cast"
2026-06-01,2026-04-28,"P1D","fcre",NA,"ensemble",109,"ChlorophyllMaximum_depth_sample",2.18712820131573,"fCMdepth_mp","vera4cast"
2026-06-01,2026-04-28,"P1D","fcre",NA,"ensemble",140,"ChlorophyllMaximum_depth_sample",3.5449789491308,"fCMdepth_mp","vera4cast"
2026-04-29,2026-04-28,"P1D","fcre",NA,"ensemble",17,"ChlorophyllMaximum_depth_sample",2.60042617628095,"fCMdepth_mp","vera4cast"
2026-04-29,2026-04-28,"P1D","fcre",NA,"ensemble",48,"ChlorophyllMaximum_depth_sample",2.71607514102856,"fCMdepth_mp","vera4cast"
2026-04-29,2026-04-28,"P1D","fcre",NA,"ensemble",79,"ChlorophyllMaximum_depth_sample",2.52814848175603,"fCMdepth_mp","vera4cast"
2026-04-29,2026-04-28,"P1D","fcre",NA,"ensemble",110,"ChlorophyllMaximum_depth_sample",4.05445348210883,"fCMdepth_mp","vera4cast"
2026-04-29,2026-04-28,"P1D","fcre",NA,"ensemble",141,"ChlorophyllMaximum_depth_sample",1.76807399226672,"fCMdepth_mp","vera4cast"
2026-04-30,2026-04-28,"P1D","fcre",NA,"ensemble",17,"ChlorophyllMaximum_depth_sample",3.30273832641438,"fCMdepth_mp","vera4cast"
2026-04-30,2026-04-28,"P1D","fcre",NA,"ensemble",48,"ChlorophyllMaximum_depth_sample",2.30954889861076,"fCMdepth_mp","vera4cast"
2026-04-30,2026-04-28,"P1D","fcre",NA,"ensemble",79,"ChlorophyllMaximum_depth_sample",3.22724929353636,"fCMdepth_mp","vera4cast"
2026-04-30,2026-04-28,"P1D","fcre",NA,"ensemble",110,"ChlorophyllMaximum_depth_sample",4.15098764325034,"fCMdepth_mp","vera4cast"
2026-04-30,2026-04-28,"P1D","fcre",NA,"ensemble",141,"ChlorophyllMaximum_depth_sample",2.14822273511642,"fCMdepth_mp","vera4cast"
2026-05-01,2026-04-28,"P1D","fcre",NA,"ensemble",17,"ChlorophyllMaximum_depth_sample",3.30371662129289,"fCMdepth_mp","vera4cast"
2026-05-01,2026-04-28,"P1D","fcre",NA,"ensemble",48,"ChlorophyllMaximum_depth_sample",3.58290579066552,"fCMdepth_mp","vera4cast"
2026-05-01,2026-04-28,"P1D","fcre",NA,"ensemble",79,"ChlorophyllMaximum_depth_sample",3.47053815922744,"fCMdepth_mp","vera4cast"
2026-05-01,2026-04-28,"P1D","fcre",NA,"ensemble",110,"ChlorophyllMaximum_depth_sample",4.46215116048328,"fCMdepth_mp","vera4cast"
2026-05-01,2026-04-28,"P1D","fcre",NA,"ensemble",141,"ChlorophyllMaximum_depth_sample",2.98553993128561,"fCMdepth_mp","vera4cast"
2026-05-02,2026-04-28,"P1D","fcre",NA,"ensemble",17,"ChlorophyllMaximum_depth_sample",2.36210149858132,"fCMdepth_mp","vera4cast"
2026-05-02,2026-04-28,"P1D","fcre",NA,"ensemble",48,"ChlorophyllMaximum_depth_sample",3.80850001250605,"fCMdepth_mp","vera4cast"
2026-05-02,2026-04-28,"P1D","fcre",NA,"ensemble",79,"ChlorophyllMaximum_depth_sample",2.76930180375541,"fCMdepth_mp","vera4cast"
2026-05-02,2026-04-28,"P1D","fcre",NA,"ensemble",110,"ChlorophyllMaximum_depth_sample",1.65617699390749,"fCMdepth_mp","vera4cast"
2026-05-02,2026-04-28,"P1D","fcre",NA,"ensemble",141,"ChlorophyllMaximum_depth_sample",1.79499059147909,"fCMdepth_mp","vera4cast"
2026-05-03,2026-04-28,"P1D","fcre",NA,"ensemble",17,"ChlorophyllMaximum_depth_sample",3.005904294844,"fCMdepth_mp","vera4cast"
2026-05-03,2026-04-28,"P1D","fcre",NA,"ensemble",48,"ChlorophyllMaximum_depth_sample",1.9765058438076,"fCMdepth_mp","vera4cast"
2026-05-03,2026-04-28,"P1D","fcre",NA,"ensemble",79,"ChlorophyllMaximum_depth_sample",5.80211328296778,"fCMdepth_mp","vera4cast"
2026-05-03,2026-04-28,"P1D","fcre",NA,"ensemble",110,"ChlorophyllMaximum_depth_sample",3.54078054070563,"fCMdepth_mp","vera4cast"
2026-05-03,2026-04-28,"P1D","fcre",NA,"ensemble",141,"ChlorophyllMaximum_depth_sample",3.09266258866772,"fCMdepth_mp","vera4cast"
2026-05-04,2026-04-28,"P1D","fcre",NA,"ensemble",17,"ChlorophyllMaximum_depth_sample",4.10546513833941,"fCMdepth_mp","vera4cast"
2026-05-04,2026-04-28,"P1D","fcre",NA,"ensemble",48,"ChlorophyllMaximum_depth_sample",3.27186534449082,"fCMdepth_mp","vera4cast"
2026-05-04,2026-04-28,"P1D","fcre",NA,"ensemble",79,"ChlorophyllMaximum_depth_sample",1.32356391497183,"fCMdepth_mp","vera4cast"
2026-05-04,2026-04-28,"P1D","fcre",NA,"ensemble",110,"ChlorophyllMaximum_depth_sample",3.35517222184336,"fCMdepth_mp","vera4cast"
2026-05-04,2026-04-28,"P1D","fcre",NA,"ensemble",141,"ChlorophyllMaximum_depth_sample",5.31722855014174,"fCMdepth_mp","vera4cast"
2026-05-05,2026-04-28,"P1D","fcre",NA,"ensemble",17,"ChlorophyllMaximum_depth_sample",3.06762285809505,"fCMdepth_mp","vera4cast"
2026-05-05,2026-04-28,"P1D","fcre",NA,"ensemble",48,"ChlorophyllMaximum_depth_sample",4.42135906994302,"fCMdepth_mp","vera4cast"
2026-05-05,2026-04-28,"P1D","fcre",NA,"ensemble",79,"ChlorophyllMaximum_depth_sample",-0.166639663592994,"fCMdepth_mp","vera4cast"
2026-05-05,2026-04-28,"P1D","fcre",NA,"ensemble",110,"ChlorophyllMaximum_depth_sample",3.65156956871143,"fCMdepth_mp","vera4cast"
2026-05-05,2026-04-28,"P1D","fcre",NA,"ensemble",141,"ChlorophyllMaximum_depth_sample",3.98223639217338,"fCMdepth_mp","vera4cast"
2026-05-06,2026-04-28,"P1D","fcre",NA,"ensemble",17,"ChlorophyllMaximum_depth_sample",1.79105040376115,"fCMdepth_mp","vera4cast"
2026-05-06,2026-04-28,"P1D","fcre",NA,"ensemble",48,"ChlorophyllMaximum_depth_sample",4.46487096986719,"fCMdepth_mp","vera4cast"
2026-05-06,2026-04-28,"P1D","fcre",NA,"ensemble",79,"ChlorophyllMaximum_depth_sample",3.60392433852552,"fCMdepth_mp","vera4cast"
2026-05-06,2026-04-28,"P1D","fcre",NA,"ensemble",110,"ChlorophyllMaximum_depth_sample",4.16802667618646,"fCMdepth_mp","vera4cast"
2026-05-06,2026-04-28,"P1D","fcre",NA,"ensemble",141,"ChlorophyllMaximum_depth_sample",2.41104166746082,"fCMdepth_mp","vera4cast"
2026-05-07,2026-04-28,"P1D","fcre",NA,"ensemble",17,"ChlorophyllMaximum_depth_sample",3.99604285582961,"fCMdepth_mp","vera4cast"
2026-05-07,2026-04-28,"P1D","fcre",NA,"ensemble",48,"ChlorophyllMaximum_depth_sample",4.12080305601309,"fCMdepth_mp","vera4cast"
2026-05-07,2026-04-28,"P1D","fcre",NA,"ensemble",79,"ChlorophyllMaximum_depth_sample",3.81747222937643,"fCMdepth_mp","vera4cast"
2026-05-07,2026-04-28,"P1D","fcre",NA,"ensemble",110,"ChlorophyllMaximum_depth_sample",4.40300958806713,"fCMdepth_mp","vera4cast"
2026-05-07,2026-04-28,"P1D","fcre",NA,"ensemble",141,"ChlorophyllMaximum_depth_sample",2.08911820763773,"fCMdepth_mp","vera4cast"
2026-05-08,2026-04-28,"P1D","fcre",NA,"ensemble",17,"ChlorophyllMaximum_depth_sample",1.25467565323972,"fCMdepth_mp","vera4cast"
2026-05-08,2026-04-28,"P1D","fcre",NA,"ensemble",48,"ChlorophyllMaximum_depth_sample",1.56297827472775,"fCMdepth_mp","vera4cast"
2026-05-08,2026-04-28,"P1D","fcre",NA,"ensemble",79,"ChlorophyllMaximum_depth_sample",2.70011986936493,"fCMdepth_mp","vera4cast"
2026-05-08,2026-04-28,"P1D","fcre",NA,"ensemble",110,"ChlorophyllMaximum_depth_sample",1.4506406770889,"fCMdepth_mp","vera4cast"
2026-05-08,2026-04-28,"P1D","fcre",NA,"ensemble",141,"ChlorophyllMaximum_depth_sample",2.86958253846696,"fCMdepth_mp","vera4cast"
2026-05-09,2026-04-28,"P1D","fcre",NA,"ensemble",17,"ChlorophyllMaximum_depth_sample",1.3356695160451,"fCMdepth_mp","vera4cast"
2026-05-09,2026-04-28,"P1D","fcre",NA,"ensemble",48,"ChlorophyllMaximum_depth_sample",1.75350611560248,"fCMdepth_mp","vera4cast"
2026-05-09,2026-04-28,"P1D","fcre",NA,"ensemble",79,"ChlorophyllMaximum_depth_sample",3.18681432975006,"fCMdepth_mp","vera4cast"
2026-05-09,2026-04-28,"P1D","fcre",NA,"ensemble",110,"ChlorophyllMaximum_depth_sample",4.03284175703535,"fCMdepth_mp","vera4cast"
2026-05-09,2026-04-28,"P1D","fcre",NA,"ensemble",141,"ChlorophyllMaximum_depth_sample",1.79293573811836,"fCMdepth_mp","vera4cast"
2026-05-10,2026-04-28,"P1D","fcre",NA,"ensemble",17,"ChlorophyllMaximum_depth_sample",2.53457128041888,"fCMdepth_mp","vera4cast"
2026-05-10,2026-04-28,"P1D","fcre",NA,"ensemble",48,"ChlorophyllMaximum_depth_sample",1.7583863047314,"fCMdepth_mp","vera4cast"
2026-05-10,2026-04-28,"P1D","fcre",NA,"ensemble",79,"ChlorophyllMaximum_depth_sample",2.71300952097422,"fCMdepth_mp","vera4cast"
2026-05-10,2026-04-28,"P1D","fcre",NA,"ensemble",110,"ChlorophyllMaximum_depth_sample",4.17939210471177,"fCMdepth_mp","vera4cast"
2026-05-10,2026-04-28,"P1D","fcre",NA,"ensemble",141,"ChlorophyllMaximum_depth_sample",3.88637067914644,"fCMdepth_mp","vera4cast"
2026-05-11,2026-04-28,"P1D","fcre",NA,"ensemble",17,"ChlorophyllMaximum_depth_sample",3.20543105128086,"fCMdepth_mp","vera4cast"
2026-05-11,2026-04-28,"P1D","fcre",NA,"ensemble",48,"ChlorophyllMaximum_depth_sample",0.458200640912625,"fCMdepth_mp","vera4cast"
2026-05-11,2026-04-28,"P1D","fcre",NA,"ensemble",79,"ChlorophyllMaximum_depth_sample",4.09446024769655,"fCMdepth_mp","vera4cast"
2026-05-11,2026-04-28,"P1D","fcre",NA,"ensemble",110,"ChlorophyllMaximum_depth_sample",1.27068891060632,"fCMdepth_mp","vera4cast"
2026-05-11,2026-04-28,"P1D","fcre",NA,"ensemble",141,"ChlorophyllMaximum_depth_sample",2.39607886240681,"fCMdepth_mp","vera4cast"
2026-05-12,2026-04-28,"P1D","fcre",NA,"ensemble",17,"ChlorophyllMaximum_depth_sample",2.0762385748036,"fCMdepth_mp","vera4cast"
2026-05-12,2026-04-28,"P1D","fcre",NA,"ensemble",48,"ChlorophyllMaximum_depth_sample",1.94284403469683,"fCMdepth_mp","vera4cast"
2026-05-12,2026-04-28,"P1D","fcre",NA,"ensemble",79,"ChlorophyllMaximum_depth_sample",5.09986959404282,"fCMdepth_mp","vera4cast"
2026-05-12,2026-04-28,"P1D","fcre",NA,"ensemble",110,"ChlorophyllMaximum_depth_sample",0.884461447322917,"fCMdepth_mp","vera4cast"
2026-05-12,2026-04-28,"P1D","fcre",NA,"ensemble",141,"ChlorophyllMaximum_depth_sample",3.56614487685259,"fCMdepth_mp","vera4cast"
2026-05-13,2026-04-28,"P1D","fcre",NA,"ensemble",17,"ChlorophyllMaximum_depth_sample",3.87714066511382,"fCMdepth_mp","vera4cast"
2026-05-13,2026-04-28,"P1D","fcre",NA,"ensemble",48,"ChlorophyllMaximum_depth_sample",4.25242820699207,"fCMdepth_mp","vera4cast"
2026-05-13,2026-04-28,"P1D","fcre",NA,"ensemble",79,"ChlorophyllMaximum_depth_sample",1.38553691749835,"fCMdepth_mp","vera4cast"
2026-05-13,2026-04-28,"P1D","fcre",NA,"ensemble",110,"ChlorophyllMaximum_depth_sample",3.6602280659473,"fCMdepth_mp","vera4cast"
2026-05-13,2026-04-28,"P1D","fcre",NA,"ensemble",141,"ChlorophyllMaximum_depth_sample",2.11548832694169,"fCMdepth_mp","vera4cast"
2026-05-14,2026-04-28,"P1D","fcre",NA,"ensemble",17,"ChlorophyllMaximum_depth_sample",5.18343314080995,"fCMdepth_mp","vera4cast"
2026-05-14,2026-04-28,"P1D","fcre",NA,"ensemble",48,"ChlorophyllMaximum_depth_sample",3.36474805107826,"fCMdepth_mp","vera4cast"
2026-05-14,2026-04-28,"P1D","fcre",NA,"ensemble",79,"ChlorophyllMaximum_depth_sample",3.84392378144818,"fCMdepth_mp","vera4cast"
2026-05-14,2026-04-28,"P1D","fcre",NA,"ensemble",110,"ChlorophyllMaximum_depth_sample",3.28028541471673,"fCMdepth_mp","vera4cast"
2026-05-14,2026-04-28,"P1D","fcre",NA,"ensemble",141,"ChlorophyllMaximum_depth_sample",2.52926942767437,"fCMdepth_mp","vera4cast"
2026-05-15,2026-04-28,"P1D","fcre",NA,"ensemble",17,"ChlorophyllMaximum_depth_sample",3.64516234850134,"fCMdepth_mp","vera4cast"
2026-05-15,2026-04-28,"P1D","fcre",NA,"ensemble",48,"ChlorophyllMaximum_depth_sample",3.47726929875082,"fCMdepth_mp","vera4cast"
2026-05-15,2026-04-28,"P1D","fcre",NA,"ensemble",79,"ChlorophyllMaximum_depth_sample",2.54847513439771,"fCMdepth_mp","vera4cast"
2026-05-15,2026-04-28,"P1D","fcre",NA,"ensemble",110,"ChlorophyllMaximum_depth_sample",4.84379488283266,"fCMdepth_mp","vera4cast"
2026-05-15,2026-04-28,"P1D","fcre",NA,"ensemble",141,"ChlorophyllMaximum_depth_sample",3.2052889793007,"fCMdepth_mp","vera4cast"
2026-05-16,2026-04-28,"P1D","fcre",NA,"ensemble",17,"ChlorophyllMaximum_depth_sample",3.497069583749,"fCMdepth_mp","vera4cast"
2026-05-16,2026-04-28,"P1D","fcre",NA,"ensemble",48,"ChlorophyllMaximum_depth_sample",5.55598708504563,"fCMdepth_mp","vera4cast"
2026-05-16,2026-04-28,"P1D","fcre",NA,"ensemble",79,"ChlorophyllMaximum_depth_sample",3.43569397282543,"fCMdepth_mp","vera4cast"
2026-05-16,2026-04-28,"P1D","fcre",NA,"ensemble",110,"ChlorophyllMaximum_depth_sample",2.84708262221251,"fCMdepth_mp","vera4cast"
2026-05-16,2026-04-28,"P1D","fcre",NA,"ensemble",141,"ChlorophyllMaximum_depth_sample",3.02831593344824,"fCMdepth_mp","vera4cast"
2026-05-17,2026-04-28,"P1D","fcre",NA,"ensemble",17,"ChlorophyllMaximum_depth_sample",4.58797524861111,"fCMdepth_mp","vera4cast"
2026-05-17,2026-04-28,"P1D","fcre",NA,"ensemble",48,"ChlorophyllMaximum_depth_sample",5.71683496960382,"fCMdepth_mp","vera4cast"
2026-05-17,2026-04-28,"P1D","fcre",NA,"ensemble",79,"ChlorophyllMaximum_depth_sample",3.58245784760423,"fCMdepth_mp","vera4cast"
2026-05-17,2026-04-28,"P1D","fcre",NA,"ensemble",110,"ChlorophyllMaximum_depth_sample",3.94856184653903,"fCMdepth_mp","vera4cast"
2026-05-17,2026-04-28,"P1D","fcre",NA,"ensemble",141,"ChlorophyllMaximum_depth_sample",1.31893964576023,"fCMdepth_mp","vera4cast"
2026-05-18,2026-04-28,"P1D","fcre",NA,"ensemble",17,"ChlorophyllMaximum_depth_sample",2.2792821128131,"fCMdepth_mp","vera4cast"
2026-05-18,2026-04-28,"P1D","fcre",NA,"ensemble",48,"ChlorophyllMaximum_depth_sample",3.03307279134771,"fCMdepth_mp","vera4cast"
2026-05-18,2026-04-28,"P1D","fcre",NA,"ensemble",79,"ChlorophyllMaximum_depth_sample",4.51137935970393,"fCMdepth_mp","vera4cast"
2026-05-18,2026-04-28,"P1D","fcre",NA,"ensemble",110,"ChlorophyllMaximum_depth_sample",4.26209695651239,"fCMdepth_mp","vera4cast"
2026-05-18,2026-04-28,"P1D","fcre",NA,"ensemble",141,"ChlorophyllMaximum_depth_sample",3.87273838885909,"fCMdepth_mp","vera4cast"
2026-05-19,2026-04-28,"P1D","fcre",NA,"ensemble",17,"ChlorophyllMaximum_depth_sample",3.39955177335876,"fCMdepth_mp","vera4cast"
2026-05-19,2026-04-28,"P1D","fcre",NA,"ensemble",48,"ChlorophyllMaximum_depth_sample",2.18095677415319,"fCMdepth_mp","vera4cast"
2026-05-19,2026-04-28,"P1D","fcre",NA,"ensemble",79,"ChlorophyllMaximum_depth_sample",1.97703696058202,"fCMdepth_mp","vera4cast"
2026-05-19,2026-04-28,"P1D","fcre",NA,"ensemble",110,"ChlorophyllMaximum_depth_sample",3.66923224626855,"fCMdepth_mp","vera4cast"
2026-05-19,2026-04-28,"P1D","fcre",NA,"ensemble",141,"ChlorophyllMaximum_depth_sample",3.18395719084416,"fCMdepth_mp","vera4cast"
2026-05-20,2026-04-28,"P1D","fcre",NA,"ensemble",17,"ChlorophyllMaximum_depth_sample",2.32107050425353,"fCMdepth_mp","vera4cast"
2026-05-20,2026-04-28,"P1D","fcre",NA,"ensemble",48,"ChlorophyllMaximum_depth_sample",1.35099431662683,"fCMdepth_mp","vera4cast"
2026-05-20,2026-04-28,"P1D","fcre",NA,"ensemble",79,"ChlorophyllMaximum_depth_sample",5.65566391479134,"fCMdepth_mp","vera4cast"
2026-05-20,2026-04-28,"P1D","fcre",NA,"ensemble",110,"ChlorophyllMaximum_depth_sample",2.3447383615809,"fCMdepth_mp","vera4cast"
2026-05-20,2026-04-28,"P1D","fcre",NA,"ensemble",141,"ChlorophyllMaximum_depth_sample",2.76729725079152,"fCMdepth_mp","vera4cast"
2026-05-21,2026-04-28,"P1D","fcre",NA,"ensemble",17,"ChlorophyllMaximum_depth_sample",2.92244925158761,"fCMdepth_mp","vera4cast"
2026-05-21,2026-04-28,"P1D","fcre",NA,"ensemble",48,"ChlorophyllMaximum_depth_sample",4.49640188449921,"fCMdepth_mp","vera4cast"
2026-05-21,2026-04-28,"P1D","fcre",NA,"ensemble",79,"ChlorophyllMaximum_depth_sample",3.09118218762079,"fCMdepth_mp","vera4cast"
2026-05-21,2026-04-28,"P1D","fcre",NA,"ensemble",110,"ChlorophyllMaximum_depth_sample",3.04872472127928,"fCMdepth_mp","vera4cast"
2026-05-21,2026-04-28,"P1D","fcre",NA,"ensemble",141,"ChlorophyllMaximum_depth_sample",2.79011645245619,"fCMdepth_mp","vera4cast"
2026-05-22,2026-04-28,"P1D","fcre",NA,"ensemble",17,"ChlorophyllMaximum_depth_sample",4.21034327711044,"fCMdepth_mp","vera4cast"
2026-05-22,2026-04-28,"P1D","fcre",NA,"ensemble",48,"ChlorophyllMaximum_depth_sample",2.86684242138139,"fCMdepth_mp","vera4cast"
2026-05-22,2026-04-28,"P1D","fcre",NA,"ensemble",79,"ChlorophyllMaximum_depth_sample",2.63123131853972,"fCMdepth_mp","vera4cast"
2026-05-22,2026-04-28,"P1D","fcre",NA,"ensemble",110,"ChlorophyllMaximum_depth_sample",4.65152558616426,"fCMdepth_mp","vera4cast"
2026-05-22,2026-04-28,"P1D","fcre",NA,"ensemble",141,"ChlorophyllMaximum_depth_sample",4.0850233978805,"fCMdepth_mp","vera4cast"
2026-05-23,2026-04-28,"P1D","fcre",NA,"ensemble",17,"ChlorophyllMaximum_depth_sample",2.09311612205062,"fCMdepth_mp","vera4cast"
2026-05-23,2026-04-28,"P1D","fcre",NA,"ensemble",48,"ChlorophyllMaximum_depth_sample",4.02221993082788,"fCMdepth_mp","vera4cast"
2026-05-23,2026-04-28,"P1D","fcre",NA,"ensemble",79,"ChlorophyllMaximum_depth_sample",3.41227416294701,"fCMdepth_mp","vera4cast"
2026-05-23,2026-04-28,"P1D","fcre",NA,"ensemble",110,"ChlorophyllMaximum_depth_sample",3.18672762946171,"fCMdepth_mp","vera4cast"
2026-05-23,2026-04-28,"P1D","fcre",NA,"ensemble",141,"ChlorophyllMaximum_depth_sample",5.43199396792328,"fCMdepth_mp","vera4cast"
2026-05-24,2026-04-28,"P1D","fcre",NA,"ensemble",17,"ChlorophyllMaximum_depth_sample",2.07543401844341,"fCMdepth_mp","vera4cast"
2026-05-24,2026-04-28,"P1D","fcre",NA,"ensemble",48,"ChlorophyllMaximum_depth_sample",2.48741241261812,"fCMdepth_mp","vera4cast"
2026-05-24,2026-04-28,"P1D","fcre",NA,"ensemble",79,"ChlorophyllMaximum_depth_sample",3.11933042881689,"fCMdepth_mp","vera4cast"
2026-05-24,2026-04-28,"P1D","fcre",NA,"ensemble",110,"ChlorophyllMaximum_depth_sample",3.62480728832545,"fCMdepth_mp","vera4cast"
2026-05-24,2026-04-28,"P1D","fcre",NA,"ensemble",141,"ChlorophyllMaximum_depth_sample",3.93235875817045,"fCMdepth_mp","vera4cast"
2026-05-25,2026-04-28,"P1D","fcre",NA,"ensemble",17,"ChlorophyllMaximum_depth_sample",2.79285250496839,"fCMdepth_mp","vera4cast"
2026-05-25,2026-04-28,"P1D","fcre",NA,"ensemble",48,"ChlorophyllMaximum_depth_sample",3.89231473802601,"fCMdepth_mp","vera4cast"
2026-05-25,2026-04-28,"P1D","fcre",NA,"ensemble",79,"ChlorophyllMaximum_depth_sample",4.45793095779275,"fCMdepth_mp","vera4cast"
2026-05-25,2026-04-28,"P1D","fcre",NA,"ensemble",110,"ChlorophyllMaximum_depth_sample",3.11997398861559,"fCMdepth_mp","vera4cast"
2026-05-25,2026-04-28,"P1D","fcre",NA,"ensemble",141,"ChlorophyllMaximum_depth_sample",4.95331510376674,"fCMdepth_mp","vera4cast"
2026-05-26,2026-04-28,"P1D","fcre",NA,"ensemble",17,"ChlorophyllMaximum_depth_sample",1.69914718231968,"fCMdepth_mp","vera4cast"
2026-05-26,2026-04-28,"P1D","fcre",NA,"ensemble",48,"ChlorophyllMaximum_depth_sample",2.63426454239163,"fCMdepth_mp","vera4cast"
2026-05-26,2026-04-28,"P1D","fcre",NA,"ensemble",79,"ChlorophyllMaximum_depth_sample",1.87069999806434,"fCMdepth_mp","vera4cast"
2026-05-26,2026-04-28,"P1D","fcre",NA,"ensemble",110,"ChlorophyllMaximum_depth_sample",2.04171734133824,"fCMdepth_mp","vera4cast"
2026-05-26,2026-04-28,"P1D","fcre",NA,"ensemble",141,"ChlorophyllMaximum_depth_sample",3.99575180917822,"fCMdepth_mp","vera4cast"
2026-05-27,2026-04-28,"P1D","fcre",NA,"ensemble",17,"ChlorophyllMaximum_depth_sample",2.33356078732398,"fCMdepth_mp","vera4cast"
2026-05-27,2026-04-28,"P1D","fcre",NA,"ensemble",48,"ChlorophyllMaximum_depth_sample",3.22369417036872,"fCMdepth_mp","vera4cast"
2026-05-27,2026-04-28,"P1D","fcre",NA,"ensemble",79,"ChlorophyllMaximum_depth_sample",1.79648449829897,"fCMdepth_mp","vera4cast"
2026-05-27,2026-04-28,"P1D","fcre",NA,"ensemble",110,"ChlorophyllMaximum_depth_sample",4.69173396822598,"fCMdepth_mp","vera4cast"
2026-05-27,2026-04-28,"P1D","fcre",NA,"ensemble",141,"ChlorophyllMaximum_depth_sample",1.2230455687354,"fCMdepth_mp","vera4cast"
2026-05-28,2026-04-28,"P1D","fcre",NA,"ensemble",17,"ChlorophyllMaximum_depth_sample",2.46938404617859,"fCMdepth_mp","vera4cast"
2026-05-28,2026-04-28,"P1D","fcre",NA,"ensemble",48,"ChlorophyllMaximum_depth_sample",3.21170911293788,"fCMdepth_mp","vera4cast"
2026-05-28,2026-04-28,"P1D","fcre",NA,"ensemble",79,"ChlorophyllMaximum_depth_sample",2.15541433223467,"fCMdepth_mp","vera4cast"
2026-05-28,2026-04-28,"P1D","fcre",NA,"ensemble",110,"ChlorophyllMaximum_depth_sample",2.4736943974526,"fCMdepth_mp","vera4cast"
2026-05-28,2026-04-28,"P1D","fcre",NA,"ensemble",141,"ChlorophyllMaximum_depth_sample",3.2662395160766,"fCMdepth_mp","vera4cast"
2026-05-29,2026-04-28,"P1D","fcre",NA,"ensemble",17,"ChlorophyllMaximum_depth_sample",3.93593269937677,"fCMdepth_mp","vera4cast"
2026-05-29,2026-04-28,"P1D","fcre",NA,"ensemble",48,"ChlorophyllMaximum_depth_sample",3.13886113888223,"fCMdepth_mp","vera4cast"
2026-05-29,2026-04-28,"P1D","fcre",NA,"ensemble",79,"ChlorophyllMaximum_depth_sample",2.94069897382335,"fCMdepth_mp","vera4cast"
2026-05-29,2026-04-28,"P1D","fcre",NA,"ensemble",110,"ChlorophyllMaximum_depth_sample",4.85801865559591,"fCMdepth_mp","vera4cast"
2026-05-29,2026-04-28,"P1D","fcre",NA,"ensemble",141,"ChlorophyllMaximum_depth_sample",2.6361893793855,"fCMdepth_mp","vera4cast"
2026-05-30,2026-04-28,"P1D","fcre",NA,"ensemble",17,"ChlorophyllMaximum_depth_sample",3.32436199555156,"fCMdepth_mp","vera4cast"
2026-05-30,2026-04-28,"P1D","fcre",NA,"ensemble",48,"ChlorophyllMaximum_depth_sample",2.13124561225737,"fCMdepth_mp","vera4cast"
2026-05-30,2026-04-28,"P1D","fcre",NA,"ensemble",79,"ChlorophyllMaximum_depth_sample",2.70360296178806,"fCMdepth_mp","vera4cast"
2026-05-30,2026-04-28,"P1D","fcre",NA,"ensemble",110,"ChlorophyllMaximum_depth_sample",3.09977118806025,"fCMdepth_mp","vera4cast"
2026-05-30,2026-04-28,"P1D","fcre",NA,"ensemble",141,"ChlorophyllMaximum_depth_sample",1.21160144477699,"fCMdepth_mp","vera4cast"
2026-05-31,2026-04-28,"P1D","fcre",NA,"ensemble",17,"ChlorophyllMaximum_depth_sample",2.28869307936091,"fCMdepth_mp","vera4cast"
2026-05-31,2026-04-28,"P1D","fcre",NA,"ensemble",48,"ChlorophyllMaximum_depth_sample",2.10524438006057,"fCMdepth_mp","vera4cast"
2026-05-31,2026-04-28,"P1D","fcre",NA,"ensemble",79,"ChlorophyllMaximum_depth_sample",2.43782258746065,"fCMdepth_mp","vera4cast"
2026-05-31,2026-04-28,"P1D","fcre",NA,"ensemble",110,"ChlorophyllMaximum_depth_sample",2.32222013264076,"fCMdepth_mp","vera4cast"
2026-05-31,2026-04-28,"P1D","fcre",NA,"ensemble",141,"ChlorophyllMaximum_depth_sample",1.30510869807815,"fCMdepth_mp","vera4cast"
2026-06-01,2026-04-28,"P1D","fcre",NA,"ensemble",17,"ChlorophyllMaximum_depth_sample",1.11459078491757,"fCMdepth_mp","vera4cast"
2026-06-01,2026-04-28,"P1D","fcre",NA,"ensemble",48,"ChlorophyllMaximum_depth_sample",2.2132165893967,"fCMdepth_mp","vera4cast"
2026-06-01,2026-04-28,"P1D","fcre",NA,"ensemble",79,"ChlorophyllMaximum_depth_sample",2.43876121630952,"fCMdepth_mp","vera4cast"
2026-06-01,2026-04-28,"P1D","fcre",NA,"ensemble",110,"ChlorophyllMaximum_depth_sample",2.86498515225695,"fCMdepth_mp","vera4cast"
2026-06-01,2026-04-28,"P1D","fcre",NA,"ensemble",141,"ChlorophyllMaximum_depth_sample",1.53127332375944,"fCMdepth_mp","vera4cast"
2026-04-29,2026-04-28,"P1D","fcre",NA,"ensemble",18,"ChlorophyllMaximum_depth_sample",3.9304222916086,"fCMdepth_mp","vera4cast"
2026-04-29,2026-04-28,"P1D","fcre",NA,"ensemble",49,"ChlorophyllMaximum_depth_sample",2.67791262127084,"fCMdepth_mp","vera4cast"
2026-04-29,2026-04-28,"P1D","fcre",NA,"ensemble",80,"ChlorophyllMaximum_depth_sample",2.17285260852264,"fCMdepth_mp","vera4cast"
2026-04-29,2026-04-28,"P1D","fcre",NA,"ensemble",111,"ChlorophyllMaximum_depth_sample",2.65030785724876,"fCMdepth_mp","vera4cast"
2026-04-29,2026-04-28,"P1D","fcre",NA,"ensemble",142,"ChlorophyllMaximum_depth_sample",2.31559304269449,"fCMdepth_mp","vera4cast"
2026-04-30,2026-04-28,"P1D","fcre",NA,"ensemble",18,"ChlorophyllMaximum_depth_sample",2.45187652576886,"fCMdepth_mp","vera4cast"
2026-04-30,2026-04-28,"P1D","fcre",NA,"ensemble",49,"ChlorophyllMaximum_depth_sample",3.95442776781907,"fCMdepth_mp","vera4cast"
2026-04-30,2026-04-28,"P1D","fcre",NA,"ensemble",80,"ChlorophyllMaximum_depth_sample",4.80515431521245,"fCMdepth_mp","vera4cast"
2026-04-30,2026-04-28,"P1D","fcre",NA,"ensemble",111,"ChlorophyllMaximum_depth_sample",3.26105024828715,"fCMdepth_mp","vera4cast"
2026-04-30,2026-04-28,"P1D","fcre",NA,"ensemble",142,"ChlorophyllMaximum_depth_sample",3.05146885193606,"fCMdepth_mp","vera4cast"
2026-05-01,2026-04-28,"P1D","fcre",NA,"ensemble",18,"ChlorophyllMaximum_depth_sample",1.72482655978083,"fCMdepth_mp","vera4cast"
2026-05-01,2026-04-28,"P1D","fcre",NA,"ensemble",49,"ChlorophyllMaximum_depth_sample",2.735120186779,"fCMdepth_mp","vera4cast"
2026-05-01,2026-04-28,"P1D","fcre",NA,"ensemble",80,"ChlorophyllMaximum_depth_sample",3.63646624595319,"fCMdepth_mp","vera4cast"
2026-05-01,2026-04-28,"P1D","fcre",NA,"ensemble",111,"ChlorophyllMaximum_depth_sample",3.66537913854758,"fCMdepth_mp","vera4cast"
2026-05-01,2026-04-28,"P1D","fcre",NA,"ensemble",142,"ChlorophyllMaximum_depth_sample",3.50665419722912,"fCMdepth_mp","vera4cast"
2026-05-02,2026-04-28,"P1D","fcre",NA,"ensemble",18,"ChlorophyllMaximum_depth_sample",4.12192486987436,"fCMdepth_mp","vera4cast"
2026-05-02,2026-04-28,"P1D","fcre",NA,"ensemble",49,"ChlorophyllMaximum_depth_sample",2.24286216954345,"fCMdepth_mp","vera4cast"
2026-05-02,2026-04-28,"P1D","fcre",NA,"ensemble",80,"ChlorophyllMaximum_depth_sample",3.86545687150009,"fCMdepth_mp","vera4cast"
2026-05-02,2026-04-28,"P1D","fcre",NA,"ensemble",111,"ChlorophyllMaximum_depth_sample",3.10620567420576,"fCMdepth_mp","vera4cast"
2026-05-02,2026-04-28,"P1D","fcre",NA,"ensemble",142,"ChlorophyllMaximum_depth_sample",3.92816368038566,"fCMdepth_mp","vera4cast"
2026-05-03,2026-04-28,"P1D","fcre",NA,"ensemble",18,"ChlorophyllMaximum_depth_sample",3.2621087446854,"fCMdepth_mp","vera4cast"
2026-05-03,2026-04-28,"P1D","fcre",NA,"ensemble",49,"ChlorophyllMaximum_depth_sample",3.7361937992143,"fCMdepth_mp","vera4cast"
2026-05-03,2026-04-28,"P1D","fcre",NA,"ensemble",80,"ChlorophyllMaximum_depth_sample",3.51807650665729,"fCMdepth_mp","vera4cast"
2026-05-03,2026-04-28,"P1D","fcre",NA,"ensemble",111,"ChlorophyllMaximum_depth_sample",2.15729326264063,"fCMdepth_mp","vera4cast"
2026-05-03,2026-04-28,"P1D","fcre",NA,"ensemble",142,"ChlorophyllMaximum_depth_sample",3.87874112033447,"fCMdepth_mp","vera4cast"
2026-05-04,2026-04-28,"P1D","fcre",NA,"ensemble",18,"ChlorophyllMaximum_depth_sample",3.67037144383871,"fCMdepth_mp","vera4cast"
2026-05-04,2026-04-28,"P1D","fcre",NA,"ensemble",49,"ChlorophyllMaximum_depth_sample",3.02613537254431,"fCMdepth_mp","vera4cast"
2026-05-04,2026-04-28,"P1D","fcre",NA,"ensemble",80,"ChlorophyllMaximum_depth_sample",2.61862785451128,"fCMdepth_mp","vera4cast"
2026-05-04,2026-04-28,"P1D","fcre",NA,"ensemble",111,"ChlorophyllMaximum_depth_sample",3.25327217018518,"fCMdepth_mp","vera4cast"
2026-05-04,2026-04-28,"P1D","fcre",NA,"ensemble",142,"ChlorophyllMaximum_depth_sample",4.03820023275059,"fCMdepth_mp","vera4cast"
2026-05-05,2026-04-28,"P1D","fcre",NA,"ensemble",18,"ChlorophyllMaximum_depth_sample",2.60306959113346,"fCMdepth_mp","vera4cast"
2026-05-05,2026-04-28,"P1D","fcre",NA,"ensemble",49,"ChlorophyllMaximum_depth_sample",3.30301925218319,"fCMdepth_mp","vera4cast"
2026-05-05,2026-04-28,"P1D","fcre",NA,"ensemble",80,"ChlorophyllMaximum_depth_sample",2.93165561548646,"fCMdepth_mp","vera4cast"
2026-05-05,2026-04-28,"P1D","fcre",NA,"ensemble",111,"ChlorophyllMaximum_depth_sample",2.9320209468644,"fCMdepth_mp","vera4cast"
2026-05-05,2026-04-28,"P1D","fcre",NA,"ensemble",142,"ChlorophyllMaximum_depth_sample",1.03241846727058,"fCMdepth_mp","vera4cast"
2026-05-06,2026-04-28,"P1D","fcre",NA,"ensemble",18,"ChlorophyllMaximum_depth_sample",2.4594783316211,"fCMdepth_mp","vera4cast"
2026-05-06,2026-04-28,"P1D","fcre",NA,"ensemble",49,"ChlorophyllMaximum_depth_sample",1.53150522280611,"fCMdepth_mp","vera4cast"
2026-05-06,2026-04-28,"P1D","fcre",NA,"ensemble",80,"ChlorophyllMaximum_depth_sample",2.64766876855824,"fCMdepth_mp","vera4cast"
2026-05-06,2026-04-28,"P1D","fcre",NA,"ensemble",111,"ChlorophyllMaximum_depth_sample",1.36940679712777,"fCMdepth_mp","vera4cast"
2026-05-06,2026-04-28,"P1D","fcre",NA,"ensemble",142,"ChlorophyllMaximum_depth_sample",1.34471876791556,"fCMdepth_mp","vera4cast"
2026-05-07,2026-04-28,"P1D","fcre",NA,"ensemble",18,"ChlorophyllMaximum_depth_sample",3.52968220613179,"fCMdepth_mp","vera4cast"
2026-05-07,2026-04-28,"P1D","fcre",NA,"ensemble",49,"ChlorophyllMaximum_depth_sample",2.86568241928609,"fCMdepth_mp","vera4cast"
2026-05-07,2026-04-28,"P1D","fcre",NA,"ensemble",80,"ChlorophyllMaximum_depth_sample",3.05875243089618,"fCMdepth_mp","vera4cast"
2026-05-07,2026-04-28,"P1D","fcre",NA,"ensemble",111,"ChlorophyllMaximum_depth_sample",2.67680671274296,"fCMdepth_mp","vera4cast"
2026-05-07,2026-04-28,"P1D","fcre",NA,"ensemble",142,"ChlorophyllMaximum_depth_sample",4.01464754235115,"fCMdepth_mp","vera4cast"
2026-05-08,2026-04-28,"P1D","fcre",NA,"ensemble",18,"ChlorophyllMaximum_depth_sample",2.57726524647733,"fCMdepth_mp","vera4cast"
2026-05-08,2026-04-28,"P1D","fcre",NA,"ensemble",49,"ChlorophyllMaximum_depth_sample",0.603253154849405,"fCMdepth_mp","vera4cast"
2026-05-08,2026-04-28,"P1D","fcre",NA,"ensemble",80,"ChlorophyllMaximum_depth_sample",2.09328772161936,"fCMdepth_mp","vera4cast"
2026-05-08,2026-04-28,"P1D","fcre",NA,"ensemble",111,"ChlorophyllMaximum_depth_sample",2.55377442638299,"fCMdepth_mp","vera4cast"
2026-05-08,2026-04-28,"P1D","fcre",NA,"ensemble",142,"ChlorophyllMaximum_depth_sample",3.11045195026069,"fCMdepth_mp","vera4cast"
2026-05-09,2026-04-28,"P1D","fcre",NA,"ensemble",18,"ChlorophyllMaximum_depth_sample",4.77283495081085,"fCMdepth_mp","vera4cast"
2026-05-09,2026-04-28,"P1D","fcre",NA,"ensemble",49,"ChlorophyllMaximum_depth_sample",2.95782212429433,"fCMdepth_mp","vera4cast"
2026-05-09,2026-04-28,"P1D","fcre",NA,"ensemble",80,"ChlorophyllMaximum_depth_sample",0.818944243032256,"fCMdepth_mp","vera4cast"
2026-05-09,2026-04-28,"P1D","fcre",NA,"ensemble",111,"ChlorophyllMaximum_depth_sample",1.86948005169776,"fCMdepth_mp","vera4cast"
2026-05-09,2026-04-28,"P1D","fcre",NA,"ensemble",142,"ChlorophyllMaximum_depth_sample",2.72531901041458,"fCMdepth_mp","vera4cast"
2026-05-10,2026-04-28,"P1D","fcre",NA,"ensemble",18,"ChlorophyllMaximum_depth_sample",2.19771037146098,"fCMdepth_mp","vera4cast"
2026-05-10,2026-04-28,"P1D","fcre",NA,"ensemble",49,"ChlorophyllMaximum_depth_sample",2.37926610470821,"fCMdepth_mp","vera4cast"
2026-05-10,2026-04-28,"P1D","fcre",NA,"ensemble",80,"ChlorophyllMaximum_depth_sample",4.23287345496856,"fCMdepth_mp","vera4cast"
2026-05-10,2026-04-28,"P1D","fcre",NA,"ensemble",111,"ChlorophyllMaximum_depth_sample",2.20268250143494,"fCMdepth_mp","vera4cast"
2026-05-10,2026-04-28,"P1D","fcre",NA,"ensemble",142,"ChlorophyllMaximum_depth_sample",3.35405912726859,"fCMdepth_mp","vera4cast"
2026-05-11,2026-04-28,"P1D","fcre",NA,"ensemble",18,"ChlorophyllMaximum_depth_sample",3.27695191005648,"fCMdepth_mp","vera4cast"
2026-05-11,2026-04-28,"P1D","fcre",NA,"ensemble",49,"ChlorophyllMaximum_depth_sample",3.01039443462275,"fCMdepth_mp","vera4cast"
2026-05-11,2026-04-28,"P1D","fcre",NA,"ensemble",80,"ChlorophyllMaximum_depth_sample",2.47306447171734,"fCMdepth_mp","vera4cast"
2026-05-11,2026-04-28,"P1D","fcre",NA,"ensemble",111,"ChlorophyllMaximum_depth_sample",2.33520641842982,"fCMdepth_mp","vera4cast"
2026-05-11,2026-04-28,"P1D","fcre",NA,"ensemble",142,"ChlorophyllMaximum_depth_sample",1.89121856082915,"fCMdepth_mp","vera4cast"
2026-05-12,2026-04-28,"P1D","fcre",NA,"ensemble",18,"ChlorophyllMaximum_depth_sample",3.31596379925841,"fCMdepth_mp","vera4cast"
2026-05-12,2026-04-28,"P1D","fcre",NA,"ensemble",49,"ChlorophyllMaximum_depth_sample",2.62478862394205,"fCMdepth_mp","vera4cast"
2026-05-12,2026-04-28,"P1D","fcre",NA,"ensemble",80,"ChlorophyllMaximum_depth_sample",1.08720486787484,"fCMdepth_mp","vera4cast"
2026-05-12,2026-04-28,"P1D","fcre",NA,"ensemble",111,"ChlorophyllMaximum_depth_sample",2.73433653989493,"fCMdepth_mp","vera4cast"
2026-05-12,2026-04-28,"P1D","fcre",NA,"ensemble",142,"ChlorophyllMaximum_depth_sample",3.85766190661296,"fCMdepth_mp","vera4cast"
2026-05-13,2026-04-28,"P1D","fcre",NA,"ensemble",18,"ChlorophyllMaximum_depth_sample",2.94101684273716,"fCMdepth_mp","vera4cast"
2026-05-13,2026-04-28,"P1D","fcre",NA,"ensemble",49,"ChlorophyllMaximum_depth_sample",4.88197018944175,"fCMdepth_mp","vera4cast"
2026-05-13,2026-04-28,"P1D","fcre",NA,"ensemble",80,"ChlorophyllMaximum_depth_sample",3.21747441388644,"fCMdepth_mp","vera4cast"
2026-05-13,2026-04-28,"P1D","fcre",NA,"ensemble",111,"ChlorophyllMaximum_depth_sample",4.16883796123424,"fCMdepth_mp","vera4cast"
2026-05-13,2026-04-28,"P1D","fcre",NA,"ensemble",142,"ChlorophyllMaximum_depth_sample",3.20182429200335,"fCMdepth_mp","vera4cast"
2026-05-14,2026-04-28,"P1D","fcre",NA,"ensemble",18,"ChlorophyllMaximum_depth_sample",4.22135632509459,"fCMdepth_mp","vera4cast"
2026-05-14,2026-04-28,"P1D","fcre",NA,"ensemble",49,"ChlorophyllMaximum_depth_sample",1.80634048457031,"fCMdepth_mp","vera4cast"
2026-05-14,2026-04-28,"P1D","fcre",NA,"ensemble",80,"ChlorophyllMaximum_depth_sample",4.30310127995163,"fCMdepth_mp","vera4cast"
2026-05-14,2026-04-28,"P1D","fcre",NA,"ensemble",111,"ChlorophyllMaximum_depth_sample",3.24669422295233,"fCMdepth_mp","vera4cast"
2026-05-14,2026-04-28,"P1D","fcre",NA,"ensemble",142,"ChlorophyllMaximum_depth_sample",2.23711636705941,"fCMdepth_mp","vera4cast"
2026-05-15,2026-04-28,"P1D","fcre",NA,"ensemble",18,"ChlorophyllMaximum_depth_sample",2.62822259758389,"fCMdepth_mp","vera4cast"
2026-05-15,2026-04-28,"P1D","fcre",NA,"ensemble",49,"ChlorophyllMaximum_depth_sample",2.90663985519352,"fCMdepth_mp","vera4cast"
2026-05-15,2026-04-28,"P1D","fcre",NA,"ensemble",80,"ChlorophyllMaximum_depth_sample",2.56250952316606,"fCMdepth_mp","vera4cast"
2026-05-15,2026-04-28,"P1D","fcre",NA,"ensemble",111,"ChlorophyllMaximum_depth_sample",2.00538922661309,"fCMdepth_mp","vera4cast"
2026-05-15,2026-04-28,"P1D","fcre",NA,"ensemble",142,"ChlorophyllMaximum_depth_sample",3.58137867889001,"fCMdepth_mp","vera4cast"
2026-05-16,2026-04-28,"P1D","fcre",NA,"ensemble",18,"ChlorophyllMaximum_depth_sample",5.01599463705787,"fCMdepth_mp","vera4cast"
2026-05-16,2026-04-28,"P1D","fcre",NA,"ensemble",49,"ChlorophyllMaximum_depth_sample",4.57145099152593,"fCMdepth_mp","vera4cast"
2026-05-16,2026-04-28,"P1D","fcre",NA,"ensemble",80,"ChlorophyllMaximum_depth_sample",2.85326430243078,"fCMdepth_mp","vera4cast"
2026-05-16,2026-04-28,"P1D","fcre",NA,"ensemble",111,"ChlorophyllMaximum_depth_sample",3.50131403399107,"fCMdepth_mp","vera4cast"
2026-05-16,2026-04-28,"P1D","fcre",NA,"ensemble",142,"ChlorophyllMaximum_depth_sample",2.18057641611136,"fCMdepth_mp","vera4cast"
2026-05-17,2026-04-28,"P1D","fcre",NA,"ensemble",18,"ChlorophyllMaximum_depth_sample",3.26958522857196,"fCMdepth_mp","vera4cast"
2026-05-17,2026-04-28,"P1D","fcre",NA,"ensemble",49,"ChlorophyllMaximum_depth_sample",3.36519999683745,"fCMdepth_mp","vera4cast"
2026-05-17,2026-04-28,"P1D","fcre",NA,"ensemble",80,"ChlorophyllMaximum_depth_sample",-0.055401731329038,"fCMdepth_mp","vera4cast"
2026-05-17,2026-04-28,"P1D","fcre",NA,"ensemble",111,"ChlorophyllMaximum_depth_sample",1.85128039491319,"fCMdepth_mp","vera4cast"
2026-05-17,2026-04-28,"P1D","fcre",NA,"ensemble",142,"ChlorophyllMaximum_depth_sample",3.83636508062023,"fCMdepth_mp","vera4cast"
2026-05-18,2026-04-28,"P1D","fcre",NA,"ensemble",18,"ChlorophyllMaximum_depth_sample",2.64915362121163,"fCMdepth_mp","vera4cast"
2026-05-18,2026-04-28,"P1D","fcre",NA,"ensemble",49,"ChlorophyllMaximum_depth_sample",2.50493705886481,"fCMdepth_mp","vera4cast"
2026-05-18,2026-04-28,"P1D","fcre",NA,"ensemble",80,"ChlorophyllMaximum_depth_sample",5.56811561531713,"fCMdepth_mp","vera4cast"
2026-05-18,2026-04-28,"P1D","fcre",NA,"ensemble",111,"ChlorophyllMaximum_depth_sample",3.39388331052828,"fCMdepth_mp","vera4cast"
2026-05-18,2026-04-28,"P1D","fcre",NA,"ensemble",142,"ChlorophyllMaximum_depth_sample",0.738038888176344,"fCMdepth_mp","vera4cast"
2026-05-19,2026-04-28,"P1D","fcre",NA,"ensemble",18,"ChlorophyllMaximum_depth_sample",3.14268688133136,"fCMdepth_mp","vera4cast"
2026-05-19,2026-04-28,"P1D","fcre",NA,"ensemble",49,"ChlorophyllMaximum_depth_sample",3.48298643821449,"fCMdepth_mp","vera4cast"
2026-05-19,2026-04-28,"P1D","fcre",NA,"ensemble",80,"ChlorophyllMaximum_depth_sample",1.92234021895512,"fCMdepth_mp","vera4cast"
2026-05-19,2026-04-28,"P1D","fcre",NA,"ensemble",111,"ChlorophyllMaximum_depth_sample",3.16624246426136,"fCMdepth_mp","vera4cast"
2026-05-19,2026-04-28,"P1D","fcre",NA,"ensemble",142,"ChlorophyllMaximum_depth_sample",4.00035587449432,"fCMdepth_mp","vera4cast"
2026-05-20,2026-04-28,"P1D","fcre",NA,"ensemble",18,"ChlorophyllMaximum_depth_sample",1.92549150482131,"fCMdepth_mp","vera4cast"
2026-05-20,2026-04-28,"P1D","fcre",NA,"ensemble",49,"ChlorophyllMaximum_depth_sample",4.10087707201328,"fCMdepth_mp","vera4cast"
2026-05-20,2026-04-28,"P1D","fcre",NA,"ensemble",80,"ChlorophyllMaximum_depth_sample",1.94347652591761,"fCMdepth_mp","vera4cast"
2026-05-20,2026-04-28,"P1D","fcre",NA,"ensemble",111,"ChlorophyllMaximum_depth_sample",2.24427427944801,"fCMdepth_mp","vera4cast"
2026-05-20,2026-04-28,"P1D","fcre",NA,"ensemble",142,"ChlorophyllMaximum_depth_sample",4.72097277960609,"fCMdepth_mp","vera4cast"
2026-05-21,2026-04-28,"P1D","fcre",NA,"ensemble",18,"ChlorophyllMaximum_depth_sample",3.47508392792912,"fCMdepth_mp","vera4cast"
2026-05-21,2026-04-28,"P1D","fcre",NA,"ensemble",49,"ChlorophyllMaximum_depth_sample",4.97327509590502,"fCMdepth_mp","vera4cast"
2026-05-21,2026-04-28,"P1D","fcre",NA,"ensemble",80,"ChlorophyllMaximum_depth_sample",0.948682391168712,"fCMdepth_mp","vera4cast"
2026-05-21,2026-04-28,"P1D","fcre",NA,"ensemble",111,"ChlorophyllMaximum_depth_sample",2.95650089764685,"fCMdepth_mp","vera4cast"
2026-05-21,2026-04-28,"P1D","fcre",NA,"ensemble",142,"ChlorophyllMaximum_depth_sample",2.78316679578911,"fCMdepth_mp","vera4cast"
2026-05-22,2026-04-28,"P1D","fcre",NA,"ensemble",18,"ChlorophyllMaximum_depth_sample",2.29283600696573,"fCMdepth_mp","vera4cast"
2026-05-22,2026-04-28,"P1D","fcre",NA,"ensemble",49,"ChlorophyllMaximum_depth_sample",3.72829186906364,"fCMdepth_mp","vera4cast"
2026-05-22,2026-04-28,"P1D","fcre",NA,"ensemble",80,"ChlorophyllMaximum_depth_sample",2.07778509847958,"fCMdepth_mp","vera4cast"
2026-05-22,2026-04-28,"P1D","fcre",NA,"ensemble",111,"ChlorophyllMaximum_depth_sample",3.73437688987295,"fCMdepth_mp","vera4cast"
2026-05-22,2026-04-28,"P1D","fcre",NA,"ensemble",142,"ChlorophyllMaximum_depth_sample",3.37514146561596,"fCMdepth_mp","vera4cast"
2026-05-23,2026-04-28,"P1D","fcre",NA,"ensemble",18,"ChlorophyllMaximum_depth_sample",2.32175792731214,"fCMdepth_mp","vera4cast"
2026-05-23,2026-04-28,"P1D","fcre",NA,"ensemble",49,"ChlorophyllMaximum_depth_sample",4.4272581181044,"fCMdepth_mp","vera4cast"
2026-05-23,2026-04-28,"P1D","fcre",NA,"ensemble",80,"ChlorophyllMaximum_depth_sample",2.45150171257509,"fCMdepth_mp","vera4cast"
2026-05-23,2026-04-28,"P1D","fcre",NA,"ensemble",111,"ChlorophyllMaximum_depth_sample",3.39498286979396,"fCMdepth_mp","vera4cast"
2026-05-23,2026-04-28,"P1D","fcre",NA,"ensemble",142,"ChlorophyllMaximum_depth_sample",2.88193251916467,"fCMdepth_mp","vera4cast"
2026-05-24,2026-04-28,"P1D","fcre",NA,"ensemble",18,"ChlorophyllMaximum_depth_sample",3.83216199866679,"fCMdepth_mp","vera4cast"
2026-05-24,2026-04-28,"P1D","fcre",NA,"ensemble",49,"ChlorophyllMaximum_depth_sample",3.75162524618792,"fCMdepth_mp","vera4cast"
2026-05-24,2026-04-28,"P1D","fcre",NA,"ensemble",80,"ChlorophyllMaximum_depth_sample",4.3879710351293,"fCMdepth_mp","vera4cast"
2026-05-24,2026-04-28,"P1D","fcre",NA,"ensemble",111,"ChlorophyllMaximum_depth_sample",3.79196786644374,"fCMdepth_mp","vera4cast"
2026-05-24,2026-04-28,"P1D","fcre",NA,"ensemble",142,"ChlorophyllMaximum_depth_sample",3.65472805181244,"fCMdepth_mp","vera4cast"
2026-05-25,2026-04-28,"P1D","fcre",NA,"ensemble",18,"ChlorophyllMaximum_depth_sample",2.69847340269555,"fCMdepth_mp","vera4cast"
2026-05-25,2026-04-28,"P1D","fcre",NA,"ensemble",49,"ChlorophyllMaximum_depth_sample",2.5749027362169,"fCMdepth_mp","vera4cast"
2026-05-25,2026-04-28,"P1D","fcre",NA,"ensemble",80,"ChlorophyllMaximum_depth_sample",1.09197317067542,"fCMdepth_mp","vera4cast"
2026-05-25,2026-04-28,"P1D","fcre",NA,"ensemble",111,"ChlorophyllMaximum_depth_sample",4.22116072016223,"fCMdepth_mp","vera4cast"
2026-05-25,2026-04-28,"P1D","fcre",NA,"ensemble",142,"ChlorophyllMaximum_depth_sample",2.04747809423073,"fCMdepth_mp","vera4cast"
2026-05-26,2026-04-28,"P1D","fcre",NA,"ensemble",18,"ChlorophyllMaximum_depth_sample",1.68459216808748,"fCMdepth_mp","vera4cast"
2026-05-26,2026-04-28,"P1D","fcre",NA,"ensemble",49,"ChlorophyllMaximum_depth_sample",5.25237123453274,"fCMdepth_mp","vera4cast"
2026-05-26,2026-04-28,"P1D","fcre",NA,"ensemble",80,"ChlorophyllMaximum_depth_sample",2.88357255120266,"fCMdepth_mp","vera4cast"
2026-05-26,2026-04-28,"P1D","fcre",NA,"ensemble",111,"ChlorophyllMaximum_depth_sample",2.75759784511472,"fCMdepth_mp","vera4cast"
2026-05-26,2026-04-28,"P1D","fcre",NA,"ensemble",142,"ChlorophyllMaximum_depth_sample",0.714739503662676,"fCMdepth_mp","vera4cast"
2026-05-27,2026-04-28,"P1D","fcre",NA,"ensemble",18,"ChlorophyllMaximum_depth_sample",2.77550505876082,"fCMdepth_mp","vera4cast"
2026-05-27,2026-04-28,"P1D","fcre",NA,"ensemble",49,"ChlorophyllMaximum_depth_sample",1.88918323192327,"fCMdepth_mp","vera4cast"
2026-05-27,2026-04-28,"P1D","fcre",NA,"ensemble",80,"ChlorophyllMaximum_depth_sample",2.25721047200717,"fCMdepth_mp","vera4cast"
2026-05-27,2026-04-28,"P1D","fcre",NA,"ensemble",111,"ChlorophyllMaximum_depth_sample",4.87723999433252,"fCMdepth_mp","vera4cast"
2026-05-27,2026-04-28,"P1D","fcre",NA,"ensemble",142,"ChlorophyllMaximum_depth_sample",1.51005341607951,"fCMdepth_mp","vera4cast"
2026-05-28,2026-04-28,"P1D","fcre",NA,"ensemble",18,"ChlorophyllMaximum_depth_sample",4.42835799140205,"fCMdepth_mp","vera4cast"
2026-05-28,2026-04-28,"P1D","fcre",NA,"ensemble",49,"ChlorophyllMaximum_depth_sample",2.57910081408693,"fCMdepth_mp","vera4cast"
2026-05-28,2026-04-28,"P1D","fcre",NA,"ensemble",80,"ChlorophyllMaximum_depth_sample",2.20697638306213,"fCMdepth_mp","vera4cast"
2026-05-28,2026-04-28,"P1D","fcre",NA,"ensemble",111,"ChlorophyllMaximum_depth_sample",3.2833554808878,"fCMdepth_mp","vera4cast"
2026-05-28,2026-04-28,"P1D","fcre",NA,"ensemble",142,"ChlorophyllMaximum_depth_sample",2.2007336794834,"fCMdepth_mp","vera4cast"
2026-05-29,2026-04-28,"P1D","fcre",NA,"ensemble",18,"ChlorophyllMaximum_depth_sample",1.37289415679056,"fCMdepth_mp","vera4cast"
2026-05-29,2026-04-28,"P1D","fcre",NA,"ensemble",49,"ChlorophyllMaximum_depth_sample",1.52389552711297,"fCMdepth_mp","vera4cast"
2026-05-29,2026-04-28,"P1D","fcre",NA,"ensemble",80,"ChlorophyllMaximum_depth_sample",1.46409707721348,"fCMdepth_mp","vera4cast"
2026-05-29,2026-04-28,"P1D","fcre",NA,"ensemble",111,"ChlorophyllMaximum_depth_sample",3.67474015804575,"fCMdepth_mp","vera4cast"
2026-05-29,2026-04-28,"P1D","fcre",NA,"ensemble",142,"ChlorophyllMaximum_depth_sample",2.12204284734871,"fCMdepth_mp","vera4cast"
2026-05-30,2026-04-28,"P1D","fcre",NA,"ensemble",18,"ChlorophyllMaximum_depth_sample",3.13526195447857,"fCMdepth_mp","vera4cast"
2026-05-30,2026-04-28,"P1D","fcre",NA,"ensemble",49,"ChlorophyllMaximum_depth_sample",4.16868648409482,"fCMdepth_mp","vera4cast"
2026-05-30,2026-04-28,"P1D","fcre",NA,"ensemble",80,"ChlorophyllMaximum_depth_sample",2.96885302176422,"fCMdepth_mp","vera4cast"
2026-05-30,2026-04-28,"P1D","fcre",NA,"ensemble",111,"ChlorophyllMaximum_depth_sample",3.18811421375769,"fCMdepth_mp","vera4cast"
2026-05-30,2026-04-28,"P1D","fcre",NA,"ensemble",142,"ChlorophyllMaximum_depth_sample",4.04903157823391,"fCMdepth_mp","vera4cast"
2026-05-31,2026-04-28,"P1D","fcre",NA,"ensemble",18,"ChlorophyllMaximum_depth_sample",3.5789372253064,"fCMdepth_mp","vera4cast"
2026-05-31,2026-04-28,"P1D","fcre",NA,"ensemble",49,"ChlorophyllMaximum_depth_sample",3.40086852018901,"fCMdepth_mp","vera4cast"
2026-05-31,2026-04-28,"P1D","fcre",NA,"ensemble",80,"ChlorophyllMaximum_depth_sample",3.59404669612008,"fCMdepth_mp","vera4cast"
2026-05-31,2026-04-28,"P1D","fcre",NA,"ensemble",111,"ChlorophyllMaximum_depth_sample",3.02171450991692,"fCMdepth_mp","vera4cast"
2026-05-31,2026-04-28,"P1D","fcre",NA,"ensemble",142,"ChlorophyllMaximum_depth_sample",4.62185088907176,"fCMdepth_mp","vera4cast"
2026-06-01,2026-04-28,"P1D","fcre",NA,"ensemble",18,"ChlorophyllMaximum_depth_sample",1.22717956446479,"fCMdepth_mp","vera4cast"
2026-06-01,2026-04-28,"P1D","fcre",NA,"ensemble",49,"ChlorophyllMaximum_depth_sample",2.98662931001682,"fCMdepth_mp","vera4cast"
2026-06-01,2026-04-28,"P1D","fcre",NA,"ensemble",80,"ChlorophyllMaximum_depth_sample",-0.0694485944954284,"fCMdepth_mp","vera4cast"
2026-06-01,2026-04-28,"P1D","fcre",NA,"ensemble",111,"ChlorophyllMaximum_depth_sample",4.11796481405851,"fCMdepth_mp","vera4cast"
2026-06-01,2026-04-28,"P1D","fcre",NA,"ensemble",142,"ChlorophyllMaximum_depth_sample",2.34748162563186,"fCMdepth_mp","vera4cast"
2026-04-29,2026-04-28,"P1D","fcre",NA,"ensemble",19,"ChlorophyllMaximum_depth_sample",3.27091683078586,"fCMdepth_mp","vera4cast"
2026-04-29,2026-04-28,"P1D","fcre",NA,"ensemble",50,"ChlorophyllMaximum_depth_sample",2.34495783955004,"fCMdepth_mp","vera4cast"
2026-04-29,2026-04-28,"P1D","fcre",NA,"ensemble",81,"ChlorophyllMaximum_depth_sample",2.84045243150807,"fCMdepth_mp","vera4cast"
2026-04-29,2026-04-28,"P1D","fcre",NA,"ensemble",112,"ChlorophyllMaximum_depth_sample",3.91902079332786,"fCMdepth_mp","vera4cast"
2026-04-29,2026-04-28,"P1D","fcre",NA,"ensemble",143,"ChlorophyllMaximum_depth_sample",5.82233346215536,"fCMdepth_mp","vera4cast"
2026-04-30,2026-04-28,"P1D","fcre",NA,"ensemble",19,"ChlorophyllMaximum_depth_sample",3.003230134921,"fCMdepth_mp","vera4cast"
2026-04-30,2026-04-28,"P1D","fcre",NA,"ensemble",50,"ChlorophyllMaximum_depth_sample",2.38658294772551,"fCMdepth_mp","vera4cast"
2026-04-30,2026-04-28,"P1D","fcre",NA,"ensemble",81,"ChlorophyllMaximum_depth_sample",2.65817046794866,"fCMdepth_mp","vera4cast"
2026-04-30,2026-04-28,"P1D","fcre",NA,"ensemble",112,"ChlorophyllMaximum_depth_sample",2.49277666736758,"fCMdepth_mp","vera4cast"
2026-04-30,2026-04-28,"P1D","fcre",NA,"ensemble",143,"ChlorophyllMaximum_depth_sample",1.98339273654201,"fCMdepth_mp","vera4cast"
2026-05-01,2026-04-28,"P1D","fcre",NA,"ensemble",19,"ChlorophyllMaximum_depth_sample",3.76186186233613,"fCMdepth_mp","vera4cast"
2026-05-01,2026-04-28,"P1D","fcre",NA,"ensemble",50,"ChlorophyllMaximum_depth_sample",4.69955631906788,"fCMdepth_mp","vera4cast"
2026-05-01,2026-04-28,"P1D","fcre",NA,"ensemble",81,"ChlorophyllMaximum_depth_sample",4.58115894483172,"fCMdepth_mp","vera4cast"
2026-05-01,2026-04-28,"P1D","fcre",NA,"ensemble",112,"ChlorophyllMaximum_depth_sample",1.04323023038221,"fCMdepth_mp","vera4cast"
2026-05-01,2026-04-28,"P1D","fcre",NA,"ensemble",143,"ChlorophyllMaximum_depth_sample",1.91436852638844,"fCMdepth_mp","vera4cast"
2026-05-02,2026-04-28,"P1D","fcre",NA,"ensemble",19,"ChlorophyllMaximum_depth_sample",3.47491459650713,"fCMdepth_mp","vera4cast"
2026-05-02,2026-04-28,"P1D","fcre",NA,"ensemble",50,"ChlorophyllMaximum_depth_sample",4.46193472545845,"fCMdepth_mp","vera4cast"
2026-05-02,2026-04-28,"P1D","fcre",NA,"ensemble",81,"ChlorophyllMaximum_depth_sample",3.88613647626929,"fCMdepth_mp","vera4cast"
2026-05-02,2026-04-28,"P1D","fcre",NA,"ensemble",112,"ChlorophyllMaximum_depth_sample",3.35895355135656,"fCMdepth_mp","vera4cast"
2026-05-02,2026-04-28,"P1D","fcre",NA,"ensemble",143,"ChlorophyllMaximum_depth_sample",0.734240440233948,"fCMdepth_mp","vera4cast"
2026-05-03,2026-04-28,"P1D","fcre",NA,"ensemble",19,"ChlorophyllMaximum_depth_sample",2.20619289196392,"fCMdepth_mp","vera4cast"
2026-05-03,2026-04-28,"P1D","fcre",NA,"ensemble",50,"ChlorophyllMaximum_depth_sample",3.95463369792926,"fCMdepth_mp","vera4cast"
2026-05-03,2026-04-28,"P1D","fcre",NA,"ensemble",81,"ChlorophyllMaximum_depth_sample",2.31923373760926,"fCMdepth_mp","vera4cast"
2026-05-03,2026-04-28,"P1D","fcre",NA,"ensemble",112,"ChlorophyllMaximum_depth_sample",2.6762033456943,"fCMdepth_mp","vera4cast"
2026-05-03,2026-04-28,"P1D","fcre",NA,"ensemble",143,"ChlorophyllMaximum_depth_sample",3.87170447260597,"fCMdepth_mp","vera4cast"
2026-05-04,2026-04-28,"P1D","fcre",NA,"ensemble",19,"ChlorophyllMaximum_depth_sample",2.68621395546294,"fCMdepth_mp","vera4cast"
2026-05-04,2026-04-28,"P1D","fcre",NA,"ensemble",50,"ChlorophyllMaximum_depth_sample",5.4012884315315,"fCMdepth_mp","vera4cast"
2026-05-04,2026-04-28,"P1D","fcre",NA,"ensemble",81,"ChlorophyllMaximum_depth_sample",3.27344735029617,"fCMdepth_mp","vera4cast"
2026-05-04,2026-04-28,"P1D","fcre",NA,"ensemble",112,"ChlorophyllMaximum_depth_sample",4.20230251491617,"fCMdepth_mp","vera4cast"
2026-05-04,2026-04-28,"P1D","fcre",NA,"ensemble",143,"ChlorophyllMaximum_depth_sample",2.61482878125435,"fCMdepth_mp","vera4cast"
2026-05-05,2026-04-28,"P1D","fcre",NA,"ensemble",19,"ChlorophyllMaximum_depth_sample",2.14366740423283,"fCMdepth_mp","vera4cast"
2026-05-05,2026-04-28,"P1D","fcre",NA,"ensemble",50,"ChlorophyllMaximum_depth_sample",1.40231729227309,"fCMdepth_mp","vera4cast"
2026-05-05,2026-04-28,"P1D","fcre",NA,"ensemble",81,"ChlorophyllMaximum_depth_sample",1.8653127030334,"fCMdepth_mp","vera4cast"
2026-05-05,2026-04-28,"P1D","fcre",NA,"ensemble",112,"ChlorophyllMaximum_depth_sample",2.93689492270135,"fCMdepth_mp","vera4cast"
2026-05-05,2026-04-28,"P1D","fcre",NA,"ensemble",143,"ChlorophyllMaximum_depth_sample",2.44171436726816,"fCMdepth_mp","vera4cast"
2026-05-06,2026-04-28,"P1D","fcre",NA,"ensemble",19,"ChlorophyllMaximum_depth_sample",3.4025499400389,"fCMdepth_mp","vera4cast"
2026-05-06,2026-04-28,"P1D","fcre",NA,"ensemble",50,"ChlorophyllMaximum_depth_sample",1.41740292731517,"fCMdepth_mp","vera4cast"
2026-05-06,2026-04-28,"P1D","fcre",NA,"ensemble",81,"ChlorophyllMaximum_depth_sample",2.38504231582782,"fCMdepth_mp","vera4cast"
2026-05-06,2026-04-28,"P1D","fcre",NA,"ensemble",112,"ChlorophyllMaximum_depth_sample",5.16965365607167,"fCMdepth_mp","vera4cast"
2026-05-06,2026-04-28,"P1D","fcre",NA,"ensemble",143,"ChlorophyllMaximum_depth_sample",1.83816277823729,"fCMdepth_mp","vera4cast"
2026-05-07,2026-04-28,"P1D","fcre",NA,"ensemble",19,"ChlorophyllMaximum_depth_sample",1.07152931081246,"fCMdepth_mp","vera4cast"
2026-05-07,2026-04-28,"P1D","fcre",NA,"ensemble",50,"ChlorophyllMaximum_depth_sample",4.38757193825727,"fCMdepth_mp","vera4cast"
2026-05-07,2026-04-28,"P1D","fcre",NA,"ensemble",81,"ChlorophyllMaximum_depth_sample",0.990470960034592,"fCMdepth_mp","vera4cast"
2026-05-07,2026-04-28,"P1D","fcre",NA,"ensemble",112,"ChlorophyllMaximum_depth_sample",2.49186982844823,"fCMdepth_mp","vera4cast"
2026-05-07,2026-04-28,"P1D","fcre",NA,"ensemble",143,"ChlorophyllMaximum_depth_sample",3.9174102343048,"fCMdepth_mp","vera4cast"
2026-05-08,2026-04-28,"P1D","fcre",NA,"ensemble",19,"ChlorophyllMaximum_depth_sample",1.74650998150854,"fCMdepth_mp","vera4cast"
2026-05-08,2026-04-28,"P1D","fcre",NA,"ensemble",50,"ChlorophyllMaximum_depth_sample",3.445772723997,"fCMdepth_mp","vera4cast"
2026-05-08,2026-04-28,"P1D","fcre",NA,"ensemble",81,"ChlorophyllMaximum_depth_sample",2.36335573769304,"fCMdepth_mp","vera4cast"
2026-05-08,2026-04-28,"P1D","fcre",NA,"ensemble",112,"ChlorophyllMaximum_depth_sample",1.62774263477298,"fCMdepth_mp","vera4cast"
2026-05-08,2026-04-28,"P1D","fcre",NA,"ensemble",143,"ChlorophyllMaximum_depth_sample",4.01105982652584,"fCMdepth_mp","vera4cast"
2026-05-09,2026-04-28,"P1D","fcre",NA,"ensemble",19,"ChlorophyllMaximum_depth_sample",2.60918895787472,"fCMdepth_mp","vera4cast"
2026-05-09,2026-04-28,"P1D","fcre",NA,"ensemble",50,"ChlorophyllMaximum_depth_sample",4.33786533004641,"fCMdepth_mp","vera4cast"
2026-05-09,2026-04-28,"P1D","fcre",NA,"ensemble",81,"ChlorophyllMaximum_depth_sample",2.71320198028464,"fCMdepth_mp","vera4cast"
2026-05-09,2026-04-28,"P1D","fcre",NA,"ensemble",112,"ChlorophyllMaximum_depth_sample",2.55990998476611,"fCMdepth_mp","vera4cast"
2026-05-09,2026-04-28,"P1D","fcre",NA,"ensemble",143,"ChlorophyllMaximum_depth_sample",1.85919746775809,"fCMdepth_mp","vera4cast"
2026-05-10,2026-04-28,"P1D","fcre",NA,"ensemble",19,"ChlorophyllMaximum_depth_sample",3.89011920822911,"fCMdepth_mp","vera4cast"
2026-05-10,2026-04-28,"P1D","fcre",NA,"ensemble",50,"ChlorophyllMaximum_depth_sample",2.1871306470148,"fCMdepth_mp","vera4cast"
2026-05-10,2026-04-28,"P1D","fcre",NA,"ensemble",81,"ChlorophyllMaximum_depth_sample",2.49453698876833,"fCMdepth_mp","vera4cast"
2026-05-10,2026-04-28,"P1D","fcre",NA,"ensemble",112,"ChlorophyllMaximum_depth_sample",1.7288124537627,"fCMdepth_mp","vera4cast"
2026-05-10,2026-04-28,"P1D","fcre",NA,"ensemble",143,"ChlorophyllMaximum_depth_sample",3.16497729179079,"fCMdepth_mp","vera4cast"
2026-05-11,2026-04-28,"P1D","fcre",NA,"ensemble",19,"ChlorophyllMaximum_depth_sample",3.00838117503975,"fCMdepth_mp","vera4cast"
2026-05-11,2026-04-28,"P1D","fcre",NA,"ensemble",50,"ChlorophyllMaximum_depth_sample",3.42820799030831,"fCMdepth_mp","vera4cast"
2026-05-11,2026-04-28,"P1D","fcre",NA,"ensemble",81,"ChlorophyllMaximum_depth_sample",3.42071978811518,"fCMdepth_mp","vera4cast"
2026-05-11,2026-04-28,"P1D","fcre",NA,"ensemble",112,"ChlorophyllMaximum_depth_sample",3.04136483540713,"fCMdepth_mp","vera4cast"
2026-05-11,2026-04-28,"P1D","fcre",NA,"ensemble",143,"ChlorophyllMaximum_depth_sample",3.51399623661099,"fCMdepth_mp","vera4cast"
2026-05-12,2026-04-28,"P1D","fcre",NA,"ensemble",19,"ChlorophyllMaximum_depth_sample",1.64074400715111,"fCMdepth_mp","vera4cast"
2026-05-12,2026-04-28,"P1D","fcre",NA,"ensemble",50,"ChlorophyllMaximum_depth_sample",2.98981228618823,"fCMdepth_mp","vera4cast"
2026-05-12,2026-04-28,"P1D","fcre",NA,"ensemble",81,"ChlorophyllMaximum_depth_sample",3.8118168395095,"fCMdepth_mp","vera4cast"
2026-05-12,2026-04-28,"P1D","fcre",NA,"ensemble",112,"ChlorophyllMaximum_depth_sample",2.93025464304299,"fCMdepth_mp","vera4cast"
2026-05-12,2026-04-28,"P1D","fcre",NA,"ensemble",143,"ChlorophyllMaximum_depth_sample",2.57116377563869,"fCMdepth_mp","vera4cast"
2026-05-13,2026-04-28,"P1D","fcre",NA,"ensemble",19,"ChlorophyllMaximum_depth_sample",3.90492193586272,"fCMdepth_mp","vera4cast"
2026-05-13,2026-04-28,"P1D","fcre",NA,"ensemble",50,"ChlorophyllMaximum_depth_sample",2.75692224007656,"fCMdepth_mp","vera4cast"
2026-05-13,2026-04-28,"P1D","fcre",NA,"ensemble",81,"ChlorophyllMaximum_depth_sample",4.59002540765563,"fCMdepth_mp","vera4cast"
2026-05-13,2026-04-28,"P1D","fcre",NA,"ensemble",112,"ChlorophyllMaximum_depth_sample",2.57990831351113,"fCMdepth_mp","vera4cast"
2026-05-13,2026-04-28,"P1D","fcre",NA,"ensemble",143,"ChlorophyllMaximum_depth_sample",2.68977907480921,"fCMdepth_mp","vera4cast"
2026-05-14,2026-04-28,"P1D","fcre",NA,"ensemble",19,"ChlorophyllMaximum_depth_sample",-0.0523176842216126,"fCMdepth_mp","vera4cast"
2026-05-14,2026-04-28,"P1D","fcre",NA,"ensemble",50,"ChlorophyllMaximum_depth_sample",4.61101671003102,"fCMdepth_mp","vera4cast"
2026-05-14,2026-04-28,"P1D","fcre",NA,"ensemble",81,"ChlorophyllMaximum_depth_sample",2.79082843186267,"fCMdepth_mp","vera4cast"
2026-05-14,2026-04-28,"P1D","fcre",NA,"ensemble",112,"ChlorophyllMaximum_depth_sample",5.42912191907735,"fCMdepth_mp","vera4cast"
2026-05-14,2026-04-28,"P1D","fcre",NA,"ensemble",143,"ChlorophyllMaximum_depth_sample",2.80109877565462,"fCMdepth_mp","vera4cast"
2026-05-15,2026-04-28,"P1D","fcre",NA,"ensemble",19,"ChlorophyllMaximum_depth_sample",3.168638493884,"fCMdepth_mp","vera4cast"
2026-05-15,2026-04-28,"P1D","fcre",NA,"ensemble",50,"ChlorophyllMaximum_depth_sample",1.82266731215823,"fCMdepth_mp","vera4cast"
2026-05-15,2026-04-28,"P1D","fcre",NA,"ensemble",81,"ChlorophyllMaximum_depth_sample",2.48998485123873,"fCMdepth_mp","vera4cast"
2026-05-15,2026-04-28,"P1D","fcre",NA,"ensemble",112,"ChlorophyllMaximum_depth_sample",2.59923620475438,"fCMdepth_mp","vera4cast"
2026-05-15,2026-04-28,"P1D","fcre",NA,"ensemble",143,"ChlorophyllMaximum_depth_sample",3.07391287869722,"fCMdepth_mp","vera4cast"
2026-05-16,2026-04-28,"P1D","fcre",NA,"ensemble",19,"ChlorophyllMaximum_depth_sample",2.81461800345386,"fCMdepth_mp","vera4cast"
2026-05-16,2026-04-28,"P1D","fcre",NA,"ensemble",50,"ChlorophyllMaximum_depth_sample",4.20386334512085,"fCMdepth_mp","vera4cast"
2026-05-16,2026-04-28,"P1D","fcre",NA,"ensemble",81,"ChlorophyllMaximum_depth_sample",2.64742928044532,"fCMdepth_mp","vera4cast"
2026-05-16,2026-04-28,"P1D","fcre",NA,"ensemble",112,"ChlorophyllMaximum_depth_sample",4.14214039881735,"fCMdepth_mp","vera4cast"
2026-05-16,2026-04-28,"P1D","fcre",NA,"ensemble",143,"ChlorophyllMaximum_depth_sample",2.02312243336663,"fCMdepth_mp","vera4cast"
2026-05-17,2026-04-28,"P1D","fcre",NA,"ensemble",19,"ChlorophyllMaximum_depth_sample",3.40779235093024,"fCMdepth_mp","vera4cast"
2026-05-17,2026-04-28,"P1D","fcre",NA,"ensemble",50,"ChlorophyllMaximum_depth_sample",2.34402247005763,"fCMdepth_mp","vera4cast"
2026-05-17,2026-04-28,"P1D","fcre",NA,"ensemble",81,"ChlorophyllMaximum_depth_sample",5.79736427077739,"fCMdepth_mp","vera4cast"
2026-05-17,2026-04-28,"P1D","fcre",NA,"ensemble",112,"ChlorophyllMaximum_depth_sample",3.43006171435768,"fCMdepth_mp","vera4cast"
2026-05-17,2026-04-28,"P1D","fcre",NA,"ensemble",143,"ChlorophyllMaximum_depth_sample",2.04079104894499,"fCMdepth_mp","vera4cast"
2026-05-18,2026-04-28,"P1D","fcre",NA,"ensemble",19,"ChlorophyllMaximum_depth_sample",2.99331856315021,"fCMdepth_mp","vera4cast"
2026-05-18,2026-04-28,"P1D","fcre",NA,"ensemble",50,"ChlorophyllMaximum_depth_sample",2.87846372439814,"fCMdepth_mp","vera4cast"
2026-05-18,2026-04-28,"P1D","fcre",NA,"ensemble",81,"ChlorophyllMaximum_depth_sample",3.43476806657245,"fCMdepth_mp","vera4cast"
2026-05-18,2026-04-28,"P1D","fcre",NA,"ensemble",112,"ChlorophyllMaximum_depth_sample",4.47582481554112,"fCMdepth_mp","vera4cast"
2026-05-18,2026-04-28,"P1D","fcre",NA,"ensemble",143,"ChlorophyllMaximum_depth_sample",4.65954378763031,"fCMdepth_mp","vera4cast"
2026-05-19,2026-04-28,"P1D","fcre",NA,"ensemble",19,"ChlorophyllMaximum_depth_sample",4.79829947598583,"fCMdepth_mp","vera4cast"
2026-05-19,2026-04-28,"P1D","fcre",NA,"ensemble",50,"ChlorophyllMaximum_depth_sample",4.18066279466747,"fCMdepth_mp","vera4cast"
2026-05-19,2026-04-28,"P1D","fcre",NA,"ensemble",81,"ChlorophyllMaximum_depth_sample",2.2023736874806,"fCMdepth_mp","vera4cast"
2026-05-19,2026-04-28,"P1D","fcre",NA,"ensemble",112,"ChlorophyllMaximum_depth_sample",2.9630122434775,"fCMdepth_mp","vera4cast"
2026-05-19,2026-04-28,"P1D","fcre",NA,"ensemble",143,"ChlorophyllMaximum_depth_sample",2.89611544694565,"fCMdepth_mp","vera4cast"
2026-05-20,2026-04-28,"P1D","fcre",NA,"ensemble",19,"ChlorophyllMaximum_depth_sample",4.40372450659131,"fCMdepth_mp","vera4cast"
2026-05-20,2026-04-28,"P1D","fcre",NA,"ensemble",50,"ChlorophyllMaximum_depth_sample",3.64333948444661,"fCMdepth_mp","vera4cast"
2026-05-20,2026-04-28,"P1D","fcre",NA,"ensemble",81,"ChlorophyllMaximum_depth_sample",2.46620648040064,"fCMdepth_mp","vera4cast"
2026-05-20,2026-04-28,"P1D","fcre",NA,"ensemble",112,"ChlorophyllMaximum_depth_sample",2.45378503653123,"fCMdepth_mp","vera4cast"
2026-05-20,2026-04-28,"P1D","fcre",NA,"ensemble",143,"ChlorophyllMaximum_depth_sample",1.86092023998661,"fCMdepth_mp","vera4cast"
2026-05-21,2026-04-28,"P1D","fcre",NA,"ensemble",19,"ChlorophyllMaximum_depth_sample",2.10846805141467,"fCMdepth_mp","vera4cast"
2026-05-21,2026-04-28,"P1D","fcre",NA,"ensemble",50,"ChlorophyllMaximum_depth_sample",2.82121618890367,"fCMdepth_mp","vera4cast"
2026-05-21,2026-04-28,"P1D","fcre",NA,"ensemble",81,"ChlorophyllMaximum_depth_sample",3.14147280070948,"fCMdepth_mp","vera4cast"
2026-05-21,2026-04-28,"P1D","fcre",NA,"ensemble",112,"ChlorophyllMaximum_depth_sample",3.44446890769103,"fCMdepth_mp","vera4cast"
2026-05-21,2026-04-28,"P1D","fcre",NA,"ensemble",143,"ChlorophyllMaximum_depth_sample",2.45037313888817,"fCMdepth_mp","vera4cast"
2026-05-22,2026-04-28,"P1D","fcre",NA,"ensemble",19,"ChlorophyllMaximum_depth_sample",2.62748534536448,"fCMdepth_mp","vera4cast"
2026-05-22,2026-04-28,"P1D","fcre",NA,"ensemble",50,"ChlorophyllMaximum_depth_sample",5.06435999284843,"fCMdepth_mp","vera4cast"
2026-05-22,2026-04-28,"P1D","fcre",NA,"ensemble",81,"ChlorophyllMaximum_depth_sample",2.00474285732682,"fCMdepth_mp","vera4cast"
2026-05-22,2026-04-28,"P1D","fcre",NA,"ensemble",112,"ChlorophyllMaximum_depth_sample",3.39209372481315,"fCMdepth_mp","vera4cast"
2026-05-22,2026-04-28,"P1D","fcre",NA,"ensemble",143,"ChlorophyllMaximum_depth_sample",3.88978724116124,"fCMdepth_mp","vera4cast"
2026-05-23,2026-04-28,"P1D","fcre",NA,"ensemble",19,"ChlorophyllMaximum_depth_sample",2.2356589401124,"fCMdepth_mp","vera4cast"
2026-05-23,2026-04-28,"P1D","fcre",NA,"ensemble",50,"ChlorophyllMaximum_depth_sample",3.0052869286819,"fCMdepth_mp","vera4cast"
2026-05-23,2026-04-28,"P1D","fcre",NA,"ensemble",81,"ChlorophyllMaximum_depth_sample",2.25429827871243,"fCMdepth_mp","vera4cast"
2026-05-23,2026-04-28,"P1D","fcre",NA,"ensemble",112,"ChlorophyllMaximum_depth_sample",3.45731942731515,"fCMdepth_mp","vera4cast"
2026-05-23,2026-04-28,"P1D","fcre",NA,"ensemble",143,"ChlorophyllMaximum_depth_sample",1.78782630700795,"fCMdepth_mp","vera4cast"
2026-05-24,2026-04-28,"P1D","fcre",NA,"ensemble",19,"ChlorophyllMaximum_depth_sample",1.51051661152026,"fCMdepth_mp","vera4cast"
2026-05-24,2026-04-28,"P1D","fcre",NA,"ensemble",50,"ChlorophyllMaximum_depth_sample",2.83722586312752,"fCMdepth_mp","vera4cast"
2026-05-24,2026-04-28,"P1D","fcre",NA,"ensemble",81,"ChlorophyllMaximum_depth_sample",3.62555569523167,"fCMdepth_mp","vera4cast"
2026-05-24,2026-04-28,"P1D","fcre",NA,"ensemble",112,"ChlorophyllMaximum_depth_sample",1.17715857078671,"fCMdepth_mp","vera4cast"
2026-05-24,2026-04-28,"P1D","fcre",NA,"ensemble",143,"ChlorophyllMaximum_depth_sample",3.11835574284944,"fCMdepth_mp","vera4cast"
2026-05-25,2026-04-28,"P1D","fcre",NA,"ensemble",19,"ChlorophyllMaximum_depth_sample",2.16948398103319,"fCMdepth_mp","vera4cast"
2026-05-25,2026-04-28,"P1D","fcre",NA,"ensemble",50,"ChlorophyllMaximum_depth_sample",4.08624806003653,"fCMdepth_mp","vera4cast"
2026-05-25,2026-04-28,"P1D","fcre",NA,"ensemble",81,"ChlorophyllMaximum_depth_sample",2.05417171976694,"fCMdepth_mp","vera4cast"
2026-05-25,2026-04-28,"P1D","fcre",NA,"ensemble",112,"ChlorophyllMaximum_depth_sample",3.36302022224099,"fCMdepth_mp","vera4cast"
2026-05-25,2026-04-28,"P1D","fcre",NA,"ensemble",143,"ChlorophyllMaximum_depth_sample",3.72282444149441,"fCMdepth_mp","vera4cast"
2026-05-26,2026-04-28,"P1D","fcre",NA,"ensemble",19,"ChlorophyllMaximum_depth_sample",2.67436225841486,"fCMdepth_mp","vera4cast"
2026-05-26,2026-04-28,"P1D","fcre",NA,"ensemble",50,"ChlorophyllMaximum_depth_sample",3.93051067338291,"fCMdepth_mp","vera4cast"
2026-05-26,2026-04-28,"P1D","fcre",NA,"ensemble",81,"ChlorophyllMaximum_depth_sample",4.21679818303928,"fCMdepth_mp","vera4cast"
2026-05-26,2026-04-28,"P1D","fcre",NA,"ensemble",112,"ChlorophyllMaximum_depth_sample",3.11267862343998,"fCMdepth_mp","vera4cast"
2026-05-26,2026-04-28,"P1D","fcre",NA,"ensemble",143,"ChlorophyllMaximum_depth_sample",2.11964514103743,"fCMdepth_mp","vera4cast"
2026-05-27,2026-04-28,"P1D","fcre",NA,"ensemble",19,"ChlorophyllMaximum_depth_sample",1.49327685025392,"fCMdepth_mp","vera4cast"
2026-05-27,2026-04-28,"P1D","fcre",NA,"ensemble",50,"ChlorophyllMaximum_depth_sample",2.88830260074053,"fCMdepth_mp","vera4cast"
2026-05-27,2026-04-28,"P1D","fcre",NA,"ensemble",81,"ChlorophyllMaximum_depth_sample",4.14507680312554,"fCMdepth_mp","vera4cast"
2026-05-27,2026-04-28,"P1D","fcre",NA,"ensemble",112,"ChlorophyllMaximum_depth_sample",0.672785553470995,"fCMdepth_mp","vera4cast"
2026-05-27,2026-04-28,"P1D","fcre",NA,"ensemble",143,"ChlorophyllMaximum_depth_sample",2.771534596732,"fCMdepth_mp","vera4cast"
2026-05-28,2026-04-28,"P1D","fcre",NA,"ensemble",19,"ChlorophyllMaximum_depth_sample",3.50019053652153,"fCMdepth_mp","vera4cast"
2026-05-28,2026-04-28,"P1D","fcre",NA,"ensemble",50,"ChlorophyllMaximum_depth_sample",1.96412887518857,"fCMdepth_mp","vera4cast"
2026-05-28,2026-04-28,"P1D","fcre",NA,"ensemble",81,"ChlorophyllMaximum_depth_sample",3.33485772911096,"fCMdepth_mp","vera4cast"
2026-05-28,2026-04-28,"P1D","fcre",NA,"ensemble",112,"ChlorophyllMaximum_depth_sample",2.64594769414839,"fCMdepth_mp","vera4cast"
2026-05-28,2026-04-28,"P1D","fcre",NA,"ensemble",143,"ChlorophyllMaximum_depth_sample",2.39750574011044,"fCMdepth_mp","vera4cast"
2026-05-29,2026-04-28,"P1D","fcre",NA,"ensemble",19,"ChlorophyllMaximum_depth_sample",1.76837133520493,"fCMdepth_mp","vera4cast"
2026-05-29,2026-04-28,"P1D","fcre",NA,"ensemble",50,"ChlorophyllMaximum_depth_sample",1.20078801564477,"fCMdepth_mp","vera4cast"
2026-05-29,2026-04-28,"P1D","fcre",NA,"ensemble",81,"ChlorophyllMaximum_depth_sample",1.67253589093473,"fCMdepth_mp","vera4cast"
2026-05-29,2026-04-28,"P1D","fcre",NA,"ensemble",112,"ChlorophyllMaximum_depth_sample",2.5233307087215,"fCMdepth_mp","vera4cast"
2026-05-29,2026-04-28,"P1D","fcre",NA,"ensemble",143,"ChlorophyllMaximum_depth_sample",1.89041860214723,"fCMdepth_mp","vera4cast"
2026-05-30,2026-04-28,"P1D","fcre",NA,"ensemble",19,"ChlorophyllMaximum_depth_sample",3.37200505126767,"fCMdepth_mp","vera4cast"
2026-05-30,2026-04-28,"P1D","fcre",NA,"ensemble",50,"ChlorophyllMaximum_depth_sample",2.03827569685367,"fCMdepth_mp","vera4cast"
2026-05-30,2026-04-28,"P1D","fcre",NA,"ensemble",81,"ChlorophyllMaximum_depth_sample",1.25061245909491,"fCMdepth_mp","vera4cast"
2026-05-30,2026-04-28,"P1D","fcre",NA,"ensemble",112,"ChlorophyllMaximum_depth_sample",3.30698447947232,"fCMdepth_mp","vera4cast"
2026-05-30,2026-04-28,"P1D","fcre",NA,"ensemble",143,"ChlorophyllMaximum_depth_sample",0.732689565011061,"fCMdepth_mp","vera4cast"
2026-05-31,2026-04-28,"P1D","fcre",NA,"ensemble",19,"ChlorophyllMaximum_depth_sample",3.49824215611092,"fCMdepth_mp","vera4cast"
2026-05-31,2026-04-28,"P1D","fcre",NA,"ensemble",50,"ChlorophyllMaximum_depth_sample",2.33494541433374,"fCMdepth_mp","vera4cast"
2026-05-31,2026-04-28,"P1D","fcre",NA,"ensemble",81,"ChlorophyllMaximum_depth_sample",1.15093318623624,"fCMdepth_mp","vera4cast"
2026-05-31,2026-04-28,"P1D","fcre",NA,"ensemble",112,"ChlorophyllMaximum_depth_sample",2.33135009668017,"fCMdepth_mp","vera4cast"
2026-05-31,2026-04-28,"P1D","fcre",NA,"ensemble",143,"ChlorophyllMaximum_depth_sample",2.29678152027552,"fCMdepth_mp","vera4cast"
2026-06-01,2026-04-28,"P1D","fcre",NA,"ensemble",19,"ChlorophyllMaximum_depth_sample",2.71402207047271,"fCMdepth_mp","vera4cast"
2026-06-01,2026-04-28,"P1D","fcre",NA,"ensemble",50,"ChlorophyllMaximum_depth_sample",0.879866649106955,"fCMdepth_mp","vera4cast"
2026-06-01,2026-04-28,"P1D","fcre",NA,"ensemble",81,"ChlorophyllMaximum_depth_sample",1.78574811005253,"fCMdepth_mp","vera4cast"
2026-06-01,2026-04-28,"P1D","fcre",NA,"ensemble",112,"ChlorophyllMaximum_depth_sample",1.40461426923285,"fCMdepth_mp","vera4cast"
2026-06-01,2026-04-28,"P1D","fcre",NA,"ensemble",143,"ChlorophyllMaximum_depth_sample",2.26208522294158,"fCMdepth_mp","vera4cast"
2026-04-29,2026-04-28,"P1D","fcre",NA,"ensemble",20,"ChlorophyllMaximum_depth_sample",4.03661856844005,"fCMdepth_mp","vera4cast"
2026-04-29,2026-04-28,"P1D","fcre",NA,"ensemble",51,"ChlorophyllMaximum_depth_sample",3.11011602127358,"fCMdepth_mp","vera4cast"
2026-04-29,2026-04-28,"P1D","fcre",NA,"ensemble",82,"ChlorophyllMaximum_depth_sample",3.50557572150447,"fCMdepth_mp","vera4cast"
2026-04-29,2026-04-28,"P1D","fcre",NA,"ensemble",113,"ChlorophyllMaximum_depth_sample",0.915436757754,"fCMdepth_mp","vera4cast"
2026-04-29,2026-04-28,"P1D","fcre",NA,"ensemble",144,"ChlorophyllMaximum_depth_sample",3.08141024261548,"fCMdepth_mp","vera4cast"
2026-04-30,2026-04-28,"P1D","fcre",NA,"ensemble",20,"ChlorophyllMaximum_depth_sample",4.4815131076599,"fCMdepth_mp","vera4cast"
2026-04-30,2026-04-28,"P1D","fcre",NA,"ensemble",51,"ChlorophyllMaximum_depth_sample",3.04622310207197,"fCMdepth_mp","vera4cast"
2026-04-30,2026-04-28,"P1D","fcre",NA,"ensemble",82,"ChlorophyllMaximum_depth_sample",2.86628046144671,"fCMdepth_mp","vera4cast"
2026-04-30,2026-04-28,"P1D","fcre",NA,"ensemble",113,"ChlorophyllMaximum_depth_sample",3.93746952285894,"fCMdepth_mp","vera4cast"
2026-04-30,2026-04-28,"P1D","fcre",NA,"ensemble",144,"ChlorophyllMaximum_depth_sample",1.61096419187982,"fCMdepth_mp","vera4cast"
2026-05-01,2026-04-28,"P1D","fcre",NA,"ensemble",20,"ChlorophyllMaximum_depth_sample",1.94564875334758,"fCMdepth_mp","vera4cast"
2026-05-01,2026-04-28,"P1D","fcre",NA,"ensemble",51,"ChlorophyllMaximum_depth_sample",3.49133686542105,"fCMdepth_mp","vera4cast"
2026-05-01,2026-04-28,"P1D","fcre",NA,"ensemble",82,"ChlorophyllMaximum_depth_sample",2.46937049452305,"fCMdepth_mp","vera4cast"
2026-05-01,2026-04-28,"P1D","fcre",NA,"ensemble",113,"ChlorophyllMaximum_depth_sample",2.0244530456953,"fCMdepth_mp","vera4cast"
2026-05-01,2026-04-28,"P1D","fcre",NA,"ensemble",144,"ChlorophyllMaximum_depth_sample",3.01008544212346,"fCMdepth_mp","vera4cast"
2026-05-02,2026-04-28,"P1D","fcre",NA,"ensemble",20,"ChlorophyllMaximum_depth_sample",2.14264410509953,"fCMdepth_mp","vera4cast"
2026-05-02,2026-04-28,"P1D","fcre",NA,"ensemble",51,"ChlorophyllMaximum_depth_sample",1.61543048269194,"fCMdepth_mp","vera4cast"
2026-05-02,2026-04-28,"P1D","fcre",NA,"ensemble",82,"ChlorophyllMaximum_depth_sample",2.84342739383302,"fCMdepth_mp","vera4cast"
2026-05-02,2026-04-28,"P1D","fcre",NA,"ensemble",113,"ChlorophyllMaximum_depth_sample",1.85596873230806,"fCMdepth_mp","vera4cast"
2026-05-02,2026-04-28,"P1D","fcre",NA,"ensemble",144,"ChlorophyllMaximum_depth_sample",2.6068333530113,"fCMdepth_mp","vera4cast"
2026-05-03,2026-04-28,"P1D","fcre",NA,"ensemble",20,"ChlorophyllMaximum_depth_sample",4.06580986389867,"fCMdepth_mp","vera4cast"
2026-05-03,2026-04-28,"P1D","fcre",NA,"ensemble",51,"ChlorophyllMaximum_depth_sample",1.85522532490321,"fCMdepth_mp","vera4cast"
2026-05-03,2026-04-28,"P1D","fcre",NA,"ensemble",82,"ChlorophyllMaximum_depth_sample",2.97316749082728,"fCMdepth_mp","vera4cast"
2026-05-03,2026-04-28,"P1D","fcre",NA,"ensemble",113,"ChlorophyllMaximum_depth_sample",3.00827556839955,"fCMdepth_mp","vera4cast"
2026-05-03,2026-04-28,"P1D","fcre",NA,"ensemble",144,"ChlorophyllMaximum_depth_sample",1.31222464779164,"fCMdepth_mp","vera4cast"
2026-05-04,2026-04-28,"P1D","fcre",NA,"ensemble",20,"ChlorophyllMaximum_depth_sample",3.57614883661083,"fCMdepth_mp","vera4cast"
2026-05-04,2026-04-28,"P1D","fcre",NA,"ensemble",51,"ChlorophyllMaximum_depth_sample",2.79407604765172,"fCMdepth_mp","vera4cast"
2026-05-04,2026-04-28,"P1D","fcre",NA,"ensemble",82,"ChlorophyllMaximum_depth_sample",2.79148301986199,"fCMdepth_mp","vera4cast"
2026-05-04,2026-04-28,"P1D","fcre",NA,"ensemble",113,"ChlorophyllMaximum_depth_sample",4.24505227627709,"fCMdepth_mp","vera4cast"
2026-05-04,2026-04-28,"P1D","fcre",NA,"ensemble",144,"ChlorophyllMaximum_depth_sample",3.91996710365154,"fCMdepth_mp","vera4cast"
2026-05-05,2026-04-28,"P1D","fcre",NA,"ensemble",20,"ChlorophyllMaximum_depth_sample",2.3457740213257,"fCMdepth_mp","vera4cast"
2026-05-05,2026-04-28,"P1D","fcre",NA,"ensemble",51,"ChlorophyllMaximum_depth_sample",1.49735960290684,"fCMdepth_mp","vera4cast"
2026-05-05,2026-04-28,"P1D","fcre",NA,"ensemble",82,"ChlorophyllMaximum_depth_sample",2.07362756267785,"fCMdepth_mp","vera4cast"
2026-05-05,2026-04-28,"P1D","fcre",NA,"ensemble",113,"ChlorophyllMaximum_depth_sample",3.92849618728752,"fCMdepth_mp","vera4cast"
2026-05-05,2026-04-28,"P1D","fcre",NA,"ensemble",144,"ChlorophyllMaximum_depth_sample",1.94882095024142,"fCMdepth_mp","vera4cast"
2026-05-06,2026-04-28,"P1D","fcre",NA,"ensemble",20,"ChlorophyllMaximum_depth_sample",1.85115458428464,"fCMdepth_mp","vera4cast"
2026-05-06,2026-04-28,"P1D","fcre",NA,"ensemble",51,"ChlorophyllMaximum_depth_sample",3.57113850715207,"fCMdepth_mp","vera4cast"
2026-05-06,2026-04-28,"P1D","fcre",NA,"ensemble",82,"ChlorophyllMaximum_depth_sample",3.28039318917952,"fCMdepth_mp","vera4cast"
2026-05-06,2026-04-28,"P1D","fcre",NA,"ensemble",113,"ChlorophyllMaximum_depth_sample",2.82412286082488,"fCMdepth_mp","vera4cast"
2026-05-06,2026-04-28,"P1D","fcre",NA,"ensemble",144,"ChlorophyllMaximum_depth_sample",1.16936979860273,"fCMdepth_mp","vera4cast"
2026-05-07,2026-04-28,"P1D","fcre",NA,"ensemble",20,"ChlorophyllMaximum_depth_sample",3.77697268998356,"fCMdepth_mp","vera4cast"
2026-05-07,2026-04-28,"P1D","fcre",NA,"ensemble",51,"ChlorophyllMaximum_depth_sample",3.45149241315707,"fCMdepth_mp","vera4cast"
2026-05-07,2026-04-28,"P1D","fcre",NA,"ensemble",82,"ChlorophyllMaximum_depth_sample",3.20648018711445,"fCMdepth_mp","vera4cast"
2026-05-07,2026-04-28,"P1D","fcre",NA,"ensemble",113,"ChlorophyllMaximum_depth_sample",2.04567292417089,"fCMdepth_mp","vera4cast"
2026-05-07,2026-04-28,"P1D","fcre",NA,"ensemble",144,"ChlorophyllMaximum_depth_sample",1.82745747174675,"fCMdepth_mp","vera4cast"
2026-05-08,2026-04-28,"P1D","fcre",NA,"ensemble",20,"ChlorophyllMaximum_depth_sample",1.36724788492132,"fCMdepth_mp","vera4cast"
2026-05-08,2026-04-28,"P1D","fcre",NA,"ensemble",51,"ChlorophyllMaximum_depth_sample",1.46476108316239,"fCMdepth_mp","vera4cast"
2026-05-08,2026-04-28,"P1D","fcre",NA,"ensemble",82,"ChlorophyllMaximum_depth_sample",1.36588831804005,"fCMdepth_mp","vera4cast"
2026-05-08,2026-04-28,"P1D","fcre",NA,"ensemble",113,"ChlorophyllMaximum_depth_sample",3.27479064549458,"fCMdepth_mp","vera4cast"
2026-05-08,2026-04-28,"P1D","fcre",NA,"ensemble",144,"ChlorophyllMaximum_depth_sample",2.1691148533307,"fCMdepth_mp","vera4cast"
2026-05-09,2026-04-28,"P1D","fcre",NA,"ensemble",20,"ChlorophyllMaximum_depth_sample",3.34655597673009,"fCMdepth_mp","vera4cast"
2026-05-09,2026-04-28,"P1D","fcre",NA,"ensemble",51,"ChlorophyllMaximum_depth_sample",2.87547306047062,"fCMdepth_mp","vera4cast"
2026-05-09,2026-04-28,"P1D","fcre",NA,"ensemble",82,"ChlorophyllMaximum_depth_sample",4.70858072725079,"fCMdepth_mp","vera4cast"
2026-05-09,2026-04-28,"P1D","fcre",NA,"ensemble",113,"ChlorophyllMaximum_depth_sample",2.62738382118285,"fCMdepth_mp","vera4cast"
2026-05-09,2026-04-28,"P1D","fcre",NA,"ensemble",144,"ChlorophyllMaximum_depth_sample",4.03780204455869,"fCMdepth_mp","vera4cast"
2026-05-10,2026-04-28,"P1D","fcre",NA,"ensemble",20,"ChlorophyllMaximum_depth_sample",1.96208852342097,"fCMdepth_mp","vera4cast"
2026-05-10,2026-04-28,"P1D","fcre",NA,"ensemble",51,"ChlorophyllMaximum_depth_sample",1.82208654337716,"fCMdepth_mp","vera4cast"
2026-05-10,2026-04-28,"P1D","fcre",NA,"ensemble",82,"ChlorophyllMaximum_depth_sample",3.01821260178949,"fCMdepth_mp","vera4cast"
2026-05-10,2026-04-28,"P1D","fcre",NA,"ensemble",113,"ChlorophyllMaximum_depth_sample",3.49683673483123,"fCMdepth_mp","vera4cast"
2026-05-10,2026-04-28,"P1D","fcre",NA,"ensemble",144,"ChlorophyllMaximum_depth_sample",2.59668950696513,"fCMdepth_mp","vera4cast"
2026-05-11,2026-04-28,"P1D","fcre",NA,"ensemble",20,"ChlorophyllMaximum_depth_sample",4.25312695605129,"fCMdepth_mp","vera4cast"
2026-05-11,2026-04-28,"P1D","fcre",NA,"ensemble",51,"ChlorophyllMaximum_depth_sample",2.4977600367534,"fCMdepth_mp","vera4cast"
2026-05-11,2026-04-28,"P1D","fcre",NA,"ensemble",82,"ChlorophyllMaximum_depth_sample",3.41511396179842,"fCMdepth_mp","vera4cast"
2026-05-11,2026-04-28,"P1D","fcre",NA,"ensemble",113,"ChlorophyllMaximum_depth_sample",2.23266074454532,"fCMdepth_mp","vera4cast"
2026-05-11,2026-04-28,"P1D","fcre",NA,"ensemble",144,"ChlorophyllMaximum_depth_sample",2.00440843290163,"fCMdepth_mp","vera4cast"
2026-05-12,2026-04-28,"P1D","fcre",NA,"ensemble",20,"ChlorophyllMaximum_depth_sample",4.07221263728712,"fCMdepth_mp","vera4cast"
2026-05-12,2026-04-28,"P1D","fcre",NA,"ensemble",51,"ChlorophyllMaximum_depth_sample",3.14448369533285,"fCMdepth_mp","vera4cast"
2026-05-12,2026-04-28,"P1D","fcre",NA,"ensemble",82,"ChlorophyllMaximum_depth_sample",5.05669854874152,"fCMdepth_mp","vera4cast"
2026-05-12,2026-04-28,"P1D","fcre",NA,"ensemble",113,"ChlorophyllMaximum_depth_sample",1.46062353274619,"fCMdepth_mp","vera4cast"
2026-05-12,2026-04-28,"P1D","fcre",NA,"ensemble",144,"ChlorophyllMaximum_depth_sample",3.84742992825056,"fCMdepth_mp","vera4cast"
2026-05-13,2026-04-28,"P1D","fcre",NA,"ensemble",20,"ChlorophyllMaximum_depth_sample",3.55212179083011,"fCMdepth_mp","vera4cast"
2026-05-13,2026-04-28,"P1D","fcre",NA,"ensemble",51,"ChlorophyllMaximum_depth_sample",4.05684239338786,"fCMdepth_mp","vera4cast"
2026-05-13,2026-04-28,"P1D","fcre",NA,"ensemble",82,"ChlorophyllMaximum_depth_sample",1.29543576563872,"fCMdepth_mp","vera4cast"
2026-05-13,2026-04-28,"P1D","fcre",NA,"ensemble",113,"ChlorophyllMaximum_depth_sample",3.00823524474297,"fCMdepth_mp","vera4cast"
2026-05-13,2026-04-28,"P1D","fcre",NA,"ensemble",144,"ChlorophyllMaximum_depth_sample",1.50004845890054,"fCMdepth_mp","vera4cast"
2026-05-14,2026-04-28,"P1D","fcre",NA,"ensemble",20,"ChlorophyllMaximum_depth_sample",1.71652714323185,"fCMdepth_mp","vera4cast"
2026-05-14,2026-04-28,"P1D","fcre",NA,"ensemble",51,"ChlorophyllMaximum_depth_sample",3.27232549974992,"fCMdepth_mp","vera4cast"
2026-05-14,2026-04-28,"P1D","fcre",NA,"ensemble",82,"ChlorophyllMaximum_depth_sample",2.07948574586154,"fCMdepth_mp","vera4cast"
2026-05-14,2026-04-28,"P1D","fcre",NA,"ensemble",113,"ChlorophyllMaximum_depth_sample",4.12766380806655,"fCMdepth_mp","vera4cast"
2026-05-14,2026-04-28,"P1D","fcre",NA,"ensemble",144,"ChlorophyllMaximum_depth_sample",1.47974546635257,"fCMdepth_mp","vera4cast"
2026-05-15,2026-04-28,"P1D","fcre",NA,"ensemble",20,"ChlorophyllMaximum_depth_sample",4.50867043358632,"fCMdepth_mp","vera4cast"
2026-05-15,2026-04-28,"P1D","fcre",NA,"ensemble",51,"ChlorophyllMaximum_depth_sample",4.82304201855898,"fCMdepth_mp","vera4cast"
2026-05-15,2026-04-28,"P1D","fcre",NA,"ensemble",82,"ChlorophyllMaximum_depth_sample",2.74268090823059,"fCMdepth_mp","vera4cast"
2026-05-15,2026-04-28,"P1D","fcre",NA,"ensemble",113,"ChlorophyllMaximum_depth_sample",5.06558600807721,"fCMdepth_mp","vera4cast"
2026-05-15,2026-04-28,"P1D","fcre",NA,"ensemble",144,"ChlorophyllMaximum_depth_sample",4.19811127056823,"fCMdepth_mp","vera4cast"
2026-05-16,2026-04-28,"P1D","fcre",NA,"ensemble",20,"ChlorophyllMaximum_depth_sample",3.54245000146557,"fCMdepth_mp","vera4cast"
2026-05-16,2026-04-28,"P1D","fcre",NA,"ensemble",51,"ChlorophyllMaximum_depth_sample",1.02207414219286,"fCMdepth_mp","vera4cast"
2026-05-16,2026-04-28,"P1D","fcre",NA,"ensemble",82,"ChlorophyllMaximum_depth_sample",5.4498518764636,"fCMdepth_mp","vera4cast"
2026-05-16,2026-04-28,"P1D","fcre",NA,"ensemble",113,"ChlorophyllMaximum_depth_sample",2.79554711582291,"fCMdepth_mp","vera4cast"
2026-05-16,2026-04-28,"P1D","fcre",NA,"ensemble",144,"ChlorophyllMaximum_depth_sample",3.55638437022969,"fCMdepth_mp","vera4cast"
2026-05-17,2026-04-28,"P1D","fcre",NA,"ensemble",20,"ChlorophyllMaximum_depth_sample",2.23267082046893,"fCMdepth_mp","vera4cast"
2026-05-17,2026-04-28,"P1D","fcre",NA,"ensemble",51,"ChlorophyllMaximum_depth_sample",5.5457671832908,"fCMdepth_mp","vera4cast"
2026-05-17,2026-04-28,"P1D","fcre",NA,"ensemble",82,"ChlorophyllMaximum_depth_sample",3.33501642471479,"fCMdepth_mp","vera4cast"
2026-05-17,2026-04-28,"P1D","fcre",NA,"ensemble",113,"ChlorophyllMaximum_depth_sample",1.31280929778157,"fCMdepth_mp","vera4cast"
2026-05-17,2026-04-28,"P1D","fcre",NA,"ensemble",144,"ChlorophyllMaximum_depth_sample",2.35590246914041,"fCMdepth_mp","vera4cast"
2026-05-18,2026-04-28,"P1D","fcre",NA,"ensemble",20,"ChlorophyllMaximum_depth_sample",1.55772415509298,"fCMdepth_mp","vera4cast"
2026-05-18,2026-04-28,"P1D","fcre",NA,"ensemble",51,"ChlorophyllMaximum_depth_sample",1.60368120003281,"fCMdepth_mp","vera4cast"
2026-05-18,2026-04-28,"P1D","fcre",NA,"ensemble",82,"ChlorophyllMaximum_depth_sample",1.86699808883473,"fCMdepth_mp","vera4cast"
2026-05-18,2026-04-28,"P1D","fcre",NA,"ensemble",113,"ChlorophyllMaximum_depth_sample",4.47061443913165,"fCMdepth_mp","vera4cast"
2026-05-18,2026-04-28,"P1D","fcre",NA,"ensemble",144,"ChlorophyllMaximum_depth_sample",3.67132670786114,"fCMdepth_mp","vera4cast"
2026-05-19,2026-04-28,"P1D","fcre",NA,"ensemble",20,"ChlorophyllMaximum_depth_sample",3.77490682559373,"fCMdepth_mp","vera4cast"
2026-05-19,2026-04-28,"P1D","fcre",NA,"ensemble",51,"ChlorophyllMaximum_depth_sample",3.88582932180485,"fCMdepth_mp","vera4cast"
2026-05-19,2026-04-28,"P1D","fcre",NA,"ensemble",82,"ChlorophyllMaximum_depth_sample",2.33591166492744,"fCMdepth_mp","vera4cast"
2026-05-19,2026-04-28,"P1D","fcre",NA,"ensemble",113,"ChlorophyllMaximum_depth_sample",4.48186837263923,"fCMdepth_mp","vera4cast"
2026-05-19,2026-04-28,"P1D","fcre",NA,"ensemble",144,"ChlorophyllMaximum_depth_sample",2.9345534322584,"fCMdepth_mp","vera4cast"
2026-05-20,2026-04-28,"P1D","fcre",NA,"ensemble",20,"ChlorophyllMaximum_depth_sample",3.12704967435837,"fCMdepth_mp","vera4cast"
2026-05-20,2026-04-28,"P1D","fcre",NA,"ensemble",51,"ChlorophyllMaximum_depth_sample",2.00798602362664,"fCMdepth_mp","vera4cast"
2026-05-20,2026-04-28,"P1D","fcre",NA,"ensemble",82,"ChlorophyllMaximum_depth_sample",1.70512775005074,"fCMdepth_mp","vera4cast"
2026-05-20,2026-04-28,"P1D","fcre",NA,"ensemble",113,"ChlorophyllMaximum_depth_sample",1.24674330566725,"fCMdepth_mp","vera4cast"
2026-05-20,2026-04-28,"P1D","fcre",NA,"ensemble",144,"ChlorophyllMaximum_depth_sample",4.06794386877221,"fCMdepth_mp","vera4cast"
2026-05-21,2026-04-28,"P1D","fcre",NA,"ensemble",20,"ChlorophyllMaximum_depth_sample",2.94640306397677,"fCMdepth_mp","vera4cast"
2026-05-21,2026-04-28,"P1D","fcre",NA,"ensemble",51,"ChlorophyllMaximum_depth_sample",4.02119436863469,"fCMdepth_mp","vera4cast"
2026-05-21,2026-04-28,"P1D","fcre",NA,"ensemble",82,"ChlorophyllMaximum_depth_sample",3.94709041889773,"fCMdepth_mp","vera4cast"
2026-05-21,2026-04-28,"P1D","fcre",NA,"ensemble",113,"ChlorophyllMaximum_depth_sample",1.678880510944,"fCMdepth_mp","vera4cast"
2026-05-21,2026-04-28,"P1D","fcre",NA,"ensemble",144,"ChlorophyllMaximum_depth_sample",3.24318275568757,"fCMdepth_mp","vera4cast"
2026-05-22,2026-04-28,"P1D","fcre",NA,"ensemble",20,"ChlorophyllMaximum_depth_sample",3.57316362947273,"fCMdepth_mp","vera4cast"
2026-05-22,2026-04-28,"P1D","fcre",NA,"ensemble",51,"ChlorophyllMaximum_depth_sample",4.32059001584415,"fCMdepth_mp","vera4cast"
2026-05-22,2026-04-28,"P1D","fcre",NA,"ensemble",82,"ChlorophyllMaximum_depth_sample",4.13000003205534,"fCMdepth_mp","vera4cast"
2026-05-22,2026-04-28,"P1D","fcre",NA,"ensemble",113,"ChlorophyllMaximum_depth_sample",2.48005088255512,"fCMdepth_mp","vera4cast"
2026-05-22,2026-04-28,"P1D","fcre",NA,"ensemble",144,"ChlorophyllMaximum_depth_sample",3.61696019669351,"fCMdepth_mp","vera4cast"
2026-05-23,2026-04-28,"P1D","fcre",NA,"ensemble",20,"ChlorophyllMaximum_depth_sample",4.27528485870399,"fCMdepth_mp","vera4cast"
2026-05-23,2026-04-28,"P1D","fcre",NA,"ensemble",51,"ChlorophyllMaximum_depth_sample",3.88930134260469,"fCMdepth_mp","vera4cast"
2026-05-23,2026-04-28,"P1D","fcre",NA,"ensemble",82,"ChlorophyllMaximum_depth_sample",4.33879124877105,"fCMdepth_mp","vera4cast"
2026-05-23,2026-04-28,"P1D","fcre",NA,"ensemble",113,"ChlorophyllMaximum_depth_sample",2.56735333463376,"fCMdepth_mp","vera4cast"
2026-05-23,2026-04-28,"P1D","fcre",NA,"ensemble",144,"ChlorophyllMaximum_depth_sample",4.57929311843963,"fCMdepth_mp","vera4cast"
2026-05-24,2026-04-28,"P1D","fcre",NA,"ensemble",20,"ChlorophyllMaximum_depth_sample",3.22471914458699,"fCMdepth_mp","vera4cast"
2026-05-24,2026-04-28,"P1D","fcre",NA,"ensemble",51,"ChlorophyllMaximum_depth_sample",0.964613446300704,"fCMdepth_mp","vera4cast"
2026-05-24,2026-04-28,"P1D","fcre",NA,"ensemble",82,"ChlorophyllMaximum_depth_sample",0.535100468009684,"fCMdepth_mp","vera4cast"
2026-05-24,2026-04-28,"P1D","fcre",NA,"ensemble",113,"ChlorophyllMaximum_depth_sample",2.71333613088547,"fCMdepth_mp","vera4cast"
2026-05-24,2026-04-28,"P1D","fcre",NA,"ensemble",144,"ChlorophyllMaximum_depth_sample",0.394131417453173,"fCMdepth_mp","vera4cast"
2026-05-25,2026-04-28,"P1D","fcre",NA,"ensemble",20,"ChlorophyllMaximum_depth_sample",3.97385379682198,"fCMdepth_mp","vera4cast"
2026-05-25,2026-04-28,"P1D","fcre",NA,"ensemble",51,"ChlorophyllMaximum_depth_sample",3.78645417238478,"fCMdepth_mp","vera4cast"
2026-05-25,2026-04-28,"P1D","fcre",NA,"ensemble",82,"ChlorophyllMaximum_depth_sample",1.64067505771296,"fCMdepth_mp","vera4cast"
2026-05-25,2026-04-28,"P1D","fcre",NA,"ensemble",113,"ChlorophyllMaximum_depth_sample",1.69178332204397,"fCMdepth_mp","vera4cast"
2026-05-25,2026-04-28,"P1D","fcre",NA,"ensemble",144,"ChlorophyllMaximum_depth_sample",1.23678469224177,"fCMdepth_mp","vera4cast"
2026-05-26,2026-04-28,"P1D","fcre",NA,"ensemble",20,"ChlorophyllMaximum_depth_sample",3.65498180096671,"fCMdepth_mp","vera4cast"
2026-05-26,2026-04-28,"P1D","fcre",NA,"ensemble",51,"ChlorophyllMaximum_depth_sample",2.16806186368949,"fCMdepth_mp","vera4cast"
2026-05-26,2026-04-28,"P1D","fcre",NA,"ensemble",82,"ChlorophyllMaximum_depth_sample",3.84278070095976,"fCMdepth_mp","vera4cast"
2026-05-26,2026-04-28,"P1D","fcre",NA,"ensemble",113,"ChlorophyllMaximum_depth_sample",4.52968245998296,"fCMdepth_mp","vera4cast"
2026-05-26,2026-04-28,"P1D","fcre",NA,"ensemble",144,"ChlorophyllMaximum_depth_sample",-0.0918262557215668,"fCMdepth_mp","vera4cast"
2026-05-27,2026-04-28,"P1D","fcre",NA,"ensemble",20,"ChlorophyllMaximum_depth_sample",2.2887733950007,"fCMdepth_mp","vera4cast"
2026-05-27,2026-04-28,"P1D","fcre",NA,"ensemble",51,"ChlorophyllMaximum_depth_sample",2.31942194688399,"fCMdepth_mp","vera4cast"
2026-05-27,2026-04-28,"P1D","fcre",NA,"ensemble",82,"ChlorophyllMaximum_depth_sample",4.13075391903533,"fCMdepth_mp","vera4cast"
2026-05-27,2026-04-28,"P1D","fcre",NA,"ensemble",113,"ChlorophyllMaximum_depth_sample",2.93233122896826,"fCMdepth_mp","vera4cast"
2026-05-27,2026-04-28,"P1D","fcre",NA,"ensemble",144,"ChlorophyllMaximum_depth_sample",1.09292891630647,"fCMdepth_mp","vera4cast"
2026-05-28,2026-04-28,"P1D","fcre",NA,"ensemble",20,"ChlorophyllMaximum_depth_sample",1.78708861169236,"fCMdepth_mp","vera4cast"
2026-05-28,2026-04-28,"P1D","fcre",NA,"ensemble",51,"ChlorophyllMaximum_depth_sample",1.08860669996749,"fCMdepth_mp","vera4cast"
2026-05-28,2026-04-28,"P1D","fcre",NA,"ensemble",82,"ChlorophyllMaximum_depth_sample",2.05106762239037,"fCMdepth_mp","vera4cast"
2026-05-28,2026-04-28,"P1D","fcre",NA,"ensemble",113,"ChlorophyllMaximum_depth_sample",-0.234212445609726,"fCMdepth_mp","vera4cast"
2026-05-28,2026-04-28,"P1D","fcre",NA,"ensemble",144,"ChlorophyllMaximum_depth_sample",3.44961470546574,"fCMdepth_mp","vera4cast"
2026-05-29,2026-04-28,"P1D","fcre",NA,"ensemble",20,"ChlorophyllMaximum_depth_sample",1.8882375469809,"fCMdepth_mp","vera4cast"
2026-05-29,2026-04-28,"P1D","fcre",NA,"ensemble",51,"ChlorophyllMaximum_depth_sample",2.48690437212368,"fCMdepth_mp","vera4cast"
2026-05-29,2026-04-28,"P1D","fcre",NA,"ensemble",82,"ChlorophyllMaximum_depth_sample",4.68875035233839,"fCMdepth_mp","vera4cast"
2026-05-29,2026-04-28,"P1D","fcre",NA,"ensemble",113,"ChlorophyllMaximum_depth_sample",2.38082975919521,"fCMdepth_mp","vera4cast"
2026-05-29,2026-04-28,"P1D","fcre",NA,"ensemble",144,"ChlorophyllMaximum_depth_sample",4.8823394011263,"fCMdepth_mp","vera4cast"
2026-05-30,2026-04-28,"P1D","fcre",NA,"ensemble",20,"ChlorophyllMaximum_depth_sample",3.03267387729867,"fCMdepth_mp","vera4cast"
2026-05-30,2026-04-28,"P1D","fcre",NA,"ensemble",51,"ChlorophyllMaximum_depth_sample",3.08476316337063,"fCMdepth_mp","vera4cast"
2026-05-30,2026-04-28,"P1D","fcre",NA,"ensemble",82,"ChlorophyllMaximum_depth_sample",3.59522540933507,"fCMdepth_mp","vera4cast"
2026-05-30,2026-04-28,"P1D","fcre",NA,"ensemble",113,"ChlorophyllMaximum_depth_sample",3.71895028406319,"fCMdepth_mp","vera4cast"
2026-05-30,2026-04-28,"P1D","fcre",NA,"ensemble",144,"ChlorophyllMaximum_depth_sample",0.204800305904458,"fCMdepth_mp","vera4cast"
2026-05-31,2026-04-28,"P1D","fcre",NA,"ensemble",20,"ChlorophyllMaximum_depth_sample",1.79450965204446,"fCMdepth_mp","vera4cast"
2026-05-31,2026-04-28,"P1D","fcre",NA,"ensemble",51,"ChlorophyllMaximum_depth_sample",2.9382911863249,"fCMdepth_mp","vera4cast"
2026-05-31,2026-04-28,"P1D","fcre",NA,"ensemble",82,"ChlorophyllMaximum_depth_sample",3.61987837816221,"fCMdepth_mp","vera4cast"
2026-05-31,2026-04-28,"P1D","fcre",NA,"ensemble",113,"ChlorophyllMaximum_depth_sample",2.59346345067908,"fCMdepth_mp","vera4cast"
2026-05-31,2026-04-28,"P1D","fcre",NA,"ensemble",144,"ChlorophyllMaximum_depth_sample",3.94976219682807,"fCMdepth_mp","vera4cast"
2026-06-01,2026-04-28,"P1D","fcre",NA,"ensemble",20,"ChlorophyllMaximum_depth_sample",2.0013957071739,"fCMdepth_mp","vera4cast"
2026-06-01,2026-04-28,"P1D","fcre",NA,"ensemble",51,"ChlorophyllMaximum_depth_sample",5.58195030305795,"fCMdepth_mp","vera4cast"
2026-06-01,2026-04-28,"P1D","fcre",NA,"ensemble",82,"ChlorophyllMaximum_depth_sample",3.17829762094751,"fCMdepth_mp","vera4cast"
2026-06-01,2026-04-28,"P1D","fcre",NA,"ensemble",113,"ChlorophyllMaximum_depth_sample",1.80528328118548,"fCMdepth_mp","vera4cast"
2026-06-01,2026-04-28,"P1D","fcre",NA,"ensemble",144,"ChlorophyllMaximum_depth_sample",2.46108832619935,"fCMdepth_mp","vera4cast"
2026-04-29,2026-04-28,"P1D","fcre",NA,"ensemble",21,"ChlorophyllMaximum_depth_sample",2.93729179673725,"fCMdepth_mp","vera4cast"
2026-04-29,2026-04-28,"P1D","fcre",NA,"ensemble",52,"ChlorophyllMaximum_depth_sample",2.26028410720382,"fCMdepth_mp","vera4cast"
2026-04-29,2026-04-28,"P1D","fcre",NA,"ensemble",83,"ChlorophyllMaximum_depth_sample",3.09283339752373,"fCMdepth_mp","vera4cast"
2026-04-29,2026-04-28,"P1D","fcre",NA,"ensemble",114,"ChlorophyllMaximum_depth_sample",3.41037463880557,"fCMdepth_mp","vera4cast"
2026-04-29,2026-04-28,"P1D","fcre",NA,"ensemble",145,"ChlorophyllMaximum_depth_sample",4.35629347050447,"fCMdepth_mp","vera4cast"
2026-04-30,2026-04-28,"P1D","fcre",NA,"ensemble",21,"ChlorophyllMaximum_depth_sample",0.9346662313133,"fCMdepth_mp","vera4cast"
2026-04-30,2026-04-28,"P1D","fcre",NA,"ensemble",52,"ChlorophyllMaximum_depth_sample",1.41359948385971,"fCMdepth_mp","vera4cast"
2026-04-30,2026-04-28,"P1D","fcre",NA,"ensemble",83,"ChlorophyllMaximum_depth_sample",2.23453001631054,"fCMdepth_mp","vera4cast"
2026-04-30,2026-04-28,"P1D","fcre",NA,"ensemble",114,"ChlorophyllMaximum_depth_sample",1.96388776780793,"fCMdepth_mp","vera4cast"
2026-04-30,2026-04-28,"P1D","fcre",NA,"ensemble",145,"ChlorophyllMaximum_depth_sample",1.94391774512111,"fCMdepth_mp","vera4cast"
2026-05-01,2026-04-28,"P1D","fcre",NA,"ensemble",21,"ChlorophyllMaximum_depth_sample",2.61583044987074,"fCMdepth_mp","vera4cast"
2026-05-01,2026-04-28,"P1D","fcre",NA,"ensemble",52,"ChlorophyllMaximum_depth_sample",3.37272958721799,"fCMdepth_mp","vera4cast"
2026-05-01,2026-04-28,"P1D","fcre",NA,"ensemble",83,"ChlorophyllMaximum_depth_sample",3.07195115727704,"fCMdepth_mp","vera4cast"
2026-05-01,2026-04-28,"P1D","fcre",NA,"ensemble",114,"ChlorophyllMaximum_depth_sample",2.48892827246657,"fCMdepth_mp","vera4cast"
2026-05-01,2026-04-28,"P1D","fcre",NA,"ensemble",145,"ChlorophyllMaximum_depth_sample",2.62090014946587,"fCMdepth_mp","vera4cast"
2026-05-02,2026-04-28,"P1D","fcre",NA,"ensemble",21,"ChlorophyllMaximum_depth_sample",2.68835502696258,"fCMdepth_mp","vera4cast"
2026-05-02,2026-04-28,"P1D","fcre",NA,"ensemble",52,"ChlorophyllMaximum_depth_sample",4.11418888825604,"fCMdepth_mp","vera4cast"
2026-05-02,2026-04-28,"P1D","fcre",NA,"ensemble",83,"ChlorophyllMaximum_depth_sample",2.1840668571269,"fCMdepth_mp","vera4cast"
2026-05-02,2026-04-28,"P1D","fcre",NA,"ensemble",114,"ChlorophyllMaximum_depth_sample",4.70804565628535,"fCMdepth_mp","vera4cast"
2026-05-02,2026-04-28,"P1D","fcre",NA,"ensemble",145,"ChlorophyllMaximum_depth_sample",1.65361765025738,"fCMdepth_mp","vera4cast"
2026-05-03,2026-04-28,"P1D","fcre",NA,"ensemble",21,"ChlorophyllMaximum_depth_sample",1.24725128208287,"fCMdepth_mp","vera4cast"
2026-05-03,2026-04-28,"P1D","fcre",NA,"ensemble",52,"ChlorophyllMaximum_depth_sample",3.61388986954389,"fCMdepth_mp","vera4cast"
2026-05-03,2026-04-28,"P1D","fcre",NA,"ensemble",83,"ChlorophyllMaximum_depth_sample",4.11926602490096,"fCMdepth_mp","vera4cast"
2026-05-03,2026-04-28,"P1D","fcre",NA,"ensemble",114,"ChlorophyllMaximum_depth_sample",4.18537706424651,"fCMdepth_mp","vera4cast"
2026-05-03,2026-04-28,"P1D","fcre",NA,"ensemble",145,"ChlorophyllMaximum_depth_sample",2.35666602813621,"fCMdepth_mp","vera4cast"
2026-05-04,2026-04-28,"P1D","fcre",NA,"ensemble",21,"ChlorophyllMaximum_depth_sample",3.77264601066833,"fCMdepth_mp","vera4cast"
2026-05-04,2026-04-28,"P1D","fcre",NA,"ensemble",52,"ChlorophyllMaximum_depth_sample",3.6583828797298,"fCMdepth_mp","vera4cast"
2026-05-04,2026-04-28,"P1D","fcre",NA,"ensemble",83,"ChlorophyllMaximum_depth_sample",3.00381481140072,"fCMdepth_mp","vera4cast"
2026-05-04,2026-04-28,"P1D","fcre",NA,"ensemble",114,"ChlorophyllMaximum_depth_sample",2.38221851192049,"fCMdepth_mp","vera4cast"
2026-05-04,2026-04-28,"P1D","fcre",NA,"ensemble",145,"ChlorophyllMaximum_depth_sample",4.23286937491846,"fCMdepth_mp","vera4cast"
2026-05-05,2026-04-28,"P1D","fcre",NA,"ensemble",21,"ChlorophyllMaximum_depth_sample",2.0268123853361,"fCMdepth_mp","vera4cast"
2026-05-05,2026-04-28,"P1D","fcre",NA,"ensemble",52,"ChlorophyllMaximum_depth_sample",4.0595228242622,"fCMdepth_mp","vera4cast"
2026-05-05,2026-04-28,"P1D","fcre",NA,"ensemble",83,"ChlorophyllMaximum_depth_sample",4.74062743236071,"fCMdepth_mp","vera4cast"
2026-05-05,2026-04-28,"P1D","fcre",NA,"ensemble",114,"ChlorophyllMaximum_depth_sample",3.55491446218746,"fCMdepth_mp","vera4cast"
2026-05-05,2026-04-28,"P1D","fcre",NA,"ensemble",145,"ChlorophyllMaximum_depth_sample",3.42486941464725,"fCMdepth_mp","vera4cast"
2026-05-06,2026-04-28,"P1D","fcre",NA,"ensemble",21,"ChlorophyllMaximum_depth_sample",3.37575232102732,"fCMdepth_mp","vera4cast"
2026-05-06,2026-04-28,"P1D","fcre",NA,"ensemble",52,"ChlorophyllMaximum_depth_sample",2.92125914027767,"fCMdepth_mp","vera4cast"
2026-05-06,2026-04-28,"P1D","fcre",NA,"ensemble",83,"ChlorophyllMaximum_depth_sample",3.03793283676249,"fCMdepth_mp","vera4cast"
2026-05-06,2026-04-28,"P1D","fcre",NA,"ensemble",114,"ChlorophyllMaximum_depth_sample",1.57035673368468,"fCMdepth_mp","vera4cast"
2026-05-06,2026-04-28,"P1D","fcre",NA,"ensemble",145,"ChlorophyllMaximum_depth_sample",3.23094206350473,"fCMdepth_mp","vera4cast"
2026-05-07,2026-04-28,"P1D","fcre",NA,"ensemble",21,"ChlorophyllMaximum_depth_sample",4.62719992655109,"fCMdepth_mp","vera4cast"
2026-05-07,2026-04-28,"P1D","fcre",NA,"ensemble",52,"ChlorophyllMaximum_depth_sample",3.48344039478268,"fCMdepth_mp","vera4cast"
2026-05-07,2026-04-28,"P1D","fcre",NA,"ensemble",83,"ChlorophyllMaximum_depth_sample",1.69159313050184,"fCMdepth_mp","vera4cast"
2026-05-07,2026-04-28,"P1D","fcre",NA,"ensemble",114,"ChlorophyllMaximum_depth_sample",2.90742158758063,"fCMdepth_mp","vera4cast"
2026-05-07,2026-04-28,"P1D","fcre",NA,"ensemble",145,"ChlorophyllMaximum_depth_sample",3.3917197854101,"fCMdepth_mp","vera4cast"
2026-05-08,2026-04-28,"P1D","fcre",NA,"ensemble",21,"ChlorophyllMaximum_depth_sample",3.99515909571682,"fCMdepth_mp","vera4cast"
2026-05-08,2026-04-28,"P1D","fcre",NA,"ensemble",52,"ChlorophyllMaximum_depth_sample",4.26888251707694,"fCMdepth_mp","vera4cast"
2026-05-08,2026-04-28,"P1D","fcre",NA,"ensemble",83,"ChlorophyllMaximum_depth_sample",1.10260437166828,"fCMdepth_mp","vera4cast"
2026-05-08,2026-04-28,"P1D","fcre",NA,"ensemble",114,"ChlorophyllMaximum_depth_sample",4.15726641621826,"fCMdepth_mp","vera4cast"
2026-05-08,2026-04-28,"P1D","fcre",NA,"ensemble",145,"ChlorophyllMaximum_depth_sample",2.88226865104571,"fCMdepth_mp","vera4cast"
2026-05-09,2026-04-28,"P1D","fcre",NA,"ensemble",21,"ChlorophyllMaximum_depth_sample",3.53349149600261,"fCMdepth_mp","vera4cast"
2026-05-09,2026-04-28,"P1D","fcre",NA,"ensemble",52,"ChlorophyllMaximum_depth_sample",1.92802929836631,"fCMdepth_mp","vera4cast"
2026-05-09,2026-04-28,"P1D","fcre",NA,"ensemble",83,"ChlorophyllMaximum_depth_sample",3.84717156056207,"fCMdepth_mp","vera4cast"
2026-05-09,2026-04-28,"P1D","fcre",NA,"ensemble",114,"ChlorophyllMaximum_depth_sample",3.38399769043945,"fCMdepth_mp","vera4cast"
2026-05-09,2026-04-28,"P1D","fcre",NA,"ensemble",145,"ChlorophyllMaximum_depth_sample",3.03889027197223,"fCMdepth_mp","vera4cast"
2026-05-10,2026-04-28,"P1D","fcre",NA,"ensemble",21,"ChlorophyllMaximum_depth_sample",3.30001886744619,"fCMdepth_mp","vera4cast"
2026-05-10,2026-04-28,"P1D","fcre",NA,"ensemble",52,"ChlorophyllMaximum_depth_sample",3.52308962784246,"fCMdepth_mp","vera4cast"
2026-05-10,2026-04-28,"P1D","fcre",NA,"ensemble",83,"ChlorophyllMaximum_depth_sample",2.44687733726734,"fCMdepth_mp","vera4cast"
2026-05-10,2026-04-28,"P1D","fcre",NA,"ensemble",114,"ChlorophyllMaximum_depth_sample",2.1655424527524,"fCMdepth_mp","vera4cast"
2026-05-10,2026-04-28,"P1D","fcre",NA,"ensemble",145,"ChlorophyllMaximum_depth_sample",2.19838555746519,"fCMdepth_mp","vera4cast"
2026-05-11,2026-04-28,"P1D","fcre",NA,"ensemble",21,"ChlorophyllMaximum_depth_sample",4.3502785912153,"fCMdepth_mp","vera4cast"
2026-05-11,2026-04-28,"P1D","fcre",NA,"ensemble",52,"ChlorophyllMaximum_depth_sample",3.48314952371717,"fCMdepth_mp","vera4cast"
2026-05-11,2026-04-28,"P1D","fcre",NA,"ensemble",83,"ChlorophyllMaximum_depth_sample",3.25165288311738,"fCMdepth_mp","vera4cast"
2026-05-11,2026-04-28,"P1D","fcre",NA,"ensemble",114,"ChlorophyllMaximum_depth_sample",2.45092967282973,"fCMdepth_mp","vera4cast"
2026-05-11,2026-04-28,"P1D","fcre",NA,"ensemble",145,"ChlorophyllMaximum_depth_sample",1.98180022434191,"fCMdepth_mp","vera4cast"
2026-05-12,2026-04-28,"P1D","fcre",NA,"ensemble",21,"ChlorophyllMaximum_depth_sample",2.21086783304606,"fCMdepth_mp","vera4cast"
2026-05-12,2026-04-28,"P1D","fcre",NA,"ensemble",52,"ChlorophyllMaximum_depth_sample",1.11618263639272,"fCMdepth_mp","vera4cast"
2026-05-12,2026-04-28,"P1D","fcre",NA,"ensemble",83,"ChlorophyllMaximum_depth_sample",1.98376373104739,"fCMdepth_mp","vera4cast"
2026-05-12,2026-04-28,"P1D","fcre",NA,"ensemble",114,"ChlorophyllMaximum_depth_sample",2.3453312051216,"fCMdepth_mp","vera4cast"
2026-05-12,2026-04-28,"P1D","fcre",NA,"ensemble",145,"ChlorophyllMaximum_depth_sample",2.07872987623009,"fCMdepth_mp","vera4cast"
2026-05-13,2026-04-28,"P1D","fcre",NA,"ensemble",21,"ChlorophyllMaximum_depth_sample",2.6758711954603,"fCMdepth_mp","vera4cast"
2026-05-13,2026-04-28,"P1D","fcre",NA,"ensemble",52,"ChlorophyllMaximum_depth_sample",4.25263893847499,"fCMdepth_mp","vera4cast"
2026-05-13,2026-04-28,"P1D","fcre",NA,"ensemble",83,"ChlorophyllMaximum_depth_sample",2.18034900968523,"fCMdepth_mp","vera4cast"
2026-05-13,2026-04-28,"P1D","fcre",NA,"ensemble",114,"ChlorophyllMaximum_depth_sample",5.47855695344688,"fCMdepth_mp","vera4cast"
2026-05-13,2026-04-28,"P1D","fcre",NA,"ensemble",145,"ChlorophyllMaximum_depth_sample",4.68626138161667,"fCMdepth_mp","vera4cast"
2026-05-14,2026-04-28,"P1D","fcre",NA,"ensemble",21,"ChlorophyllMaximum_depth_sample",4.08107299883502,"fCMdepth_mp","vera4cast"
2026-05-14,2026-04-28,"P1D","fcre",NA,"ensemble",52,"ChlorophyllMaximum_depth_sample",4.19522839276604,"fCMdepth_mp","vera4cast"
2026-05-14,2026-04-28,"P1D","fcre",NA,"ensemble",83,"ChlorophyllMaximum_depth_sample",2.74438619926954,"fCMdepth_mp","vera4cast"
2026-05-14,2026-04-28,"P1D","fcre",NA,"ensemble",114,"ChlorophyllMaximum_depth_sample",2.86014140661805,"fCMdepth_mp","vera4cast"
2026-05-14,2026-04-28,"P1D","fcre",NA,"ensemble",145,"ChlorophyllMaximum_depth_sample",2.96631410918308,"fCMdepth_mp","vera4cast"
2026-05-15,2026-04-28,"P1D","fcre",NA,"ensemble",21,"ChlorophyllMaximum_depth_sample",1.09445872876303,"fCMdepth_mp","vera4cast"
2026-05-15,2026-04-28,"P1D","fcre",NA,"ensemble",52,"ChlorophyllMaximum_depth_sample",2.07047382775254,"fCMdepth_mp","vera4cast"
2026-05-15,2026-04-28,"P1D","fcre",NA,"ensemble",83,"ChlorophyllMaximum_depth_sample",1.5928714552477,"fCMdepth_mp","vera4cast"
2026-05-15,2026-04-28,"P1D","fcre",NA,"ensemble",114,"ChlorophyllMaximum_depth_sample",3.91388434152531,"fCMdepth_mp","vera4cast"
2026-05-15,2026-04-28,"P1D","fcre",NA,"ensemble",145,"ChlorophyllMaximum_depth_sample",2.04045912707279,"fCMdepth_mp","vera4cast"
2026-05-16,2026-04-28,"P1D","fcre",NA,"ensemble",21,"ChlorophyllMaximum_depth_sample",3.69491085983841,"fCMdepth_mp","vera4cast"
2026-05-16,2026-04-28,"P1D","fcre",NA,"ensemble",52,"ChlorophyllMaximum_depth_sample",3.46663200484353,"fCMdepth_mp","vera4cast"
2026-05-16,2026-04-28,"P1D","fcre",NA,"ensemble",83,"ChlorophyllMaximum_depth_sample",3.01970746698759,"fCMdepth_mp","vera4cast"
2026-05-16,2026-04-28,"P1D","fcre",NA,"ensemble",114,"ChlorophyllMaximum_depth_sample",2.11530668972297,"fCMdepth_mp","vera4cast"
2026-05-16,2026-04-28,"P1D","fcre",NA,"ensemble",145,"ChlorophyllMaximum_depth_sample",3.10816653167643,"fCMdepth_mp","vera4cast"
2026-05-17,2026-04-28,"P1D","fcre",NA,"ensemble",21,"ChlorophyllMaximum_depth_sample",2.99325593336219,"fCMdepth_mp","vera4cast"
2026-05-17,2026-04-28,"P1D","fcre",NA,"ensemble",52,"ChlorophyllMaximum_depth_sample",4.28934142942527,"fCMdepth_mp","vera4cast"
2026-05-17,2026-04-28,"P1D","fcre",NA,"ensemble",83,"ChlorophyllMaximum_depth_sample",2.78700938650527,"fCMdepth_mp","vera4cast"
2026-05-17,2026-04-28,"P1D","fcre",NA,"ensemble",114,"ChlorophyllMaximum_depth_sample",3.48497666868942,"fCMdepth_mp","vera4cast"
2026-05-17,2026-04-28,"P1D","fcre",NA,"ensemble",145,"ChlorophyllMaximum_depth_sample",1.79586258038583,"fCMdepth_mp","vera4cast"
2026-05-18,2026-04-28,"P1D","fcre",NA,"ensemble",21,"ChlorophyllMaximum_depth_sample",3.17034397041368,"fCMdepth_mp","vera4cast"
2026-05-18,2026-04-28,"P1D","fcre",NA,"ensemble",52,"ChlorophyllMaximum_depth_sample",0.94346882276904,"fCMdepth_mp","vera4cast"
2026-05-18,2026-04-28,"P1D","fcre",NA,"ensemble",83,"ChlorophyllMaximum_depth_sample",3.47582064984672,"fCMdepth_mp","vera4cast"
2026-05-18,2026-04-28,"P1D","fcre",NA,"ensemble",114,"ChlorophyllMaximum_depth_sample",2.54848479612864,"fCMdepth_mp","vera4cast"
2026-05-18,2026-04-28,"P1D","fcre",NA,"ensemble",145,"ChlorophyllMaximum_depth_sample",1.05549231816245,"fCMdepth_mp","vera4cast"
2026-05-19,2026-04-28,"P1D","fcre",NA,"ensemble",21,"ChlorophyllMaximum_depth_sample",3.95403130988,"fCMdepth_mp","vera4cast"
2026-05-19,2026-04-28,"P1D","fcre",NA,"ensemble",52,"ChlorophyllMaximum_depth_sample",2.31885613392377,"fCMdepth_mp","vera4cast"
2026-05-19,2026-04-28,"P1D","fcre",NA,"ensemble",83,"ChlorophyllMaximum_depth_sample",3.66171605251269,"fCMdepth_mp","vera4cast"
2026-05-19,2026-04-28,"P1D","fcre",NA,"ensemble",114,"ChlorophyllMaximum_depth_sample",4.22957460298882,"fCMdepth_mp","vera4cast"
2026-05-19,2026-04-28,"P1D","fcre",NA,"ensemble",145,"ChlorophyllMaximum_depth_sample",2.43262487036972,"fCMdepth_mp","vera4cast"
2026-05-20,2026-04-28,"P1D","fcre",NA,"ensemble",21,"ChlorophyllMaximum_depth_sample",4.45644748540295,"fCMdepth_mp","vera4cast"
2026-05-20,2026-04-28,"P1D","fcre",NA,"ensemble",52,"ChlorophyllMaximum_depth_sample",0.0892636650306664,"fCMdepth_mp","vera4cast"
2026-05-20,2026-04-28,"P1D","fcre",NA,"ensemble",83,"ChlorophyllMaximum_depth_sample",2.63669867013429,"fCMdepth_mp","vera4cast"
2026-05-20,2026-04-28,"P1D","fcre",NA,"ensemble",114,"ChlorophyllMaximum_depth_sample",2.91343737037236,"fCMdepth_mp","vera4cast"
2026-05-20,2026-04-28,"P1D","fcre",NA,"ensemble",145,"ChlorophyllMaximum_depth_sample",2.5959277866295,"fCMdepth_mp","vera4cast"
2026-05-21,2026-04-28,"P1D","fcre",NA,"ensemble",21,"ChlorophyllMaximum_depth_sample",2.2425402785794,"fCMdepth_mp","vera4cast"
2026-05-21,2026-04-28,"P1D","fcre",NA,"ensemble",52,"ChlorophyllMaximum_depth_sample",3.91516153508389,"fCMdepth_mp","vera4cast"
2026-05-21,2026-04-28,"P1D","fcre",NA,"ensemble",83,"ChlorophyllMaximum_depth_sample",3.79821227416138,"fCMdepth_mp","vera4cast"
2026-05-21,2026-04-28,"P1D","fcre",NA,"ensemble",114,"ChlorophyllMaximum_depth_sample",5.35271953609922,"fCMdepth_mp","vera4cast"
2026-05-21,2026-04-28,"P1D","fcre",NA,"ensemble",145,"ChlorophyllMaximum_depth_sample",1.1409390445084,"fCMdepth_mp","vera4cast"
2026-05-22,2026-04-28,"P1D","fcre",NA,"ensemble",21,"ChlorophyllMaximum_depth_sample",4.06067757138257,"fCMdepth_mp","vera4cast"
2026-05-22,2026-04-28,"P1D","fcre",NA,"ensemble",52,"ChlorophyllMaximum_depth_sample",2.58942814779045,"fCMdepth_mp","vera4cast"
2026-05-22,2026-04-28,"P1D","fcre",NA,"ensemble",83,"ChlorophyllMaximum_depth_sample",4.06642825056488,"fCMdepth_mp","vera4cast"
2026-05-22,2026-04-28,"P1D","fcre",NA,"ensemble",114,"ChlorophyllMaximum_depth_sample",2.35508156776058,"fCMdepth_mp","vera4cast"
2026-05-22,2026-04-28,"P1D","fcre",NA,"ensemble",145,"ChlorophyllMaximum_depth_sample",2.64992385282706,"fCMdepth_mp","vera4cast"
2026-05-23,2026-04-28,"P1D","fcre",NA,"ensemble",21,"ChlorophyllMaximum_depth_sample",1.76311769014662,"fCMdepth_mp","vera4cast"
2026-05-23,2026-04-28,"P1D","fcre",NA,"ensemble",52,"ChlorophyllMaximum_depth_sample",2.31183705968293,"fCMdepth_mp","vera4cast"
2026-05-23,2026-04-28,"P1D","fcre",NA,"ensemble",83,"ChlorophyllMaximum_depth_sample",2.44103892618075,"fCMdepth_mp","vera4cast"
2026-05-23,2026-04-28,"P1D","fcre",NA,"ensemble",114,"ChlorophyllMaximum_depth_sample",3.43160325867116,"fCMdepth_mp","vera4cast"
2026-05-23,2026-04-28,"P1D","fcre",NA,"ensemble",145,"ChlorophyllMaximum_depth_sample",4.2976230225007,"fCMdepth_mp","vera4cast"
2026-05-24,2026-04-28,"P1D","fcre",NA,"ensemble",21,"ChlorophyllMaximum_depth_sample",1.44217823426502,"fCMdepth_mp","vera4cast"
2026-05-24,2026-04-28,"P1D","fcre",NA,"ensemble",52,"ChlorophyllMaximum_depth_sample",3.16524405187196,"fCMdepth_mp","vera4cast"
2026-05-24,2026-04-28,"P1D","fcre",NA,"ensemble",83,"ChlorophyllMaximum_depth_sample",2.28343579334252,"fCMdepth_mp","vera4cast"
2026-05-24,2026-04-28,"P1D","fcre",NA,"ensemble",114,"ChlorophyllMaximum_depth_sample",3.5219351889891,"fCMdepth_mp","vera4cast"
2026-05-24,2026-04-28,"P1D","fcre",NA,"ensemble",145,"ChlorophyllMaximum_depth_sample",4.47143418099088,"fCMdepth_mp","vera4cast"
2026-05-25,2026-04-28,"P1D","fcre",NA,"ensemble",21,"ChlorophyllMaximum_depth_sample",4.07262157046066,"fCMdepth_mp","vera4cast"
2026-05-25,2026-04-28,"P1D","fcre",NA,"ensemble",52,"ChlorophyllMaximum_depth_sample",3.20654429690185,"fCMdepth_mp","vera4cast"
2026-05-25,2026-04-28,"P1D","fcre",NA,"ensemble",83,"ChlorophyllMaximum_depth_sample",3.21810760961778,"fCMdepth_mp","vera4cast"
2026-05-25,2026-04-28,"P1D","fcre",NA,"ensemble",114,"ChlorophyllMaximum_depth_sample",2.09113662806528,"fCMdepth_mp","vera4cast"
2026-05-25,2026-04-28,"P1D","fcre",NA,"ensemble",145,"ChlorophyllMaximum_depth_sample",3.01354972007366,"fCMdepth_mp","vera4cast"
2026-05-26,2026-04-28,"P1D","fcre",NA,"ensemble",21,"ChlorophyllMaximum_depth_sample",3.60772126036091,"fCMdepth_mp","vera4cast"
2026-05-26,2026-04-28,"P1D","fcre",NA,"ensemble",52,"ChlorophyllMaximum_depth_sample",1.28589911995887,"fCMdepth_mp","vera4cast"
2026-05-26,2026-04-28,"P1D","fcre",NA,"ensemble",83,"ChlorophyllMaximum_depth_sample",2.8216146954177,"fCMdepth_mp","vera4cast"
2026-05-26,2026-04-28,"P1D","fcre",NA,"ensemble",114,"ChlorophyllMaximum_depth_sample",4.54785933174083,"fCMdepth_mp","vera4cast"
2026-05-26,2026-04-28,"P1D","fcre",NA,"ensemble",145,"ChlorophyllMaximum_depth_sample",2.14609803847132,"fCMdepth_mp","vera4cast"
2026-05-27,2026-04-28,"P1D","fcre",NA,"ensemble",21,"ChlorophyllMaximum_depth_sample",2.88794481046265,"fCMdepth_mp","vera4cast"
2026-05-27,2026-04-28,"P1D","fcre",NA,"ensemble",52,"ChlorophyllMaximum_depth_sample",3.16958117598806,"fCMdepth_mp","vera4cast"
2026-05-27,2026-04-28,"P1D","fcre",NA,"ensemble",83,"ChlorophyllMaximum_depth_sample",1.35415669147836,"fCMdepth_mp","vera4cast"
2026-05-27,2026-04-28,"P1D","fcre",NA,"ensemble",114,"ChlorophyllMaximum_depth_sample",1.9262514236858,"fCMdepth_mp","vera4cast"
2026-05-27,2026-04-28,"P1D","fcre",NA,"ensemble",145,"ChlorophyllMaximum_depth_sample",2.640972679192,"fCMdepth_mp","vera4cast"
2026-05-28,2026-04-28,"P1D","fcre",NA,"ensemble",21,"ChlorophyllMaximum_depth_sample",2.42618114927887,"fCMdepth_mp","vera4cast"
2026-05-28,2026-04-28,"P1D","fcre",NA,"ensemble",52,"ChlorophyllMaximum_depth_sample",1.50380354980319,"fCMdepth_mp","vera4cast"
2026-05-28,2026-04-28,"P1D","fcre",NA,"ensemble",83,"ChlorophyllMaximum_depth_sample",2.61965366624324,"fCMdepth_mp","vera4cast"
2026-05-28,2026-04-28,"P1D","fcre",NA,"ensemble",114,"ChlorophyllMaximum_depth_sample",1.48669023095548,"fCMdepth_mp","vera4cast"
2026-05-28,2026-04-28,"P1D","fcre",NA,"ensemble",145,"ChlorophyllMaximum_depth_sample",3.59046800609788,"fCMdepth_mp","vera4cast"
2026-05-29,2026-04-28,"P1D","fcre",NA,"ensemble",21,"ChlorophyllMaximum_depth_sample",2.06203687074194,"fCMdepth_mp","vera4cast"
2026-05-29,2026-04-28,"P1D","fcre",NA,"ensemble",52,"ChlorophyllMaximum_depth_sample",4.33006867331979,"fCMdepth_mp","vera4cast"
2026-05-29,2026-04-28,"P1D","fcre",NA,"ensemble",83,"ChlorophyllMaximum_depth_sample",3.8723595777744,"fCMdepth_mp","vera4cast"
2026-05-29,2026-04-28,"P1D","fcre",NA,"ensemble",114,"ChlorophyllMaximum_depth_sample",3.04400429457357,"fCMdepth_mp","vera4cast"
2026-05-29,2026-04-28,"P1D","fcre",NA,"ensemble",145,"ChlorophyllMaximum_depth_sample",2.06952688355791,"fCMdepth_mp","vera4cast"
2026-05-30,2026-04-28,"P1D","fcre",NA,"ensemble",21,"ChlorophyllMaximum_depth_sample",1.65474692117633,"fCMdepth_mp","vera4cast"
2026-05-30,2026-04-28,"P1D","fcre",NA,"ensemble",52,"ChlorophyllMaximum_depth_sample",4.77519560839975,"fCMdepth_mp","vera4cast"
2026-05-30,2026-04-28,"P1D","fcre",NA,"ensemble",83,"ChlorophyllMaximum_depth_sample",3.48322869181669,"fCMdepth_mp","vera4cast"
2026-05-30,2026-04-28,"P1D","fcre",NA,"ensemble",114,"ChlorophyllMaximum_depth_sample",3.41705915957708,"fCMdepth_mp","vera4cast"
2026-05-30,2026-04-28,"P1D","fcre",NA,"ensemble",145,"ChlorophyllMaximum_depth_sample",1.38059782944416,"fCMdepth_mp","vera4cast"
2026-05-31,2026-04-28,"P1D","fcre",NA,"ensemble",21,"ChlorophyllMaximum_depth_sample",2.51922141556865,"fCMdepth_mp","vera4cast"
2026-05-31,2026-04-28,"P1D","fcre",NA,"ensemble",52,"ChlorophyllMaximum_depth_sample",2.68990480536277,"fCMdepth_mp","vera4cast"
2026-05-31,2026-04-28,"P1D","fcre",NA,"ensemble",83,"ChlorophyllMaximum_depth_sample",4.75233695650933,"fCMdepth_mp","vera4cast"
2026-05-31,2026-04-28,"P1D","fcre",NA,"ensemble",114,"ChlorophyllMaximum_depth_sample",1.64163925422424,"fCMdepth_mp","vera4cast"
2026-05-31,2026-04-28,"P1D","fcre",NA,"ensemble",145,"ChlorophyllMaximum_depth_sample",2.18559570445263,"fCMdepth_mp","vera4cast"
2026-06-01,2026-04-28,"P1D","fcre",NA,"ensemble",21,"ChlorophyllMaximum_depth_sample",0.0760969347624663,"fCMdepth_mp","vera4cast"
2026-06-01,2026-04-28,"P1D","fcre",NA,"ensemble",52,"ChlorophyllMaximum_depth_sample",2.46252875812908,"fCMdepth_mp","vera4cast"
2026-06-01,2026-04-28,"P1D","fcre",NA,"ensemble",83,"ChlorophyllMaximum_depth_sample",2.03938764984086,"fCMdepth_mp","vera4cast"
2026-06-01,2026-04-28,"P1D","fcre",NA,"ensemble",114,"ChlorophyllMaximum_depth_sample",4.0940138209794,"fCMdepth_mp","vera4cast"
2026-06-01,2026-04-28,"P1D","fcre",NA,"ensemble",145,"ChlorophyllMaximum_depth_sample",4.06025363764677,"fCMdepth_mp","vera4cast"
2026-04-29,2026-04-28,"P1D","fcre",NA,"ensemble",22,"ChlorophyllMaximum_depth_sample",2.84654809428203,"fCMdepth_mp","vera4cast"
2026-04-29,2026-04-28,"P1D","fcre",NA,"ensemble",53,"ChlorophyllMaximum_depth_sample",2.93955406971659,"fCMdepth_mp","vera4cast"
2026-04-29,2026-04-28,"P1D","fcre",NA,"ensemble",84,"ChlorophyllMaximum_depth_sample",2.62060308028853,"fCMdepth_mp","vera4cast"
2026-04-29,2026-04-28,"P1D","fcre",NA,"ensemble",115,"ChlorophyllMaximum_depth_sample",0.775161504760267,"fCMdepth_mp","vera4cast"
2026-04-29,2026-04-28,"P1D","fcre",NA,"ensemble",146,"ChlorophyllMaximum_depth_sample",1.49270673055264,"fCMdepth_mp","vera4cast"
2026-04-30,2026-04-28,"P1D","fcre",NA,"ensemble",22,"ChlorophyllMaximum_depth_sample",1.79132876057615,"fCMdepth_mp","vera4cast"
2026-04-30,2026-04-28,"P1D","fcre",NA,"ensemble",53,"ChlorophyllMaximum_depth_sample",3.00719432961366,"fCMdepth_mp","vera4cast"
2026-04-30,2026-04-28,"P1D","fcre",NA,"ensemble",84,"ChlorophyllMaximum_depth_sample",3.04227103162356,"fCMdepth_mp","vera4cast"
2026-04-30,2026-04-28,"P1D","fcre",NA,"ensemble",115,"ChlorophyllMaximum_depth_sample",0.888078103500043,"fCMdepth_mp","vera4cast"
2026-04-30,2026-04-28,"P1D","fcre",NA,"ensemble",146,"ChlorophyllMaximum_depth_sample",2.97214393152085,"fCMdepth_mp","vera4cast"
2026-05-01,2026-04-28,"P1D","fcre",NA,"ensemble",22,"ChlorophyllMaximum_depth_sample",1.15927221121948,"fCMdepth_mp","vera4cast"
2026-05-01,2026-04-28,"P1D","fcre",NA,"ensemble",53,"ChlorophyllMaximum_depth_sample",3.43285553175735,"fCMdepth_mp","vera4cast"
2026-05-01,2026-04-28,"P1D","fcre",NA,"ensemble",84,"ChlorophyllMaximum_depth_sample",4.45587168409598,"fCMdepth_mp","vera4cast"
2026-05-01,2026-04-28,"P1D","fcre",NA,"ensemble",115,"ChlorophyllMaximum_depth_sample",2.39881955353738,"fCMdepth_mp","vera4cast"
2026-05-01,2026-04-28,"P1D","fcre",NA,"ensemble",146,"ChlorophyllMaximum_depth_sample",3.47304747759496,"fCMdepth_mp","vera4cast"
2026-05-02,2026-04-28,"P1D","fcre",NA,"ensemble",22,"ChlorophyllMaximum_depth_sample",1.74000718292508,"fCMdepth_mp","vera4cast"
2026-05-02,2026-04-28,"P1D","fcre",NA,"ensemble",53,"ChlorophyllMaximum_depth_sample",3.61546879317101,"fCMdepth_mp","vera4cast"
2026-05-02,2026-04-28,"P1D","fcre",NA,"ensemble",84,"ChlorophyllMaximum_depth_sample",3.13415739255189,"fCMdepth_mp","vera4cast"
2026-05-02,2026-04-28,"P1D","fcre",NA,"ensemble",115,"ChlorophyllMaximum_depth_sample",4.46126234735933,"fCMdepth_mp","vera4cast"
2026-05-02,2026-04-28,"P1D","fcre",NA,"ensemble",146,"ChlorophyllMaximum_depth_sample",1.63514095157978,"fCMdepth_mp","vera4cast"
2026-05-03,2026-04-28,"P1D","fcre",NA,"ensemble",22,"ChlorophyllMaximum_depth_sample",2.20498627908132,"fCMdepth_mp","vera4cast"
2026-05-03,2026-04-28,"P1D","fcre",NA,"ensemble",53,"ChlorophyllMaximum_depth_sample",3.28077466950386,"fCMdepth_mp","vera4cast"
2026-05-03,2026-04-28,"P1D","fcre",NA,"ensemble",84,"ChlorophyllMaximum_depth_sample",3.2995926551082,"fCMdepth_mp","vera4cast"
2026-05-03,2026-04-28,"P1D","fcre",NA,"ensemble",115,"ChlorophyllMaximum_depth_sample",3.44687159642631,"fCMdepth_mp","vera4cast"
2026-05-03,2026-04-28,"P1D","fcre",NA,"ensemble",146,"ChlorophyllMaximum_depth_sample",2.88072528877506,"fCMdepth_mp","vera4cast"
2026-05-04,2026-04-28,"P1D","fcre",NA,"ensemble",22,"ChlorophyllMaximum_depth_sample",3.28781824386132,"fCMdepth_mp","vera4cast"
2026-05-04,2026-04-28,"P1D","fcre",NA,"ensemble",53,"ChlorophyllMaximum_depth_sample",5.29040090290914,"fCMdepth_mp","vera4cast"
2026-05-04,2026-04-28,"P1D","fcre",NA,"ensemble",84,"ChlorophyllMaximum_depth_sample",3.96320070684735,"fCMdepth_mp","vera4cast"
2026-05-04,2026-04-28,"P1D","fcre",NA,"ensemble",115,"ChlorophyllMaximum_depth_sample",0.560035819762238,"fCMdepth_mp","vera4cast"
2026-05-04,2026-04-28,"P1D","fcre",NA,"ensemble",146,"ChlorophyllMaximum_depth_sample",1.30111309914459,"fCMdepth_mp","vera4cast"
2026-05-05,2026-04-28,"P1D","fcre",NA,"ensemble",22,"ChlorophyllMaximum_depth_sample",4.55020750564411,"fCMdepth_mp","vera4cast"
2026-05-05,2026-04-28,"P1D","fcre",NA,"ensemble",53,"ChlorophyllMaximum_depth_sample",2.71778123734747,"fCMdepth_mp","vera4cast"
2026-05-05,2026-04-28,"P1D","fcre",NA,"ensemble",84,"ChlorophyllMaximum_depth_sample",3.66842042631812,"fCMdepth_mp","vera4cast"
2026-05-05,2026-04-28,"P1D","fcre",NA,"ensemble",115,"ChlorophyllMaximum_depth_sample",0.690620022449988,"fCMdepth_mp","vera4cast"
2026-05-05,2026-04-28,"P1D","fcre",NA,"ensemble",146,"ChlorophyllMaximum_depth_sample",2.05778118199801,"fCMdepth_mp","vera4cast"
2026-05-06,2026-04-28,"P1D","fcre",NA,"ensemble",22,"ChlorophyllMaximum_depth_sample",2.3371946352899,"fCMdepth_mp","vera4cast"
2026-05-06,2026-04-28,"P1D","fcre",NA,"ensemble",53,"ChlorophyllMaximum_depth_sample",2.78365031388982,"fCMdepth_mp","vera4cast"
2026-05-06,2026-04-28,"P1D","fcre",NA,"ensemble",84,"ChlorophyllMaximum_depth_sample",1.60255492541622,"fCMdepth_mp","vera4cast"
2026-05-06,2026-04-28,"P1D","fcre",NA,"ensemble",115,"ChlorophyllMaximum_depth_sample",2.73958641531551,"fCMdepth_mp","vera4cast"
2026-05-06,2026-04-28,"P1D","fcre",NA,"ensemble",146,"ChlorophyllMaximum_depth_sample",2.05531747667275,"fCMdepth_mp","vera4cast"
2026-05-07,2026-04-28,"P1D","fcre",NA,"ensemble",22,"ChlorophyllMaximum_depth_sample",3.89003539577345,"fCMdepth_mp","vera4cast"
2026-05-07,2026-04-28,"P1D","fcre",NA,"ensemble",53,"ChlorophyllMaximum_depth_sample",2.67343107067193,"fCMdepth_mp","vera4cast"
2026-05-07,2026-04-28,"P1D","fcre",NA,"ensemble",84,"ChlorophyllMaximum_depth_sample",3.15364244155186,"fCMdepth_mp","vera4cast"
2026-05-07,2026-04-28,"P1D","fcre",NA,"ensemble",115,"ChlorophyllMaximum_depth_sample",4.17680129638825,"fCMdepth_mp","vera4cast"
2026-05-07,2026-04-28,"P1D","fcre",NA,"ensemble",146,"ChlorophyllMaximum_depth_sample",5.00750954091623,"fCMdepth_mp","vera4cast"
2026-05-08,2026-04-28,"P1D","fcre",NA,"ensemble",22,"ChlorophyllMaximum_depth_sample",2.91978996689253,"fCMdepth_mp","vera4cast"
2026-05-08,2026-04-28,"P1D","fcre",NA,"ensemble",53,"ChlorophyllMaximum_depth_sample",0.382408522036978,"fCMdepth_mp","vera4cast"
2026-05-08,2026-04-28,"P1D","fcre",NA,"ensemble",84,"ChlorophyllMaximum_depth_sample",2.24683857586865,"fCMdepth_mp","vera4cast"
2026-05-08,2026-04-28,"P1D","fcre",NA,"ensemble",115,"ChlorophyllMaximum_depth_sample",3.90921993306127,"fCMdepth_mp","vera4cast"
2026-05-08,2026-04-28,"P1D","fcre",NA,"ensemble",146,"ChlorophyllMaximum_depth_sample",3.41173402041722,"fCMdepth_mp","vera4cast"
2026-05-09,2026-04-28,"P1D","fcre",NA,"ensemble",22,"ChlorophyllMaximum_depth_sample",2.85968649258576,"fCMdepth_mp","vera4cast"
2026-05-09,2026-04-28,"P1D","fcre",NA,"ensemble",53,"ChlorophyllMaximum_depth_sample",3.63878700998229,"fCMdepth_mp","vera4cast"
2026-05-09,2026-04-28,"P1D","fcre",NA,"ensemble",84,"ChlorophyllMaximum_depth_sample",2.45838102668423,"fCMdepth_mp","vera4cast"
2026-05-09,2026-04-28,"P1D","fcre",NA,"ensemble",115,"ChlorophyllMaximum_depth_sample",2.66162505120518,"fCMdepth_mp","vera4cast"
2026-05-09,2026-04-28,"P1D","fcre",NA,"ensemble",146,"ChlorophyllMaximum_depth_sample",3.09740746755899,"fCMdepth_mp","vera4cast"
2026-05-10,2026-04-28,"P1D","fcre",NA,"ensemble",22,"ChlorophyllMaximum_depth_sample",3.22953223084637,"fCMdepth_mp","vera4cast"
2026-05-10,2026-04-28,"P1D","fcre",NA,"ensemble",53,"ChlorophyllMaximum_depth_sample",1.97924473219631,"fCMdepth_mp","vera4cast"
2026-05-10,2026-04-28,"P1D","fcre",NA,"ensemble",84,"ChlorophyllMaximum_depth_sample",3.74007539920086,"fCMdepth_mp","vera4cast"
2026-05-10,2026-04-28,"P1D","fcre",NA,"ensemble",115,"ChlorophyllMaximum_depth_sample",3.85317159989516,"fCMdepth_mp","vera4cast"
2026-05-10,2026-04-28,"P1D","fcre",NA,"ensemble",146,"ChlorophyllMaximum_depth_sample",3.7325682091375,"fCMdepth_mp","vera4cast"
2026-05-11,2026-04-28,"P1D","fcre",NA,"ensemble",22,"ChlorophyllMaximum_depth_sample",3.40670693964029,"fCMdepth_mp","vera4cast"
2026-05-11,2026-04-28,"P1D","fcre",NA,"ensemble",53,"ChlorophyllMaximum_depth_sample",5.20956322029936,"fCMdepth_mp","vera4cast"
2026-05-11,2026-04-28,"P1D","fcre",NA,"ensemble",84,"ChlorophyllMaximum_depth_sample",2.60511237059713,"fCMdepth_mp","vera4cast"
2026-05-11,2026-04-28,"P1D","fcre",NA,"ensemble",115,"ChlorophyllMaximum_depth_sample",3.29942260542628,"fCMdepth_mp","vera4cast"
2026-05-11,2026-04-28,"P1D","fcre",NA,"ensemble",146,"ChlorophyllMaximum_depth_sample",3.57590311319125,"fCMdepth_mp","vera4cast"
2026-05-12,2026-04-28,"P1D","fcre",NA,"ensemble",22,"ChlorophyllMaximum_depth_sample",2.59357564199413,"fCMdepth_mp","vera4cast"
2026-05-12,2026-04-28,"P1D","fcre",NA,"ensemble",53,"ChlorophyllMaximum_depth_sample",2.57689630287644,"fCMdepth_mp","vera4cast"
2026-05-12,2026-04-28,"P1D","fcre",NA,"ensemble",84,"ChlorophyllMaximum_depth_sample",4.47751625955465,"fCMdepth_mp","vera4cast"
2026-05-12,2026-04-28,"P1D","fcre",NA,"ensemble",115,"ChlorophyllMaximum_depth_sample",2.67330593447203,"fCMdepth_mp","vera4cast"
2026-05-12,2026-04-28,"P1D","fcre",NA,"ensemble",146,"ChlorophyllMaximum_depth_sample",1.19253968456294,"fCMdepth_mp","vera4cast"
2026-05-13,2026-04-28,"P1D","fcre",NA,"ensemble",22,"ChlorophyllMaximum_depth_sample",3.20125756928907,"fCMdepth_mp","vera4cast"
2026-05-13,2026-04-28,"P1D","fcre",NA,"ensemble",53,"ChlorophyllMaximum_depth_sample",4.44158661269282,"fCMdepth_mp","vera4cast"
2026-05-13,2026-04-28,"P1D","fcre",NA,"ensemble",84,"ChlorophyllMaximum_depth_sample",3.63372264927526,"fCMdepth_mp","vera4cast"
2026-05-13,2026-04-28,"P1D","fcre",NA,"ensemble",115,"ChlorophyllMaximum_depth_sample",0.997081133349005,"fCMdepth_mp","vera4cast"
2026-05-13,2026-04-28,"P1D","fcre",NA,"ensemble",146,"ChlorophyllMaximum_depth_sample",2.68022477797168,"fCMdepth_mp","vera4cast"
2026-05-14,2026-04-28,"P1D","fcre",NA,"ensemble",22,"ChlorophyllMaximum_depth_sample",2.32665522601968,"fCMdepth_mp","vera4cast"
2026-05-14,2026-04-28,"P1D","fcre",NA,"ensemble",53,"ChlorophyllMaximum_depth_sample",2.2906182070147,"fCMdepth_mp","vera4cast"
2026-05-14,2026-04-28,"P1D","fcre",NA,"ensemble",84,"ChlorophyllMaximum_depth_sample",2.05837296463586,"fCMdepth_mp","vera4cast"
2026-05-14,2026-04-28,"P1D","fcre",NA,"ensemble",115,"ChlorophyllMaximum_depth_sample",3.09818637467269,"fCMdepth_mp","vera4cast"
2026-05-14,2026-04-28,"P1D","fcre",NA,"ensemble",146,"ChlorophyllMaximum_depth_sample",3.44977216689566,"fCMdepth_mp","vera4cast"
2026-05-15,2026-04-28,"P1D","fcre",NA,"ensemble",22,"ChlorophyllMaximum_depth_sample",2.72447564555463,"fCMdepth_mp","vera4cast"
2026-05-15,2026-04-28,"P1D","fcre",NA,"ensemble",53,"ChlorophyllMaximum_depth_sample",2.96955871565446,"fCMdepth_mp","vera4cast"
2026-05-15,2026-04-28,"P1D","fcre",NA,"ensemble",84,"ChlorophyllMaximum_depth_sample",2.83446011474433,"fCMdepth_mp","vera4cast"
2026-05-15,2026-04-28,"P1D","fcre",NA,"ensemble",115,"ChlorophyllMaximum_depth_sample",1.52155704095204,"fCMdepth_mp","vera4cast"
2026-05-15,2026-04-28,"P1D","fcre",NA,"ensemble",146,"ChlorophyllMaximum_depth_sample",4.53383567375824,"fCMdepth_mp","vera4cast"
2026-05-16,2026-04-28,"P1D","fcre",NA,"ensemble",22,"ChlorophyllMaximum_depth_sample",1.74727650166495,"fCMdepth_mp","vera4cast"
2026-05-16,2026-04-28,"P1D","fcre",NA,"ensemble",53,"ChlorophyllMaximum_depth_sample",5.15537714354819,"fCMdepth_mp","vera4cast"
2026-05-16,2026-04-28,"P1D","fcre",NA,"ensemble",84,"ChlorophyllMaximum_depth_sample",0.503231301601463,"fCMdepth_mp","vera4cast"
2026-05-16,2026-04-28,"P1D","fcre",NA,"ensemble",115,"ChlorophyllMaximum_depth_sample",1.87681601422358,"fCMdepth_mp","vera4cast"
2026-05-16,2026-04-28,"P1D","fcre",NA,"ensemble",146,"ChlorophyllMaximum_depth_sample",1.1764307666282,"fCMdepth_mp","vera4cast"
2026-05-17,2026-04-28,"P1D","fcre",NA,"ensemble",22,"ChlorophyllMaximum_depth_sample",2.6566782085217,"fCMdepth_mp","vera4cast"
2026-05-17,2026-04-28,"P1D","fcre",NA,"ensemble",53,"ChlorophyllMaximum_depth_sample",4.28032858329169,"fCMdepth_mp","vera4cast"
2026-05-17,2026-04-28,"P1D","fcre",NA,"ensemble",84,"ChlorophyllMaximum_depth_sample",1.88510302815284,"fCMdepth_mp","vera4cast"
2026-05-17,2026-04-28,"P1D","fcre",NA,"ensemble",115,"ChlorophyllMaximum_depth_sample",4.03408368745884,"fCMdepth_mp","vera4cast"
2026-05-17,2026-04-28,"P1D","fcre",NA,"ensemble",146,"ChlorophyllMaximum_depth_sample",5.4481557997457,"fCMdepth_mp","vera4cast"
2026-05-18,2026-04-28,"P1D","fcre",NA,"ensemble",22,"ChlorophyllMaximum_depth_sample",1.60486947287407,"fCMdepth_mp","vera4cast"
2026-05-18,2026-04-28,"P1D","fcre",NA,"ensemble",53,"ChlorophyllMaximum_depth_sample",3.5864066177286,"fCMdepth_mp","vera4cast"
2026-05-18,2026-04-28,"P1D","fcre",NA,"ensemble",84,"ChlorophyllMaximum_depth_sample",3.98508349930835,"fCMdepth_mp","vera4cast"
2026-05-18,2026-04-28,"P1D","fcre",NA,"ensemble",115,"ChlorophyllMaximum_depth_sample",3.72058333791776,"fCMdepth_mp","vera4cast"
2026-05-18,2026-04-28,"P1D","fcre",NA,"ensemble",146,"ChlorophyllMaximum_depth_sample",4.58954528468107,"fCMdepth_mp","vera4cast"
2026-05-19,2026-04-28,"P1D","fcre",NA,"ensemble",22,"ChlorophyllMaximum_depth_sample",3.58934032015756,"fCMdepth_mp","vera4cast"
2026-05-19,2026-04-28,"P1D","fcre",NA,"ensemble",53,"ChlorophyllMaximum_depth_sample",3.72338090747112,"fCMdepth_mp","vera4cast"
2026-05-19,2026-04-28,"P1D","fcre",NA,"ensemble",84,"ChlorophyllMaximum_depth_sample",3.48331274868653,"fCMdepth_mp","vera4cast"
2026-05-19,2026-04-28,"P1D","fcre",NA,"ensemble",115,"ChlorophyllMaximum_depth_sample",3.65184750385166,"fCMdepth_mp","vera4cast"
2026-05-19,2026-04-28,"P1D","fcre",NA,"ensemble",146,"ChlorophyllMaximum_depth_sample",3.39506072206644,"fCMdepth_mp","vera4cast"
2026-05-20,2026-04-28,"P1D","fcre",NA,"ensemble",22,"ChlorophyllMaximum_depth_sample",1.35440193023289,"fCMdepth_mp","vera4cast"
2026-05-20,2026-04-28,"P1D","fcre",NA,"ensemble",53,"ChlorophyllMaximum_depth_sample",4.590266864646,"fCMdepth_mp","vera4cast"
2026-05-20,2026-04-28,"P1D","fcre",NA,"ensemble",84,"ChlorophyllMaximum_depth_sample",3.05968480867931,"fCMdepth_mp","vera4cast"
2026-05-20,2026-04-28,"P1D","fcre",NA,"ensemble",115,"ChlorophyllMaximum_depth_sample",3.73211435999756,"fCMdepth_mp","vera4cast"
2026-05-20,2026-04-28,"P1D","fcre",NA,"ensemble",146,"ChlorophyllMaximum_depth_sample",1.67292570735613,"fCMdepth_mp","vera4cast"
2026-05-21,2026-04-28,"P1D","fcre",NA,"ensemble",22,"ChlorophyllMaximum_depth_sample",2.2764401783648,"fCMdepth_mp","vera4cast"
2026-05-21,2026-04-28,"P1D","fcre",NA,"ensemble",53,"ChlorophyllMaximum_depth_sample",4.02079439393713,"fCMdepth_mp","vera4cast"
2026-05-21,2026-04-28,"P1D","fcre",NA,"ensemble",84,"ChlorophyllMaximum_depth_sample",2.38270533083495,"fCMdepth_mp","vera4cast"
2026-05-21,2026-04-28,"P1D","fcre",NA,"ensemble",115,"ChlorophyllMaximum_depth_sample",4.25849626835055,"fCMdepth_mp","vera4cast"
2026-05-21,2026-04-28,"P1D","fcre",NA,"ensemble",146,"ChlorophyllMaximum_depth_sample",2.36140602640026,"fCMdepth_mp","vera4cast"
2026-05-22,2026-04-28,"P1D","fcre",NA,"ensemble",22,"ChlorophyllMaximum_depth_sample",4.19917557174879,"fCMdepth_mp","vera4cast"
2026-05-22,2026-04-28,"P1D","fcre",NA,"ensemble",53,"ChlorophyllMaximum_depth_sample",2.68961552535905,"fCMdepth_mp","vera4cast"
2026-05-22,2026-04-28,"P1D","fcre",NA,"ensemble",84,"ChlorophyllMaximum_depth_sample",4.75596065878109,"fCMdepth_mp","vera4cast"
2026-05-22,2026-04-28,"P1D","fcre",NA,"ensemble",115,"ChlorophyllMaximum_depth_sample",3.40282071111288,"fCMdepth_mp","vera4cast"
2026-05-22,2026-04-28,"P1D","fcre",NA,"ensemble",146,"ChlorophyllMaximum_depth_sample",1.98538837788707,"fCMdepth_mp","vera4cast"
2026-05-23,2026-04-28,"P1D","fcre",NA,"ensemble",22,"ChlorophyllMaximum_depth_sample",3.59537995451283,"fCMdepth_mp","vera4cast"
2026-05-23,2026-04-28,"P1D","fcre",NA,"ensemble",53,"ChlorophyllMaximum_depth_sample",3.13925217816185,"fCMdepth_mp","vera4cast"
2026-05-23,2026-04-28,"P1D","fcre",NA,"ensemble",84,"ChlorophyllMaximum_depth_sample",3.23595186735261,"fCMdepth_mp","vera4cast"
2026-05-23,2026-04-28,"P1D","fcre",NA,"ensemble",115,"ChlorophyllMaximum_depth_sample",4.30761816387507,"fCMdepth_mp","vera4cast"
2026-05-23,2026-04-28,"P1D","fcre",NA,"ensemble",146,"ChlorophyllMaximum_depth_sample",3.35684781629678,"fCMdepth_mp","vera4cast"
2026-05-24,2026-04-28,"P1D","fcre",NA,"ensemble",22,"ChlorophyllMaximum_depth_sample",2.79173583975842,"fCMdepth_mp","vera4cast"
2026-05-24,2026-04-28,"P1D","fcre",NA,"ensemble",53,"ChlorophyllMaximum_depth_sample",1.66947873365175,"fCMdepth_mp","vera4cast"
2026-05-24,2026-04-28,"P1D","fcre",NA,"ensemble",84,"ChlorophyllMaximum_depth_sample",2.58310602234281,"fCMdepth_mp","vera4cast"
2026-05-24,2026-04-28,"P1D","fcre",NA,"ensemble",115,"ChlorophyllMaximum_depth_sample",2.18664962246299,"fCMdepth_mp","vera4cast"
2026-05-24,2026-04-28,"P1D","fcre",NA,"ensemble",146,"ChlorophyllMaximum_depth_sample",2.98821126215233,"fCMdepth_mp","vera4cast"
2026-05-25,2026-04-28,"P1D","fcre",NA,"ensemble",22,"ChlorophyllMaximum_depth_sample",2.71362613292865,"fCMdepth_mp","vera4cast"
2026-05-25,2026-04-28,"P1D","fcre",NA,"ensemble",53,"ChlorophyllMaximum_depth_sample",4.44675411529525,"fCMdepth_mp","vera4cast"
2026-05-25,2026-04-28,"P1D","fcre",NA,"ensemble",84,"ChlorophyllMaximum_depth_sample",2.3939693489678,"fCMdepth_mp","vera4cast"
2026-05-25,2026-04-28,"P1D","fcre",NA,"ensemble",115,"ChlorophyllMaximum_depth_sample",3.75040180982666,"fCMdepth_mp","vera4cast"
2026-05-25,2026-04-28,"P1D","fcre",NA,"ensemble",146,"ChlorophyllMaximum_depth_sample",3.35013457740383,"fCMdepth_mp","vera4cast"
2026-05-26,2026-04-28,"P1D","fcre",NA,"ensemble",22,"ChlorophyllMaximum_depth_sample",2.29671424378351,"fCMdepth_mp","vera4cast"
2026-05-26,2026-04-28,"P1D","fcre",NA,"ensemble",53,"ChlorophyllMaximum_depth_sample",2.72658326881311,"fCMdepth_mp","vera4cast"
2026-05-26,2026-04-28,"P1D","fcre",NA,"ensemble",84,"ChlorophyllMaximum_depth_sample",2.58440532567161,"fCMdepth_mp","vera4cast"
2026-05-26,2026-04-28,"P1D","fcre",NA,"ensemble",115,"ChlorophyllMaximum_depth_sample",3.02257906384961,"fCMdepth_mp","vera4cast"
2026-05-26,2026-04-28,"P1D","fcre",NA,"ensemble",146,"ChlorophyllMaximum_depth_sample",2.62729805430463,"fCMdepth_mp","vera4cast"
2026-05-27,2026-04-28,"P1D","fcre",NA,"ensemble",22,"ChlorophyllMaximum_depth_sample",1.74678043943805,"fCMdepth_mp","vera4cast"
2026-05-27,2026-04-28,"P1D","fcre",NA,"ensemble",53,"ChlorophyllMaximum_depth_sample",4.17393697987158,"fCMdepth_mp","vera4cast"
2026-05-27,2026-04-28,"P1D","fcre",NA,"ensemble",84,"ChlorophyllMaximum_depth_sample",2.4202120466517,"fCMdepth_mp","vera4cast"
2026-05-27,2026-04-28,"P1D","fcre",NA,"ensemble",115,"ChlorophyllMaximum_depth_sample",2.72033654978026,"fCMdepth_mp","vera4cast"
2026-05-27,2026-04-28,"P1D","fcre",NA,"ensemble",146,"ChlorophyllMaximum_depth_sample",3.81811056352993,"fCMdepth_mp","vera4cast"
2026-05-28,2026-04-28,"P1D","fcre",NA,"ensemble",22,"ChlorophyllMaximum_depth_sample",3.09115474741249,"fCMdepth_mp","vera4cast"
2026-05-28,2026-04-28,"P1D","fcre",NA,"ensemble",53,"ChlorophyllMaximum_depth_sample",-0.135186455265559,"fCMdepth_mp","vera4cast"
2026-05-28,2026-04-28,"P1D","fcre",NA,"ensemble",84,"ChlorophyllMaximum_depth_sample",2.7116393760704,"fCMdepth_mp","vera4cast"
2026-05-28,2026-04-28,"P1D","fcre",NA,"ensemble",115,"ChlorophyllMaximum_depth_sample",1.91959563750338,"fCMdepth_mp","vera4cast"
2026-05-28,2026-04-28,"P1D","fcre",NA,"ensemble",146,"ChlorophyllMaximum_depth_sample",3.7464262211046,"fCMdepth_mp","vera4cast"
2026-05-29,2026-04-28,"P1D","fcre",NA,"ensemble",22,"ChlorophyllMaximum_depth_sample",2.9714318528239,"fCMdepth_mp","vera4cast"
2026-05-29,2026-04-28,"P1D","fcre",NA,"ensemble",53,"ChlorophyllMaximum_depth_sample",3.84080607721688,"fCMdepth_mp","vera4cast"
2026-05-29,2026-04-28,"P1D","fcre",NA,"ensemble",84,"ChlorophyllMaximum_depth_sample",2.65003130220048,"fCMdepth_mp","vera4cast"
2026-05-29,2026-04-28,"P1D","fcre",NA,"ensemble",115,"ChlorophyllMaximum_depth_sample",0.771113160032881,"fCMdepth_mp","vera4cast"
2026-05-29,2026-04-28,"P1D","fcre",NA,"ensemble",146,"ChlorophyllMaximum_depth_sample",3.90252348936156,"fCMdepth_mp","vera4cast"
2026-05-30,2026-04-28,"P1D","fcre",NA,"ensemble",22,"ChlorophyllMaximum_depth_sample",0.810928689864008,"fCMdepth_mp","vera4cast"
2026-05-30,2026-04-28,"P1D","fcre",NA,"ensemble",53,"ChlorophyllMaximum_depth_sample",1.00563141854431,"fCMdepth_mp","vera4cast"
2026-05-30,2026-04-28,"P1D","fcre",NA,"ensemble",84,"ChlorophyllMaximum_depth_sample",2.87203136326489,"fCMdepth_mp","vera4cast"
2026-05-30,2026-04-28,"P1D","fcre",NA,"ensemble",115,"ChlorophyllMaximum_depth_sample",2.84908161656643,"fCMdepth_mp","vera4cast"
2026-05-30,2026-04-28,"P1D","fcre",NA,"ensemble",146,"ChlorophyllMaximum_depth_sample",3.79455357428411,"fCMdepth_mp","vera4cast"
2026-05-31,2026-04-28,"P1D","fcre",NA,"ensemble",22,"ChlorophyllMaximum_depth_sample",2.51579847986544,"fCMdepth_mp","vera4cast"
2026-05-31,2026-04-28,"P1D","fcre",NA,"ensemble",53,"ChlorophyllMaximum_depth_sample",1.47366422027723,"fCMdepth_mp","vera4cast"
2026-05-31,2026-04-28,"P1D","fcre",NA,"ensemble",84,"ChlorophyllMaximum_depth_sample",4.21933892626241,"fCMdepth_mp","vera4cast"
2026-05-31,2026-04-28,"P1D","fcre",NA,"ensemble",115,"ChlorophyllMaximum_depth_sample",3.0948866413675,"fCMdepth_mp","vera4cast"
2026-05-31,2026-04-28,"P1D","fcre",NA,"ensemble",146,"ChlorophyllMaximum_depth_sample",1.28041575007587,"fCMdepth_mp","vera4cast"
2026-06-01,2026-04-28,"P1D","fcre",NA,"ensemble",22,"ChlorophyllMaximum_depth_sample",4.34905701745837,"fCMdepth_mp","vera4cast"
2026-06-01,2026-04-28,"P1D","fcre",NA,"ensemble",53,"ChlorophyllMaximum_depth_sample",1.0918729911928,"fCMdepth_mp","vera4cast"
2026-06-01,2026-04-28,"P1D","fcre",NA,"ensemble",84,"ChlorophyllMaximum_depth_sample",1.56894130794406,"fCMdepth_mp","vera4cast"
2026-06-01,2026-04-28,"P1D","fcre",NA,"ensemble",115,"ChlorophyllMaximum_depth_sample",2.39013615972091,"fCMdepth_mp","vera4cast"
2026-06-01,2026-04-28,"P1D","fcre",NA,"ensemble",146,"ChlorophyllMaximum_depth_sample",2.09110082128662,"fCMdepth_mp","vera4cast"
2026-04-29,2026-04-28,"P1D","fcre",NA,"ensemble",23,"ChlorophyllMaximum_depth_sample",2.3992817239285,"fCMdepth_mp","vera4cast"
2026-04-29,2026-04-28,"P1D","fcre",NA,"ensemble",54,"ChlorophyllMaximum_depth_sample",3.69941469163685,"fCMdepth_mp","vera4cast"
2026-04-29,2026-04-28,"P1D","fcre",NA,"ensemble",85,"ChlorophyllMaximum_depth_sample",2.94053810481476,"fCMdepth_mp","vera4cast"
2026-04-29,2026-04-28,"P1D","fcre",NA,"ensemble",116,"ChlorophyllMaximum_depth_sample",2.92614259864432,"fCMdepth_mp","vera4cast"
2026-04-29,2026-04-28,"P1D","fcre",NA,"ensemble",147,"ChlorophyllMaximum_depth_sample",2.79028427247736,"fCMdepth_mp","vera4cast"
2026-04-30,2026-04-28,"P1D","fcre",NA,"ensemble",23,"ChlorophyllMaximum_depth_sample",4.32454588889695,"fCMdepth_mp","vera4cast"
2026-04-30,2026-04-28,"P1D","fcre",NA,"ensemble",54,"ChlorophyllMaximum_depth_sample",2.66614923678179,"fCMdepth_mp","vera4cast"
2026-04-30,2026-04-28,"P1D","fcre",NA,"ensemble",85,"ChlorophyllMaximum_depth_sample",3.01789165797503,"fCMdepth_mp","vera4cast"
2026-04-30,2026-04-28,"P1D","fcre",NA,"ensemble",116,"ChlorophyllMaximum_depth_sample",3.15764945476003,"fCMdepth_mp","vera4cast"
2026-04-30,2026-04-28,"P1D","fcre",NA,"ensemble",147,"ChlorophyllMaximum_depth_sample",2.86536564543725,"fCMdepth_mp","vera4cast"
2026-05-01,2026-04-28,"P1D","fcre",NA,"ensemble",23,"ChlorophyllMaximum_depth_sample",2.82417626101623,"fCMdepth_mp","vera4cast"
2026-05-01,2026-04-28,"P1D","fcre",NA,"ensemble",54,"ChlorophyllMaximum_depth_sample",4.11822738256808,"fCMdepth_mp","vera4cast"
2026-05-01,2026-04-28,"P1D","fcre",NA,"ensemble",85,"ChlorophyllMaximum_depth_sample",5.6882998841683,"fCMdepth_mp","vera4cast"
2026-05-01,2026-04-28,"P1D","fcre",NA,"ensemble",116,"ChlorophyllMaximum_depth_sample",3.779847350555,"fCMdepth_mp","vera4cast"
2026-05-01,2026-04-28,"P1D","fcre",NA,"ensemble",147,"ChlorophyllMaximum_depth_sample",3.91582545894437,"fCMdepth_mp","vera4cast"
2026-05-02,2026-04-28,"P1D","fcre",NA,"ensemble",23,"ChlorophyllMaximum_depth_sample",2.72823216017601,"fCMdepth_mp","vera4cast"
2026-05-02,2026-04-28,"P1D","fcre",NA,"ensemble",54,"ChlorophyllMaximum_depth_sample",3.36579567543791,"fCMdepth_mp","vera4cast"
2026-05-02,2026-04-28,"P1D","fcre",NA,"ensemble",85,"ChlorophyllMaximum_depth_sample",1.73833999008797,"fCMdepth_mp","vera4cast"
2026-05-02,2026-04-28,"P1D","fcre",NA,"ensemble",116,"ChlorophyllMaximum_depth_sample",2.42444686440118,"fCMdepth_mp","vera4cast"
2026-05-02,2026-04-28,"P1D","fcre",NA,"ensemble",147,"ChlorophyllMaximum_depth_sample",0.546682172632336,"fCMdepth_mp","vera4cast"
2026-05-03,2026-04-28,"P1D","fcre",NA,"ensemble",23,"ChlorophyllMaximum_depth_sample",3.47497739077434,"fCMdepth_mp","vera4cast"
2026-05-03,2026-04-28,"P1D","fcre",NA,"ensemble",54,"ChlorophyllMaximum_depth_sample",3.03520015853303,"fCMdepth_mp","vera4cast"
2026-05-03,2026-04-28,"P1D","fcre",NA,"ensemble",85,"ChlorophyllMaximum_depth_sample",3.26243184363486,"fCMdepth_mp","vera4cast"
2026-05-03,2026-04-28,"P1D","fcre",NA,"ensemble",116,"ChlorophyllMaximum_depth_sample",0.795397542863484,"fCMdepth_mp","vera4cast"
2026-05-03,2026-04-28,"P1D","fcre",NA,"ensemble",147,"ChlorophyllMaximum_depth_sample",3.40866949371594,"fCMdepth_mp","vera4cast"
2026-05-04,2026-04-28,"P1D","fcre",NA,"ensemble",23,"ChlorophyllMaximum_depth_sample",2.05551167370429,"fCMdepth_mp","vera4cast"
2026-05-04,2026-04-28,"P1D","fcre",NA,"ensemble",54,"ChlorophyllMaximum_depth_sample",3.99514802965778,"fCMdepth_mp","vera4cast"
2026-05-04,2026-04-28,"P1D","fcre",NA,"ensemble",85,"ChlorophyllMaximum_depth_sample",5.15532134106752,"fCMdepth_mp","vera4cast"
2026-05-04,2026-04-28,"P1D","fcre",NA,"ensemble",116,"ChlorophyllMaximum_depth_sample",2.32430034163551,"fCMdepth_mp","vera4cast"
2026-05-04,2026-04-28,"P1D","fcre",NA,"ensemble",147,"ChlorophyllMaximum_depth_sample",5.17431486788538,"fCMdepth_mp","vera4cast"
2026-05-05,2026-04-28,"P1D","fcre",NA,"ensemble",23,"ChlorophyllMaximum_depth_sample",2.78413705802585,"fCMdepth_mp","vera4cast"
2026-05-05,2026-04-28,"P1D","fcre",NA,"ensemble",54,"ChlorophyllMaximum_depth_sample",2.90717073137862,"fCMdepth_mp","vera4cast"
2026-05-05,2026-04-28,"P1D","fcre",NA,"ensemble",85,"ChlorophyllMaximum_depth_sample",2.40149874687744,"fCMdepth_mp","vera4cast"
2026-05-05,2026-04-28,"P1D","fcre",NA,"ensemble",116,"ChlorophyllMaximum_depth_sample",3.23025041370441,"fCMdepth_mp","vera4cast"
2026-05-05,2026-04-28,"P1D","fcre",NA,"ensemble",147,"ChlorophyllMaximum_depth_sample",1.47781644519722,"fCMdepth_mp","vera4cast"
2026-05-06,2026-04-28,"P1D","fcre",NA,"ensemble",23,"ChlorophyllMaximum_depth_sample",2.74104267658611,"fCMdepth_mp","vera4cast"
2026-05-06,2026-04-28,"P1D","fcre",NA,"ensemble",54,"ChlorophyllMaximum_depth_sample",3.41264397165198,"fCMdepth_mp","vera4cast"
2026-05-06,2026-04-28,"P1D","fcre",NA,"ensemble",85,"ChlorophyllMaximum_depth_sample",1.81581438215081,"fCMdepth_mp","vera4cast"
2026-05-06,2026-04-28,"P1D","fcre",NA,"ensemble",116,"ChlorophyllMaximum_depth_sample",1.50300588781556,"fCMdepth_mp","vera4cast"
2026-05-06,2026-04-28,"P1D","fcre",NA,"ensemble",147,"ChlorophyllMaximum_depth_sample",3.13666511110176,"fCMdepth_mp","vera4cast"
2026-05-07,2026-04-28,"P1D","fcre",NA,"ensemble",23,"ChlorophyllMaximum_depth_sample",2.65841311728167,"fCMdepth_mp","vera4cast"
2026-05-07,2026-04-28,"P1D","fcre",NA,"ensemble",54,"ChlorophyllMaximum_depth_sample",4.6849795824751,"fCMdepth_mp","vera4cast"
2026-05-07,2026-04-28,"P1D","fcre",NA,"ensemble",85,"ChlorophyllMaximum_depth_sample",4.05484173245758,"fCMdepth_mp","vera4cast"
2026-05-07,2026-04-28,"P1D","fcre",NA,"ensemble",116,"ChlorophyllMaximum_depth_sample",3.08671311504295,"fCMdepth_mp","vera4cast"
2026-05-07,2026-04-28,"P1D","fcre",NA,"ensemble",147,"ChlorophyllMaximum_depth_sample",5.11103530373086,"fCMdepth_mp","vera4cast"
2026-05-08,2026-04-28,"P1D","fcre",NA,"ensemble",23,"ChlorophyllMaximum_depth_sample",3.41936518683078,"fCMdepth_mp","vera4cast"
2026-05-08,2026-04-28,"P1D","fcre",NA,"ensemble",54,"ChlorophyllMaximum_depth_sample",1.48057228330048,"fCMdepth_mp","vera4cast"
2026-05-08,2026-04-28,"P1D","fcre",NA,"ensemble",85,"ChlorophyllMaximum_depth_sample",2.11291558415922,"fCMdepth_mp","vera4cast"
2026-05-08,2026-04-28,"P1D","fcre",NA,"ensemble",116,"ChlorophyllMaximum_depth_sample",5.14640647108718,"fCMdepth_mp","vera4cast"
2026-05-08,2026-04-28,"P1D","fcre",NA,"ensemble",147,"ChlorophyllMaximum_depth_sample",1.65250054498209,"fCMdepth_mp","vera4cast"
2026-05-09,2026-04-28,"P1D","fcre",NA,"ensemble",23,"ChlorophyllMaximum_depth_sample",2.83986538348505,"fCMdepth_mp","vera4cast"
2026-05-09,2026-04-28,"P1D","fcre",NA,"ensemble",54,"ChlorophyllMaximum_depth_sample",5.02153873583292,"fCMdepth_mp","vera4cast"
2026-05-09,2026-04-28,"P1D","fcre",NA,"ensemble",85,"ChlorophyllMaximum_depth_sample",3.03927329419059,"fCMdepth_mp","vera4cast"
2026-05-09,2026-04-28,"P1D","fcre",NA,"ensemble",116,"ChlorophyllMaximum_depth_sample",2.7790102785506,"fCMdepth_mp","vera4cast"
2026-05-09,2026-04-28,"P1D","fcre",NA,"ensemble",147,"ChlorophyllMaximum_depth_sample",2.42448980937173,"fCMdepth_mp","vera4cast"
2026-05-10,2026-04-28,"P1D","fcre",NA,"ensemble",23,"ChlorophyllMaximum_depth_sample",5.57681725888618,"fCMdepth_mp","vera4cast"
2026-05-10,2026-04-28,"P1D","fcre",NA,"ensemble",54,"ChlorophyllMaximum_depth_sample",4.88567980277074,"fCMdepth_mp","vera4cast"
2026-05-10,2026-04-28,"P1D","fcre",NA,"ensemble",85,"ChlorophyllMaximum_depth_sample",3.04484502611538,"fCMdepth_mp","vera4cast"
2026-05-10,2026-04-28,"P1D","fcre",NA,"ensemble",116,"ChlorophyllMaximum_depth_sample",2.06764588037254,"fCMdepth_mp","vera4cast"
2026-05-10,2026-04-28,"P1D","fcre",NA,"ensemble",147,"ChlorophyllMaximum_depth_sample",3.93652317322335,"fCMdepth_mp","vera4cast"
2026-05-11,2026-04-28,"P1D","fcre",NA,"ensemble",23,"ChlorophyllMaximum_depth_sample",4.24105176450194,"fCMdepth_mp","vera4cast"
2026-05-11,2026-04-28,"P1D","fcre",NA,"ensemble",54,"ChlorophyllMaximum_depth_sample",2.27774992308108,"fCMdepth_mp","vera4cast"
2026-05-11,2026-04-28,"P1D","fcre",NA,"ensemble",85,"ChlorophyllMaximum_depth_sample",2.56536602043995,"fCMdepth_mp","vera4cast"
2026-05-11,2026-04-28,"P1D","fcre",NA,"ensemble",116,"ChlorophyllMaximum_depth_sample",3.21303348615379,"fCMdepth_mp","vera4cast"
2026-05-11,2026-04-28,"P1D","fcre",NA,"ensemble",147,"ChlorophyllMaximum_depth_sample",3.19128914412073,"fCMdepth_mp","vera4cast"
2026-05-12,2026-04-28,"P1D","fcre",NA,"ensemble",23,"ChlorophyllMaximum_depth_sample",3.14976080512267,"fCMdepth_mp","vera4cast"
2026-05-12,2026-04-28,"P1D","fcre",NA,"ensemble",54,"ChlorophyllMaximum_depth_sample",4.34804166138102,"fCMdepth_mp","vera4cast"
2026-05-12,2026-04-28,"P1D","fcre",NA,"ensemble",85,"ChlorophyllMaximum_depth_sample",3.39930229225265,"fCMdepth_mp","vera4cast"
2026-05-12,2026-04-28,"P1D","fcre",NA,"ensemble",116,"ChlorophyllMaximum_depth_sample",1.89525742923127,"fCMdepth_mp","vera4cast"
2026-05-12,2026-04-28,"P1D","fcre",NA,"ensemble",147,"ChlorophyllMaximum_depth_sample",3.32264196714885,"fCMdepth_mp","vera4cast"
2026-05-13,2026-04-28,"P1D","fcre",NA,"ensemble",23,"ChlorophyllMaximum_depth_sample",4.04066705145502,"fCMdepth_mp","vera4cast"
2026-05-13,2026-04-28,"P1D","fcre",NA,"ensemble",54,"ChlorophyllMaximum_depth_sample",1.87162067884241,"fCMdepth_mp","vera4cast"
2026-05-13,2026-04-28,"P1D","fcre",NA,"ensemble",85,"ChlorophyllMaximum_depth_sample",3.68966907491823,"fCMdepth_mp","vera4cast"
2026-05-13,2026-04-28,"P1D","fcre",NA,"ensemble",116,"ChlorophyllMaximum_depth_sample",4.75894196458701,"fCMdepth_mp","vera4cast"
2026-05-13,2026-04-28,"P1D","fcre",NA,"ensemble",147,"ChlorophyllMaximum_depth_sample",3.07733919950828,"fCMdepth_mp","vera4cast"
2026-05-14,2026-04-28,"P1D","fcre",NA,"ensemble",23,"ChlorophyllMaximum_depth_sample",3.02441202835398,"fCMdepth_mp","vera4cast"
2026-05-14,2026-04-28,"P1D","fcre",NA,"ensemble",54,"ChlorophyllMaximum_depth_sample",2.52769893372958,"fCMdepth_mp","vera4cast"
2026-05-14,2026-04-28,"P1D","fcre",NA,"ensemble",85,"ChlorophyllMaximum_depth_sample",2.64127830542488,"fCMdepth_mp","vera4cast"
2026-05-14,2026-04-28,"P1D","fcre",NA,"ensemble",116,"ChlorophyllMaximum_depth_sample",3.41812062431516,"fCMdepth_mp","vera4cast"
2026-05-14,2026-04-28,"P1D","fcre",NA,"ensemble",147,"ChlorophyllMaximum_depth_sample",3.37179335529525,"fCMdepth_mp","vera4cast"
2026-05-15,2026-04-28,"P1D","fcre",NA,"ensemble",23,"ChlorophyllMaximum_depth_sample",2.10984560431549,"fCMdepth_mp","vera4cast"
2026-05-15,2026-04-28,"P1D","fcre",NA,"ensemble",54,"ChlorophyllMaximum_depth_sample",2.64220448129171,"fCMdepth_mp","vera4cast"
2026-05-15,2026-04-28,"P1D","fcre",NA,"ensemble",85,"ChlorophyllMaximum_depth_sample",3.91528932522042,"fCMdepth_mp","vera4cast"
2026-05-15,2026-04-28,"P1D","fcre",NA,"ensemble",116,"ChlorophyllMaximum_depth_sample",1.11914698360633,"fCMdepth_mp","vera4cast"
2026-05-15,2026-04-28,"P1D","fcre",NA,"ensemble",147,"ChlorophyllMaximum_depth_sample",5.13539837387622,"fCMdepth_mp","vera4cast"
2026-05-16,2026-04-28,"P1D","fcre",NA,"ensemble",23,"ChlorophyllMaximum_depth_sample",2.82216689240368,"fCMdepth_mp","vera4cast"
2026-05-16,2026-04-28,"P1D","fcre",NA,"ensemble",54,"ChlorophyllMaximum_depth_sample",1.18503826375218,"fCMdepth_mp","vera4cast"
2026-05-16,2026-04-28,"P1D","fcre",NA,"ensemble",85,"ChlorophyllMaximum_depth_sample",2.97849304894365,"fCMdepth_mp","vera4cast"
2026-05-16,2026-04-28,"P1D","fcre",NA,"ensemble",116,"ChlorophyllMaximum_depth_sample",1.68163132714102,"fCMdepth_mp","vera4cast"
2026-05-16,2026-04-28,"P1D","fcre",NA,"ensemble",147,"ChlorophyllMaximum_depth_sample",3.07321497687915,"fCMdepth_mp","vera4cast"
2026-05-17,2026-04-28,"P1D","fcre",NA,"ensemble",23,"ChlorophyllMaximum_depth_sample",2.44883594666203,"fCMdepth_mp","vera4cast"
2026-05-17,2026-04-28,"P1D","fcre",NA,"ensemble",54,"ChlorophyllMaximum_depth_sample",5.16552400870521,"fCMdepth_mp","vera4cast"
2026-05-17,2026-04-28,"P1D","fcre",NA,"ensemble",85,"ChlorophyllMaximum_depth_sample",4.18813102851212,"fCMdepth_mp","vera4cast"
2026-05-17,2026-04-28,"P1D","fcre",NA,"ensemble",116,"ChlorophyllMaximum_depth_sample",3.73068218648983,"fCMdepth_mp","vera4cast"
2026-05-17,2026-04-28,"P1D","fcre",NA,"ensemble",147,"ChlorophyllMaximum_depth_sample",5.51632600366316,"fCMdepth_mp","vera4cast"
2026-05-18,2026-04-28,"P1D","fcre",NA,"ensemble",23,"ChlorophyllMaximum_depth_sample",3.98883056084074,"fCMdepth_mp","vera4cast"
2026-05-18,2026-04-28,"P1D","fcre",NA,"ensemble",54,"ChlorophyllMaximum_depth_sample",3.32572764458926,"fCMdepth_mp","vera4cast"
2026-05-18,2026-04-28,"P1D","fcre",NA,"ensemble",85,"ChlorophyllMaximum_depth_sample",3.83126402912348,"fCMdepth_mp","vera4cast"
2026-05-18,2026-04-28,"P1D","fcre",NA,"ensemble",116,"ChlorophyllMaximum_depth_sample",2.82099478154959,"fCMdepth_mp","vera4cast"
2026-05-18,2026-04-28,"P1D","fcre",NA,"ensemble",147,"ChlorophyllMaximum_depth_sample",1.89274742514581,"fCMdepth_mp","vera4cast"
2026-05-19,2026-04-28,"P1D","fcre",NA,"ensemble",23,"ChlorophyllMaximum_depth_sample",3.30739494507018,"fCMdepth_mp","vera4cast"
2026-05-19,2026-04-28,"P1D","fcre",NA,"ensemble",54,"ChlorophyllMaximum_depth_sample",4.53531018218445,"fCMdepth_mp","vera4cast"
2026-05-19,2026-04-28,"P1D","fcre",NA,"ensemble",85,"ChlorophyllMaximum_depth_sample",1.61879528639649,"fCMdepth_mp","vera4cast"
2026-05-19,2026-04-28,"P1D","fcre",NA,"ensemble",116,"ChlorophyllMaximum_depth_sample",1.97420107421097,"fCMdepth_mp","vera4cast"
2026-05-19,2026-04-28,"P1D","fcre",NA,"ensemble",147,"ChlorophyllMaximum_depth_sample",3.35261257297714,"fCMdepth_mp","vera4cast"
2026-05-20,2026-04-28,"P1D","fcre",NA,"ensemble",23,"ChlorophyllMaximum_depth_sample",0.77377191830549,"fCMdepth_mp","vera4cast"
2026-05-20,2026-04-28,"P1D","fcre",NA,"ensemble",54,"ChlorophyllMaximum_depth_sample",3.72586129248594,"fCMdepth_mp","vera4cast"
2026-05-20,2026-04-28,"P1D","fcre",NA,"ensemble",85,"ChlorophyllMaximum_depth_sample",2.21704990269919,"fCMdepth_mp","vera4cast"
2026-05-20,2026-04-28,"P1D","fcre",NA,"ensemble",116,"ChlorophyllMaximum_depth_sample",1.61252161721941,"fCMdepth_mp","vera4cast"
2026-05-20,2026-04-28,"P1D","fcre",NA,"ensemble",147,"ChlorophyllMaximum_depth_sample",2.24367509720017,"fCMdepth_mp","vera4cast"
2026-05-21,2026-04-28,"P1D","fcre",NA,"ensemble",23,"ChlorophyllMaximum_depth_sample",3.32753999919042,"fCMdepth_mp","vera4cast"
2026-05-21,2026-04-28,"P1D","fcre",NA,"ensemble",54,"ChlorophyllMaximum_depth_sample",3.71035383392354,"fCMdepth_mp","vera4cast"
2026-05-21,2026-04-28,"P1D","fcre",NA,"ensemble",85,"ChlorophyllMaximum_depth_sample",4.63924468488556,"fCMdepth_mp","vera4cast"
2026-05-21,2026-04-28,"P1D","fcre",NA,"ensemble",116,"ChlorophyllMaximum_depth_sample",2.34165206868057,"fCMdepth_mp","vera4cast"
2026-05-21,2026-04-28,"P1D","fcre",NA,"ensemble",147,"ChlorophyllMaximum_depth_sample",2.49435615817655,"fCMdepth_mp","vera4cast"
2026-05-22,2026-04-28,"P1D","fcre",NA,"ensemble",23,"ChlorophyllMaximum_depth_sample",4.04297307002146,"fCMdepth_mp","vera4cast"
2026-05-22,2026-04-28,"P1D","fcre",NA,"ensemble",54,"ChlorophyllMaximum_depth_sample",3.8534573116509,"fCMdepth_mp","vera4cast"
2026-05-22,2026-04-28,"P1D","fcre",NA,"ensemble",85,"ChlorophyllMaximum_depth_sample",4.2278952239482,"fCMdepth_mp","vera4cast"
2026-05-22,2026-04-28,"P1D","fcre",NA,"ensemble",116,"ChlorophyllMaximum_depth_sample",3.72628897948896,"fCMdepth_mp","vera4cast"
2026-05-22,2026-04-28,"P1D","fcre",NA,"ensemble",147,"ChlorophyllMaximum_depth_sample",4.15190959794076,"fCMdepth_mp","vera4cast"
2026-05-23,2026-04-28,"P1D","fcre",NA,"ensemble",23,"ChlorophyllMaximum_depth_sample",5.13450102904408,"fCMdepth_mp","vera4cast"
2026-05-23,2026-04-28,"P1D","fcre",NA,"ensemble",54,"ChlorophyllMaximum_depth_sample",3.59529131978445,"fCMdepth_mp","vera4cast"
2026-05-23,2026-04-28,"P1D","fcre",NA,"ensemble",85,"ChlorophyllMaximum_depth_sample",2.90078980229114,"fCMdepth_mp","vera4cast"
2026-05-23,2026-04-28,"P1D","fcre",NA,"ensemble",116,"ChlorophyllMaximum_depth_sample",3.64988033793297,"fCMdepth_mp","vera4cast"
2026-05-23,2026-04-28,"P1D","fcre",NA,"ensemble",147,"ChlorophyllMaximum_depth_sample",3.56461868932845,"fCMdepth_mp","vera4cast"
2026-05-24,2026-04-28,"P1D","fcre",NA,"ensemble",23,"ChlorophyllMaximum_depth_sample",4.24534870338083,"fCMdepth_mp","vera4cast"
2026-05-24,2026-04-28,"P1D","fcre",NA,"ensemble",54,"ChlorophyllMaximum_depth_sample",3.70766462287101,"fCMdepth_mp","vera4cast"
2026-05-24,2026-04-28,"P1D","fcre",NA,"ensemble",85,"ChlorophyllMaximum_depth_sample",5.23457432023752,"fCMdepth_mp","vera4cast"
2026-05-24,2026-04-28,"P1D","fcre",NA,"ensemble",116,"ChlorophyllMaximum_depth_sample",1.24746011948255,"fCMdepth_mp","vera4cast"
2026-05-24,2026-04-28,"P1D","fcre",NA,"ensemble",147,"ChlorophyllMaximum_depth_sample",2.07148551003697,"fCMdepth_mp","vera4cast"
2026-05-25,2026-04-28,"P1D","fcre",NA,"ensemble",23,"ChlorophyllMaximum_depth_sample",1.43503274247118,"fCMdepth_mp","vera4cast"
2026-05-25,2026-04-28,"P1D","fcre",NA,"ensemble",54,"ChlorophyllMaximum_depth_sample",3.81622357574424,"fCMdepth_mp","vera4cast"
2026-05-25,2026-04-28,"P1D","fcre",NA,"ensemble",85,"ChlorophyllMaximum_depth_sample",4.30653864477943,"fCMdepth_mp","vera4cast"
2026-05-25,2026-04-28,"P1D","fcre",NA,"ensemble",116,"ChlorophyllMaximum_depth_sample",2.09413759962552,"fCMdepth_mp","vera4cast"
2026-05-25,2026-04-28,"P1D","fcre",NA,"ensemble",147,"ChlorophyllMaximum_depth_sample",3.6809112722362,"fCMdepth_mp","vera4cast"
2026-05-26,2026-04-28,"P1D","fcre",NA,"ensemble",23,"ChlorophyllMaximum_depth_sample",2.98270208448083,"fCMdepth_mp","vera4cast"
2026-05-26,2026-04-28,"P1D","fcre",NA,"ensemble",54,"ChlorophyllMaximum_depth_sample",4.3980877342722,"fCMdepth_mp","vera4cast"
2026-05-26,2026-04-28,"P1D","fcre",NA,"ensemble",85,"ChlorophyllMaximum_depth_sample",2.0696317649519,"fCMdepth_mp","vera4cast"
2026-05-26,2026-04-28,"P1D","fcre",NA,"ensemble",116,"ChlorophyllMaximum_depth_sample",3.78826940397329,"fCMdepth_mp","vera4cast"
2026-05-26,2026-04-28,"P1D","fcre",NA,"ensemble",147,"ChlorophyllMaximum_depth_sample",3.11943808214297,"fCMdepth_mp","vera4cast"
2026-05-27,2026-04-28,"P1D","fcre",NA,"ensemble",23,"ChlorophyllMaximum_depth_sample",3.6614834960667,"fCMdepth_mp","vera4cast"
2026-05-27,2026-04-28,"P1D","fcre",NA,"ensemble",54,"ChlorophyllMaximum_depth_sample",5.24265730619327,"fCMdepth_mp","vera4cast"
2026-05-27,2026-04-28,"P1D","fcre",NA,"ensemble",85,"ChlorophyllMaximum_depth_sample",4.85194146984522,"fCMdepth_mp","vera4cast"
2026-05-27,2026-04-28,"P1D","fcre",NA,"ensemble",116,"ChlorophyllMaximum_depth_sample",3.77851000517507,"fCMdepth_mp","vera4cast"
2026-05-27,2026-04-28,"P1D","fcre",NA,"ensemble",147,"ChlorophyllMaximum_depth_sample",0.395472152375826,"fCMdepth_mp","vera4cast"
2026-05-28,2026-04-28,"P1D","fcre",NA,"ensemble",23,"ChlorophyllMaximum_depth_sample",2.2090022696616,"fCMdepth_mp","vera4cast"
2026-05-28,2026-04-28,"P1D","fcre",NA,"ensemble",54,"ChlorophyllMaximum_depth_sample",4.23296180101737,"fCMdepth_mp","vera4cast"
2026-05-28,2026-04-28,"P1D","fcre",NA,"ensemble",85,"ChlorophyllMaximum_depth_sample",3.60180483057171,"fCMdepth_mp","vera4cast"
2026-05-28,2026-04-28,"P1D","fcre",NA,"ensemble",116,"ChlorophyllMaximum_depth_sample",2.29312468708325,"fCMdepth_mp","vera4cast"
2026-05-28,2026-04-28,"P1D","fcre",NA,"ensemble",147,"ChlorophyllMaximum_depth_sample",3.59390476845485,"fCMdepth_mp","vera4cast"
2026-05-29,2026-04-28,"P1D","fcre",NA,"ensemble",23,"ChlorophyllMaximum_depth_sample",4.12150646040241,"fCMdepth_mp","vera4cast"
2026-05-29,2026-04-28,"P1D","fcre",NA,"ensemble",54,"ChlorophyllMaximum_depth_sample",1.85648931464535,"fCMdepth_mp","vera4cast"
2026-05-29,2026-04-28,"P1D","fcre",NA,"ensemble",85,"ChlorophyllMaximum_depth_sample",3.73284064689136,"fCMdepth_mp","vera4cast"
2026-05-29,2026-04-28,"P1D","fcre",NA,"ensemble",116,"ChlorophyllMaximum_depth_sample",1.36550877745995,"fCMdepth_mp","vera4cast"
2026-05-29,2026-04-28,"P1D","fcre",NA,"ensemble",147,"ChlorophyllMaximum_depth_sample",2.73937153140197,"fCMdepth_mp","vera4cast"
2026-05-30,2026-04-28,"P1D","fcre",NA,"ensemble",23,"ChlorophyllMaximum_depth_sample",2.82669012946872,"fCMdepth_mp","vera4cast"
2026-05-30,2026-04-28,"P1D","fcre",NA,"ensemble",54,"ChlorophyllMaximum_depth_sample",2.44336228406088,"fCMdepth_mp","vera4cast"
2026-05-30,2026-04-28,"P1D","fcre",NA,"ensemble",85,"ChlorophyllMaximum_depth_sample",3.40349504702108,"fCMdepth_mp","vera4cast"
2026-05-30,2026-04-28,"P1D","fcre",NA,"ensemble",116,"ChlorophyllMaximum_depth_sample",3.69738748705537,"fCMdepth_mp","vera4cast"
2026-05-30,2026-04-28,"P1D","fcre",NA,"ensemble",147,"ChlorophyllMaximum_depth_sample",2.71675504921959,"fCMdepth_mp","vera4cast"
2026-05-31,2026-04-28,"P1D","fcre",NA,"ensemble",23,"ChlorophyllMaximum_depth_sample",1.79822586976415,"fCMdepth_mp","vera4cast"
2026-05-31,2026-04-28,"P1D","fcre",NA,"ensemble",54,"ChlorophyllMaximum_depth_sample",2.89598520377226,"fCMdepth_mp","vera4cast"
2026-05-31,2026-04-28,"P1D","fcre",NA,"ensemble",85,"ChlorophyllMaximum_depth_sample",2.38322184845548,"fCMdepth_mp","vera4cast"
2026-05-31,2026-04-28,"P1D","fcre",NA,"ensemble",116,"ChlorophyllMaximum_depth_sample",4.52548388595065,"fCMdepth_mp","vera4cast"
2026-05-31,2026-04-28,"P1D","fcre",NA,"ensemble",147,"ChlorophyllMaximum_depth_sample",2.76730366869456,"fCMdepth_mp","vera4cast"
2026-06-01,2026-04-28,"P1D","fcre",NA,"ensemble",23,"ChlorophyllMaximum_depth_sample",2.87667033582718,"fCMdepth_mp","vera4cast"
2026-06-01,2026-04-28,"P1D","fcre",NA,"ensemble",54,"ChlorophyllMaximum_depth_sample",3.78742316508181,"fCMdepth_mp","vera4cast"
2026-06-01,2026-04-28,"P1D","fcre",NA,"ensemble",85,"ChlorophyllMaximum_depth_sample",3.4588049588045,"fCMdepth_mp","vera4cast"
2026-06-01,2026-04-28,"P1D","fcre",NA,"ensemble",116,"ChlorophyllMaximum_depth_sample",4.2818097232064,"fCMdepth_mp","vera4cast"
2026-06-01,2026-04-28,"P1D","fcre",NA,"ensemble",147,"ChlorophyllMaximum_depth_sample",1.00861127094837,"fCMdepth_mp","vera4cast"
2026-04-29,2026-04-28,"P1D","fcre",NA,"ensemble",24,"ChlorophyllMaximum_depth_sample",3.08260899804881,"fCMdepth_mp","vera4cast"
2026-04-29,2026-04-28,"P1D","fcre",NA,"ensemble",55,"ChlorophyllMaximum_depth_sample",5.28544531266574,"fCMdepth_mp","vera4cast"
2026-04-29,2026-04-28,"P1D","fcre",NA,"ensemble",86,"ChlorophyllMaximum_depth_sample",2.8830086424417,"fCMdepth_mp","vera4cast"
2026-04-29,2026-04-28,"P1D","fcre",NA,"ensemble",117,"ChlorophyllMaximum_depth_sample",4.49396486010827,"fCMdepth_mp","vera4cast"
2026-04-29,2026-04-28,"P1D","fcre",NA,"ensemble",148,"ChlorophyllMaximum_depth_sample",2.95445876486537,"fCMdepth_mp","vera4cast"
2026-04-30,2026-04-28,"P1D","fcre",NA,"ensemble",24,"ChlorophyllMaximum_depth_sample",2.90071292766115,"fCMdepth_mp","vera4cast"
2026-04-30,2026-04-28,"P1D","fcre",NA,"ensemble",55,"ChlorophyllMaximum_depth_sample",-0.294556797231972,"fCMdepth_mp","vera4cast"
2026-04-30,2026-04-28,"P1D","fcre",NA,"ensemble",86,"ChlorophyllMaximum_depth_sample",2.46557948069823,"fCMdepth_mp","vera4cast"
2026-04-30,2026-04-28,"P1D","fcre",NA,"ensemble",117,"ChlorophyllMaximum_depth_sample",2.63408923361406,"fCMdepth_mp","vera4cast"
2026-04-30,2026-04-28,"P1D","fcre",NA,"ensemble",148,"ChlorophyllMaximum_depth_sample",3.49607686993089,"fCMdepth_mp","vera4cast"
2026-05-01,2026-04-28,"P1D","fcre",NA,"ensemble",24,"ChlorophyllMaximum_depth_sample",3.12870793113823,"fCMdepth_mp","vera4cast"
2026-05-01,2026-04-28,"P1D","fcre",NA,"ensemble",55,"ChlorophyllMaximum_depth_sample",4.27860685465721,"fCMdepth_mp","vera4cast"
2026-05-01,2026-04-28,"P1D","fcre",NA,"ensemble",86,"ChlorophyllMaximum_depth_sample",2.3575513778611,"fCMdepth_mp","vera4cast"
2026-05-01,2026-04-28,"P1D","fcre",NA,"ensemble",117,"ChlorophyllMaximum_depth_sample",3.52122464553325,"fCMdepth_mp","vera4cast"
2026-05-01,2026-04-28,"P1D","fcre",NA,"ensemble",148,"ChlorophyllMaximum_depth_sample",3.93832821972308,"fCMdepth_mp","vera4cast"
2026-05-02,2026-04-28,"P1D","fcre",NA,"ensemble",24,"ChlorophyllMaximum_depth_sample",4.17763901424991,"fCMdepth_mp","vera4cast"
2026-05-02,2026-04-28,"P1D","fcre",NA,"ensemble",55,"ChlorophyllMaximum_depth_sample",4.93623318426569,"fCMdepth_mp","vera4cast"
2026-05-02,2026-04-28,"P1D","fcre",NA,"ensemble",86,"ChlorophyllMaximum_depth_sample",4.42508046024861,"fCMdepth_mp","vera4cast"
2026-05-02,2026-04-28,"P1D","fcre",NA,"ensemble",117,"ChlorophyllMaximum_depth_sample",1.73504634901105,"fCMdepth_mp","vera4cast"
2026-05-02,2026-04-28,"P1D","fcre",NA,"ensemble",148,"ChlorophyllMaximum_depth_sample",5.34418647629343,"fCMdepth_mp","vera4cast"
2026-05-03,2026-04-28,"P1D","fcre",NA,"ensemble",24,"ChlorophyllMaximum_depth_sample",2.9746567007563,"fCMdepth_mp","vera4cast"
2026-05-03,2026-04-28,"P1D","fcre",NA,"ensemble",55,"ChlorophyllMaximum_depth_sample",3.44381305079618,"fCMdepth_mp","vera4cast"
2026-05-03,2026-04-28,"P1D","fcre",NA,"ensemble",86,"ChlorophyllMaximum_depth_sample",3.65665609838873,"fCMdepth_mp","vera4cast"
2026-05-03,2026-04-28,"P1D","fcre",NA,"ensemble",117,"ChlorophyllMaximum_depth_sample",1.55166597410121,"fCMdepth_mp","vera4cast"
2026-05-03,2026-04-28,"P1D","fcre",NA,"ensemble",148,"ChlorophyllMaximum_depth_sample",3.75778376817457,"fCMdepth_mp","vera4cast"
2026-05-04,2026-04-28,"P1D","fcre",NA,"ensemble",24,"ChlorophyllMaximum_depth_sample",0.273271746887696,"fCMdepth_mp","vera4cast"
2026-05-04,2026-04-28,"P1D","fcre",NA,"ensemble",55,"ChlorophyllMaximum_depth_sample",3.63814563645943,"fCMdepth_mp","vera4cast"
2026-05-04,2026-04-28,"P1D","fcre",NA,"ensemble",86,"ChlorophyllMaximum_depth_sample",1.47744691322971,"fCMdepth_mp","vera4cast"
2026-05-04,2026-04-28,"P1D","fcre",NA,"ensemble",117,"ChlorophyllMaximum_depth_sample",2.18407037570601,"fCMdepth_mp","vera4cast"
2026-05-04,2026-04-28,"P1D","fcre",NA,"ensemble",148,"ChlorophyllMaximum_depth_sample",2.57091262941775,"fCMdepth_mp","vera4cast"
2026-05-05,2026-04-28,"P1D","fcre",NA,"ensemble",24,"ChlorophyllMaximum_depth_sample",1.96088073496221,"fCMdepth_mp","vera4cast"
2026-05-05,2026-04-28,"P1D","fcre",NA,"ensemble",55,"ChlorophyllMaximum_depth_sample",4.01551111073997,"fCMdepth_mp","vera4cast"
2026-05-05,2026-04-28,"P1D","fcre",NA,"ensemble",86,"ChlorophyllMaximum_depth_sample",4.30247682319171,"fCMdepth_mp","vera4cast"
2026-05-05,2026-04-28,"P1D","fcre",NA,"ensemble",117,"ChlorophyllMaximum_depth_sample",1.87100320533374,"fCMdepth_mp","vera4cast"
2026-05-05,2026-04-28,"P1D","fcre",NA,"ensemble",148,"ChlorophyllMaximum_depth_sample",3.53010302589642,"fCMdepth_mp","vera4cast"
2026-05-06,2026-04-28,"P1D","fcre",NA,"ensemble",24,"ChlorophyllMaximum_depth_sample",3.21302563141524,"fCMdepth_mp","vera4cast"
2026-05-06,2026-04-28,"P1D","fcre",NA,"ensemble",55,"ChlorophyllMaximum_depth_sample",4.50549996848458,"fCMdepth_mp","vera4cast"
2026-05-06,2026-04-28,"P1D","fcre",NA,"ensemble",86,"ChlorophyllMaximum_depth_sample",2.6875631596763,"fCMdepth_mp","vera4cast"
2026-05-06,2026-04-28,"P1D","fcre",NA,"ensemble",117,"ChlorophyllMaximum_depth_sample",2.04747385918264,"fCMdepth_mp","vera4cast"
2026-05-06,2026-04-28,"P1D","fcre",NA,"ensemble",148,"ChlorophyllMaximum_depth_sample",3.00093698578638,"fCMdepth_mp","vera4cast"
2026-05-07,2026-04-28,"P1D","fcre",NA,"ensemble",24,"ChlorophyllMaximum_depth_sample",4.3584213155706,"fCMdepth_mp","vera4cast"
2026-05-07,2026-04-28,"P1D","fcre",NA,"ensemble",55,"ChlorophyllMaximum_depth_sample",2.43829957105709,"fCMdepth_mp","vera4cast"
2026-05-07,2026-04-28,"P1D","fcre",NA,"ensemble",86,"ChlorophyllMaximum_depth_sample",5.18619069178565,"fCMdepth_mp","vera4cast"
2026-05-07,2026-04-28,"P1D","fcre",NA,"ensemble",117,"ChlorophyllMaximum_depth_sample",3.13913568973808,"fCMdepth_mp","vera4cast"
2026-05-07,2026-04-28,"P1D","fcre",NA,"ensemble",148,"ChlorophyllMaximum_depth_sample",3.4471685525185,"fCMdepth_mp","vera4cast"
2026-05-08,2026-04-28,"P1D","fcre",NA,"ensemble",24,"ChlorophyllMaximum_depth_sample",3.37000576107882,"fCMdepth_mp","vera4cast"
2026-05-08,2026-04-28,"P1D","fcre",NA,"ensemble",55,"ChlorophyllMaximum_depth_sample",3.06193231606058,"fCMdepth_mp","vera4cast"
2026-05-08,2026-04-28,"P1D","fcre",NA,"ensemble",86,"ChlorophyllMaximum_depth_sample",2.91106226703741,"fCMdepth_mp","vera4cast"
2026-05-08,2026-04-28,"P1D","fcre",NA,"ensemble",117,"ChlorophyllMaximum_depth_sample",1.68211914642012,"fCMdepth_mp","vera4cast"
2026-05-08,2026-04-28,"P1D","fcre",NA,"ensemble",148,"ChlorophyllMaximum_depth_sample",3.38915219244066,"fCMdepth_mp","vera4cast"
2026-05-09,2026-04-28,"P1D","fcre",NA,"ensemble",24,"ChlorophyllMaximum_depth_sample",3.77661145774352,"fCMdepth_mp","vera4cast"
2026-05-09,2026-04-28,"P1D","fcre",NA,"ensemble",55,"ChlorophyllMaximum_depth_sample",3.14596048981941,"fCMdepth_mp","vera4cast"
2026-05-09,2026-04-28,"P1D","fcre",NA,"ensemble",86,"ChlorophyllMaximum_depth_sample",2.34056643457783,"fCMdepth_mp","vera4cast"
2026-05-09,2026-04-28,"P1D","fcre",NA,"ensemble",117,"ChlorophyllMaximum_depth_sample",3.72016669889295,"fCMdepth_mp","vera4cast"
2026-05-09,2026-04-28,"P1D","fcre",NA,"ensemble",148,"ChlorophyllMaximum_depth_sample",3.64130395601102,"fCMdepth_mp","vera4cast"
2026-05-10,2026-04-28,"P1D","fcre",NA,"ensemble",24,"ChlorophyllMaximum_depth_sample",4.24636155782325,"fCMdepth_mp","vera4cast"
2026-05-10,2026-04-28,"P1D","fcre",NA,"ensemble",55,"ChlorophyllMaximum_depth_sample",2.26771173261847,"fCMdepth_mp","vera4cast"
2026-05-10,2026-04-28,"P1D","fcre",NA,"ensemble",86,"ChlorophyllMaximum_depth_sample",3.54143257681145,"fCMdepth_mp","vera4cast"
2026-05-10,2026-04-28,"P1D","fcre",NA,"ensemble",117,"ChlorophyllMaximum_depth_sample",5.38930393862355,"fCMdepth_mp","vera4cast"
2026-05-10,2026-04-28,"P1D","fcre",NA,"ensemble",148,"ChlorophyllMaximum_depth_sample",3.33961930654567,"fCMdepth_mp","vera4cast"
2026-05-11,2026-04-28,"P1D","fcre",NA,"ensemble",24,"ChlorophyllMaximum_depth_sample",1.30421394994653,"fCMdepth_mp","vera4cast"
2026-05-11,2026-04-28,"P1D","fcre",NA,"ensemble",55,"ChlorophyllMaximum_depth_sample",1.07412898553806,"fCMdepth_mp","vera4cast"
2026-05-11,2026-04-28,"P1D","fcre",NA,"ensemble",86,"ChlorophyllMaximum_depth_sample",2.81792513464354,"fCMdepth_mp","vera4cast"
2026-05-11,2026-04-28,"P1D","fcre",NA,"ensemble",117,"ChlorophyllMaximum_depth_sample",3.67289906200856,"fCMdepth_mp","vera4cast"
2026-05-11,2026-04-28,"P1D","fcre",NA,"ensemble",148,"ChlorophyllMaximum_depth_sample",2.19558391299998,"fCMdepth_mp","vera4cast"
2026-05-12,2026-04-28,"P1D","fcre",NA,"ensemble",24,"ChlorophyllMaximum_depth_sample",2.8806637765113,"fCMdepth_mp","vera4cast"
2026-05-12,2026-04-28,"P1D","fcre",NA,"ensemble",55,"ChlorophyllMaximum_depth_sample",3.28710562770284,"fCMdepth_mp","vera4cast"
2026-05-12,2026-04-28,"P1D","fcre",NA,"ensemble",86,"ChlorophyllMaximum_depth_sample",1.46889774162149,"fCMdepth_mp","vera4cast"
2026-05-12,2026-04-28,"P1D","fcre",NA,"ensemble",117,"ChlorophyllMaximum_depth_sample",4.92478050571082,"fCMdepth_mp","vera4cast"
2026-05-12,2026-04-28,"P1D","fcre",NA,"ensemble",148,"ChlorophyllMaximum_depth_sample",3.16277376893764,"fCMdepth_mp","vera4cast"
2026-05-13,2026-04-28,"P1D","fcre",NA,"ensemble",24,"ChlorophyllMaximum_depth_sample",3.1174946983684,"fCMdepth_mp","vera4cast"
2026-05-13,2026-04-28,"P1D","fcre",NA,"ensemble",55,"ChlorophyllMaximum_depth_sample",2.7530631374263,"fCMdepth_mp","vera4cast"
2026-05-13,2026-04-28,"P1D","fcre",NA,"ensemble",86,"ChlorophyllMaximum_depth_sample",2.64312749002036,"fCMdepth_mp","vera4cast"
2026-05-13,2026-04-28,"P1D","fcre",NA,"ensemble",117,"ChlorophyllMaximum_depth_sample",3.23355847541227,"fCMdepth_mp","vera4cast"
2026-05-13,2026-04-28,"P1D","fcre",NA,"ensemble",148,"ChlorophyllMaximum_depth_sample",2.78133926010141,"fCMdepth_mp","vera4cast"
2026-05-14,2026-04-28,"P1D","fcre",NA,"ensemble",24,"ChlorophyllMaximum_depth_sample",4.27039819385792,"fCMdepth_mp","vera4cast"
2026-05-14,2026-04-28,"P1D","fcre",NA,"ensemble",55,"ChlorophyllMaximum_depth_sample",2.73123184005532,"fCMdepth_mp","vera4cast"
2026-05-14,2026-04-28,"P1D","fcre",NA,"ensemble",86,"ChlorophyllMaximum_depth_sample",1.79894114872823,"fCMdepth_mp","vera4cast"
2026-05-14,2026-04-28,"P1D","fcre",NA,"ensemble",117,"ChlorophyllMaximum_depth_sample",2.7847740243258,"fCMdepth_mp","vera4cast"
2026-05-14,2026-04-28,"P1D","fcre",NA,"ensemble",148,"ChlorophyllMaximum_depth_sample",3.81881328691541,"fCMdepth_mp","vera4cast"
2026-05-15,2026-04-28,"P1D","fcre",NA,"ensemble",24,"ChlorophyllMaximum_depth_sample",2.60160266079127,"fCMdepth_mp","vera4cast"
2026-05-15,2026-04-28,"P1D","fcre",NA,"ensemble",55,"ChlorophyllMaximum_depth_sample",4.18722142237887,"fCMdepth_mp","vera4cast"
2026-05-15,2026-04-28,"P1D","fcre",NA,"ensemble",86,"ChlorophyllMaximum_depth_sample",4.19784217924887,"fCMdepth_mp","vera4cast"
2026-05-15,2026-04-28,"P1D","fcre",NA,"ensemble",117,"ChlorophyllMaximum_depth_sample",2.67953825841711,"fCMdepth_mp","vera4cast"
2026-05-15,2026-04-28,"P1D","fcre",NA,"ensemble",148,"ChlorophyllMaximum_depth_sample",2.7911539627028,"fCMdepth_mp","vera4cast"
2026-05-16,2026-04-28,"P1D","fcre",NA,"ensemble",24,"ChlorophyllMaximum_depth_sample",3.66162610090288,"fCMdepth_mp","vera4cast"
2026-05-16,2026-04-28,"P1D","fcre",NA,"ensemble",55,"ChlorophyllMaximum_depth_sample",4.27510115329679,"fCMdepth_mp","vera4cast"
2026-05-16,2026-04-28,"P1D","fcre",NA,"ensemble",86,"ChlorophyllMaximum_depth_sample",2.52312668556208,"fCMdepth_mp","vera4cast"
2026-05-16,2026-04-28,"P1D","fcre",NA,"ensemble",117,"ChlorophyllMaximum_depth_sample",3.21423768151348,"fCMdepth_mp","vera4cast"
2026-05-16,2026-04-28,"P1D","fcre",NA,"ensemble",148,"ChlorophyllMaximum_depth_sample",4.626092654037,"fCMdepth_mp","vera4cast"
2026-05-17,2026-04-28,"P1D","fcre",NA,"ensemble",24,"ChlorophyllMaximum_depth_sample",3.17077168474411,"fCMdepth_mp","vera4cast"
2026-05-17,2026-04-28,"P1D","fcre",NA,"ensemble",55,"ChlorophyllMaximum_depth_sample",2.51184332068261,"fCMdepth_mp","vera4cast"
2026-05-17,2026-04-28,"P1D","fcre",NA,"ensemble",86,"ChlorophyllMaximum_depth_sample",3.83286128585842,"fCMdepth_mp","vera4cast"
2026-05-17,2026-04-28,"P1D","fcre",NA,"ensemble",117,"ChlorophyllMaximum_depth_sample",3.70162473676871,"fCMdepth_mp","vera4cast"
2026-05-17,2026-04-28,"P1D","fcre",NA,"ensemble",148,"ChlorophyllMaximum_depth_sample",3.36211146637753,"fCMdepth_mp","vera4cast"
2026-05-18,2026-04-28,"P1D","fcre",NA,"ensemble",24,"ChlorophyllMaximum_depth_sample",6.30105095945765,"fCMdepth_mp","vera4cast"
2026-05-18,2026-04-28,"P1D","fcre",NA,"ensemble",55,"ChlorophyllMaximum_depth_sample",4.0524634215757,"fCMdepth_mp","vera4cast"
2026-05-18,2026-04-28,"P1D","fcre",NA,"ensemble",86,"ChlorophyllMaximum_depth_sample",2.88487922103308,"fCMdepth_mp","vera4cast"
2026-05-18,2026-04-28,"P1D","fcre",NA,"ensemble",117,"ChlorophyllMaximum_depth_sample",3.91053186750517,"fCMdepth_mp","vera4cast"
2026-05-18,2026-04-28,"P1D","fcre",NA,"ensemble",148,"ChlorophyllMaximum_depth_sample",2.81287737980956,"fCMdepth_mp","vera4cast"
2026-05-19,2026-04-28,"P1D","fcre",NA,"ensemble",24,"ChlorophyllMaximum_depth_sample",3.88533215716773,"fCMdepth_mp","vera4cast"
2026-05-19,2026-04-28,"P1D","fcre",NA,"ensemble",55,"ChlorophyllMaximum_depth_sample",3.38842432990013,"fCMdepth_mp","vera4cast"
2026-05-19,2026-04-28,"P1D","fcre",NA,"ensemble",86,"ChlorophyllMaximum_depth_sample",6.09868650618966,"fCMdepth_mp","vera4cast"
2026-05-19,2026-04-28,"P1D","fcre",NA,"ensemble",117,"ChlorophyllMaximum_depth_sample",4.72263803113741,"fCMdepth_mp","vera4cast"
2026-05-19,2026-04-28,"P1D","fcre",NA,"ensemble",148,"ChlorophyllMaximum_depth_sample",5.54849192970456,"fCMdepth_mp","vera4cast"
2026-05-20,2026-04-28,"P1D","fcre",NA,"ensemble",24,"ChlorophyllMaximum_depth_sample",2.68287091260051,"fCMdepth_mp","vera4cast"
2026-05-20,2026-04-28,"P1D","fcre",NA,"ensemble",55,"ChlorophyllMaximum_depth_sample",5.87976737866708,"fCMdepth_mp","vera4cast"
2026-05-20,2026-04-28,"P1D","fcre",NA,"ensemble",86,"ChlorophyllMaximum_depth_sample",2.11577914549806,"fCMdepth_mp","vera4cast"
2026-05-20,2026-04-28,"P1D","fcre",NA,"ensemble",117,"ChlorophyllMaximum_depth_sample",2.81003714914045,"fCMdepth_mp","vera4cast"
2026-05-20,2026-04-28,"P1D","fcre",NA,"ensemble",148,"ChlorophyllMaximum_depth_sample",4.29295167671382,"fCMdepth_mp","vera4cast"
2026-05-21,2026-04-28,"P1D","fcre",NA,"ensemble",24,"ChlorophyllMaximum_depth_sample",1.4433140184583,"fCMdepth_mp","vera4cast"
2026-05-21,2026-04-28,"P1D","fcre",NA,"ensemble",55,"ChlorophyllMaximum_depth_sample",4.96206544469291,"fCMdepth_mp","vera4cast"
2026-05-21,2026-04-28,"P1D","fcre",NA,"ensemble",86,"ChlorophyllMaximum_depth_sample",2.14642484284359,"fCMdepth_mp","vera4cast"
2026-05-21,2026-04-28,"P1D","fcre",NA,"ensemble",117,"ChlorophyllMaximum_depth_sample",1.72595353524752,"fCMdepth_mp","vera4cast"
2026-05-21,2026-04-28,"P1D","fcre",NA,"ensemble",148,"ChlorophyllMaximum_depth_sample",3.11484287255769,"fCMdepth_mp","vera4cast"
2026-05-22,2026-04-28,"P1D","fcre",NA,"ensemble",24,"ChlorophyllMaximum_depth_sample",2.11936381142074,"fCMdepth_mp","vera4cast"
2026-05-22,2026-04-28,"P1D","fcre",NA,"ensemble",55,"ChlorophyllMaximum_depth_sample",2.58454351995638,"fCMdepth_mp","vera4cast"
2026-05-22,2026-04-28,"P1D","fcre",NA,"ensemble",86,"ChlorophyllMaximum_depth_sample",4.41120835780682,"fCMdepth_mp","vera4cast"
2026-05-22,2026-04-28,"P1D","fcre",NA,"ensemble",117,"ChlorophyllMaximum_depth_sample",4.16425597641592,"fCMdepth_mp","vera4cast"
2026-05-22,2026-04-28,"P1D","fcre",NA,"ensemble",148,"ChlorophyllMaximum_depth_sample",3.17284117677355,"fCMdepth_mp","vera4cast"
2026-05-23,2026-04-28,"P1D","fcre",NA,"ensemble",24,"ChlorophyllMaximum_depth_sample",3.20471336007052,"fCMdepth_mp","vera4cast"
2026-05-23,2026-04-28,"P1D","fcre",NA,"ensemble",55,"ChlorophyllMaximum_depth_sample",3.66917010471116,"fCMdepth_mp","vera4cast"
2026-05-23,2026-04-28,"P1D","fcre",NA,"ensemble",86,"ChlorophyllMaximum_depth_sample",4.13987847981167,"fCMdepth_mp","vera4cast"
2026-05-23,2026-04-28,"P1D","fcre",NA,"ensemble",117,"ChlorophyllMaximum_depth_sample",2.7880998929299,"fCMdepth_mp","vera4cast"
2026-05-23,2026-04-28,"P1D","fcre",NA,"ensemble",148,"ChlorophyllMaximum_depth_sample",3.90592157871989,"fCMdepth_mp","vera4cast"
2026-05-24,2026-04-28,"P1D","fcre",NA,"ensemble",24,"ChlorophyllMaximum_depth_sample",2.45885689210571,"fCMdepth_mp","vera4cast"
2026-05-24,2026-04-28,"P1D","fcre",NA,"ensemble",55,"ChlorophyllMaximum_depth_sample",3.98388935953624,"fCMdepth_mp","vera4cast"
2026-05-24,2026-04-28,"P1D","fcre",NA,"ensemble",86,"ChlorophyllMaximum_depth_sample",2.02340471005232,"fCMdepth_mp","vera4cast"
2026-05-24,2026-04-28,"P1D","fcre",NA,"ensemble",117,"ChlorophyllMaximum_depth_sample",0.819299279507799,"fCMdepth_mp","vera4cast"
2026-05-24,2026-04-28,"P1D","fcre",NA,"ensemble",148,"ChlorophyllMaximum_depth_sample",2.3386120559589,"fCMdepth_mp","vera4cast"
2026-05-25,2026-04-28,"P1D","fcre",NA,"ensemble",24,"ChlorophyllMaximum_depth_sample",4.17218819194906,"fCMdepth_mp","vera4cast"
2026-05-25,2026-04-28,"P1D","fcre",NA,"ensemble",55,"ChlorophyllMaximum_depth_sample",4.70851477229464,"fCMdepth_mp","vera4cast"
2026-05-25,2026-04-28,"P1D","fcre",NA,"ensemble",86,"ChlorophyllMaximum_depth_sample",2.53872098015962,"fCMdepth_mp","vera4cast"
2026-05-25,2026-04-28,"P1D","fcre",NA,"ensemble",117,"ChlorophyllMaximum_depth_sample",1.97819082713666,"fCMdepth_mp","vera4cast"
2026-05-25,2026-04-28,"P1D","fcre",NA,"ensemble",148,"ChlorophyllMaximum_depth_sample",3.80462125579196,"fCMdepth_mp","vera4cast"
2026-05-26,2026-04-28,"P1D","fcre",NA,"ensemble",24,"ChlorophyllMaximum_depth_sample",2.98825711399921,"fCMdepth_mp","vera4cast"
2026-05-26,2026-04-28,"P1D","fcre",NA,"ensemble",55,"ChlorophyllMaximum_depth_sample",3.1353348367628,"fCMdepth_mp","vera4cast"
2026-05-26,2026-04-28,"P1D","fcre",NA,"ensemble",86,"ChlorophyllMaximum_depth_sample",3.98604912983027,"fCMdepth_mp","vera4cast"
2026-05-26,2026-04-28,"P1D","fcre",NA,"ensemble",117,"ChlorophyllMaximum_depth_sample",1.66919631013737,"fCMdepth_mp","vera4cast"
2026-05-26,2026-04-28,"P1D","fcre",NA,"ensemble",148,"ChlorophyllMaximum_depth_sample",2.52748470456883,"fCMdepth_mp","vera4cast"
2026-05-27,2026-04-28,"P1D","fcre",NA,"ensemble",24,"ChlorophyllMaximum_depth_sample",2.51706674773643,"fCMdepth_mp","vera4cast"
2026-05-27,2026-04-28,"P1D","fcre",NA,"ensemble",55,"ChlorophyllMaximum_depth_sample",2.99341442722551,"fCMdepth_mp","vera4cast"
2026-05-27,2026-04-28,"P1D","fcre",NA,"ensemble",86,"ChlorophyllMaximum_depth_sample",1.8429755890617,"fCMdepth_mp","vera4cast"
2026-05-27,2026-04-28,"P1D","fcre",NA,"ensemble",117,"ChlorophyllMaximum_depth_sample",2.63099693132908,"fCMdepth_mp","vera4cast"
2026-05-27,2026-04-28,"P1D","fcre",NA,"ensemble",148,"ChlorophyllMaximum_depth_sample",1.38208604348625,"fCMdepth_mp","vera4cast"
2026-05-28,2026-04-28,"P1D","fcre",NA,"ensemble",24,"ChlorophyllMaximum_depth_sample",3.2748160870358,"fCMdepth_mp","vera4cast"
2026-05-28,2026-04-28,"P1D","fcre",NA,"ensemble",55,"ChlorophyllMaximum_depth_sample",1.12596639198146,"fCMdepth_mp","vera4cast"
2026-05-28,2026-04-28,"P1D","fcre",NA,"ensemble",86,"ChlorophyllMaximum_depth_sample",2.01601523608974,"fCMdepth_mp","vera4cast"
2026-05-28,2026-04-28,"P1D","fcre",NA,"ensemble",117,"ChlorophyllMaximum_depth_sample",1.06619179304351,"fCMdepth_mp","vera4cast"
2026-05-28,2026-04-28,"P1D","fcre",NA,"ensemble",148,"ChlorophyllMaximum_depth_sample",0.423244184961384,"fCMdepth_mp","vera4cast"
2026-05-29,2026-04-28,"P1D","fcre",NA,"ensemble",24,"ChlorophyllMaximum_depth_sample",2.57620230126917,"fCMdepth_mp","vera4cast"
2026-05-29,2026-04-28,"P1D","fcre",NA,"ensemble",55,"ChlorophyllMaximum_depth_sample",3.31513950236325,"fCMdepth_mp","vera4cast"
2026-05-29,2026-04-28,"P1D","fcre",NA,"ensemble",86,"ChlorophyllMaximum_depth_sample",2.78625285268172,"fCMdepth_mp","vera4cast"
2026-05-29,2026-04-28,"P1D","fcre",NA,"ensemble",117,"ChlorophyllMaximum_depth_sample",2.92951524339021,"fCMdepth_mp","vera4cast"
2026-05-29,2026-04-28,"P1D","fcre",NA,"ensemble",148,"ChlorophyllMaximum_depth_sample",1.92318224839043,"fCMdepth_mp","vera4cast"
2026-05-30,2026-04-28,"P1D","fcre",NA,"ensemble",24,"ChlorophyllMaximum_depth_sample",2.92000728324168,"fCMdepth_mp","vera4cast"
2026-05-30,2026-04-28,"P1D","fcre",NA,"ensemble",55,"ChlorophyllMaximum_depth_sample",2.7111508575088,"fCMdepth_mp","vera4cast"
2026-05-30,2026-04-28,"P1D","fcre",NA,"ensemble",86,"ChlorophyllMaximum_depth_sample",2.83176155462392,"fCMdepth_mp","vera4cast"
2026-05-30,2026-04-28,"P1D","fcre",NA,"ensemble",117,"ChlorophyllMaximum_depth_sample",1.3485584955776,"fCMdepth_mp","vera4cast"
2026-05-30,2026-04-28,"P1D","fcre",NA,"ensemble",148,"ChlorophyllMaximum_depth_sample",3.05550260235479,"fCMdepth_mp","vera4cast"
2026-05-31,2026-04-28,"P1D","fcre",NA,"ensemble",24,"ChlorophyllMaximum_depth_sample",3.13626720999039,"fCMdepth_mp","vera4cast"
2026-05-31,2026-04-28,"P1D","fcre",NA,"ensemble",55,"ChlorophyllMaximum_depth_sample",2.96878433795689,"fCMdepth_mp","vera4cast"
2026-05-31,2026-04-28,"P1D","fcre",NA,"ensemble",86,"ChlorophyllMaximum_depth_sample",2.0318788545241,"fCMdepth_mp","vera4cast"
2026-05-31,2026-04-28,"P1D","fcre",NA,"ensemble",117,"ChlorophyllMaximum_depth_sample",0.161484913168153,"fCMdepth_mp","vera4cast"
2026-05-31,2026-04-28,"P1D","fcre",NA,"ensemble",148,"ChlorophyllMaximum_depth_sample",0.130155562362718,"fCMdepth_mp","vera4cast"
2026-06-01,2026-04-28,"P1D","fcre",NA,"ensemble",24,"ChlorophyllMaximum_depth_sample",2.98545990269655,"fCMdepth_mp","vera4cast"
2026-06-01,2026-04-28,"P1D","fcre",NA,"ensemble",55,"ChlorophyllMaximum_depth_sample",2.78868912222032,"fCMdepth_mp","vera4cast"
2026-06-01,2026-04-28,"P1D","fcre",NA,"ensemble",86,"ChlorophyllMaximum_depth_sample",2.97876279183616,"fCMdepth_mp","vera4cast"
2026-06-01,2026-04-28,"P1D","fcre",NA,"ensemble",117,"ChlorophyllMaximum_depth_sample",4.34834623170461,"fCMdepth_mp","vera4cast"
2026-06-01,2026-04-28,"P1D","fcre",NA,"ensemble",148,"ChlorophyllMaximum_depth_sample",4.62780884012514,"fCMdepth_mp","vera4cast"
2026-04-29,2026-04-28,"P1D","fcre",NA,"ensemble",25,"ChlorophyllMaximum_depth_sample",2.64468809656811,"fCMdepth_mp","vera4cast"
2026-04-29,2026-04-28,"P1D","fcre",NA,"ensemble",56,"ChlorophyllMaximum_depth_sample",3.96013251924741,"fCMdepth_mp","vera4cast"
2026-04-29,2026-04-28,"P1D","fcre",NA,"ensemble",87,"ChlorophyllMaximum_depth_sample",3.70064809854212,"fCMdepth_mp","vera4cast"
2026-04-29,2026-04-28,"P1D","fcre",NA,"ensemble",118,"ChlorophyllMaximum_depth_sample",3.5275917368403,"fCMdepth_mp","vera4cast"
2026-04-29,2026-04-28,"P1D","fcre",NA,"ensemble",149,"ChlorophyllMaximum_depth_sample",1.78228501415142,"fCMdepth_mp","vera4cast"
2026-04-30,2026-04-28,"P1D","fcre",NA,"ensemble",25,"ChlorophyllMaximum_depth_sample",2.60791005869359,"fCMdepth_mp","vera4cast"
2026-04-30,2026-04-28,"P1D","fcre",NA,"ensemble",56,"ChlorophyllMaximum_depth_sample",3.42783458555754,"fCMdepth_mp","vera4cast"
2026-04-30,2026-04-28,"P1D","fcre",NA,"ensemble",87,"ChlorophyllMaximum_depth_sample",4.58805786245727,"fCMdepth_mp","vera4cast"
2026-04-30,2026-04-28,"P1D","fcre",NA,"ensemble",118,"ChlorophyllMaximum_depth_sample",-0.111563030010311,"fCMdepth_mp","vera4cast"
2026-04-30,2026-04-28,"P1D","fcre",NA,"ensemble",149,"ChlorophyllMaximum_depth_sample",3.63030939280299,"fCMdepth_mp","vera4cast"
2026-05-01,2026-04-28,"P1D","fcre",NA,"ensemble",25,"ChlorophyllMaximum_depth_sample",4.57153398421331,"fCMdepth_mp","vera4cast"
2026-05-01,2026-04-28,"P1D","fcre",NA,"ensemble",56,"ChlorophyllMaximum_depth_sample",3.34011942681161,"fCMdepth_mp","vera4cast"
2026-05-01,2026-04-28,"P1D","fcre",NA,"ensemble",87,"ChlorophyllMaximum_depth_sample",2.56386422923986,"fCMdepth_mp","vera4cast"
2026-05-01,2026-04-28,"P1D","fcre",NA,"ensemble",118,"ChlorophyllMaximum_depth_sample",4.9659343407096,"fCMdepth_mp","vera4cast"
2026-05-01,2026-04-28,"P1D","fcre",NA,"ensemble",149,"ChlorophyllMaximum_depth_sample",3.69657260383728,"fCMdepth_mp","vera4cast"
2026-05-02,2026-04-28,"P1D","fcre",NA,"ensemble",25,"ChlorophyllMaximum_depth_sample",2.84486176834291,"fCMdepth_mp","vera4cast"
2026-05-02,2026-04-28,"P1D","fcre",NA,"ensemble",56,"ChlorophyllMaximum_depth_sample",4.30372962883729,"fCMdepth_mp","vera4cast"
2026-05-02,2026-04-28,"P1D","fcre",NA,"ensemble",87,"ChlorophyllMaximum_depth_sample",2.81779659937669,"fCMdepth_mp","vera4cast"
2026-05-02,2026-04-28,"P1D","fcre",NA,"ensemble",118,"ChlorophyllMaximum_depth_sample",1.86337436651483,"fCMdepth_mp","vera4cast"
2026-05-02,2026-04-28,"P1D","fcre",NA,"ensemble",149,"ChlorophyllMaximum_depth_sample",4.9040334722532,"fCMdepth_mp","vera4cast"
2026-05-03,2026-04-28,"P1D","fcre",NA,"ensemble",25,"ChlorophyllMaximum_depth_sample",3.60850450382602,"fCMdepth_mp","vera4cast"
2026-05-03,2026-04-28,"P1D","fcre",NA,"ensemble",56,"ChlorophyllMaximum_depth_sample",1.63780302219232,"fCMdepth_mp","vera4cast"
2026-05-03,2026-04-28,"P1D","fcre",NA,"ensemble",87,"ChlorophyllMaximum_depth_sample",3.46679707211923,"fCMdepth_mp","vera4cast"
2026-05-03,2026-04-28,"P1D","fcre",NA,"ensemble",118,"ChlorophyllMaximum_depth_sample",2.94970207203266,"fCMdepth_mp","vera4cast"
2026-05-03,2026-04-28,"P1D","fcre",NA,"ensemble",149,"ChlorophyllMaximum_depth_sample",2.19099266955722,"fCMdepth_mp","vera4cast"
2026-05-04,2026-04-28,"P1D","fcre",NA,"ensemble",25,"ChlorophyllMaximum_depth_sample",3.81391007095124,"fCMdepth_mp","vera4cast"
2026-05-04,2026-04-28,"P1D","fcre",NA,"ensemble",56,"ChlorophyllMaximum_depth_sample",3.69774763810052,"fCMdepth_mp","vera4cast"
2026-05-04,2026-04-28,"P1D","fcre",NA,"ensemble",87,"ChlorophyllMaximum_depth_sample",3.55197278998276,"fCMdepth_mp","vera4cast"
2026-05-04,2026-04-28,"P1D","fcre",NA,"ensemble",118,"ChlorophyllMaximum_depth_sample",3.21262608278374,"fCMdepth_mp","vera4cast"
2026-05-04,2026-04-28,"P1D","fcre",NA,"ensemble",149,"ChlorophyllMaximum_depth_sample",3.06987143886594,"fCMdepth_mp","vera4cast"
2026-05-05,2026-04-28,"P1D","fcre",NA,"ensemble",25,"ChlorophyllMaximum_depth_sample",1.09134982383881,"fCMdepth_mp","vera4cast"
2026-05-05,2026-04-28,"P1D","fcre",NA,"ensemble",56,"ChlorophyllMaximum_depth_sample",2.70130002597022,"fCMdepth_mp","vera4cast"
2026-05-05,2026-04-28,"P1D","fcre",NA,"ensemble",87,"ChlorophyllMaximum_depth_sample",3.4144813356636,"fCMdepth_mp","vera4cast"
2026-05-05,2026-04-28,"P1D","fcre",NA,"ensemble",118,"ChlorophyllMaximum_depth_sample",2.98849214309401,"fCMdepth_mp","vera4cast"
2026-05-05,2026-04-28,"P1D","fcre",NA,"ensemble",149,"ChlorophyllMaximum_depth_sample",2.92385924378372,"fCMdepth_mp","vera4cast"
2026-05-06,2026-04-28,"P1D","fcre",NA,"ensemble",25,"ChlorophyllMaximum_depth_sample",3.65465188041727,"fCMdepth_mp","vera4cast"
2026-05-06,2026-04-28,"P1D","fcre",NA,"ensemble",56,"ChlorophyllMaximum_depth_sample",4.01610243845942,"fCMdepth_mp","vera4cast"
2026-05-06,2026-04-28,"P1D","fcre",NA,"ensemble",87,"ChlorophyllMaximum_depth_sample",1.48229643472901,"fCMdepth_mp","vera4cast"
2026-05-06,2026-04-28,"P1D","fcre",NA,"ensemble",118,"ChlorophyllMaximum_depth_sample",2.49915997670992,"fCMdepth_mp","vera4cast"
2026-05-06,2026-04-28,"P1D","fcre",NA,"ensemble",149,"ChlorophyllMaximum_depth_sample",3.29538601546586,"fCMdepth_mp","vera4cast"
2026-05-07,2026-04-28,"P1D","fcre",NA,"ensemble",25,"ChlorophyllMaximum_depth_sample",3.06261157154481,"fCMdepth_mp","vera4cast"
2026-05-07,2026-04-28,"P1D","fcre",NA,"ensemble",56,"ChlorophyllMaximum_depth_sample",3.58015361724566,"fCMdepth_mp","vera4cast"
2026-05-07,2026-04-28,"P1D","fcre",NA,"ensemble",87,"ChlorophyllMaximum_depth_sample",3.53731919301981,"fCMdepth_mp","vera4cast"
2026-05-07,2026-04-28,"P1D","fcre",NA,"ensemble",118,"ChlorophyllMaximum_depth_sample",2.97307830360676,"fCMdepth_mp","vera4cast"
2026-05-07,2026-04-28,"P1D","fcre",NA,"ensemble",149,"ChlorophyllMaximum_depth_sample",2.45789212835464,"fCMdepth_mp","vera4cast"
2026-05-08,2026-04-28,"P1D","fcre",NA,"ensemble",25,"ChlorophyllMaximum_depth_sample",1.21158421245713,"fCMdepth_mp","vera4cast"
2026-05-08,2026-04-28,"P1D","fcre",NA,"ensemble",56,"ChlorophyllMaximum_depth_sample",3.69545522000782,"fCMdepth_mp","vera4cast"
2026-05-08,2026-04-28,"P1D","fcre",NA,"ensemble",87,"ChlorophyllMaximum_depth_sample",3.03288687081774,"fCMdepth_mp","vera4cast"
2026-05-08,2026-04-28,"P1D","fcre",NA,"ensemble",118,"ChlorophyllMaximum_depth_sample",1.59914503852996,"fCMdepth_mp","vera4cast"
2026-05-08,2026-04-28,"P1D","fcre",NA,"ensemble",149,"ChlorophyllMaximum_depth_sample",3.7970770049129,"fCMdepth_mp","vera4cast"
2026-05-09,2026-04-28,"P1D","fcre",NA,"ensemble",25,"ChlorophyllMaximum_depth_sample",2.93890039614362,"fCMdepth_mp","vera4cast"
2026-05-09,2026-04-28,"P1D","fcre",NA,"ensemble",56,"ChlorophyllMaximum_depth_sample",1.77395424933562,"fCMdepth_mp","vera4cast"
2026-05-09,2026-04-28,"P1D","fcre",NA,"ensemble",87,"ChlorophyllMaximum_depth_sample",2.38988801654507,"fCMdepth_mp","vera4cast"
2026-05-09,2026-04-28,"P1D","fcre",NA,"ensemble",118,"ChlorophyllMaximum_depth_sample",1.51397300692126,"fCMdepth_mp","vera4cast"
2026-05-09,2026-04-28,"P1D","fcre",NA,"ensemble",149,"ChlorophyllMaximum_depth_sample",2.18211879914428,"fCMdepth_mp","vera4cast"
2026-05-10,2026-04-28,"P1D","fcre",NA,"ensemble",25,"ChlorophyllMaximum_depth_sample",3.51707262972167,"fCMdepth_mp","vera4cast"
2026-05-10,2026-04-28,"P1D","fcre",NA,"ensemble",56,"ChlorophyllMaximum_depth_sample",3.22561545011782,"fCMdepth_mp","vera4cast"
2026-05-10,2026-04-28,"P1D","fcre",NA,"ensemble",87,"ChlorophyllMaximum_depth_sample",3.78156251421412,"fCMdepth_mp","vera4cast"
2026-05-10,2026-04-28,"P1D","fcre",NA,"ensemble",118,"ChlorophyllMaximum_depth_sample",3.94069165172796,"fCMdepth_mp","vera4cast"
2026-05-10,2026-04-28,"P1D","fcre",NA,"ensemble",149,"ChlorophyllMaximum_depth_sample",3.87697811429292,"fCMdepth_mp","vera4cast"
2026-05-11,2026-04-28,"P1D","fcre",NA,"ensemble",25,"ChlorophyllMaximum_depth_sample",2.62138789199367,"fCMdepth_mp","vera4cast"
2026-05-11,2026-04-28,"P1D","fcre",NA,"ensemble",56,"ChlorophyllMaximum_depth_sample",3.45254459049542,"fCMdepth_mp","vera4cast"
2026-05-11,2026-04-28,"P1D","fcre",NA,"ensemble",87,"ChlorophyllMaximum_depth_sample",4.68171735691706,"fCMdepth_mp","vera4cast"
2026-05-11,2026-04-28,"P1D","fcre",NA,"ensemble",118,"ChlorophyllMaximum_depth_sample",2.38175420753439,"fCMdepth_mp","vera4cast"
2026-05-11,2026-04-28,"P1D","fcre",NA,"ensemble",149,"ChlorophyllMaximum_depth_sample",0.797036472266223,"fCMdepth_mp","vera4cast"
2026-05-12,2026-04-28,"P1D","fcre",NA,"ensemble",25,"ChlorophyllMaximum_depth_sample",1.97545807651938,"fCMdepth_mp","vera4cast"
2026-05-12,2026-04-28,"P1D","fcre",NA,"ensemble",56,"ChlorophyllMaximum_depth_sample",1.56309897077977,"fCMdepth_mp","vera4cast"
2026-05-12,2026-04-28,"P1D","fcre",NA,"ensemble",87,"ChlorophyllMaximum_depth_sample",3.49424862477278,"fCMdepth_mp","vera4cast"
2026-05-12,2026-04-28,"P1D","fcre",NA,"ensemble",118,"ChlorophyllMaximum_depth_sample",2.33019232737027,"fCMdepth_mp","vera4cast"
2026-05-12,2026-04-28,"P1D","fcre",NA,"ensemble",149,"ChlorophyllMaximum_depth_sample",3.44364539689264,"fCMdepth_mp","vera4cast"
2026-05-13,2026-04-28,"P1D","fcre",NA,"ensemble",25,"ChlorophyllMaximum_depth_sample",1.95552699437661,"fCMdepth_mp","vera4cast"
2026-05-13,2026-04-28,"P1D","fcre",NA,"ensemble",56,"ChlorophyllMaximum_depth_sample",1.23990968579933,"fCMdepth_mp","vera4cast"
2026-05-13,2026-04-28,"P1D","fcre",NA,"ensemble",87,"ChlorophyllMaximum_depth_sample",0.738452459806104,"fCMdepth_mp","vera4cast"
2026-05-13,2026-04-28,"P1D","fcre",NA,"ensemble",118,"ChlorophyllMaximum_depth_sample",0.751789389480857,"fCMdepth_mp","vera4cast"
2026-05-13,2026-04-28,"P1D","fcre",NA,"ensemble",149,"ChlorophyllMaximum_depth_sample",1.92475539672386,"fCMdepth_mp","vera4cast"
2026-05-14,2026-04-28,"P1D","fcre",NA,"ensemble",25,"ChlorophyllMaximum_depth_sample",2.89857228894721,"fCMdepth_mp","vera4cast"
2026-05-14,2026-04-28,"P1D","fcre",NA,"ensemble",56,"ChlorophyllMaximum_depth_sample",1.35568803278294,"fCMdepth_mp","vera4cast"
2026-05-14,2026-04-28,"P1D","fcre",NA,"ensemble",87,"ChlorophyllMaximum_depth_sample",5.14115382297492,"fCMdepth_mp","vera4cast"
2026-05-14,2026-04-28,"P1D","fcre",NA,"ensemble",118,"ChlorophyllMaximum_depth_sample",3.78877397809065,"fCMdepth_mp","vera4cast"
2026-05-14,2026-04-28,"P1D","fcre",NA,"ensemble",149,"ChlorophyllMaximum_depth_sample",3.42373849323666,"fCMdepth_mp","vera4cast"
2026-05-15,2026-04-28,"P1D","fcre",NA,"ensemble",25,"ChlorophyllMaximum_depth_sample",3.2019038306252,"fCMdepth_mp","vera4cast"
2026-05-15,2026-04-28,"P1D","fcre",NA,"ensemble",56,"ChlorophyllMaximum_depth_sample",3.46670912070895,"fCMdepth_mp","vera4cast"
2026-05-15,2026-04-28,"P1D","fcre",NA,"ensemble",87,"ChlorophyllMaximum_depth_sample",2.28683225663714,"fCMdepth_mp","vera4cast"
2026-05-15,2026-04-28,"P1D","fcre",NA,"ensemble",118,"ChlorophyllMaximum_depth_sample",2.04843615064082,"fCMdepth_mp","vera4cast"
2026-05-15,2026-04-28,"P1D","fcre",NA,"ensemble",149,"ChlorophyllMaximum_depth_sample",2.26813057849036,"fCMdepth_mp","vera4cast"
2026-05-16,2026-04-28,"P1D","fcre",NA,"ensemble",25,"ChlorophyllMaximum_depth_sample",3.3119463397731,"fCMdepth_mp","vera4cast"
2026-05-16,2026-04-28,"P1D","fcre",NA,"ensemble",56,"ChlorophyllMaximum_depth_sample",3.13853291600886,"fCMdepth_mp","vera4cast"
2026-05-16,2026-04-28,"P1D","fcre",NA,"ensemble",87,"ChlorophyllMaximum_depth_sample",3.43019291603052,"fCMdepth_mp","vera4cast"
2026-05-16,2026-04-28,"P1D","fcre",NA,"ensemble",118,"ChlorophyllMaximum_depth_sample",2.46283428493833,"fCMdepth_mp","vera4cast"
2026-05-16,2026-04-28,"P1D","fcre",NA,"ensemble",149,"ChlorophyllMaximum_depth_sample",3.79708557479582,"fCMdepth_mp","vera4cast"
2026-05-17,2026-04-28,"P1D","fcre",NA,"ensemble",25,"ChlorophyllMaximum_depth_sample",4.57216699394134,"fCMdepth_mp","vera4cast"
2026-05-17,2026-04-28,"P1D","fcre",NA,"ensemble",56,"ChlorophyllMaximum_depth_sample",1.17193269835647,"fCMdepth_mp","vera4cast"
2026-05-17,2026-04-28,"P1D","fcre",NA,"ensemble",87,"ChlorophyllMaximum_depth_sample",3.82077556787702,"fCMdepth_mp","vera4cast"
2026-05-17,2026-04-28,"P1D","fcre",NA,"ensemble",118,"ChlorophyllMaximum_depth_sample",2.93212952752126,"fCMdepth_mp","vera4cast"
2026-05-17,2026-04-28,"P1D","fcre",NA,"ensemble",149,"ChlorophyllMaximum_depth_sample",5.23831301332861,"fCMdepth_mp","vera4cast"
2026-05-18,2026-04-28,"P1D","fcre",NA,"ensemble",25,"ChlorophyllMaximum_depth_sample",4.11417343743058,"fCMdepth_mp","vera4cast"
2026-05-18,2026-04-28,"P1D","fcre",NA,"ensemble",56,"ChlorophyllMaximum_depth_sample",3.13576841558992,"fCMdepth_mp","vera4cast"
2026-05-18,2026-04-28,"P1D","fcre",NA,"ensemble",87,"ChlorophyllMaximum_depth_sample",2.5996118844895,"fCMdepth_mp","vera4cast"
2026-05-18,2026-04-28,"P1D","fcre",NA,"ensemble",118,"ChlorophyllMaximum_depth_sample",1.77035547362523,"fCMdepth_mp","vera4cast"
2026-05-18,2026-04-28,"P1D","fcre",NA,"ensemble",149,"ChlorophyllMaximum_depth_sample",2.4168874812341,"fCMdepth_mp","vera4cast"
2026-05-19,2026-04-28,"P1D","fcre",NA,"ensemble",25,"ChlorophyllMaximum_depth_sample",0.868580437765072,"fCMdepth_mp","vera4cast"
2026-05-19,2026-04-28,"P1D","fcre",NA,"ensemble",56,"ChlorophyllMaximum_depth_sample",5.35585050017492,"fCMdepth_mp","vera4cast"
2026-05-19,2026-04-28,"P1D","fcre",NA,"ensemble",87,"ChlorophyllMaximum_depth_sample",2.17380108996449,"fCMdepth_mp","vera4cast"
2026-05-19,2026-04-28,"P1D","fcre",NA,"ensemble",118,"ChlorophyllMaximum_depth_sample",1.66145244399315,"fCMdepth_mp","vera4cast"
2026-05-19,2026-04-28,"P1D","fcre",NA,"ensemble",149,"ChlorophyllMaximum_depth_sample",1.77950382639121,"fCMdepth_mp","vera4cast"
2026-05-20,2026-04-28,"P1D","fcre",NA,"ensemble",25,"ChlorophyllMaximum_depth_sample",5.12564384112488,"fCMdepth_mp","vera4cast"
2026-05-20,2026-04-28,"P1D","fcre",NA,"ensemble",56,"ChlorophyllMaximum_depth_sample",2.56699042722641,"fCMdepth_mp","vera4cast"
2026-05-20,2026-04-28,"P1D","fcre",NA,"ensemble",87,"ChlorophyllMaximum_depth_sample",3.32690034682911,"fCMdepth_mp","vera4cast"
2026-05-20,2026-04-28,"P1D","fcre",NA,"ensemble",118,"ChlorophyllMaximum_depth_sample",3.72687077297779,"fCMdepth_mp","vera4cast"
2026-05-20,2026-04-28,"P1D","fcre",NA,"ensemble",149,"ChlorophyllMaximum_depth_sample",5.39614937081471,"fCMdepth_mp","vera4cast"
2026-05-21,2026-04-28,"P1D","fcre",NA,"ensemble",25,"ChlorophyllMaximum_depth_sample",4.6878164981487,"fCMdepth_mp","vera4cast"
2026-05-21,2026-04-28,"P1D","fcre",NA,"ensemble",56,"ChlorophyllMaximum_depth_sample",3.89969016171364,"fCMdepth_mp","vera4cast"
2026-05-21,2026-04-28,"P1D","fcre",NA,"ensemble",87,"ChlorophyllMaximum_depth_sample",2.88257813051486,"fCMdepth_mp","vera4cast"
2026-05-21,2026-04-28,"P1D","fcre",NA,"ensemble",118,"ChlorophyllMaximum_depth_sample",3.21981891166927,"fCMdepth_mp","vera4cast"
2026-05-21,2026-04-28,"P1D","fcre",NA,"ensemble",149,"ChlorophyllMaximum_depth_sample",3.92999630278715,"fCMdepth_mp","vera4cast"
2026-05-22,2026-04-28,"P1D","fcre",NA,"ensemble",25,"ChlorophyllMaximum_depth_sample",2.74504170741336,"fCMdepth_mp","vera4cast"
2026-05-22,2026-04-28,"P1D","fcre",NA,"ensemble",56,"ChlorophyllMaximum_depth_sample",2.36288755967674,"fCMdepth_mp","vera4cast"
2026-05-22,2026-04-28,"P1D","fcre",NA,"ensemble",87,"ChlorophyllMaximum_depth_sample",5.01033555209593,"fCMdepth_mp","vera4cast"
2026-05-22,2026-04-28,"P1D","fcre",NA,"ensemble",118,"ChlorophyllMaximum_depth_sample",2.79913298658634,"fCMdepth_mp","vera4cast"
2026-05-22,2026-04-28,"P1D","fcre",NA,"ensemble",149,"ChlorophyllMaximum_depth_sample",2.85694532483476,"fCMdepth_mp","vera4cast"
2026-05-23,2026-04-28,"P1D","fcre",NA,"ensemble",25,"ChlorophyllMaximum_depth_sample",3.57100212216364,"fCMdepth_mp","vera4cast"
2026-05-23,2026-04-28,"P1D","fcre",NA,"ensemble",56,"ChlorophyllMaximum_depth_sample",2.11863146192171,"fCMdepth_mp","vera4cast"
2026-05-23,2026-04-28,"P1D","fcre",NA,"ensemble",87,"ChlorophyllMaximum_depth_sample",2.78799841162978,"fCMdepth_mp","vera4cast"
2026-05-23,2026-04-28,"P1D","fcre",NA,"ensemble",118,"ChlorophyllMaximum_depth_sample",3.22496972622645,"fCMdepth_mp","vera4cast"
2026-05-23,2026-04-28,"P1D","fcre",NA,"ensemble",149,"ChlorophyllMaximum_depth_sample",3.17515423673085,"fCMdepth_mp","vera4cast"
2026-05-24,2026-04-28,"P1D","fcre",NA,"ensemble",25,"ChlorophyllMaximum_depth_sample",4.45848543148979,"fCMdepth_mp","vera4cast"
2026-05-24,2026-04-28,"P1D","fcre",NA,"ensemble",56,"ChlorophyllMaximum_depth_sample",2.93679572640291,"fCMdepth_mp","vera4cast"
2026-05-24,2026-04-28,"P1D","fcre",NA,"ensemble",87,"ChlorophyllMaximum_depth_sample",4.34467866344253,"fCMdepth_mp","vera4cast"
2026-05-24,2026-04-28,"P1D","fcre",NA,"ensemble",118,"ChlorophyllMaximum_depth_sample",3.77571769214579,"fCMdepth_mp","vera4cast"
2026-05-24,2026-04-28,"P1D","fcre",NA,"ensemble",149,"ChlorophyllMaximum_depth_sample",5.60116341858184,"fCMdepth_mp","vera4cast"
2026-05-25,2026-04-28,"P1D","fcre",NA,"ensemble",25,"ChlorophyllMaximum_depth_sample",4.15931483548425,"fCMdepth_mp","vera4cast"
2026-05-25,2026-04-28,"P1D","fcre",NA,"ensemble",56,"ChlorophyllMaximum_depth_sample",3.67239317046419,"fCMdepth_mp","vera4cast"
2026-05-25,2026-04-28,"P1D","fcre",NA,"ensemble",87,"ChlorophyllMaximum_depth_sample",2.16955793517229,"fCMdepth_mp","vera4cast"
2026-05-25,2026-04-28,"P1D","fcre",NA,"ensemble",118,"ChlorophyllMaximum_depth_sample",1.734940941792,"fCMdepth_mp","vera4cast"
2026-05-25,2026-04-28,"P1D","fcre",NA,"ensemble",149,"ChlorophyllMaximum_depth_sample",1.8491684885849,"fCMdepth_mp","vera4cast"
2026-05-26,2026-04-28,"P1D","fcre",NA,"ensemble",25,"ChlorophyllMaximum_depth_sample",3.86584425084438,"fCMdepth_mp","vera4cast"
2026-05-26,2026-04-28,"P1D","fcre",NA,"ensemble",56,"ChlorophyllMaximum_depth_sample",4.19927744055548,"fCMdepth_mp","vera4cast"
2026-05-26,2026-04-28,"P1D","fcre",NA,"ensemble",87,"ChlorophyllMaximum_depth_sample",5.51316624354293,"fCMdepth_mp","vera4cast"
2026-05-26,2026-04-28,"P1D","fcre",NA,"ensemble",118,"ChlorophyllMaximum_depth_sample",5.00187975734407,"fCMdepth_mp","vera4cast"
2026-05-26,2026-04-28,"P1D","fcre",NA,"ensemble",149,"ChlorophyllMaximum_depth_sample",4.46722612221548,"fCMdepth_mp","vera4cast"
2026-05-27,2026-04-28,"P1D","fcre",NA,"ensemble",25,"ChlorophyllMaximum_depth_sample",4.30144023951781,"fCMdepth_mp","vera4cast"
2026-05-27,2026-04-28,"P1D","fcre",NA,"ensemble",56,"ChlorophyllMaximum_depth_sample",2.85817196279211,"fCMdepth_mp","vera4cast"
2026-05-27,2026-04-28,"P1D","fcre",NA,"ensemble",87,"ChlorophyllMaximum_depth_sample",1.4528185829774,"fCMdepth_mp","vera4cast"
2026-05-27,2026-04-28,"P1D","fcre",NA,"ensemble",118,"ChlorophyllMaximum_depth_sample",1.02134885575181,"fCMdepth_mp","vera4cast"
2026-05-27,2026-04-28,"P1D","fcre",NA,"ensemble",149,"ChlorophyllMaximum_depth_sample",1.51432051422511,"fCMdepth_mp","vera4cast"
2026-05-28,2026-04-28,"P1D","fcre",NA,"ensemble",25,"ChlorophyllMaximum_depth_sample",2.53109259466604,"fCMdepth_mp","vera4cast"
2026-05-28,2026-04-28,"P1D","fcre",NA,"ensemble",56,"ChlorophyllMaximum_depth_sample",3.05012813071321,"fCMdepth_mp","vera4cast"
2026-05-28,2026-04-28,"P1D","fcre",NA,"ensemble",87,"ChlorophyllMaximum_depth_sample",2.47722715815044,"fCMdepth_mp","vera4cast"
2026-05-28,2026-04-28,"P1D","fcre",NA,"ensemble",118,"ChlorophyllMaximum_depth_sample",2.52322283216239,"fCMdepth_mp","vera4cast"
2026-05-28,2026-04-28,"P1D","fcre",NA,"ensemble",149,"ChlorophyllMaximum_depth_sample",2.6385126261927,"fCMdepth_mp","vera4cast"
2026-05-29,2026-04-28,"P1D","fcre",NA,"ensemble",25,"ChlorophyllMaximum_depth_sample",3.27977633898441,"fCMdepth_mp","vera4cast"
2026-05-29,2026-04-28,"P1D","fcre",NA,"ensemble",56,"ChlorophyllMaximum_depth_sample",2.04260096310752,"fCMdepth_mp","vera4cast"
2026-05-29,2026-04-28,"P1D","fcre",NA,"ensemble",87,"ChlorophyllMaximum_depth_sample",2.8987185939353,"fCMdepth_mp","vera4cast"
2026-05-29,2026-04-28,"P1D","fcre",NA,"ensemble",118,"ChlorophyllMaximum_depth_sample",3.29723755927529,"fCMdepth_mp","vera4cast"
2026-05-29,2026-04-28,"P1D","fcre",NA,"ensemble",149,"ChlorophyllMaximum_depth_sample",2.8926120643222,"fCMdepth_mp","vera4cast"
2026-05-30,2026-04-28,"P1D","fcre",NA,"ensemble",25,"ChlorophyllMaximum_depth_sample",2.07561784859957,"fCMdepth_mp","vera4cast"
2026-05-30,2026-04-28,"P1D","fcre",NA,"ensemble",56,"ChlorophyllMaximum_depth_sample",3.20165936154431,"fCMdepth_mp","vera4cast"
2026-05-30,2026-04-28,"P1D","fcre",NA,"ensemble",87,"ChlorophyllMaximum_depth_sample",3.48531112789934,"fCMdepth_mp","vera4cast"
2026-05-30,2026-04-28,"P1D","fcre",NA,"ensemble",118,"ChlorophyllMaximum_depth_sample",2.50651877649359,"fCMdepth_mp","vera4cast"
2026-05-30,2026-04-28,"P1D","fcre",NA,"ensemble",149,"ChlorophyllMaximum_depth_sample",3.7215042893803,"fCMdepth_mp","vera4cast"
2026-05-31,2026-04-28,"P1D","fcre",NA,"ensemble",25,"ChlorophyllMaximum_depth_sample",3.08964806717403,"fCMdepth_mp","vera4cast"
2026-05-31,2026-04-28,"P1D","fcre",NA,"ensemble",56,"ChlorophyllMaximum_depth_sample",3.91571966567554,"fCMdepth_mp","vera4cast"
2026-05-31,2026-04-28,"P1D","fcre",NA,"ensemble",87,"ChlorophyllMaximum_depth_sample",2.01710137372952,"fCMdepth_mp","vera4cast"
2026-05-31,2026-04-28,"P1D","fcre",NA,"ensemble",118,"ChlorophyllMaximum_depth_sample",2.691127912747,"fCMdepth_mp","vera4cast"
2026-05-31,2026-04-28,"P1D","fcre",NA,"ensemble",149,"ChlorophyllMaximum_depth_sample",2.03361457789801,"fCMdepth_mp","vera4cast"
2026-06-01,2026-04-28,"P1D","fcre",NA,"ensemble",25,"ChlorophyllMaximum_depth_sample",3.96869015292418,"fCMdepth_mp","vera4cast"
2026-06-01,2026-04-28,"P1D","fcre",NA,"ensemble",56,"ChlorophyllMaximum_depth_sample",3.37409013981664,"fCMdepth_mp","vera4cast"
2026-06-01,2026-04-28,"P1D","fcre",NA,"ensemble",87,"ChlorophyllMaximum_depth_sample",1.95896789151536,"fCMdepth_mp","vera4cast"
2026-06-01,2026-04-28,"P1D","fcre",NA,"ensemble",118,"ChlorophyllMaximum_depth_sample",4.23201784262434,"fCMdepth_mp","vera4cast"
2026-06-01,2026-04-28,"P1D","fcre",NA,"ensemble",149,"ChlorophyllMaximum_depth_sample",0.93253309913199,"fCMdepth_mp","vera4cast"
2026-04-29,2026-04-28,"P1D","fcre",NA,"ensemble",26,"ChlorophyllMaximum_depth_sample",1.29697536620635,"fCMdepth_mp","vera4cast"
2026-04-29,2026-04-28,"P1D","fcre",NA,"ensemble",57,"ChlorophyllMaximum_depth_sample",2.47058645920379,"fCMdepth_mp","vera4cast"
2026-04-29,2026-04-28,"P1D","fcre",NA,"ensemble",88,"ChlorophyllMaximum_depth_sample",3.21133514654156,"fCMdepth_mp","vera4cast"
2026-04-29,2026-04-28,"P1D","fcre",NA,"ensemble",119,"ChlorophyllMaximum_depth_sample",2.7256983508938,"fCMdepth_mp","vera4cast"
2026-04-29,2026-04-28,"P1D","fcre",NA,"ensemble",150,"ChlorophyllMaximum_depth_sample",3.86391350223167,"fCMdepth_mp","vera4cast"
2026-04-30,2026-04-28,"P1D","fcre",NA,"ensemble",26,"ChlorophyllMaximum_depth_sample",4.32037888083107,"fCMdepth_mp","vera4cast"
2026-04-30,2026-04-28,"P1D","fcre",NA,"ensemble",57,"ChlorophyllMaximum_depth_sample",4.11341170886158,"fCMdepth_mp","vera4cast"
2026-04-30,2026-04-28,"P1D","fcre",NA,"ensemble",88,"ChlorophyllMaximum_depth_sample",2.56216078331775,"fCMdepth_mp","vera4cast"
2026-04-30,2026-04-28,"P1D","fcre",NA,"ensemble",119,"ChlorophyllMaximum_depth_sample",2.12518226066986,"fCMdepth_mp","vera4cast"
2026-04-30,2026-04-28,"P1D","fcre",NA,"ensemble",150,"ChlorophyllMaximum_depth_sample",1.21945878978001,"fCMdepth_mp","vera4cast"
2026-05-01,2026-04-28,"P1D","fcre",NA,"ensemble",26,"ChlorophyllMaximum_depth_sample",3.72699882081823,"fCMdepth_mp","vera4cast"
2026-05-01,2026-04-28,"P1D","fcre",NA,"ensemble",57,"ChlorophyllMaximum_depth_sample",2.8120264594157,"fCMdepth_mp","vera4cast"
2026-05-01,2026-04-28,"P1D","fcre",NA,"ensemble",88,"ChlorophyllMaximum_depth_sample",3.59704793422965,"fCMdepth_mp","vera4cast"
2026-05-01,2026-04-28,"P1D","fcre",NA,"ensemble",119,"ChlorophyllMaximum_depth_sample",2.06793885449906,"fCMdepth_mp","vera4cast"
2026-05-01,2026-04-28,"P1D","fcre",NA,"ensemble",150,"ChlorophyllMaximum_depth_sample",3.14030643880693,"fCMdepth_mp","vera4cast"
2026-05-02,2026-04-28,"P1D","fcre",NA,"ensemble",26,"ChlorophyllMaximum_depth_sample",2.18082650124445,"fCMdepth_mp","vera4cast"
2026-05-02,2026-04-28,"P1D","fcre",NA,"ensemble",57,"ChlorophyllMaximum_depth_sample",3.48413229299266,"fCMdepth_mp","vera4cast"
2026-05-02,2026-04-28,"P1D","fcre",NA,"ensemble",88,"ChlorophyllMaximum_depth_sample",4.26890210633888,"fCMdepth_mp","vera4cast"
2026-05-02,2026-04-28,"P1D","fcre",NA,"ensemble",119,"ChlorophyllMaximum_depth_sample",2.19084242884734,"fCMdepth_mp","vera4cast"
2026-05-02,2026-04-28,"P1D","fcre",NA,"ensemble",150,"ChlorophyllMaximum_depth_sample",0.876987043450853,"fCMdepth_mp","vera4cast"
2026-05-03,2026-04-28,"P1D","fcre",NA,"ensemble",26,"ChlorophyllMaximum_depth_sample",3.31799059197619,"fCMdepth_mp","vera4cast"
2026-05-03,2026-04-28,"P1D","fcre",NA,"ensemble",57,"ChlorophyllMaximum_depth_sample",2.04591275700485,"fCMdepth_mp","vera4cast"
2026-05-03,2026-04-28,"P1D","fcre",NA,"ensemble",88,"ChlorophyllMaximum_depth_sample",0.0645633330382966,"fCMdepth_mp","vera4cast"
2026-05-03,2026-04-28,"P1D","fcre",NA,"ensemble",119,"ChlorophyllMaximum_depth_sample",2.76146066701076,"fCMdepth_mp","vera4cast"
2026-05-03,2026-04-28,"P1D","fcre",NA,"ensemble",150,"ChlorophyllMaximum_depth_sample",2.80349368571379,"fCMdepth_mp","vera4cast"
2026-05-04,2026-04-28,"P1D","fcre",NA,"ensemble",26,"ChlorophyllMaximum_depth_sample",3.36814985868778,"fCMdepth_mp","vera4cast"
2026-05-04,2026-04-28,"P1D","fcre",NA,"ensemble",57,"ChlorophyllMaximum_depth_sample",2.98432338090632,"fCMdepth_mp","vera4cast"
2026-05-04,2026-04-28,"P1D","fcre",NA,"ensemble",88,"ChlorophyllMaximum_depth_sample",3.19153975298993,"fCMdepth_mp","vera4cast"
2026-05-04,2026-04-28,"P1D","fcre",NA,"ensemble",119,"ChlorophyllMaximum_depth_sample",3.41290971240373,"fCMdepth_mp","vera4cast"
2026-05-04,2026-04-28,"P1D","fcre",NA,"ensemble",150,"ChlorophyllMaximum_depth_sample",1.86866626865577,"fCMdepth_mp","vera4cast"
2026-05-05,2026-04-28,"P1D","fcre",NA,"ensemble",26,"ChlorophyllMaximum_depth_sample",4.11114689922677,"fCMdepth_mp","vera4cast"
2026-05-05,2026-04-28,"P1D","fcre",NA,"ensemble",57,"ChlorophyllMaximum_depth_sample",1.77138226818964,"fCMdepth_mp","vera4cast"
2026-05-05,2026-04-28,"P1D","fcre",NA,"ensemble",88,"ChlorophyllMaximum_depth_sample",3.5907898704209,"fCMdepth_mp","vera4cast"
2026-05-05,2026-04-28,"P1D","fcre",NA,"ensemble",119,"ChlorophyllMaximum_depth_sample",1.70878241830383,"fCMdepth_mp","vera4cast"
2026-05-05,2026-04-28,"P1D","fcre",NA,"ensemble",150,"ChlorophyllMaximum_depth_sample",4.06570456766185,"fCMdepth_mp","vera4cast"
2026-05-06,2026-04-28,"P1D","fcre",NA,"ensemble",26,"ChlorophyllMaximum_depth_sample",2.01156438865639,"fCMdepth_mp","vera4cast"
2026-05-06,2026-04-28,"P1D","fcre",NA,"ensemble",57,"ChlorophyllMaximum_depth_sample",3.30889782718642,"fCMdepth_mp","vera4cast"
2026-05-06,2026-04-28,"P1D","fcre",NA,"ensemble",88,"ChlorophyllMaximum_depth_sample",2.48592894276126,"fCMdepth_mp","vera4cast"
2026-05-06,2026-04-28,"P1D","fcre",NA,"ensemble",119,"ChlorophyllMaximum_depth_sample",1.26380193927761,"fCMdepth_mp","vera4cast"
2026-05-06,2026-04-28,"P1D","fcre",NA,"ensemble",150,"ChlorophyllMaximum_depth_sample",1.42429330353626,"fCMdepth_mp","vera4cast"
2026-05-07,2026-04-28,"P1D","fcre",NA,"ensemble",26,"ChlorophyllMaximum_depth_sample",2.10791314670581,"fCMdepth_mp","vera4cast"
2026-05-07,2026-04-28,"P1D","fcre",NA,"ensemble",57,"ChlorophyllMaximum_depth_sample",1.78692278545888,"fCMdepth_mp","vera4cast"
2026-05-07,2026-04-28,"P1D","fcre",NA,"ensemble",88,"ChlorophyllMaximum_depth_sample",2.42011427506409,"fCMdepth_mp","vera4cast"
2026-05-07,2026-04-28,"P1D","fcre",NA,"ensemble",119,"ChlorophyllMaximum_depth_sample",3.64332864323586,"fCMdepth_mp","vera4cast"
2026-05-07,2026-04-28,"P1D","fcre",NA,"ensemble",150,"ChlorophyllMaximum_depth_sample",1.61611625711786,"fCMdepth_mp","vera4cast"
2026-05-08,2026-04-28,"P1D","fcre",NA,"ensemble",26,"ChlorophyllMaximum_depth_sample",4.5862862587288,"fCMdepth_mp","vera4cast"
2026-05-08,2026-04-28,"P1D","fcre",NA,"ensemble",57,"ChlorophyllMaximum_depth_sample",3.73101847493839,"fCMdepth_mp","vera4cast"
2026-05-08,2026-04-28,"P1D","fcre",NA,"ensemble",88,"ChlorophyllMaximum_depth_sample",2.23842682751406,"fCMdepth_mp","vera4cast"
2026-05-08,2026-04-28,"P1D","fcre",NA,"ensemble",119,"ChlorophyllMaximum_depth_sample",3.824362725221,"fCMdepth_mp","vera4cast"
2026-05-08,2026-04-28,"P1D","fcre",NA,"ensemble",150,"ChlorophyllMaximum_depth_sample",3.60598276362042,"fCMdepth_mp","vera4cast"
2026-05-09,2026-04-28,"P1D","fcre",NA,"ensemble",26,"ChlorophyllMaximum_depth_sample",1.92115569812228,"fCMdepth_mp","vera4cast"
2026-05-09,2026-04-28,"P1D","fcre",NA,"ensemble",57,"ChlorophyllMaximum_depth_sample",4.83282023806074,"fCMdepth_mp","vera4cast"
2026-05-09,2026-04-28,"P1D","fcre",NA,"ensemble",88,"ChlorophyllMaximum_depth_sample",1.91233396220856,"fCMdepth_mp","vera4cast"
2026-05-09,2026-04-28,"P1D","fcre",NA,"ensemble",119,"ChlorophyllMaximum_depth_sample",3.41773822735908,"fCMdepth_mp","vera4cast"
2026-05-09,2026-04-28,"P1D","fcre",NA,"ensemble",150,"ChlorophyllMaximum_depth_sample",4.24884144150704,"fCMdepth_mp","vera4cast"
2026-05-10,2026-04-28,"P1D","fcre",NA,"ensemble",26,"ChlorophyllMaximum_depth_sample",2.35345621642305,"fCMdepth_mp","vera4cast"
2026-05-10,2026-04-28,"P1D","fcre",NA,"ensemble",57,"ChlorophyllMaximum_depth_sample",2.97012745246897,"fCMdepth_mp","vera4cast"
2026-05-10,2026-04-28,"P1D","fcre",NA,"ensemble",88,"ChlorophyllMaximum_depth_sample",4.42084106811836,"fCMdepth_mp","vera4cast"
2026-05-10,2026-04-28,"P1D","fcre",NA,"ensemble",119,"ChlorophyllMaximum_depth_sample",1.82036626578624,"fCMdepth_mp","vera4cast"
2026-05-10,2026-04-28,"P1D","fcre",NA,"ensemble",150,"ChlorophyllMaximum_depth_sample",1.94030665256506,"fCMdepth_mp","vera4cast"
2026-05-11,2026-04-28,"P1D","fcre",NA,"ensemble",26,"ChlorophyllMaximum_depth_sample",2.88624489215115,"fCMdepth_mp","vera4cast"
2026-05-11,2026-04-28,"P1D","fcre",NA,"ensemble",57,"ChlorophyllMaximum_depth_sample",1.40111331379535,"fCMdepth_mp","vera4cast"
2026-05-11,2026-04-28,"P1D","fcre",NA,"ensemble",88,"ChlorophyllMaximum_depth_sample",4.30218764630088,"fCMdepth_mp","vera4cast"
2026-05-11,2026-04-28,"P1D","fcre",NA,"ensemble",119,"ChlorophyllMaximum_depth_sample",2.04631242026864,"fCMdepth_mp","vera4cast"
2026-05-11,2026-04-28,"P1D","fcre",NA,"ensemble",150,"ChlorophyllMaximum_depth_sample",2.59010156760647,"fCMdepth_mp","vera4cast"
2026-05-12,2026-04-28,"P1D","fcre",NA,"ensemble",26,"ChlorophyllMaximum_depth_sample",2.16975087489951,"fCMdepth_mp","vera4cast"
2026-05-12,2026-04-28,"P1D","fcre",NA,"ensemble",57,"ChlorophyllMaximum_depth_sample",5.71591867428237,"fCMdepth_mp","vera4cast"
2026-05-12,2026-04-28,"P1D","fcre",NA,"ensemble",88,"ChlorophyllMaximum_depth_sample",3.35489276488135,"fCMdepth_mp","vera4cast"
2026-05-12,2026-04-28,"P1D","fcre",NA,"ensemble",119,"ChlorophyllMaximum_depth_sample",4.465961080141,"fCMdepth_mp","vera4cast"
2026-05-12,2026-04-28,"P1D","fcre",NA,"ensemble",150,"ChlorophyllMaximum_depth_sample",3.58855090601342,"fCMdepth_mp","vera4cast"
2026-05-13,2026-04-28,"P1D","fcre",NA,"ensemble",26,"ChlorophyllMaximum_depth_sample",2.50914810770726,"fCMdepth_mp","vera4cast"
2026-05-13,2026-04-28,"P1D","fcre",NA,"ensemble",57,"ChlorophyllMaximum_depth_sample",3.76695598314739,"fCMdepth_mp","vera4cast"
2026-05-13,2026-04-28,"P1D","fcre",NA,"ensemble",88,"ChlorophyllMaximum_depth_sample",3.43408969755791,"fCMdepth_mp","vera4cast"
2026-05-13,2026-04-28,"P1D","fcre",NA,"ensemble",119,"ChlorophyllMaximum_depth_sample",2.73907058298036,"fCMdepth_mp","vera4cast"
2026-05-13,2026-04-28,"P1D","fcre",NA,"ensemble",150,"ChlorophyllMaximum_depth_sample",2.14074343548774,"fCMdepth_mp","vera4cast"
2026-05-14,2026-04-28,"P1D","fcre",NA,"ensemble",26,"ChlorophyllMaximum_depth_sample",1.97470967109725,"fCMdepth_mp","vera4cast"
2026-05-14,2026-04-28,"P1D","fcre",NA,"ensemble",57,"ChlorophyllMaximum_depth_sample",1.71907302211047,"fCMdepth_mp","vera4cast"
2026-05-14,2026-04-28,"P1D","fcre",NA,"ensemble",88,"ChlorophyllMaximum_depth_sample",1.75976035372997,"fCMdepth_mp","vera4cast"
2026-05-14,2026-04-28,"P1D","fcre",NA,"ensemble",119,"ChlorophyllMaximum_depth_sample",4.0669520757837,"fCMdepth_mp","vera4cast"
2026-05-14,2026-04-28,"P1D","fcre",NA,"ensemble",150,"ChlorophyllMaximum_depth_sample",4.14023237851224,"fCMdepth_mp","vera4cast"
2026-05-15,2026-04-28,"P1D","fcre",NA,"ensemble",26,"ChlorophyllMaximum_depth_sample",2.67447711560546,"fCMdepth_mp","vera4cast"
2026-05-15,2026-04-28,"P1D","fcre",NA,"ensemble",57,"ChlorophyllMaximum_depth_sample",4.23918618226932,"fCMdepth_mp","vera4cast"
2026-05-15,2026-04-28,"P1D","fcre",NA,"ensemble",88,"ChlorophyllMaximum_depth_sample",1.68967431367124,"fCMdepth_mp","vera4cast"
2026-05-15,2026-04-28,"P1D","fcre",NA,"ensemble",119,"ChlorophyllMaximum_depth_sample",3.70527574881327,"fCMdepth_mp","vera4cast"
2026-05-15,2026-04-28,"P1D","fcre",NA,"ensemble",150,"ChlorophyllMaximum_depth_sample",4.49050859339919,"fCMdepth_mp","vera4cast"
2026-05-16,2026-04-28,"P1D","fcre",NA,"ensemble",26,"ChlorophyllMaximum_depth_sample",3.94517184579259,"fCMdepth_mp","vera4cast"
2026-05-16,2026-04-28,"P1D","fcre",NA,"ensemble",57,"ChlorophyllMaximum_depth_sample",4.11929656938025,"fCMdepth_mp","vera4cast"
2026-05-16,2026-04-28,"P1D","fcre",NA,"ensemble",88,"ChlorophyllMaximum_depth_sample",3.02773483315738,"fCMdepth_mp","vera4cast"
2026-05-16,2026-04-28,"P1D","fcre",NA,"ensemble",119,"ChlorophyllMaximum_depth_sample",3.98787505500603,"fCMdepth_mp","vera4cast"
2026-05-16,2026-04-28,"P1D","fcre",NA,"ensemble",150,"ChlorophyllMaximum_depth_sample",2.75137954163394,"fCMdepth_mp","vera4cast"
2026-05-17,2026-04-28,"P1D","fcre",NA,"ensemble",26,"ChlorophyllMaximum_depth_sample",3.18467940722052,"fCMdepth_mp","vera4cast"
2026-05-17,2026-04-28,"P1D","fcre",NA,"ensemble",57,"ChlorophyllMaximum_depth_sample",3.24803871500987,"fCMdepth_mp","vera4cast"
2026-05-17,2026-04-28,"P1D","fcre",NA,"ensemble",88,"ChlorophyllMaximum_depth_sample",2.31752326379764,"fCMdepth_mp","vera4cast"
2026-05-17,2026-04-28,"P1D","fcre",NA,"ensemble",119,"ChlorophyllMaximum_depth_sample",3.19359658658216,"fCMdepth_mp","vera4cast"
2026-05-17,2026-04-28,"P1D","fcre",NA,"ensemble",150,"ChlorophyllMaximum_depth_sample",3.33149919968834,"fCMdepth_mp","vera4cast"
2026-05-18,2026-04-28,"P1D","fcre",NA,"ensemble",26,"ChlorophyllMaximum_depth_sample",4.36950170999967,"fCMdepth_mp","vera4cast"
2026-05-18,2026-04-28,"P1D","fcre",NA,"ensemble",57,"ChlorophyllMaximum_depth_sample",2.89177769348039,"fCMdepth_mp","vera4cast"
2026-05-18,2026-04-28,"P1D","fcre",NA,"ensemble",88,"ChlorophyllMaximum_depth_sample",3.02074325045337,"fCMdepth_mp","vera4cast"
2026-05-18,2026-04-28,"P1D","fcre",NA,"ensemble",119,"ChlorophyllMaximum_depth_sample",3.35551039472635,"fCMdepth_mp","vera4cast"
2026-05-18,2026-04-28,"P1D","fcre",NA,"ensemble",150,"ChlorophyllMaximum_depth_sample",2.51572585449641,"fCMdepth_mp","vera4cast"
2026-05-19,2026-04-28,"P1D","fcre",NA,"ensemble",26,"ChlorophyllMaximum_depth_sample",3.50669668837182,"fCMdepth_mp","vera4cast"
2026-05-19,2026-04-28,"P1D","fcre",NA,"ensemble",57,"ChlorophyllMaximum_depth_sample",4.07278020363474,"fCMdepth_mp","vera4cast"
2026-05-19,2026-04-28,"P1D","fcre",NA,"ensemble",88,"ChlorophyllMaximum_depth_sample",4.13068391156248,"fCMdepth_mp","vera4cast"
2026-05-19,2026-04-28,"P1D","fcre",NA,"ensemble",119,"ChlorophyllMaximum_depth_sample",2.93104842957488,"fCMdepth_mp","vera4cast"
2026-05-19,2026-04-28,"P1D","fcre",NA,"ensemble",150,"ChlorophyllMaximum_depth_sample",4.55037057465104,"fCMdepth_mp","vera4cast"
2026-05-20,2026-04-28,"P1D","fcre",NA,"ensemble",26,"ChlorophyllMaximum_depth_sample",2.87537418193967,"fCMdepth_mp","vera4cast"
2026-05-20,2026-04-28,"P1D","fcre",NA,"ensemble",57,"ChlorophyllMaximum_depth_sample",2.13298091841038,"fCMdepth_mp","vera4cast"
2026-05-20,2026-04-28,"P1D","fcre",NA,"ensemble",88,"ChlorophyllMaximum_depth_sample",2.57334216843116,"fCMdepth_mp","vera4cast"
2026-05-20,2026-04-28,"P1D","fcre",NA,"ensemble",119,"ChlorophyllMaximum_depth_sample",3.6851635887453,"fCMdepth_mp","vera4cast"
2026-05-20,2026-04-28,"P1D","fcre",NA,"ensemble",150,"ChlorophyllMaximum_depth_sample",1.47508031615008,"fCMdepth_mp","vera4cast"
2026-05-21,2026-04-28,"P1D","fcre",NA,"ensemble",26,"ChlorophyllMaximum_depth_sample",5.98072642318036,"fCMdepth_mp","vera4cast"
2026-05-21,2026-04-28,"P1D","fcre",NA,"ensemble",57,"ChlorophyllMaximum_depth_sample",3.78014103368359,"fCMdepth_mp","vera4cast"
2026-05-21,2026-04-28,"P1D","fcre",NA,"ensemble",88,"ChlorophyllMaximum_depth_sample",3.29419666322376,"fCMdepth_mp","vera4cast"
2026-05-21,2026-04-28,"P1D","fcre",NA,"ensemble",119,"ChlorophyllMaximum_depth_sample",2.93950959711997,"fCMdepth_mp","vera4cast"
2026-05-21,2026-04-28,"P1D","fcre",NA,"ensemble",150,"ChlorophyllMaximum_depth_sample",2.55634387042796,"fCMdepth_mp","vera4cast"
2026-05-22,2026-04-28,"P1D","fcre",NA,"ensemble",26,"ChlorophyllMaximum_depth_sample",4.61559081389104,"fCMdepth_mp","vera4cast"
2026-05-22,2026-04-28,"P1D","fcre",NA,"ensemble",57,"ChlorophyllMaximum_depth_sample",2.7103031826517,"fCMdepth_mp","vera4cast"
2026-05-22,2026-04-28,"P1D","fcre",NA,"ensemble",88,"ChlorophyllMaximum_depth_sample",1.78542017849798,"fCMdepth_mp","vera4cast"
2026-05-22,2026-04-28,"P1D","fcre",NA,"ensemble",119,"ChlorophyllMaximum_depth_sample",0.474764773375373,"fCMdepth_mp","vera4cast"
2026-05-22,2026-04-28,"P1D","fcre",NA,"ensemble",150,"ChlorophyllMaximum_depth_sample",3.23806411317046,"fCMdepth_mp","vera4cast"
2026-05-23,2026-04-28,"P1D","fcre",NA,"ensemble",26,"ChlorophyllMaximum_depth_sample",4.64732640135138,"fCMdepth_mp","vera4cast"
2026-05-23,2026-04-28,"P1D","fcre",NA,"ensemble",57,"ChlorophyllMaximum_depth_sample",1.14639474823224,"fCMdepth_mp","vera4cast"
2026-05-23,2026-04-28,"P1D","fcre",NA,"ensemble",88,"ChlorophyllMaximum_depth_sample",2.2293094121038,"fCMdepth_mp","vera4cast"
2026-05-23,2026-04-28,"P1D","fcre",NA,"ensemble",119,"ChlorophyllMaximum_depth_sample",5.66472533008523,"fCMdepth_mp","vera4cast"
2026-05-23,2026-04-28,"P1D","fcre",NA,"ensemble",150,"ChlorophyllMaximum_depth_sample",4.34558246954727,"fCMdepth_mp","vera4cast"
2026-05-24,2026-04-28,"P1D","fcre",NA,"ensemble",26,"ChlorophyllMaximum_depth_sample",2.08189591298088,"fCMdepth_mp","vera4cast"
2026-05-24,2026-04-28,"P1D","fcre",NA,"ensemble",57,"ChlorophyllMaximum_depth_sample",1.58811857141301,"fCMdepth_mp","vera4cast"
2026-05-24,2026-04-28,"P1D","fcre",NA,"ensemble",88,"ChlorophyllMaximum_depth_sample",1.78290182970684,"fCMdepth_mp","vera4cast"
2026-05-24,2026-04-28,"P1D","fcre",NA,"ensemble",119,"ChlorophyllMaximum_depth_sample",0.998895318138008,"fCMdepth_mp","vera4cast"
2026-05-24,2026-04-28,"P1D","fcre",NA,"ensemble",150,"ChlorophyllMaximum_depth_sample",3.76656062237854,"fCMdepth_mp","vera4cast"
2026-05-25,2026-04-28,"P1D","fcre",NA,"ensemble",26,"ChlorophyllMaximum_depth_sample",3.72564869563453,"fCMdepth_mp","vera4cast"
2026-05-25,2026-04-28,"P1D","fcre",NA,"ensemble",57,"ChlorophyllMaximum_depth_sample",4.08252196318529,"fCMdepth_mp","vera4cast"
2026-05-25,2026-04-28,"P1D","fcre",NA,"ensemble",88,"ChlorophyllMaximum_depth_sample",1.3383481653015,"fCMdepth_mp","vera4cast"
2026-05-25,2026-04-28,"P1D","fcre",NA,"ensemble",119,"ChlorophyllMaximum_depth_sample",2.6949220733937,"fCMdepth_mp","vera4cast"
2026-05-25,2026-04-28,"P1D","fcre",NA,"ensemble",150,"ChlorophyllMaximum_depth_sample",3.35686455995608,"fCMdepth_mp","vera4cast"
2026-05-26,2026-04-28,"P1D","fcre",NA,"ensemble",26,"ChlorophyllMaximum_depth_sample",3.25777239744628,"fCMdepth_mp","vera4cast"
2026-05-26,2026-04-28,"P1D","fcre",NA,"ensemble",57,"ChlorophyllMaximum_depth_sample",3.63816603435753,"fCMdepth_mp","vera4cast"
2026-05-26,2026-04-28,"P1D","fcre",NA,"ensemble",88,"ChlorophyllMaximum_depth_sample",1.89414634520104,"fCMdepth_mp","vera4cast"
2026-05-26,2026-04-28,"P1D","fcre",NA,"ensemble",119,"ChlorophyllMaximum_depth_sample",1.28682853152314,"fCMdepth_mp","vera4cast"
2026-05-26,2026-04-28,"P1D","fcre",NA,"ensemble",150,"ChlorophyllMaximum_depth_sample",0.702882346425044,"fCMdepth_mp","vera4cast"
2026-05-27,2026-04-28,"P1D","fcre",NA,"ensemble",26,"ChlorophyllMaximum_depth_sample",3.47237819343837,"fCMdepth_mp","vera4cast"
2026-05-27,2026-04-28,"P1D","fcre",NA,"ensemble",57,"ChlorophyllMaximum_depth_sample",2.54730664273406,"fCMdepth_mp","vera4cast"
2026-05-27,2026-04-28,"P1D","fcre",NA,"ensemble",88,"ChlorophyllMaximum_depth_sample",1.01969543685883,"fCMdepth_mp","vera4cast"
2026-05-27,2026-04-28,"P1D","fcre",NA,"ensemble",119,"ChlorophyllMaximum_depth_sample",-0.313932730739737,"fCMdepth_mp","vera4cast"
2026-05-27,2026-04-28,"P1D","fcre",NA,"ensemble",150,"ChlorophyllMaximum_depth_sample",3.22075917231869,"fCMdepth_mp","vera4cast"
2026-05-28,2026-04-28,"P1D","fcre",NA,"ensemble",26,"ChlorophyllMaximum_depth_sample",-0.0606226223008535,"fCMdepth_mp","vera4cast"
2026-05-28,2026-04-28,"P1D","fcre",NA,"ensemble",57,"ChlorophyllMaximum_depth_sample",1.92230371714448,"fCMdepth_mp","vera4cast"
2026-05-28,2026-04-28,"P1D","fcre",NA,"ensemble",88,"ChlorophyllMaximum_depth_sample",0.333519281541501,"fCMdepth_mp","vera4cast"
2026-05-28,2026-04-28,"P1D","fcre",NA,"ensemble",119,"ChlorophyllMaximum_depth_sample",2.8535367409873,"fCMdepth_mp","vera4cast"
2026-05-28,2026-04-28,"P1D","fcre",NA,"ensemble",150,"ChlorophyllMaximum_depth_sample",2.87789849187209,"fCMdepth_mp","vera4cast"
2026-05-29,2026-04-28,"P1D","fcre",NA,"ensemble",26,"ChlorophyllMaximum_depth_sample",4.24532899466359,"fCMdepth_mp","vera4cast"
2026-05-29,2026-04-28,"P1D","fcre",NA,"ensemble",57,"ChlorophyllMaximum_depth_sample",3.80965260144802,"fCMdepth_mp","vera4cast"
2026-05-29,2026-04-28,"P1D","fcre",NA,"ensemble",88,"ChlorophyllMaximum_depth_sample",2.8803006174014,"fCMdepth_mp","vera4cast"
2026-05-29,2026-04-28,"P1D","fcre",NA,"ensemble",119,"ChlorophyllMaximum_depth_sample",6.0012604343053,"fCMdepth_mp","vera4cast"
2026-05-29,2026-04-28,"P1D","fcre",NA,"ensemble",150,"ChlorophyllMaximum_depth_sample",3.24648728645739,"fCMdepth_mp","vera4cast"
2026-05-30,2026-04-28,"P1D","fcre",NA,"ensemble",26,"ChlorophyllMaximum_depth_sample",1.7812577660275,"fCMdepth_mp","vera4cast"
2026-05-30,2026-04-28,"P1D","fcre",NA,"ensemble",57,"ChlorophyllMaximum_depth_sample",0.881745362008125,"fCMdepth_mp","vera4cast"
2026-05-30,2026-04-28,"P1D","fcre",NA,"ensemble",88,"ChlorophyllMaximum_depth_sample",2.5875714574495,"fCMdepth_mp","vera4cast"
2026-05-30,2026-04-28,"P1D","fcre",NA,"ensemble",119,"ChlorophyllMaximum_depth_sample",1.98820563781199,"fCMdepth_mp","vera4cast"
2026-05-30,2026-04-28,"P1D","fcre",NA,"ensemble",150,"ChlorophyllMaximum_depth_sample",1.64200281634996,"fCMdepth_mp","vera4cast"
2026-05-31,2026-04-28,"P1D","fcre",NA,"ensemble",26,"ChlorophyllMaximum_depth_sample",4.30890784135925,"fCMdepth_mp","vera4cast"
2026-05-31,2026-04-28,"P1D","fcre",NA,"ensemble",57,"ChlorophyllMaximum_depth_sample",3.75598771628354,"fCMdepth_mp","vera4cast"
2026-05-31,2026-04-28,"P1D","fcre",NA,"ensemble",88,"ChlorophyllMaximum_depth_sample",1.86090879262255,"fCMdepth_mp","vera4cast"
2026-05-31,2026-04-28,"P1D","fcre",NA,"ensemble",119,"ChlorophyllMaximum_depth_sample",3.18527549741035,"fCMdepth_mp","vera4cast"
2026-05-31,2026-04-28,"P1D","fcre",NA,"ensemble",150,"ChlorophyllMaximum_depth_sample",3.30867083456061,"fCMdepth_mp","vera4cast"
2026-06-01,2026-04-28,"P1D","fcre",NA,"ensemble",26,"ChlorophyllMaximum_depth_sample",1.99244472653745,"fCMdepth_mp","vera4cast"
2026-06-01,2026-04-28,"P1D","fcre",NA,"ensemble",57,"ChlorophyllMaximum_depth_sample",3.76728144319111,"fCMdepth_mp","vera4cast"
2026-06-01,2026-04-28,"P1D","fcre",NA,"ensemble",88,"ChlorophyllMaximum_depth_sample",2.06427927802955,"fCMdepth_mp","vera4cast"
2026-06-01,2026-04-28,"P1D","fcre",NA,"ensemble",119,"ChlorophyllMaximum_depth_sample",3.63083791285447,"fCMdepth_mp","vera4cast"
2026-06-01,2026-04-28,"P1D","fcre",NA,"ensemble",150,"ChlorophyllMaximum_depth_sample",2.49942013491612,"fCMdepth_mp","vera4cast"
2026-04-29,2026-04-28,"P1D","fcre",NA,"ensemble",27,"ChlorophyllMaximum_depth_sample",2.15909329292599,"fCMdepth_mp","vera4cast"
2026-04-29,2026-04-28,"P1D","fcre",NA,"ensemble",58,"ChlorophyllMaximum_depth_sample",1.40578256059398,"fCMdepth_mp","vera4cast"
2026-04-29,2026-04-28,"P1D","fcre",NA,"ensemble",89,"ChlorophyllMaximum_depth_sample",1.41153008091181,"fCMdepth_mp","vera4cast"
2026-04-29,2026-04-28,"P1D","fcre",NA,"ensemble",120,"ChlorophyllMaximum_depth_sample",2.60087380191673,"fCMdepth_mp","vera4cast"
2026-04-30,2026-04-28,"P1D","fcre",NA,"ensemble",27,"ChlorophyllMaximum_depth_sample",2.0710081763042,"fCMdepth_mp","vera4cast"
2026-04-30,2026-04-28,"P1D","fcre",NA,"ensemble",58,"ChlorophyllMaximum_depth_sample",2.69872774560752,"fCMdepth_mp","vera4cast"
2026-04-30,2026-04-28,"P1D","fcre",NA,"ensemble",89,"ChlorophyllMaximum_depth_sample",2.47667976615198,"fCMdepth_mp","vera4cast"
2026-04-30,2026-04-28,"P1D","fcre",NA,"ensemble",120,"ChlorophyllMaximum_depth_sample",2.85057004711626,"fCMdepth_mp","vera4cast"
2026-05-01,2026-04-28,"P1D","fcre",NA,"ensemble",27,"ChlorophyllMaximum_depth_sample",1.00728242915363,"fCMdepth_mp","vera4cast"
2026-05-01,2026-04-28,"P1D","fcre",NA,"ensemble",58,"ChlorophyllMaximum_depth_sample",3.30850243473559,"fCMdepth_mp","vera4cast"
2026-05-01,2026-04-28,"P1D","fcre",NA,"ensemble",89,"ChlorophyllMaximum_depth_sample",3.6615851048642,"fCMdepth_mp","vera4cast"
2026-05-01,2026-04-28,"P1D","fcre",NA,"ensemble",120,"ChlorophyllMaximum_depth_sample",3.41671345053699,"fCMdepth_mp","vera4cast"
2026-05-02,2026-04-28,"P1D","fcre",NA,"ensemble",27,"ChlorophyllMaximum_depth_sample",2.55506672690286,"fCMdepth_mp","vera4cast"
2026-05-02,2026-04-28,"P1D","fcre",NA,"ensemble",58,"ChlorophyllMaximum_depth_sample",5.40668886717013,"fCMdepth_mp","vera4cast"
2026-05-02,2026-04-28,"P1D","fcre",NA,"ensemble",89,"ChlorophyllMaximum_depth_sample",3.37102120523832,"fCMdepth_mp","vera4cast"
2026-05-02,2026-04-28,"P1D","fcre",NA,"ensemble",120,"ChlorophyllMaximum_depth_sample",2.97883585550374,"fCMdepth_mp","vera4cast"
2026-05-03,2026-04-28,"P1D","fcre",NA,"ensemble",27,"ChlorophyllMaximum_depth_sample",1.70496707481358,"fCMdepth_mp","vera4cast"
2026-05-03,2026-04-28,"P1D","fcre",NA,"ensemble",58,"ChlorophyllMaximum_depth_sample",3.4969327975659,"fCMdepth_mp","vera4cast"
2026-05-03,2026-04-28,"P1D","fcre",NA,"ensemble",89,"ChlorophyllMaximum_depth_sample",2.91843246152619,"fCMdepth_mp","vera4cast"
2026-05-03,2026-04-28,"P1D","fcre",NA,"ensemble",120,"ChlorophyllMaximum_depth_sample",4.63624821472181,"fCMdepth_mp","vera4cast"
2026-05-04,2026-04-28,"P1D","fcre",NA,"ensemble",27,"ChlorophyllMaximum_depth_sample",3.30952477645438,"fCMdepth_mp","vera4cast"
2026-05-04,2026-04-28,"P1D","fcre",NA,"ensemble",58,"ChlorophyllMaximum_depth_sample",3.72188611302728,"fCMdepth_mp","vera4cast"
2026-05-04,2026-04-28,"P1D","fcre",NA,"ensemble",89,"ChlorophyllMaximum_depth_sample",5.35273403060887,"fCMdepth_mp","vera4cast"
2026-05-04,2026-04-28,"P1D","fcre",NA,"ensemble",120,"ChlorophyllMaximum_depth_sample",3.06250506504324,"fCMdepth_mp","vera4cast"
2026-05-05,2026-04-28,"P1D","fcre",NA,"ensemble",27,"ChlorophyllMaximum_depth_sample",3.16508211694337,"fCMdepth_mp","vera4cast"
2026-05-05,2026-04-28,"P1D","fcre",NA,"ensemble",58,"ChlorophyllMaximum_depth_sample",1.96152288584174,"fCMdepth_mp","vera4cast"
2026-05-05,2026-04-28,"P1D","fcre",NA,"ensemble",89,"ChlorophyllMaximum_depth_sample",4.43860059112606,"fCMdepth_mp","vera4cast"
2026-05-05,2026-04-28,"P1D","fcre",NA,"ensemble",120,"ChlorophyllMaximum_depth_sample",1.68011440324,"fCMdepth_mp","vera4cast"
2026-05-06,2026-04-28,"P1D","fcre",NA,"ensemble",27,"ChlorophyllMaximum_depth_sample",3.54158039713476,"fCMdepth_mp","vera4cast"
2026-05-06,2026-04-28,"P1D","fcre",NA,"ensemble",58,"ChlorophyllMaximum_depth_sample",4.32857698792023,"fCMdepth_mp","vera4cast"
2026-05-06,2026-04-28,"P1D","fcre",NA,"ensemble",89,"ChlorophyllMaximum_depth_sample",4.26999313440196,"fCMdepth_mp","vera4cast"
2026-05-06,2026-04-28,"P1D","fcre",NA,"ensemble",120,"ChlorophyllMaximum_depth_sample",1.8535501602795,"fCMdepth_mp","vera4cast"
2026-05-07,2026-04-28,"P1D","fcre",NA,"ensemble",27,"ChlorophyllMaximum_depth_sample",4.08647479993923,"fCMdepth_mp","vera4cast"
2026-05-07,2026-04-28,"P1D","fcre",NA,"ensemble",58,"ChlorophyllMaximum_depth_sample",3.67105428159127,"fCMdepth_mp","vera4cast"
2026-05-07,2026-04-28,"P1D","fcre",NA,"ensemble",89,"ChlorophyllMaximum_depth_sample",2.37307248372887,"fCMdepth_mp","vera4cast"
2026-05-07,2026-04-28,"P1D","fcre",NA,"ensemble",120,"ChlorophyllMaximum_depth_sample",2.463728718748,"fCMdepth_mp","vera4cast"
2026-05-08,2026-04-28,"P1D","fcre",NA,"ensemble",27,"ChlorophyllMaximum_depth_sample",4.37685827405868,"fCMdepth_mp","vera4cast"
2026-05-08,2026-04-28,"P1D","fcre",NA,"ensemble",58,"ChlorophyllMaximum_depth_sample",3.61061643629547,"fCMdepth_mp","vera4cast"
2026-05-08,2026-04-28,"P1D","fcre",NA,"ensemble",89,"ChlorophyllMaximum_depth_sample",2.88907346513316,"fCMdepth_mp","vera4cast"
2026-05-08,2026-04-28,"P1D","fcre",NA,"ensemble",120,"ChlorophyllMaximum_depth_sample",0.583685728106505,"fCMdepth_mp","vera4cast"
2026-05-09,2026-04-28,"P1D","fcre",NA,"ensemble",27,"ChlorophyllMaximum_depth_sample",2.3516301969733,"fCMdepth_mp","vera4cast"
2026-05-09,2026-04-28,"P1D","fcre",NA,"ensemble",58,"ChlorophyllMaximum_depth_sample",2.21561199294364,"fCMdepth_mp","vera4cast"
2026-05-09,2026-04-28,"P1D","fcre",NA,"ensemble",89,"ChlorophyllMaximum_depth_sample",3.62628233429151,"fCMdepth_mp","vera4cast"
2026-05-09,2026-04-28,"P1D","fcre",NA,"ensemble",120,"ChlorophyllMaximum_depth_sample",3.41197570712241,"fCMdepth_mp","vera4cast"
2026-05-10,2026-04-28,"P1D","fcre",NA,"ensemble",27,"ChlorophyllMaximum_depth_sample",4.71182721292038,"fCMdepth_mp","vera4cast"
2026-05-10,2026-04-28,"P1D","fcre",NA,"ensemble",58,"ChlorophyllMaximum_depth_sample",3.93561639820258,"fCMdepth_mp","vera4cast"
2026-05-10,2026-04-28,"P1D","fcre",NA,"ensemble",89,"ChlorophyllMaximum_depth_sample",2.76082593814962,"fCMdepth_mp","vera4cast"
2026-05-10,2026-04-28,"P1D","fcre",NA,"ensemble",120,"ChlorophyllMaximum_depth_sample",5.21829969312085,"fCMdepth_mp","vera4cast"
2026-05-11,2026-04-28,"P1D","fcre",NA,"ensemble",27,"ChlorophyllMaximum_depth_sample",3.09005789553974,"fCMdepth_mp","vera4cast"
2026-05-11,2026-04-28,"P1D","fcre",NA,"ensemble",58,"ChlorophyllMaximum_depth_sample",3.49061853118017,"fCMdepth_mp","vera4cast"
2026-05-11,2026-04-28,"P1D","fcre",NA,"ensemble",89,"ChlorophyllMaximum_depth_sample",3.11295693909755,"fCMdepth_mp","vera4cast"
2026-05-11,2026-04-28,"P1D","fcre",NA,"ensemble",120,"ChlorophyllMaximum_depth_sample",2.98359021143862,"fCMdepth_mp","vera4cast"
2026-05-12,2026-04-28,"P1D","fcre",NA,"ensemble",27,"ChlorophyllMaximum_depth_sample",1.65201065067599,"fCMdepth_mp","vera4cast"
2026-05-12,2026-04-28,"P1D","fcre",NA,"ensemble",58,"ChlorophyllMaximum_depth_sample",1.94054022205196,"fCMdepth_mp","vera4cast"
2026-05-12,2026-04-28,"P1D","fcre",NA,"ensemble",89,"ChlorophyllMaximum_depth_sample",3.36349058817122,"fCMdepth_mp","vera4cast"
2026-05-12,2026-04-28,"P1D","fcre",NA,"ensemble",120,"ChlorophyllMaximum_depth_sample",3.23755183019443,"fCMdepth_mp","vera4cast"
2026-05-13,2026-04-28,"P1D","fcre",NA,"ensemble",27,"ChlorophyllMaximum_depth_sample",3.41810045446158,"fCMdepth_mp","vera4cast"
2026-05-13,2026-04-28,"P1D","fcre",NA,"ensemble",58,"ChlorophyllMaximum_depth_sample",3.2741204466824,"fCMdepth_mp","vera4cast"
2026-05-13,2026-04-28,"P1D","fcre",NA,"ensemble",89,"ChlorophyllMaximum_depth_sample",3.28541889506733,"fCMdepth_mp","vera4cast"
2026-05-13,2026-04-28,"P1D","fcre",NA,"ensemble",120,"ChlorophyllMaximum_depth_sample",3.66142478201401,"fCMdepth_mp","vera4cast"
2026-05-14,2026-04-28,"P1D","fcre",NA,"ensemble",27,"ChlorophyllMaximum_depth_sample",1.44632566825254,"fCMdepth_mp","vera4cast"
2026-05-14,2026-04-28,"P1D","fcre",NA,"ensemble",58,"ChlorophyllMaximum_depth_sample",4.90119146274279,"fCMdepth_mp","vera4cast"
2026-05-14,2026-04-28,"P1D","fcre",NA,"ensemble",89,"ChlorophyllMaximum_depth_sample",2.52911319484941,"fCMdepth_mp","vera4cast"
2026-05-14,2026-04-28,"P1D","fcre",NA,"ensemble",120,"ChlorophyllMaximum_depth_sample",3.44908845676166,"fCMdepth_mp","vera4cast"
2026-05-15,2026-04-28,"P1D","fcre",NA,"ensemble",27,"ChlorophyllMaximum_depth_sample",3.2658038964222,"fCMdepth_mp","vera4cast"
2026-05-15,2026-04-28,"P1D","fcre",NA,"ensemble",58,"ChlorophyllMaximum_depth_sample",3.34681754799015,"fCMdepth_mp","vera4cast"
2026-05-15,2026-04-28,"P1D","fcre",NA,"ensemble",89,"ChlorophyllMaximum_depth_sample",0.533147241792781,"fCMdepth_mp","vera4cast"
2026-05-15,2026-04-28,"P1D","fcre",NA,"ensemble",120,"ChlorophyllMaximum_depth_sample",3.52560682608713,"fCMdepth_mp","vera4cast"
2026-05-16,2026-04-28,"P1D","fcre",NA,"ensemble",27,"ChlorophyllMaximum_depth_sample",4.02486163077683,"fCMdepth_mp","vera4cast"
2026-05-16,2026-04-28,"P1D","fcre",NA,"ensemble",58,"ChlorophyllMaximum_depth_sample",4.91800686237998,"fCMdepth_mp","vera4cast"
2026-05-16,2026-04-28,"P1D","fcre",NA,"ensemble",89,"ChlorophyllMaximum_depth_sample",0.220594327850715,"fCMdepth_mp","vera4cast"
2026-05-16,2026-04-28,"P1D","fcre",NA,"ensemble",120,"ChlorophyllMaximum_depth_sample",3.64685650231855,"fCMdepth_mp","vera4cast"
2026-05-17,2026-04-28,"P1D","fcre",NA,"ensemble",27,"ChlorophyllMaximum_depth_sample",2.15010138091167,"fCMdepth_mp","vera4cast"
2026-05-17,2026-04-28,"P1D","fcre",NA,"ensemble",58,"ChlorophyllMaximum_depth_sample",5.20728112029009,"fCMdepth_mp","vera4cast"
2026-05-17,2026-04-28,"P1D","fcre",NA,"ensemble",89,"ChlorophyllMaximum_depth_sample",5.72931191366242,"fCMdepth_mp","vera4cast"
2026-05-17,2026-04-28,"P1D","fcre",NA,"ensemble",120,"ChlorophyllMaximum_depth_sample",3.06847794615854,"fCMdepth_mp","vera4cast"
2026-05-18,2026-04-28,"P1D","fcre",NA,"ensemble",27,"ChlorophyllMaximum_depth_sample",4.01292236349466,"fCMdepth_mp","vera4cast"
2026-05-18,2026-04-28,"P1D","fcre",NA,"ensemble",58,"ChlorophyllMaximum_depth_sample",3.93668586650193,"fCMdepth_mp","vera4cast"
2026-05-18,2026-04-28,"P1D","fcre",NA,"ensemble",89,"ChlorophyllMaximum_depth_sample",5.26223911090435,"fCMdepth_mp","vera4cast"
2026-05-18,2026-04-28,"P1D","fcre",NA,"ensemble",120,"ChlorophyllMaximum_depth_sample",2.77871894442092,"fCMdepth_mp","vera4cast"
2026-05-19,2026-04-28,"P1D","fcre",NA,"ensemble",27,"ChlorophyllMaximum_depth_sample",4.18202828986079,"fCMdepth_mp","vera4cast"
2026-05-19,2026-04-28,"P1D","fcre",NA,"ensemble",58,"ChlorophyllMaximum_depth_sample",5.00857525667335,"fCMdepth_mp","vera4cast"
2026-05-19,2026-04-28,"P1D","fcre",NA,"ensemble",89,"ChlorophyllMaximum_depth_sample",2.79800796708823,"fCMdepth_mp","vera4cast"
2026-05-19,2026-04-28,"P1D","fcre",NA,"ensemble",120,"ChlorophyllMaximum_depth_sample",1.91018159460864,"fCMdepth_mp","vera4cast"
2026-05-20,2026-04-28,"P1D","fcre",NA,"ensemble",27,"ChlorophyllMaximum_depth_sample",2.3125510390661,"fCMdepth_mp","vera4cast"
2026-05-20,2026-04-28,"P1D","fcre",NA,"ensemble",58,"ChlorophyllMaximum_depth_sample",2.74013536380406,"fCMdepth_mp","vera4cast"
2026-05-20,2026-04-28,"P1D","fcre",NA,"ensemble",89,"ChlorophyllMaximum_depth_sample",5.38510726362318,"fCMdepth_mp","vera4cast"
2026-05-20,2026-04-28,"P1D","fcre",NA,"ensemble",120,"ChlorophyllMaximum_depth_sample",3.06491481975325,"fCMdepth_mp","vera4cast"
2026-05-21,2026-04-28,"P1D","fcre",NA,"ensemble",27,"ChlorophyllMaximum_depth_sample",3.45936364245468,"fCMdepth_mp","vera4cast"
2026-05-21,2026-04-28,"P1D","fcre",NA,"ensemble",58,"ChlorophyllMaximum_depth_sample",1.61728491855618,"fCMdepth_mp","vera4cast"
2026-05-21,2026-04-28,"P1D","fcre",NA,"ensemble",89,"ChlorophyllMaximum_depth_sample",2.27465914383836,"fCMdepth_mp","vera4cast"
2026-05-21,2026-04-28,"P1D","fcre",NA,"ensemble",120,"ChlorophyllMaximum_depth_sample",2.52159681854498,"fCMdepth_mp","vera4cast"
2026-05-22,2026-04-28,"P1D","fcre",NA,"ensemble",27,"ChlorophyllMaximum_depth_sample",3.02787711809631,"fCMdepth_mp","vera4cast"
2026-05-22,2026-04-28,"P1D","fcre",NA,"ensemble",58,"ChlorophyllMaximum_depth_sample",3.121426628337,"fCMdepth_mp","vera4cast"
2026-05-22,2026-04-28,"P1D","fcre",NA,"ensemble",89,"ChlorophyllMaximum_depth_sample",1.88045609383547,"fCMdepth_mp","vera4cast"
2026-05-22,2026-04-28,"P1D","fcre",NA,"ensemble",120,"ChlorophyllMaximum_depth_sample",4.2032400451444,"fCMdepth_mp","vera4cast"
2026-05-23,2026-04-28,"P1D","fcre",NA,"ensemble",27,"ChlorophyllMaximum_depth_sample",2.76063247480401,"fCMdepth_mp","vera4cast"
2026-05-23,2026-04-28,"P1D","fcre",NA,"ensemble",58,"ChlorophyllMaximum_depth_sample",2.53711660085879,"fCMdepth_mp","vera4cast"
2026-05-23,2026-04-28,"P1D","fcre",NA,"ensemble",89,"ChlorophyllMaximum_depth_sample",1.08329392601326,"fCMdepth_mp","vera4cast"
2026-05-23,2026-04-28,"P1D","fcre",NA,"ensemble",120,"ChlorophyllMaximum_depth_sample",3.42005593265476,"fCMdepth_mp","vera4cast"
2026-05-24,2026-04-28,"P1D","fcre",NA,"ensemble",27,"ChlorophyllMaximum_depth_sample",2.79669371532721,"fCMdepth_mp","vera4cast"
2026-05-24,2026-04-28,"P1D","fcre",NA,"ensemble",58,"ChlorophyllMaximum_depth_sample",2.12778776613993,"fCMdepth_mp","vera4cast"
2026-05-24,2026-04-28,"P1D","fcre",NA,"ensemble",89,"ChlorophyllMaximum_depth_sample",3.9405664475601,"fCMdepth_mp","vera4cast"
2026-05-24,2026-04-28,"P1D","fcre",NA,"ensemble",120,"ChlorophyllMaximum_depth_sample",1.73894907431796,"fCMdepth_mp","vera4cast"
2026-05-25,2026-04-28,"P1D","fcre",NA,"ensemble",27,"ChlorophyllMaximum_depth_sample",2.25315846177655,"fCMdepth_mp","vera4cast"
2026-05-25,2026-04-28,"P1D","fcre",NA,"ensemble",58,"ChlorophyllMaximum_depth_sample",2.12105160112317,"fCMdepth_mp","vera4cast"
2026-05-25,2026-04-28,"P1D","fcre",NA,"ensemble",89,"ChlorophyllMaximum_depth_sample",3.48140934690078,"fCMdepth_mp","vera4cast"
2026-05-25,2026-04-28,"P1D","fcre",NA,"ensemble",120,"ChlorophyllMaximum_depth_sample",2.61817499583474,"fCMdepth_mp","vera4cast"
2026-05-26,2026-04-28,"P1D","fcre",NA,"ensemble",27,"ChlorophyllMaximum_depth_sample",2.05655772154045,"fCMdepth_mp","vera4cast"
2026-05-26,2026-04-28,"P1D","fcre",NA,"ensemble",58,"ChlorophyllMaximum_depth_sample",4.35566156373425,"fCMdepth_mp","vera4cast"
2026-05-26,2026-04-28,"P1D","fcre",NA,"ensemble",89,"ChlorophyllMaximum_depth_sample",2.75701388079397,"fCMdepth_mp","vera4cast"
2026-05-26,2026-04-28,"P1D","fcre",NA,"ensemble",120,"ChlorophyllMaximum_depth_sample",4.84195719766874,"fCMdepth_mp","vera4cast"
2026-05-27,2026-04-28,"P1D","fcre",NA,"ensemble",27,"ChlorophyllMaximum_depth_sample",3.40460094333901,"fCMdepth_mp","vera4cast"
2026-05-27,2026-04-28,"P1D","fcre",NA,"ensemble",58,"ChlorophyllMaximum_depth_sample",3.32521001629887,"fCMdepth_mp","vera4cast"
2026-05-27,2026-04-28,"P1D","fcre",NA,"ensemble",89,"ChlorophyllMaximum_depth_sample",1.93879530212155,"fCMdepth_mp","vera4cast"
2026-05-27,2026-04-28,"P1D","fcre",NA,"ensemble",120,"ChlorophyllMaximum_depth_sample",1.84651000009639,"fCMdepth_mp","vera4cast"
2026-05-28,2026-04-28,"P1D","fcre",NA,"ensemble",27,"ChlorophyllMaximum_depth_sample",3.18160965101967,"fCMdepth_mp","vera4cast"
2026-05-28,2026-04-28,"P1D","fcre",NA,"ensemble",58,"ChlorophyllMaximum_depth_sample",3.6372089052386,"fCMdepth_mp","vera4cast"
2026-05-28,2026-04-28,"P1D","fcre",NA,"ensemble",89,"ChlorophyllMaximum_depth_sample",3.61505186492415,"fCMdepth_mp","vera4cast"
2026-05-28,2026-04-28,"P1D","fcre",NA,"ensemble",120,"ChlorophyllMaximum_depth_sample",3.45185480455711,"fCMdepth_mp","vera4cast"
2026-05-29,2026-04-28,"P1D","fcre",NA,"ensemble",27,"ChlorophyllMaximum_depth_sample",1.68988648341895,"fCMdepth_mp","vera4cast"
2026-05-29,2026-04-28,"P1D","fcre",NA,"ensemble",58,"ChlorophyllMaximum_depth_sample",2.65173767083094,"fCMdepth_mp","vera4cast"
2026-05-29,2026-04-28,"P1D","fcre",NA,"ensemble",89,"ChlorophyllMaximum_depth_sample",3.78848613180979,"fCMdepth_mp","vera4cast"
2026-05-29,2026-04-28,"P1D","fcre",NA,"ensemble",120,"ChlorophyllMaximum_depth_sample",3.05422949919214,"fCMdepth_mp","vera4cast"
2026-05-30,2026-04-28,"P1D","fcre",NA,"ensemble",27,"ChlorophyllMaximum_depth_sample",2.99940217310295,"fCMdepth_mp","vera4cast"
2026-05-30,2026-04-28,"P1D","fcre",NA,"ensemble",58,"ChlorophyllMaximum_depth_sample",2.60699958655292,"fCMdepth_mp","vera4cast"
2026-05-30,2026-04-28,"P1D","fcre",NA,"ensemble",89,"ChlorophyllMaximum_depth_sample",3.27092289636149,"fCMdepth_mp","vera4cast"
2026-05-30,2026-04-28,"P1D","fcre",NA,"ensemble",120,"ChlorophyllMaximum_depth_sample",2.61489898198406,"fCMdepth_mp","vera4cast"
2026-05-31,2026-04-28,"P1D","fcre",NA,"ensemble",27,"ChlorophyllMaximum_depth_sample",0.780571973092316,"fCMdepth_mp","vera4cast"
2026-05-31,2026-04-28,"P1D","fcre",NA,"ensemble",58,"ChlorophyllMaximum_depth_sample",3.01129765408893,"fCMdepth_mp","vera4cast"
2026-05-31,2026-04-28,"P1D","fcre",NA,"ensemble",89,"ChlorophyllMaximum_depth_sample",2.96949533890451,"fCMdepth_mp","vera4cast"
2026-05-31,2026-04-28,"P1D","fcre",NA,"ensemble",120,"ChlorophyllMaximum_depth_sample",4.54667372278955,"fCMdepth_mp","vera4cast"
2026-06-01,2026-04-28,"P1D","fcre",NA,"ensemble",27,"ChlorophyllMaximum_depth_sample",1.33740126213833,"fCMdepth_mp","vera4cast"
2026-06-01,2026-04-28,"P1D","fcre",NA,"ensemble",58,"ChlorophyllMaximum_depth_sample",1.94710029755801,"fCMdepth_mp","vera4cast"
2026-06-01,2026-04-28,"P1D","fcre",NA,"ensemble",89,"ChlorophyllMaximum_depth_sample",3.30675269386951,"fCMdepth_mp","vera4cast"
2026-06-01,2026-04-28,"P1D","fcre",NA,"ensemble",120,"ChlorophyllMaximum_depth_sample",2.83097063093921,"fCMdepth_mp","vera4cast"
2026-04-29,2026-04-28,"P1D","fcre",NA,"ensemble",28,"ChlorophyllMaximum_depth_sample",1.22798267910297,"fCMdepth_mp","vera4cast"
2026-04-29,2026-04-28,"P1D","fcre",NA,"ensemble",59,"ChlorophyllMaximum_depth_sample",4.89579042896162,"fCMdepth_mp","vera4cast"
2026-04-29,2026-04-28,"P1D","fcre",NA,"ensemble",90,"ChlorophyllMaximum_depth_sample",2.44817750902596,"fCMdepth_mp","vera4cast"
2026-04-29,2026-04-28,"P1D","fcre",NA,"ensemble",121,"ChlorophyllMaximum_depth_sample",2.40640521597171,"fCMdepth_mp","vera4cast"
2026-04-30,2026-04-28,"P1D","fcre",NA,"ensemble",28,"ChlorophyllMaximum_depth_sample",4.74995310647919,"fCMdepth_mp","vera4cast"
2026-04-30,2026-04-28,"P1D","fcre",NA,"ensemble",59,"ChlorophyllMaximum_depth_sample",5.62058621537064,"fCMdepth_mp","vera4cast"
2026-04-30,2026-04-28,"P1D","fcre",NA,"ensemble",90,"ChlorophyllMaximum_depth_sample",2.47126002354171,"fCMdepth_mp","vera4cast"
2026-04-30,2026-04-28,"P1D","fcre",NA,"ensemble",121,"ChlorophyllMaximum_depth_sample",4.44015753961089,"fCMdepth_mp","vera4cast"
2026-05-01,2026-04-28,"P1D","fcre",NA,"ensemble",28,"ChlorophyllMaximum_depth_sample",2.04936669966585,"fCMdepth_mp","vera4cast"
2026-05-01,2026-04-28,"P1D","fcre",NA,"ensemble",59,"ChlorophyllMaximum_depth_sample",3.50187594975527,"fCMdepth_mp","vera4cast"
2026-05-01,2026-04-28,"P1D","fcre",NA,"ensemble",90,"ChlorophyllMaximum_depth_sample",2.5377050565768,"fCMdepth_mp","vera4cast"
2026-05-01,2026-04-28,"P1D","fcre",NA,"ensemble",121,"ChlorophyllMaximum_depth_sample",2.64141174586483,"fCMdepth_mp","vera4cast"
2026-05-02,2026-04-28,"P1D","fcre",NA,"ensemble",28,"ChlorophyllMaximum_depth_sample",1.90811515978456,"fCMdepth_mp","vera4cast"
2026-05-02,2026-04-28,"P1D","fcre",NA,"ensemble",59,"ChlorophyllMaximum_depth_sample",1.03094220222306,"fCMdepth_mp","vera4cast"
2026-05-02,2026-04-28,"P1D","fcre",NA,"ensemble",90,"ChlorophyllMaximum_depth_sample",2.62616126266108,"fCMdepth_mp","vera4cast"
2026-05-02,2026-04-28,"P1D","fcre",NA,"ensemble",121,"ChlorophyllMaximum_depth_sample",4.46473447766053,"fCMdepth_mp","vera4cast"
2026-05-03,2026-04-28,"P1D","fcre",NA,"ensemble",28,"ChlorophyllMaximum_depth_sample",3.50619503982962,"fCMdepth_mp","vera4cast"
2026-05-03,2026-04-28,"P1D","fcre",NA,"ensemble",59,"ChlorophyllMaximum_depth_sample",2.1408963853915,"fCMdepth_mp","vera4cast"
2026-05-03,2026-04-28,"P1D","fcre",NA,"ensemble",90,"ChlorophyllMaximum_depth_sample",4.95670230910289,"fCMdepth_mp","vera4cast"
2026-05-03,2026-04-28,"P1D","fcre",NA,"ensemble",121,"ChlorophyllMaximum_depth_sample",2.5646543168429,"fCMdepth_mp","vera4cast"
2026-05-04,2026-04-28,"P1D","fcre",NA,"ensemble",28,"ChlorophyllMaximum_depth_sample",1.13445193926931,"fCMdepth_mp","vera4cast"
2026-05-04,2026-04-28,"P1D","fcre",NA,"ensemble",59,"ChlorophyllMaximum_depth_sample",0.41997327629262,"fCMdepth_mp","vera4cast"
2026-05-04,2026-04-28,"P1D","fcre",NA,"ensemble",90,"ChlorophyllMaximum_depth_sample",2.60988591621232,"fCMdepth_mp","vera4cast"
2026-05-04,2026-04-28,"P1D","fcre",NA,"ensemble",121,"ChlorophyllMaximum_depth_sample",4.79920798593896,"fCMdepth_mp","vera4cast"
2026-05-05,2026-04-28,"P1D","fcre",NA,"ensemble",28,"ChlorophyllMaximum_depth_sample",3.67081705370863,"fCMdepth_mp","vera4cast"
2026-05-05,2026-04-28,"P1D","fcre",NA,"ensemble",59,"ChlorophyllMaximum_depth_sample",1.54521574033996,"fCMdepth_mp","vera4cast"
2026-05-05,2026-04-28,"P1D","fcre",NA,"ensemble",90,"ChlorophyllMaximum_depth_sample",3.08823005343022,"fCMdepth_mp","vera4cast"
2026-05-05,2026-04-28,"P1D","fcre",NA,"ensemble",121,"ChlorophyllMaximum_depth_sample",1.41432111785069,"fCMdepth_mp","vera4cast"
2026-05-06,2026-04-28,"P1D","fcre",NA,"ensemble",28,"ChlorophyllMaximum_depth_sample",3.69051729908644,"fCMdepth_mp","vera4cast"
2026-05-06,2026-04-28,"P1D","fcre",NA,"ensemble",59,"ChlorophyllMaximum_depth_sample",5.91703792941788,"fCMdepth_mp","vera4cast"
2026-05-06,2026-04-28,"P1D","fcre",NA,"ensemble",90,"ChlorophyllMaximum_depth_sample",6.09771955917018,"fCMdepth_mp","vera4cast"
2026-05-06,2026-04-28,"P1D","fcre",NA,"ensemble",121,"ChlorophyllMaximum_depth_sample",3.18069681322356,"fCMdepth_mp","vera4cast"
2026-05-07,2026-04-28,"P1D","fcre",NA,"ensemble",28,"ChlorophyllMaximum_depth_sample",2.86611255632933,"fCMdepth_mp","vera4cast"
2026-05-07,2026-04-28,"P1D","fcre",NA,"ensemble",59,"ChlorophyllMaximum_depth_sample",3.23117243570592,"fCMdepth_mp","vera4cast"
2026-05-07,2026-04-28,"P1D","fcre",NA,"ensemble",90,"ChlorophyllMaximum_depth_sample",4.34989194708087,"fCMdepth_mp","vera4cast"
2026-05-07,2026-04-28,"P1D","fcre",NA,"ensemble",121,"ChlorophyllMaximum_depth_sample",2.8979027368821,"fCMdepth_mp","vera4cast"
2026-05-08,2026-04-28,"P1D","fcre",NA,"ensemble",28,"ChlorophyllMaximum_depth_sample",1.29496440012254,"fCMdepth_mp","vera4cast"
2026-05-08,2026-04-28,"P1D","fcre",NA,"ensemble",59,"ChlorophyllMaximum_depth_sample",3.2026670898665,"fCMdepth_mp","vera4cast"
2026-05-08,2026-04-28,"P1D","fcre",NA,"ensemble",90,"ChlorophyllMaximum_depth_sample",2.24157521073287,"fCMdepth_mp","vera4cast"
2026-05-08,2026-04-28,"P1D","fcre",NA,"ensemble",121,"ChlorophyllMaximum_depth_sample",1.54292828996025,"fCMdepth_mp","vera4cast"
2026-05-09,2026-04-28,"P1D","fcre",NA,"ensemble",28,"ChlorophyllMaximum_depth_sample",3.86009575091825,"fCMdepth_mp","vera4cast"
2026-05-09,2026-04-28,"P1D","fcre",NA,"ensemble",59,"ChlorophyllMaximum_depth_sample",2.82593935900457,"fCMdepth_mp","vera4cast"
2026-05-09,2026-04-28,"P1D","fcre",NA,"ensemble",90,"ChlorophyllMaximum_depth_sample",2.3149740584009,"fCMdepth_mp","vera4cast"
2026-05-09,2026-04-28,"P1D","fcre",NA,"ensemble",121,"ChlorophyllMaximum_depth_sample",3.4664392455686,"fCMdepth_mp","vera4cast"
2026-05-10,2026-04-28,"P1D","fcre",NA,"ensemble",28,"ChlorophyllMaximum_depth_sample",2.61421270587706,"fCMdepth_mp","vera4cast"
2026-05-10,2026-04-28,"P1D","fcre",NA,"ensemble",59,"ChlorophyllMaximum_depth_sample",2.1523118808779,"fCMdepth_mp","vera4cast"
2026-05-10,2026-04-28,"P1D","fcre",NA,"ensemble",90,"ChlorophyllMaximum_depth_sample",2.13608158266664,"fCMdepth_mp","vera4cast"
2026-05-10,2026-04-28,"P1D","fcre",NA,"ensemble",121,"ChlorophyllMaximum_depth_sample",2.72805606316621,"fCMdepth_mp","vera4cast"
2026-05-11,2026-04-28,"P1D","fcre",NA,"ensemble",28,"ChlorophyllMaximum_depth_sample",3.63058512320079,"fCMdepth_mp","vera4cast"
2026-05-11,2026-04-28,"P1D","fcre",NA,"ensemble",59,"ChlorophyllMaximum_depth_sample",1.0588799222819,"fCMdepth_mp","vera4cast"
2026-05-11,2026-04-28,"P1D","fcre",NA,"ensemble",90,"ChlorophyllMaximum_depth_sample",2.2720568229027,"fCMdepth_mp","vera4cast"
2026-05-11,2026-04-28,"P1D","fcre",NA,"ensemble",121,"ChlorophyllMaximum_depth_sample",3.57594415578088,"fCMdepth_mp","vera4cast"
2026-05-12,2026-04-28,"P1D","fcre",NA,"ensemble",28,"ChlorophyllMaximum_depth_sample",1.087535867961,"fCMdepth_mp","vera4cast"
2026-05-12,2026-04-28,"P1D","fcre",NA,"ensemble",59,"ChlorophyllMaximum_depth_sample",4.31016722303046,"fCMdepth_mp","vera4cast"
2026-05-12,2026-04-28,"P1D","fcre",NA,"ensemble",90,"ChlorophyllMaximum_depth_sample",2.63168207145202,"fCMdepth_mp","vera4cast"
2026-05-12,2026-04-28,"P1D","fcre",NA,"ensemble",121,"ChlorophyllMaximum_depth_sample",3.7172829186354,"fCMdepth_mp","vera4cast"
2026-05-13,2026-04-28,"P1D","fcre",NA,"ensemble",28,"ChlorophyllMaximum_depth_sample",1.62216729581464,"fCMdepth_mp","vera4cast"
2026-05-13,2026-04-28,"P1D","fcre",NA,"ensemble",59,"ChlorophyllMaximum_depth_sample",3.4354224772666,"fCMdepth_mp","vera4cast"
2026-05-13,2026-04-28,"P1D","fcre",NA,"ensemble",90,"ChlorophyllMaximum_depth_sample",4.01824610409474,"fCMdepth_mp","vera4cast"
2026-05-13,2026-04-28,"P1D","fcre",NA,"ensemble",121,"ChlorophyllMaximum_depth_sample",2.95926688034107,"fCMdepth_mp","vera4cast"
2026-05-14,2026-04-28,"P1D","fcre",NA,"ensemble",28,"ChlorophyllMaximum_depth_sample",3.65995399853282,"fCMdepth_mp","vera4cast"
2026-05-14,2026-04-28,"P1D","fcre",NA,"ensemble",59,"ChlorophyllMaximum_depth_sample",4.23663594235739,"fCMdepth_mp","vera4cast"
2026-05-14,2026-04-28,"P1D","fcre",NA,"ensemble",90,"ChlorophyllMaximum_depth_sample",3.14618679209831,"fCMdepth_mp","vera4cast"
2026-05-14,2026-04-28,"P1D","fcre",NA,"ensemble",121,"ChlorophyllMaximum_depth_sample",4.44320540488203,"fCMdepth_mp","vera4cast"
2026-05-15,2026-04-28,"P1D","fcre",NA,"ensemble",28,"ChlorophyllMaximum_depth_sample",3.12116801738273,"fCMdepth_mp","vera4cast"
2026-05-15,2026-04-28,"P1D","fcre",NA,"ensemble",59,"ChlorophyllMaximum_depth_sample",1.95745942716898,"fCMdepth_mp","vera4cast"
2026-05-15,2026-04-28,"P1D","fcre",NA,"ensemble",90,"ChlorophyllMaximum_depth_sample",2.25218646767666,"fCMdepth_mp","vera4cast"
2026-05-15,2026-04-28,"P1D","fcre",NA,"ensemble",121,"ChlorophyllMaximum_depth_sample",2.83108709521909,"fCMdepth_mp","vera4cast"
2026-05-16,2026-04-28,"P1D","fcre",NA,"ensemble",28,"ChlorophyllMaximum_depth_sample",1.82401135269853,"fCMdepth_mp","vera4cast"
2026-05-16,2026-04-28,"P1D","fcre",NA,"ensemble",59,"ChlorophyllMaximum_depth_sample",4.43108555828782,"fCMdepth_mp","vera4cast"
2026-05-16,2026-04-28,"P1D","fcre",NA,"ensemble",90,"ChlorophyllMaximum_depth_sample",3.12054461729553,"fCMdepth_mp","vera4cast"
2026-05-16,2026-04-28,"P1D","fcre",NA,"ensemble",121,"ChlorophyllMaximum_depth_sample",4.22510483211011,"fCMdepth_mp","vera4cast"
2026-05-17,2026-04-28,"P1D","fcre",NA,"ensemble",28,"ChlorophyllMaximum_depth_sample",3.38879613048158,"fCMdepth_mp","vera4cast"
2026-05-17,2026-04-28,"P1D","fcre",NA,"ensemble",59,"ChlorophyllMaximum_depth_sample",1.3346048974977,"fCMdepth_mp","vera4cast"
2026-05-17,2026-04-28,"P1D","fcre",NA,"ensemble",90,"ChlorophyllMaximum_depth_sample",2.32982541477324,"fCMdepth_mp","vera4cast"
2026-05-17,2026-04-28,"P1D","fcre",NA,"ensemble",121,"ChlorophyllMaximum_depth_sample",3.67256408534134,"fCMdepth_mp","vera4cast"
2026-05-18,2026-04-28,"P1D","fcre",NA,"ensemble",28,"ChlorophyllMaximum_depth_sample",3.68010360131591,"fCMdepth_mp","vera4cast"
2026-05-18,2026-04-28,"P1D","fcre",NA,"ensemble",59,"ChlorophyllMaximum_depth_sample",4.09416694751339,"fCMdepth_mp","vera4cast"
2026-05-18,2026-04-28,"P1D","fcre",NA,"ensemble",90,"ChlorophyllMaximum_depth_sample",3.4182280124708,"fCMdepth_mp","vera4cast"
2026-05-18,2026-04-28,"P1D","fcre",NA,"ensemble",121,"ChlorophyllMaximum_depth_sample",0.392704346417766,"fCMdepth_mp","vera4cast"
2026-05-19,2026-04-28,"P1D","fcre",NA,"ensemble",28,"ChlorophyllMaximum_depth_sample",3.14026192520093,"fCMdepth_mp","vera4cast"
2026-05-19,2026-04-28,"P1D","fcre",NA,"ensemble",59,"ChlorophyllMaximum_depth_sample",2.65306198902552,"fCMdepth_mp","vera4cast"
2026-05-19,2026-04-28,"P1D","fcre",NA,"ensemble",90,"ChlorophyllMaximum_depth_sample",3.81857939489598,"fCMdepth_mp","vera4cast"
2026-05-19,2026-04-28,"P1D","fcre",NA,"ensemble",121,"ChlorophyllMaximum_depth_sample",4.05870675518601,"fCMdepth_mp","vera4cast"
2026-05-20,2026-04-28,"P1D","fcre",NA,"ensemble",28,"ChlorophyllMaximum_depth_sample",5.05392881615036,"fCMdepth_mp","vera4cast"
2026-05-20,2026-04-28,"P1D","fcre",NA,"ensemble",59,"ChlorophyllMaximum_depth_sample",2.00528502707352,"fCMdepth_mp","vera4cast"
2026-05-20,2026-04-28,"P1D","fcre",NA,"ensemble",90,"ChlorophyllMaximum_depth_sample",2.94835452532717,"fCMdepth_mp","vera4cast"
2026-05-20,2026-04-28,"P1D","fcre",NA,"ensemble",121,"ChlorophyllMaximum_depth_sample",3.28835799173291,"fCMdepth_mp","vera4cast"
2026-05-21,2026-04-28,"P1D","fcre",NA,"ensemble",28,"ChlorophyllMaximum_depth_sample",2.14507469906802,"fCMdepth_mp","vera4cast"
2026-05-21,2026-04-28,"P1D","fcre",NA,"ensemble",59,"ChlorophyllMaximum_depth_sample",3.78004565875698,"fCMdepth_mp","vera4cast"
2026-05-21,2026-04-28,"P1D","fcre",NA,"ensemble",90,"ChlorophyllMaximum_depth_sample",2.15248434508994,"fCMdepth_mp","vera4cast"
2026-05-21,2026-04-28,"P1D","fcre",NA,"ensemble",121,"ChlorophyllMaximum_depth_sample",1.8213161639438,"fCMdepth_mp","vera4cast"
2026-05-22,2026-04-28,"P1D","fcre",NA,"ensemble",28,"ChlorophyllMaximum_depth_sample",2.25548929301859,"fCMdepth_mp","vera4cast"
2026-05-22,2026-04-28,"P1D","fcre",NA,"ensemble",59,"ChlorophyllMaximum_depth_sample",2.94595833277897,"fCMdepth_mp","vera4cast"
2026-05-22,2026-04-28,"P1D","fcre",NA,"ensemble",90,"ChlorophyllMaximum_depth_sample",2.6822088859017,"fCMdepth_mp","vera4cast"
2026-05-22,2026-04-28,"P1D","fcre",NA,"ensemble",121,"ChlorophyllMaximum_depth_sample",2.45548633915721,"fCMdepth_mp","vera4cast"
2026-05-23,2026-04-28,"P1D","fcre",NA,"ensemble",28,"ChlorophyllMaximum_depth_sample",0.173376075673624,"fCMdepth_mp","vera4cast"
2026-05-23,2026-04-28,"P1D","fcre",NA,"ensemble",59,"ChlorophyllMaximum_depth_sample",2.68981218113438,"fCMdepth_mp","vera4cast"
2026-05-23,2026-04-28,"P1D","fcre",NA,"ensemble",90,"ChlorophyllMaximum_depth_sample",2.44474292153993,"fCMdepth_mp","vera4cast"
2026-05-23,2026-04-28,"P1D","fcre",NA,"ensemble",121,"ChlorophyllMaximum_depth_sample",3.33082375455597,"fCMdepth_mp","vera4cast"
2026-05-24,2026-04-28,"P1D","fcre",NA,"ensemble",28,"ChlorophyllMaximum_depth_sample",2.58331843720965,"fCMdepth_mp","vera4cast"
2026-05-24,2026-04-28,"P1D","fcre",NA,"ensemble",59,"ChlorophyllMaximum_depth_sample",2.82284846856351,"fCMdepth_mp","vera4cast"
2026-05-24,2026-04-28,"P1D","fcre",NA,"ensemble",90,"ChlorophyllMaximum_depth_sample",4.2035939212557,"fCMdepth_mp","vera4cast"
2026-05-24,2026-04-28,"P1D","fcre",NA,"ensemble",121,"ChlorophyllMaximum_depth_sample",3.45413636451229,"fCMdepth_mp","vera4cast"
2026-05-25,2026-04-28,"P1D","fcre",NA,"ensemble",28,"ChlorophyllMaximum_depth_sample",3.20949260945886,"fCMdepth_mp","vera4cast"
2026-05-25,2026-04-28,"P1D","fcre",NA,"ensemble",59,"ChlorophyllMaximum_depth_sample",4.32967442903495,"fCMdepth_mp","vera4cast"
2026-05-25,2026-04-28,"P1D","fcre",NA,"ensemble",90,"ChlorophyllMaximum_depth_sample",3.04026372409663,"fCMdepth_mp","vera4cast"
2026-05-25,2026-04-28,"P1D","fcre",NA,"ensemble",121,"ChlorophyllMaximum_depth_sample",2.88568075253557,"fCMdepth_mp","vera4cast"
2026-05-26,2026-04-28,"P1D","fcre",NA,"ensemble",28,"ChlorophyllMaximum_depth_sample",2.99983291469403,"fCMdepth_mp","vera4cast"
2026-05-26,2026-04-28,"P1D","fcre",NA,"ensemble",59,"ChlorophyllMaximum_depth_sample",2.29278237723985,"fCMdepth_mp","vera4cast"
2026-05-26,2026-04-28,"P1D","fcre",NA,"ensemble",90,"ChlorophyllMaximum_depth_sample",3.28318796550321,"fCMdepth_mp","vera4cast"
2026-05-26,2026-04-28,"P1D","fcre",NA,"ensemble",121,"ChlorophyllMaximum_depth_sample",3.99802016441143,"fCMdepth_mp","vera4cast"
2026-05-27,2026-04-28,"P1D","fcre",NA,"ensemble",28,"ChlorophyllMaximum_depth_sample",4.29648831285944,"fCMdepth_mp","vera4cast"
2026-05-27,2026-04-28,"P1D","fcre",NA,"ensemble",59,"ChlorophyllMaximum_depth_sample",2.94325730760727,"fCMdepth_mp","vera4cast"
2026-05-27,2026-04-28,"P1D","fcre",NA,"ensemble",90,"ChlorophyllMaximum_depth_sample",4.0504804944404,"fCMdepth_mp","vera4cast"
2026-05-27,2026-04-28,"P1D","fcre",NA,"ensemble",121,"ChlorophyllMaximum_depth_sample",3.64407350027809,"fCMdepth_mp","vera4cast"
2026-05-28,2026-04-28,"P1D","fcre",NA,"ensemble",28,"ChlorophyllMaximum_depth_sample",3.29469309727373,"fCMdepth_mp","vera4cast"
2026-05-28,2026-04-28,"P1D","fcre",NA,"ensemble",59,"ChlorophyllMaximum_depth_sample",2.29616004367576,"fCMdepth_mp","vera4cast"
2026-05-28,2026-04-28,"P1D","fcre",NA,"ensemble",90,"ChlorophyllMaximum_depth_sample",2.18837138603628,"fCMdepth_mp","vera4cast"
2026-05-28,2026-04-28,"P1D","fcre",NA,"ensemble",121,"ChlorophyllMaximum_depth_sample",3.26522010564554,"fCMdepth_mp","vera4cast"
2026-05-29,2026-04-28,"P1D","fcre",NA,"ensemble",28,"ChlorophyllMaximum_depth_sample",6.02035329264725,"fCMdepth_mp","vera4cast"
2026-05-29,2026-04-28,"P1D","fcre",NA,"ensemble",59,"ChlorophyllMaximum_depth_sample",2.44507091863331,"fCMdepth_mp","vera4cast"
2026-05-29,2026-04-28,"P1D","fcre",NA,"ensemble",90,"ChlorophyllMaximum_depth_sample",1.42856675633434,"fCMdepth_mp","vera4cast"
2026-05-29,2026-04-28,"P1D","fcre",NA,"ensemble",121,"ChlorophyllMaximum_depth_sample",2.77674901602449,"fCMdepth_mp","vera4cast"
2026-05-30,2026-04-28,"P1D","fcre",NA,"ensemble",28,"ChlorophyllMaximum_depth_sample",2.79982792829521,"fCMdepth_mp","vera4cast"
2026-05-30,2026-04-28,"P1D","fcre",NA,"ensemble",59,"ChlorophyllMaximum_depth_sample",2.74529567036836,"fCMdepth_mp","vera4cast"
2026-05-30,2026-04-28,"P1D","fcre",NA,"ensemble",90,"ChlorophyllMaximum_depth_sample",3.7497324126772,"fCMdepth_mp","vera4cast"
2026-05-30,2026-04-28,"P1D","fcre",NA,"ensemble",121,"ChlorophyllMaximum_depth_sample",3.08334874535845,"fCMdepth_mp","vera4cast"
2026-05-31,2026-04-28,"P1D","fcre",NA,"ensemble",28,"ChlorophyllMaximum_depth_sample",3.10090796415193,"fCMdepth_mp","vera4cast"
2026-05-31,2026-04-28,"P1D","fcre",NA,"ensemble",59,"ChlorophyllMaximum_depth_sample",2.79104755149775,"fCMdepth_mp","vera4cast"
2026-05-31,2026-04-28,"P1D","fcre",NA,"ensemble",90,"ChlorophyllMaximum_depth_sample",1.8422645625635,"fCMdepth_mp","vera4cast"
2026-05-31,2026-04-28,"P1D","fcre",NA,"ensemble",121,"ChlorophyllMaximum_depth_sample",3.46994291168623,"fCMdepth_mp","vera4cast"
2026-06-01,2026-04-28,"P1D","fcre",NA,"ensemble",28,"ChlorophyllMaximum_depth_sample",2.4544607495721,"fCMdepth_mp","vera4cast"
2026-06-01,2026-04-28,"P1D","fcre",NA,"ensemble",59,"ChlorophyllMaximum_depth_sample",1.49567812268528,"fCMdepth_mp","vera4cast"
2026-06-01,2026-04-28,"P1D","fcre",NA,"ensemble",90,"ChlorophyllMaximum_depth_sample",2.85399069292663,"fCMdepth_mp","vera4cast"
2026-06-01,2026-04-28,"P1D","fcre",NA,"ensemble",121,"ChlorophyllMaximum_depth_sample",1.72878986873259,"fCMdepth_mp","vera4cast"
2026-04-29,2026-04-28,"P1D","fcre",NA,"ensemble",29,"ChlorophyllMaximum_depth_sample",2.88345976595854,"fCMdepth_mp","vera4cast"
2026-04-29,2026-04-28,"P1D","fcre",NA,"ensemble",60,"ChlorophyllMaximum_depth_sample",3.38546409491116,"fCMdepth_mp","vera4cast"
2026-04-29,2026-04-28,"P1D","fcre",NA,"ensemble",91,"ChlorophyllMaximum_depth_sample",2.78733530514882,"fCMdepth_mp","vera4cast"
2026-04-29,2026-04-28,"P1D","fcre",NA,"ensemble",122,"ChlorophyllMaximum_depth_sample",3.18935938299193,"fCMdepth_mp","vera4cast"
2026-04-30,2026-04-28,"P1D","fcre",NA,"ensemble",29,"ChlorophyllMaximum_depth_sample",3.2156615374185,"fCMdepth_mp","vera4cast"
2026-04-30,2026-04-28,"P1D","fcre",NA,"ensemble",60,"ChlorophyllMaximum_depth_sample",3.36585477086882,"fCMdepth_mp","vera4cast"
2026-04-30,2026-04-28,"P1D","fcre",NA,"ensemble",91,"ChlorophyllMaximum_depth_sample",3.17399433464528,"fCMdepth_mp","vera4cast"
2026-04-30,2026-04-28,"P1D","fcre",NA,"ensemble",122,"ChlorophyllMaximum_depth_sample",2.33282581129779,"fCMdepth_mp","vera4cast"
2026-05-01,2026-04-28,"P1D","fcre",NA,"ensemble",29,"ChlorophyllMaximum_depth_sample",3.75400392508511,"fCMdepth_mp","vera4cast"
2026-05-01,2026-04-28,"P1D","fcre",NA,"ensemble",60,"ChlorophyllMaximum_depth_sample",5.01925933786925,"fCMdepth_mp","vera4cast"
2026-05-01,2026-04-28,"P1D","fcre",NA,"ensemble",91,"ChlorophyllMaximum_depth_sample",3.05685535213455,"fCMdepth_mp","vera4cast"
2026-05-01,2026-04-28,"P1D","fcre",NA,"ensemble",122,"ChlorophyllMaximum_depth_sample",3.62865847846839,"fCMdepth_mp","vera4cast"
2026-05-02,2026-04-28,"P1D","fcre",NA,"ensemble",29,"ChlorophyllMaximum_depth_sample",2.55438421271315,"fCMdepth_mp","vera4cast"
2026-05-02,2026-04-28,"P1D","fcre",NA,"ensemble",60,"ChlorophyllMaximum_depth_sample",1.50148349592293,"fCMdepth_mp","vera4cast"
2026-05-02,2026-04-28,"P1D","fcre",NA,"ensemble",91,"ChlorophyllMaximum_depth_sample",3.02625057797254,"fCMdepth_mp","vera4cast"
2026-05-02,2026-04-28,"P1D","fcre",NA,"ensemble",122,"ChlorophyllMaximum_depth_sample",2.82678249842864,"fCMdepth_mp","vera4cast"
2026-05-03,2026-04-28,"P1D","fcre",NA,"ensemble",29,"ChlorophyllMaximum_depth_sample",2.14546019854228,"fCMdepth_mp","vera4cast"
2026-05-03,2026-04-28,"P1D","fcre",NA,"ensemble",60,"ChlorophyllMaximum_depth_sample",2.31978456798309,"fCMdepth_mp","vera4cast"
2026-05-03,2026-04-28,"P1D","fcre",NA,"ensemble",91,"ChlorophyllMaximum_depth_sample",1.45991519959521,"fCMdepth_mp","vera4cast"
2026-05-03,2026-04-28,"P1D","fcre",NA,"ensemble",122,"ChlorophyllMaximum_depth_sample",4.12396798875968,"fCMdepth_mp","vera4cast"
2026-05-04,2026-04-28,"P1D","fcre",NA,"ensemble",29,"ChlorophyllMaximum_depth_sample",2.46039613940423,"fCMdepth_mp","vera4cast"
2026-05-04,2026-04-28,"P1D","fcre",NA,"ensemble",60,"ChlorophyllMaximum_depth_sample",3.49465982468038,"fCMdepth_mp","vera4cast"
2026-05-04,2026-04-28,"P1D","fcre",NA,"ensemble",91,"ChlorophyllMaximum_depth_sample",0.916359954159052,"fCMdepth_mp","vera4cast"
2026-05-04,2026-04-28,"P1D","fcre",NA,"ensemble",122,"ChlorophyllMaximum_depth_sample",3.15406268164884,"fCMdepth_mp","vera4cast"
2026-05-05,2026-04-28,"P1D","fcre",NA,"ensemble",29,"ChlorophyllMaximum_depth_sample",4.73117728018936,"fCMdepth_mp","vera4cast"
2026-05-05,2026-04-28,"P1D","fcre",NA,"ensemble",60,"ChlorophyllMaximum_depth_sample",1.45576141103679,"fCMdepth_mp","vera4cast"
2026-05-05,2026-04-28,"P1D","fcre",NA,"ensemble",91,"ChlorophyllMaximum_depth_sample",2.45491685930672,"fCMdepth_mp","vera4cast"
2026-05-05,2026-04-28,"P1D","fcre",NA,"ensemble",122,"ChlorophyllMaximum_depth_sample",4.2214300262387,"fCMdepth_mp","vera4cast"
2026-05-06,2026-04-28,"P1D","fcre",NA,"ensemble",29,"ChlorophyllMaximum_depth_sample",3.65991480991611,"fCMdepth_mp","vera4cast"
2026-05-06,2026-04-28,"P1D","fcre",NA,"ensemble",60,"ChlorophyllMaximum_depth_sample",2.02510326480752,"fCMdepth_mp","vera4cast"
2026-05-06,2026-04-28,"P1D","fcre",NA,"ensemble",91,"ChlorophyllMaximum_depth_sample",3.32088706956299,"fCMdepth_mp","vera4cast"
2026-05-06,2026-04-28,"P1D","fcre",NA,"ensemble",122,"ChlorophyllMaximum_depth_sample",4.40629653996562,"fCMdepth_mp","vera4cast"
2026-05-07,2026-04-28,"P1D","fcre",NA,"ensemble",29,"ChlorophyllMaximum_depth_sample",2.66847455428465,"fCMdepth_mp","vera4cast"
2026-05-07,2026-04-28,"P1D","fcre",NA,"ensemble",60,"ChlorophyllMaximum_depth_sample",4.82849147178089,"fCMdepth_mp","vera4cast"
2026-05-07,2026-04-28,"P1D","fcre",NA,"ensemble",91,"ChlorophyllMaximum_depth_sample",2.93577098372356,"fCMdepth_mp","vera4cast"
2026-05-07,2026-04-28,"P1D","fcre",NA,"ensemble",122,"ChlorophyllMaximum_depth_sample",2.63836026010946,"fCMdepth_mp","vera4cast"
2026-05-08,2026-04-28,"P1D","fcre",NA,"ensemble",29,"ChlorophyllMaximum_depth_sample",4.57595921174881,"fCMdepth_mp","vera4cast"
2026-05-08,2026-04-28,"P1D","fcre",NA,"ensemble",60,"ChlorophyllMaximum_depth_sample",3.76917877028746,"fCMdepth_mp","vera4cast"
2026-05-08,2026-04-28,"P1D","fcre",NA,"ensemble",91,"ChlorophyllMaximum_depth_sample",2.11164904808995,"fCMdepth_mp","vera4cast"
2026-05-08,2026-04-28,"P1D","fcre",NA,"ensemble",122,"ChlorophyllMaximum_depth_sample",1.94413721057448,"fCMdepth_mp","vera4cast"
2026-05-09,2026-04-28,"P1D","fcre",NA,"ensemble",29,"ChlorophyllMaximum_depth_sample",1.66805641154256,"fCMdepth_mp","vera4cast"
2026-05-09,2026-04-28,"P1D","fcre",NA,"ensemble",60,"ChlorophyllMaximum_depth_sample",3.81865225272374,"fCMdepth_mp","vera4cast"
2026-05-09,2026-04-28,"P1D","fcre",NA,"ensemble",91,"ChlorophyllMaximum_depth_sample",0.868930265122071,"fCMdepth_mp","vera4cast"
2026-05-09,2026-04-28,"P1D","fcre",NA,"ensemble",122,"ChlorophyllMaximum_depth_sample",3.16688131499734,"fCMdepth_mp","vera4cast"
2026-05-10,2026-04-28,"P1D","fcre",NA,"ensemble",29,"ChlorophyllMaximum_depth_sample",5.1530129235268,"fCMdepth_mp","vera4cast"
2026-05-10,2026-04-28,"P1D","fcre",NA,"ensemble",60,"ChlorophyllMaximum_depth_sample",2.67283088807488,"fCMdepth_mp","vera4cast"
2026-05-10,2026-04-28,"P1D","fcre",NA,"ensemble",91,"ChlorophyllMaximum_depth_sample",2.74254284214707,"fCMdepth_mp","vera4cast"
2026-05-10,2026-04-28,"P1D","fcre",NA,"ensemble",122,"ChlorophyllMaximum_depth_sample",6.4439254269541,"fCMdepth_mp","vera4cast"
2026-05-11,2026-04-28,"P1D","fcre",NA,"ensemble",29,"ChlorophyllMaximum_depth_sample",1.84477115550373,"fCMdepth_mp","vera4cast"
2026-05-11,2026-04-28,"P1D","fcre",NA,"ensemble",60,"ChlorophyllMaximum_depth_sample",2.98742291035214,"fCMdepth_mp","vera4cast"
2026-05-11,2026-04-28,"P1D","fcre",NA,"ensemble",91,"ChlorophyllMaximum_depth_sample",0.388770517441201,"fCMdepth_mp","vera4cast"
2026-05-11,2026-04-28,"P1D","fcre",NA,"ensemble",122,"ChlorophyllMaximum_depth_sample",1.65701392538415,"fCMdepth_mp","vera4cast"
2026-05-12,2026-04-28,"P1D","fcre",NA,"ensemble",29,"ChlorophyllMaximum_depth_sample",2.51204807681817,"fCMdepth_mp","vera4cast"
2026-05-12,2026-04-28,"P1D","fcre",NA,"ensemble",60,"ChlorophyllMaximum_depth_sample",3.96223174701471,"fCMdepth_mp","vera4cast"
2026-05-12,2026-04-28,"P1D","fcre",NA,"ensemble",91,"ChlorophyllMaximum_depth_sample",3.55618330828529,"fCMdepth_mp","vera4cast"
2026-05-12,2026-04-28,"P1D","fcre",NA,"ensemble",122,"ChlorophyllMaximum_depth_sample",4.3403144041762,"fCMdepth_mp","vera4cast"
2026-05-13,2026-04-28,"P1D","fcre",NA,"ensemble",29,"ChlorophyllMaximum_depth_sample",2.51709150434609,"fCMdepth_mp","vera4cast"
2026-05-13,2026-04-28,"P1D","fcre",NA,"ensemble",60,"ChlorophyllMaximum_depth_sample",3.77416867058796,"fCMdepth_mp","vera4cast"
2026-05-13,2026-04-28,"P1D","fcre",NA,"ensemble",91,"ChlorophyllMaximum_depth_sample",6.00021700146721,"fCMdepth_mp","vera4cast"
2026-05-13,2026-04-28,"P1D","fcre",NA,"ensemble",122,"ChlorophyllMaximum_depth_sample",4.01558876605415,"fCMdepth_mp","vera4cast"
2026-05-14,2026-04-28,"P1D","fcre",NA,"ensemble",29,"ChlorophyllMaximum_depth_sample",4.57540164274621,"fCMdepth_mp","vera4cast"
2026-05-14,2026-04-28,"P1D","fcre",NA,"ensemble",60,"ChlorophyllMaximum_depth_sample",3.4893217862185,"fCMdepth_mp","vera4cast"
2026-05-14,2026-04-28,"P1D","fcre",NA,"ensemble",91,"ChlorophyllMaximum_depth_sample",2.1788751577507,"fCMdepth_mp","vera4cast"
2026-05-14,2026-04-28,"P1D","fcre",NA,"ensemble",122,"ChlorophyllMaximum_depth_sample",3.73054035977275,"fCMdepth_mp","vera4cast"
2026-05-15,2026-04-28,"P1D","fcre",NA,"ensemble",29,"ChlorophyllMaximum_depth_sample",3.84601316603959,"fCMdepth_mp","vera4cast"
2026-05-15,2026-04-28,"P1D","fcre",NA,"ensemble",60,"ChlorophyllMaximum_depth_sample",2.47624551173103,"fCMdepth_mp","vera4cast"
2026-05-15,2026-04-28,"P1D","fcre",NA,"ensemble",91,"ChlorophyllMaximum_depth_sample",3.02315545784579,"fCMdepth_mp","vera4cast"
2026-05-15,2026-04-28,"P1D","fcre",NA,"ensemble",122,"ChlorophyllMaximum_depth_sample",2.92138013146473,"fCMdepth_mp","vera4cast"
2026-05-16,2026-04-28,"P1D","fcre",NA,"ensemble",29,"ChlorophyllMaximum_depth_sample",2.58885809375649,"fCMdepth_mp","vera4cast"
2026-05-16,2026-04-28,"P1D","fcre",NA,"ensemble",60,"ChlorophyllMaximum_depth_sample",2.16466811827388,"fCMdepth_mp","vera4cast"
2026-05-16,2026-04-28,"P1D","fcre",NA,"ensemble",91,"ChlorophyllMaximum_depth_sample",4.7798579917641,"fCMdepth_mp","vera4cast"
2026-05-16,2026-04-28,"P1D","fcre",NA,"ensemble",122,"ChlorophyllMaximum_depth_sample",3.75830143015666,"fCMdepth_mp","vera4cast"
2026-05-17,2026-04-28,"P1D","fcre",NA,"ensemble",29,"ChlorophyllMaximum_depth_sample",4.45533151487137,"fCMdepth_mp","vera4cast"
2026-05-17,2026-04-28,"P1D","fcre",NA,"ensemble",60,"ChlorophyllMaximum_depth_sample",6.27522108413033,"fCMdepth_mp","vera4cast"
2026-05-17,2026-04-28,"P1D","fcre",NA,"ensemble",91,"ChlorophyllMaximum_depth_sample",4.27248672810363,"fCMdepth_mp","vera4cast"
2026-05-17,2026-04-28,"P1D","fcre",NA,"ensemble",122,"ChlorophyllMaximum_depth_sample",1.16236582505903,"fCMdepth_mp","vera4cast"
2026-05-18,2026-04-28,"P1D","fcre",NA,"ensemble",29,"ChlorophyllMaximum_depth_sample",4.06147553570861,"fCMdepth_mp","vera4cast"
2026-05-18,2026-04-28,"P1D","fcre",NA,"ensemble",60,"ChlorophyllMaximum_depth_sample",2.75084047942564,"fCMdepth_mp","vera4cast"
2026-05-18,2026-04-28,"P1D","fcre",NA,"ensemble",91,"ChlorophyllMaximum_depth_sample",3.1344908594602,"fCMdepth_mp","vera4cast"
2026-05-18,2026-04-28,"P1D","fcre",NA,"ensemble",122,"ChlorophyllMaximum_depth_sample",1.72103632539497,"fCMdepth_mp","vera4cast"
2026-05-19,2026-04-28,"P1D","fcre",NA,"ensemble",29,"ChlorophyllMaximum_depth_sample",1.98318768412191,"fCMdepth_mp","vera4cast"
2026-05-19,2026-04-28,"P1D","fcre",NA,"ensemble",60,"ChlorophyllMaximum_depth_sample",2.66227649633468,"fCMdepth_mp","vera4cast"
2026-05-19,2026-04-28,"P1D","fcre",NA,"ensemble",91,"ChlorophyllMaximum_depth_sample",4.55129975386083,"fCMdepth_mp","vera4cast"
2026-05-19,2026-04-28,"P1D","fcre",NA,"ensemble",122,"ChlorophyllMaximum_depth_sample",1.27367903388801,"fCMdepth_mp","vera4cast"
2026-05-20,2026-04-28,"P1D","fcre",NA,"ensemble",29,"ChlorophyllMaximum_depth_sample",3.62038680416406,"fCMdepth_mp","vera4cast"
2026-05-20,2026-04-28,"P1D","fcre",NA,"ensemble",60,"ChlorophyllMaximum_depth_sample",3.19584492247272,"fCMdepth_mp","vera4cast"
2026-05-20,2026-04-28,"P1D","fcre",NA,"ensemble",91,"ChlorophyllMaximum_depth_sample",3.0583757742895,"fCMdepth_mp","vera4cast"
2026-05-20,2026-04-28,"P1D","fcre",NA,"ensemble",122,"ChlorophyllMaximum_depth_sample",2.75645194357113,"fCMdepth_mp","vera4cast"
2026-05-21,2026-04-28,"P1D","fcre",NA,"ensemble",29,"ChlorophyllMaximum_depth_sample",2.39397312811902,"fCMdepth_mp","vera4cast"
2026-05-21,2026-04-28,"P1D","fcre",NA,"ensemble",60,"ChlorophyllMaximum_depth_sample",3.43041144711841,"fCMdepth_mp","vera4cast"
2026-05-21,2026-04-28,"P1D","fcre",NA,"ensemble",91,"ChlorophyllMaximum_depth_sample",2.59227158149194,"fCMdepth_mp","vera4cast"
2026-05-21,2026-04-28,"P1D","fcre",NA,"ensemble",122,"ChlorophyllMaximum_depth_sample",4.26651855170642,"fCMdepth_mp","vera4cast"
2026-05-22,2026-04-28,"P1D","fcre",NA,"ensemble",29,"ChlorophyllMaximum_depth_sample",1.83694815045983,"fCMdepth_mp","vera4cast"
2026-05-22,2026-04-28,"P1D","fcre",NA,"ensemble",60,"ChlorophyllMaximum_depth_sample",2.89766729133515,"fCMdepth_mp","vera4cast"
2026-05-22,2026-04-28,"P1D","fcre",NA,"ensemble",91,"ChlorophyllMaximum_depth_sample",2.92476795548412,"fCMdepth_mp","vera4cast"
2026-05-22,2026-04-28,"P1D","fcre",NA,"ensemble",122,"ChlorophyllMaximum_depth_sample",2.86996134102471,"fCMdepth_mp","vera4cast"
2026-05-23,2026-04-28,"P1D","fcre",NA,"ensemble",29,"ChlorophyllMaximum_depth_sample",4.11121154384928,"fCMdepth_mp","vera4cast"
2026-05-23,2026-04-28,"P1D","fcre",NA,"ensemble",60,"ChlorophyllMaximum_depth_sample",1.44556965234005,"fCMdepth_mp","vera4cast"
2026-05-23,2026-04-28,"P1D","fcre",NA,"ensemble",91,"ChlorophyllMaximum_depth_sample",1.86035651375537,"fCMdepth_mp","vera4cast"
2026-05-23,2026-04-28,"P1D","fcre",NA,"ensemble",122,"ChlorophyllMaximum_depth_sample",5.19651267394712,"fCMdepth_mp","vera4cast"
2026-05-24,2026-04-28,"P1D","fcre",NA,"ensemble",29,"ChlorophyllMaximum_depth_sample",5.14922072109876,"fCMdepth_mp","vera4cast"
2026-05-24,2026-04-28,"P1D","fcre",NA,"ensemble",60,"ChlorophyllMaximum_depth_sample",3.44020095926665,"fCMdepth_mp","vera4cast"
2026-05-24,2026-04-28,"P1D","fcre",NA,"ensemble",91,"ChlorophyllMaximum_depth_sample",2.17179755578304,"fCMdepth_mp","vera4cast"
2026-05-24,2026-04-28,"P1D","fcre",NA,"ensemble",122,"ChlorophyllMaximum_depth_sample",2.60332336969421,"fCMdepth_mp","vera4cast"
2026-05-25,2026-04-28,"P1D","fcre",NA,"ensemble",29,"ChlorophyllMaximum_depth_sample",4.63716923699268,"fCMdepth_mp","vera4cast"
2026-05-25,2026-04-28,"P1D","fcre",NA,"ensemble",60,"ChlorophyllMaximum_depth_sample",4.12145172397146,"fCMdepth_mp","vera4cast"
2026-05-25,2026-04-28,"P1D","fcre",NA,"ensemble",91,"ChlorophyllMaximum_depth_sample",2.13773138967448,"fCMdepth_mp","vera4cast"
2026-05-25,2026-04-28,"P1D","fcre",NA,"ensemble",122,"ChlorophyllMaximum_depth_sample",2.27652774023688,"fCMdepth_mp","vera4cast"
2026-05-26,2026-04-28,"P1D","fcre",NA,"ensemble",29,"ChlorophyllMaximum_depth_sample",3.35413853146491,"fCMdepth_mp","vera4cast"
2026-05-26,2026-04-28,"P1D","fcre",NA,"ensemble",60,"ChlorophyllMaximum_depth_sample",3.47564535081613,"fCMdepth_mp","vera4cast"
2026-05-26,2026-04-28,"P1D","fcre",NA,"ensemble",91,"ChlorophyllMaximum_depth_sample",3.23589960895203,"fCMdepth_mp","vera4cast"
2026-05-26,2026-04-28,"P1D","fcre",NA,"ensemble",122,"ChlorophyllMaximum_depth_sample",2.25787459743522,"fCMdepth_mp","vera4cast"
2026-05-27,2026-04-28,"P1D","fcre",NA,"ensemble",29,"ChlorophyllMaximum_depth_sample",2.70834786406205,"fCMdepth_mp","vera4cast"
2026-05-27,2026-04-28,"P1D","fcre",NA,"ensemble",60,"ChlorophyllMaximum_depth_sample",2.35831474175987,"fCMdepth_mp","vera4cast"
2026-05-27,2026-04-28,"P1D","fcre",NA,"ensemble",91,"ChlorophyllMaximum_depth_sample",4.66926384649296,"fCMdepth_mp","vera4cast"
2026-05-27,2026-04-28,"P1D","fcre",NA,"ensemble",122,"ChlorophyllMaximum_depth_sample",2.56211674867656,"fCMdepth_mp","vera4cast"
2026-05-28,2026-04-28,"P1D","fcre",NA,"ensemble",29,"ChlorophyllMaximum_depth_sample",3.88793864031817,"fCMdepth_mp","vera4cast"
2026-05-28,2026-04-28,"P1D","fcre",NA,"ensemble",60,"ChlorophyllMaximum_depth_sample",1.44089693515362,"fCMdepth_mp","vera4cast"
2026-05-28,2026-04-28,"P1D","fcre",NA,"ensemble",91,"ChlorophyllMaximum_depth_sample",1.21212377644444,"fCMdepth_mp","vera4cast"
2026-05-28,2026-04-28,"P1D","fcre",NA,"ensemble",122,"ChlorophyllMaximum_depth_sample",2.63703042923695,"fCMdepth_mp","vera4cast"
2026-05-29,2026-04-28,"P1D","fcre",NA,"ensemble",29,"ChlorophyllMaximum_depth_sample",4.96789589282048,"fCMdepth_mp","vera4cast"
2026-05-29,2026-04-28,"P1D","fcre",NA,"ensemble",60,"ChlorophyllMaximum_depth_sample",1.72282085245301,"fCMdepth_mp","vera4cast"
2026-05-29,2026-04-28,"P1D","fcre",NA,"ensemble",91,"ChlorophyllMaximum_depth_sample",3.21220189306312,"fCMdepth_mp","vera4cast"
2026-05-29,2026-04-28,"P1D","fcre",NA,"ensemble",122,"ChlorophyllMaximum_depth_sample",3.73729782763214,"fCMdepth_mp","vera4cast"
2026-05-30,2026-04-28,"P1D","fcre",NA,"ensemble",29,"ChlorophyllMaximum_depth_sample",2.00849993936638,"fCMdepth_mp","vera4cast"
2026-05-30,2026-04-28,"P1D","fcre",NA,"ensemble",60,"ChlorophyllMaximum_depth_sample",2.2094623873897,"fCMdepth_mp","vera4cast"
2026-05-30,2026-04-28,"P1D","fcre",NA,"ensemble",91,"ChlorophyllMaximum_depth_sample",2.87397484478848,"fCMdepth_mp","vera4cast"
2026-05-30,2026-04-28,"P1D","fcre",NA,"ensemble",122,"ChlorophyllMaximum_depth_sample",1.93125858290364,"fCMdepth_mp","vera4cast"
2026-05-31,2026-04-28,"P1D","fcre",NA,"ensemble",29,"ChlorophyllMaximum_depth_sample",0.79428992851843,"fCMdepth_mp","vera4cast"
2026-05-31,2026-04-28,"P1D","fcre",NA,"ensemble",60,"ChlorophyllMaximum_depth_sample",1.24526764572145,"fCMdepth_mp","vera4cast"
2026-05-31,2026-04-28,"P1D","fcre",NA,"ensemble",91,"ChlorophyllMaximum_depth_sample",1.16871763017368,"fCMdepth_mp","vera4cast"
2026-05-31,2026-04-28,"P1D","fcre",NA,"ensemble",122,"ChlorophyllMaximum_depth_sample",2.86720320654427,"fCMdepth_mp","vera4cast"
2026-06-01,2026-04-28,"P1D","fcre",NA,"ensemble",29,"ChlorophyllMaximum_depth_sample",2.89702359869807,"fCMdepth_mp","vera4cast"
2026-06-01,2026-04-28,"P1D","fcre",NA,"ensemble",60,"ChlorophyllMaximum_depth_sample",4.46203253001424,"fCMdepth_mp","vera4cast"
2026-06-01,2026-04-28,"P1D","fcre",NA,"ensemble",91,"ChlorophyllMaximum_depth_sample",2.28789986878786,"fCMdepth_mp","vera4cast"
2026-06-01,2026-04-28,"P1D","fcre",NA,"ensemble",122,"ChlorophyllMaximum_depth_sample",-0.0900404230393628,"fCMdepth_mp","vera4cast"
2026-04-29,2026-04-28,"P1D","fcre",NA,"ensemble",30,"ChlorophyllMaximum_depth_sample",3.9413426064023,"fCMdepth_mp","vera4cast"
2026-04-29,2026-04-28,"P1D","fcre",NA,"ensemble",61,"ChlorophyllMaximum_depth_sample",2.4617605449334,"fCMdepth_mp","vera4cast"
2026-04-29,2026-04-28,"P1D","fcre",NA,"ensemble",92,"ChlorophyllMaximum_depth_sample",3.21884516667391,"fCMdepth_mp","vera4cast"
2026-04-29,2026-04-28,"P1D","fcre",NA,"ensemble",123,"ChlorophyllMaximum_depth_sample",3.51455059855923,"fCMdepth_mp","vera4cast"
2026-04-30,2026-04-28,"P1D","fcre",NA,"ensemble",30,"ChlorophyllMaximum_depth_sample",3.10906902042227,"fCMdepth_mp","vera4cast"
2026-04-30,2026-04-28,"P1D","fcre",NA,"ensemble",61,"ChlorophyllMaximum_depth_sample",1.9803812567022,"fCMdepth_mp","vera4cast"
2026-04-30,2026-04-28,"P1D","fcre",NA,"ensemble",92,"ChlorophyllMaximum_depth_sample",3.10172570367448,"fCMdepth_mp","vera4cast"
2026-04-30,2026-04-28,"P1D","fcre",NA,"ensemble",123,"ChlorophyllMaximum_depth_sample",1.41804848055616,"fCMdepth_mp","vera4cast"
2026-05-01,2026-04-28,"P1D","fcre",NA,"ensemble",30,"ChlorophyllMaximum_depth_sample",4.87439586676784,"fCMdepth_mp","vera4cast"
2026-05-01,2026-04-28,"P1D","fcre",NA,"ensemble",61,"ChlorophyllMaximum_depth_sample",4.85123322246451,"fCMdepth_mp","vera4cast"
2026-05-01,2026-04-28,"P1D","fcre",NA,"ensemble",92,"ChlorophyllMaximum_depth_sample",3.02746418665409,"fCMdepth_mp","vera4cast"
2026-05-01,2026-04-28,"P1D","fcre",NA,"ensemble",123,"ChlorophyllMaximum_depth_sample",3.2336918243129,"fCMdepth_mp","vera4cast"
2026-05-02,2026-04-28,"P1D","fcre",NA,"ensemble",30,"ChlorophyllMaximum_depth_sample",5.06050832037397,"fCMdepth_mp","vera4cast"
2026-05-02,2026-04-28,"P1D","fcre",NA,"ensemble",61,"ChlorophyllMaximum_depth_sample",3.43797890899478,"fCMdepth_mp","vera4cast"
2026-05-02,2026-04-28,"P1D","fcre",NA,"ensemble",92,"ChlorophyllMaximum_depth_sample",5.02264549690718,"fCMdepth_mp","vera4cast"
2026-05-02,2026-04-28,"P1D","fcre",NA,"ensemble",123,"ChlorophyllMaximum_depth_sample",2.28531293171172,"fCMdepth_mp","vera4cast"
2026-05-03,2026-04-28,"P1D","fcre",NA,"ensemble",30,"ChlorophyllMaximum_depth_sample",3.06322634160161,"fCMdepth_mp","vera4cast"
2026-05-03,2026-04-28,"P1D","fcre",NA,"ensemble",61,"ChlorophyllMaximum_depth_sample",2.77749852178009,"fCMdepth_mp","vera4cast"
2026-05-03,2026-04-28,"P1D","fcre",NA,"ensemble",92,"ChlorophyllMaximum_depth_sample",5.70010393224413,"fCMdepth_mp","vera4cast"
2026-05-03,2026-04-28,"P1D","fcre",NA,"ensemble",123,"ChlorophyllMaximum_depth_sample",2.85610858752296,"fCMdepth_mp","vera4cast"
2026-05-04,2026-04-28,"P1D","fcre",NA,"ensemble",30,"ChlorophyllMaximum_depth_sample",1.90770776563759,"fCMdepth_mp","vera4cast"
2026-05-04,2026-04-28,"P1D","fcre",NA,"ensemble",61,"ChlorophyllMaximum_depth_sample",1.37211407524389,"fCMdepth_mp","vera4cast"
2026-05-04,2026-04-28,"P1D","fcre",NA,"ensemble",92,"ChlorophyllMaximum_depth_sample",1.96870390386962,"fCMdepth_mp","vera4cast"
2026-05-04,2026-04-28,"P1D","fcre",NA,"ensemble",123,"ChlorophyllMaximum_depth_sample",4.10170629382473,"fCMdepth_mp","vera4cast"
2026-05-05,2026-04-28,"P1D","fcre",NA,"ensemble",30,"ChlorophyllMaximum_depth_sample",2.73056522384868,"fCMdepth_mp","vera4cast"
2026-05-05,2026-04-28,"P1D","fcre",NA,"ensemble",61,"ChlorophyllMaximum_depth_sample",3.41041740163422,"fCMdepth_mp","vera4cast"
2026-05-05,2026-04-28,"P1D","fcre",NA,"ensemble",92,"ChlorophyllMaximum_depth_sample",2.15443824258793,"fCMdepth_mp","vera4cast"
2026-05-05,2026-04-28,"P1D","fcre",NA,"ensemble",123,"ChlorophyllMaximum_depth_sample",3.82501885950775,"fCMdepth_mp","vera4cast"
2026-05-06,2026-04-28,"P1D","fcre",NA,"ensemble",30,"ChlorophyllMaximum_depth_sample",1.16038344834269,"fCMdepth_mp","vera4cast"
2026-05-06,2026-04-28,"P1D","fcre",NA,"ensemble",61,"ChlorophyllMaximum_depth_sample",2.58232010772297,"fCMdepth_mp","vera4cast"
2026-05-06,2026-04-28,"P1D","fcre",NA,"ensemble",92,"ChlorophyllMaximum_depth_sample",1.62499945771101,"fCMdepth_mp","vera4cast"
2026-05-06,2026-04-28,"P1D","fcre",NA,"ensemble",123,"ChlorophyllMaximum_depth_sample",3.69544230554168,"fCMdepth_mp","vera4cast"
2026-05-07,2026-04-28,"P1D","fcre",NA,"ensemble",30,"ChlorophyllMaximum_depth_sample",1.37853450206488,"fCMdepth_mp","vera4cast"
2026-05-07,2026-04-28,"P1D","fcre",NA,"ensemble",61,"ChlorophyllMaximum_depth_sample",4.25786212521824,"fCMdepth_mp","vera4cast"
2026-05-07,2026-04-28,"P1D","fcre",NA,"ensemble",92,"ChlorophyllMaximum_depth_sample",2.7673233461099,"fCMdepth_mp","vera4cast"
2026-05-07,2026-04-28,"P1D","fcre",NA,"ensemble",123,"ChlorophyllMaximum_depth_sample",1.87197144615209,"fCMdepth_mp","vera4cast"
2026-05-08,2026-04-28,"P1D","fcre",NA,"ensemble",30,"ChlorophyllMaximum_depth_sample",1.85622163793198,"fCMdepth_mp","vera4cast"
2026-05-08,2026-04-28,"P1D","fcre",NA,"ensemble",61,"ChlorophyllMaximum_depth_sample",3.2232334382065,"fCMdepth_mp","vera4cast"
2026-05-08,2026-04-28,"P1D","fcre",NA,"ensemble",92,"ChlorophyllMaximum_depth_sample",0.493053250076004,"fCMdepth_mp","vera4cast"
2026-05-08,2026-04-28,"P1D","fcre",NA,"ensemble",123,"ChlorophyllMaximum_depth_sample",1.61837831173576,"fCMdepth_mp","vera4cast"
2026-05-09,2026-04-28,"P1D","fcre",NA,"ensemble",30,"ChlorophyllMaximum_depth_sample",3.23135339849338,"fCMdepth_mp","vera4cast"
2026-05-09,2026-04-28,"P1D","fcre",NA,"ensemble",61,"ChlorophyllMaximum_depth_sample",2.61240701125596,"fCMdepth_mp","vera4cast"
2026-05-09,2026-04-28,"P1D","fcre",NA,"ensemble",92,"ChlorophyllMaximum_depth_sample",2.5345057561547,"fCMdepth_mp","vera4cast"
2026-05-09,2026-04-28,"P1D","fcre",NA,"ensemble",123,"ChlorophyllMaximum_depth_sample",1.59359265738308,"fCMdepth_mp","vera4cast"
2026-05-10,2026-04-28,"P1D","fcre",NA,"ensemble",30,"ChlorophyllMaximum_depth_sample",3.4415159853229,"fCMdepth_mp","vera4cast"
2026-05-10,2026-04-28,"P1D","fcre",NA,"ensemble",61,"ChlorophyllMaximum_depth_sample",3.66370702920443,"fCMdepth_mp","vera4cast"
2026-05-10,2026-04-28,"P1D","fcre",NA,"ensemble",92,"ChlorophyllMaximum_depth_sample",0.581581478945139,"fCMdepth_mp","vera4cast"
2026-05-10,2026-04-28,"P1D","fcre",NA,"ensemble",123,"ChlorophyllMaximum_depth_sample",2.45591610782379,"fCMdepth_mp","vera4cast"
2026-05-11,2026-04-28,"P1D","fcre",NA,"ensemble",30,"ChlorophyllMaximum_depth_sample",4.57231877677388,"fCMdepth_mp","vera4cast"
2026-05-11,2026-04-28,"P1D","fcre",NA,"ensemble",61,"ChlorophyllMaximum_depth_sample",2.11026588216869,"fCMdepth_mp","vera4cast"
2026-05-11,2026-04-28,"P1D","fcre",NA,"ensemble",92,"ChlorophyllMaximum_depth_sample",3.03269083382621,"fCMdepth_mp","vera4cast"
2026-05-11,2026-04-28,"P1D","fcre",NA,"ensemble",123,"ChlorophyllMaximum_depth_sample",2.92342938971903,"fCMdepth_mp","vera4cast"
2026-05-12,2026-04-28,"P1D","fcre",NA,"ensemble",30,"ChlorophyllMaximum_depth_sample",3.01363242685716,"fCMdepth_mp","vera4cast"
2026-05-12,2026-04-28,"P1D","fcre",NA,"ensemble",61,"ChlorophyllMaximum_depth_sample",2.0873221469571,"fCMdepth_mp","vera4cast"
2026-05-12,2026-04-28,"P1D","fcre",NA,"ensemble",92,"ChlorophyllMaximum_depth_sample",2.33805067285423,"fCMdepth_mp","vera4cast"
2026-05-12,2026-04-28,"P1D","fcre",NA,"ensemble",123,"ChlorophyllMaximum_depth_sample",4.84856468492734,"fCMdepth_mp","vera4cast"
2026-05-13,2026-04-28,"P1D","fcre",NA,"ensemble",30,"ChlorophyllMaximum_depth_sample",3.39267518894211,"fCMdepth_mp","vera4cast"
2026-05-13,2026-04-28,"P1D","fcre",NA,"ensemble",61,"ChlorophyllMaximum_depth_sample",2.93276936397459,"fCMdepth_mp","vera4cast"
2026-05-13,2026-04-28,"P1D","fcre",NA,"ensemble",92,"ChlorophyllMaximum_depth_sample",1.50128690515062,"fCMdepth_mp","vera4cast"
2026-05-13,2026-04-28,"P1D","fcre",NA,"ensemble",123,"ChlorophyllMaximum_depth_sample",2.42720212242627,"fCMdepth_mp","vera4cast"
2026-05-14,2026-04-28,"P1D","fcre",NA,"ensemble",30,"ChlorophyllMaximum_depth_sample",2.94492372060106,"fCMdepth_mp","vera4cast"
2026-05-14,2026-04-28,"P1D","fcre",NA,"ensemble",61,"ChlorophyllMaximum_depth_sample",2.06660419004311,"fCMdepth_mp","vera4cast"
2026-05-14,2026-04-28,"P1D","fcre",NA,"ensemble",92,"ChlorophyllMaximum_depth_sample",3.09718034942007,"fCMdepth_mp","vera4cast"
2026-05-14,2026-04-28,"P1D","fcre",NA,"ensemble",123,"ChlorophyllMaximum_depth_sample",3.52053934084695,"fCMdepth_mp","vera4cast"
2026-05-15,2026-04-28,"P1D","fcre",NA,"ensemble",30,"ChlorophyllMaximum_depth_sample",3.23560114452395,"fCMdepth_mp","vera4cast"
2026-05-15,2026-04-28,"P1D","fcre",NA,"ensemble",61,"ChlorophyllMaximum_depth_sample",3.81967250866883,"fCMdepth_mp","vera4cast"
2026-05-15,2026-04-28,"P1D","fcre",NA,"ensemble",92,"ChlorophyllMaximum_depth_sample",2.89589612824939,"fCMdepth_mp","vera4cast"
2026-05-15,2026-04-28,"P1D","fcre",NA,"ensemble",123,"ChlorophyllMaximum_depth_sample",3.45439710714411,"fCMdepth_mp","vera4cast"
2026-05-16,2026-04-28,"P1D","fcre",NA,"ensemble",30,"ChlorophyllMaximum_depth_sample",2.11247755768886,"fCMdepth_mp","vera4cast"
2026-05-16,2026-04-28,"P1D","fcre",NA,"ensemble",61,"ChlorophyllMaximum_depth_sample",1.95868222966072,"fCMdepth_mp","vera4cast"
2026-05-16,2026-04-28,"P1D","fcre",NA,"ensemble",92,"ChlorophyllMaximum_depth_sample",3.39040074904608,"fCMdepth_mp","vera4cast"
2026-05-16,2026-04-28,"P1D","fcre",NA,"ensemble",123,"ChlorophyllMaximum_depth_sample",3.68485170224143,"fCMdepth_mp","vera4cast"
2026-05-17,2026-04-28,"P1D","fcre",NA,"ensemble",30,"ChlorophyllMaximum_depth_sample",1.08883451255934,"fCMdepth_mp","vera4cast"
2026-05-17,2026-04-28,"P1D","fcre",NA,"ensemble",61,"ChlorophyllMaximum_depth_sample",2.21307019404655,"fCMdepth_mp","vera4cast"
2026-05-17,2026-04-28,"P1D","fcre",NA,"ensemble",92,"ChlorophyllMaximum_depth_sample",3.92624116229998,"fCMdepth_mp","vera4cast"
2026-05-17,2026-04-28,"P1D","fcre",NA,"ensemble",123,"ChlorophyllMaximum_depth_sample",3.30747663377048,"fCMdepth_mp","vera4cast"
2026-05-18,2026-04-28,"P1D","fcre",NA,"ensemble",30,"ChlorophyllMaximum_depth_sample",0.988928565949638,"fCMdepth_mp","vera4cast"
2026-05-18,2026-04-28,"P1D","fcre",NA,"ensemble",61,"ChlorophyllMaximum_depth_sample",3.38758517316068,"fCMdepth_mp","vera4cast"
2026-05-18,2026-04-28,"P1D","fcre",NA,"ensemble",92,"ChlorophyllMaximum_depth_sample",4.30997669104812,"fCMdepth_mp","vera4cast"
2026-05-18,2026-04-28,"P1D","fcre",NA,"ensemble",123,"ChlorophyllMaximum_depth_sample",1.9698588915694,"fCMdepth_mp","vera4cast"
2026-05-19,2026-04-28,"P1D","fcre",NA,"ensemble",30,"ChlorophyllMaximum_depth_sample",2.89110679145368,"fCMdepth_mp","vera4cast"
2026-05-19,2026-04-28,"P1D","fcre",NA,"ensemble",61,"ChlorophyllMaximum_depth_sample",2.4908949407313,"fCMdepth_mp","vera4cast"
2026-05-19,2026-04-28,"P1D","fcre",NA,"ensemble",92,"ChlorophyllMaximum_depth_sample",2.97945958114832,"fCMdepth_mp","vera4cast"
2026-05-19,2026-04-28,"P1D","fcre",NA,"ensemble",123,"ChlorophyllMaximum_depth_sample",3.75023327635616,"fCMdepth_mp","vera4cast"
2026-05-20,2026-04-28,"P1D","fcre",NA,"ensemble",30,"ChlorophyllMaximum_depth_sample",5.61603131000006,"fCMdepth_mp","vera4cast"
2026-05-20,2026-04-28,"P1D","fcre",NA,"ensemble",61,"ChlorophyllMaximum_depth_sample",1.35904035341767,"fCMdepth_mp","vera4cast"
2026-05-20,2026-04-28,"P1D","fcre",NA,"ensemble",92,"ChlorophyllMaximum_depth_sample",3.48313109859442,"fCMdepth_mp","vera4cast"
2026-05-20,2026-04-28,"P1D","fcre",NA,"ensemble",123,"ChlorophyllMaximum_depth_sample",2.8181251155032,"fCMdepth_mp","vera4cast"
2026-05-21,2026-04-28,"P1D","fcre",NA,"ensemble",30,"ChlorophyllMaximum_depth_sample",4.59473979822905,"fCMdepth_mp","vera4cast"
2026-05-21,2026-04-28,"P1D","fcre",NA,"ensemble",61,"ChlorophyllMaximum_depth_sample",1.35812624170148,"fCMdepth_mp","vera4cast"
2026-05-21,2026-04-28,"P1D","fcre",NA,"ensemble",92,"ChlorophyllMaximum_depth_sample",2.68846820329551,"fCMdepth_mp","vera4cast"
2026-05-21,2026-04-28,"P1D","fcre",NA,"ensemble",123,"ChlorophyllMaximum_depth_sample",3.08375363084084,"fCMdepth_mp","vera4cast"
2026-05-22,2026-04-28,"P1D","fcre",NA,"ensemble",30,"ChlorophyllMaximum_depth_sample",2.53939991498702,"fCMdepth_mp","vera4cast"
2026-05-22,2026-04-28,"P1D","fcre",NA,"ensemble",61,"ChlorophyllMaximum_depth_sample",1.46275088832879,"fCMdepth_mp","vera4cast"
2026-05-22,2026-04-28,"P1D","fcre",NA,"ensemble",92,"ChlorophyllMaximum_depth_sample",3.93743361326552,"fCMdepth_mp","vera4cast"
2026-05-22,2026-04-28,"P1D","fcre",NA,"ensemble",123,"ChlorophyllMaximum_depth_sample",2.94022745480725,"fCMdepth_mp","vera4cast"
2026-05-23,2026-04-28,"P1D","fcre",NA,"ensemble",30,"ChlorophyllMaximum_depth_sample",2.48480351625979,"fCMdepth_mp","vera4cast"
2026-05-23,2026-04-28,"P1D","fcre",NA,"ensemble",61,"ChlorophyllMaximum_depth_sample",4.55056760973932,"fCMdepth_mp","vera4cast"
2026-05-23,2026-04-28,"P1D","fcre",NA,"ensemble",92,"ChlorophyllMaximum_depth_sample",2.23934440937912,"fCMdepth_mp","vera4cast"
2026-05-23,2026-04-28,"P1D","fcre",NA,"ensemble",123,"ChlorophyllMaximum_depth_sample",4.56152004837734,"fCMdepth_mp","vera4cast"
2026-05-24,2026-04-28,"P1D","fcre",NA,"ensemble",30,"ChlorophyllMaximum_depth_sample",5.32010753237258,"fCMdepth_mp","vera4cast"
2026-05-24,2026-04-28,"P1D","fcre",NA,"ensemble",61,"ChlorophyllMaximum_depth_sample",2.6842531480016,"fCMdepth_mp","vera4cast"
2026-05-24,2026-04-28,"P1D","fcre",NA,"ensemble",92,"ChlorophyllMaximum_depth_sample",3.99243397165525,"fCMdepth_mp","vera4cast"
2026-05-24,2026-04-28,"P1D","fcre",NA,"ensemble",123,"ChlorophyllMaximum_depth_sample",5.08237904014966,"fCMdepth_mp","vera4cast"
2026-05-25,2026-04-28,"P1D","fcre",NA,"ensemble",30,"ChlorophyllMaximum_depth_sample",2.52737292448529,"fCMdepth_mp","vera4cast"
2026-05-25,2026-04-28,"P1D","fcre",NA,"ensemble",61,"ChlorophyllMaximum_depth_sample",2.1846420804782,"fCMdepth_mp","vera4cast"
2026-05-25,2026-04-28,"P1D","fcre",NA,"ensemble",92,"ChlorophyllMaximum_depth_sample",4.23619429438011,"fCMdepth_mp","vera4cast"
2026-05-25,2026-04-28,"P1D","fcre",NA,"ensemble",123,"ChlorophyllMaximum_depth_sample",3.11223898337793,"fCMdepth_mp","vera4cast"
2026-05-26,2026-04-28,"P1D","fcre",NA,"ensemble",30,"ChlorophyllMaximum_depth_sample",4.87291556645124,"fCMdepth_mp","vera4cast"
2026-05-26,2026-04-28,"P1D","fcre",NA,"ensemble",61,"ChlorophyllMaximum_depth_sample",2.08562470457765,"fCMdepth_mp","vera4cast"
2026-05-26,2026-04-28,"P1D","fcre",NA,"ensemble",92,"ChlorophyllMaximum_depth_sample",3.09571810141275,"fCMdepth_mp","vera4cast"
2026-05-26,2026-04-28,"P1D","fcre",NA,"ensemble",123,"ChlorophyllMaximum_depth_sample",5.1989042319642,"fCMdepth_mp","vera4cast"
2026-05-27,2026-04-28,"P1D","fcre",NA,"ensemble",30,"ChlorophyllMaximum_depth_sample",3.36058023726713,"fCMdepth_mp","vera4cast"
2026-05-27,2026-04-28,"P1D","fcre",NA,"ensemble",61,"ChlorophyllMaximum_depth_sample",2.38280580165599,"fCMdepth_mp","vera4cast"
2026-05-27,2026-04-28,"P1D","fcre",NA,"ensemble",92,"ChlorophyllMaximum_depth_sample",3.11620615223244,"fCMdepth_mp","vera4cast"
2026-05-27,2026-04-28,"P1D","fcre",NA,"ensemble",123,"ChlorophyllMaximum_depth_sample",1.4720708478152,"fCMdepth_mp","vera4cast"
2026-05-28,2026-04-28,"P1D","fcre",NA,"ensemble",30,"ChlorophyllMaximum_depth_sample",2.79912815192042,"fCMdepth_mp","vera4cast"
2026-05-28,2026-04-28,"P1D","fcre",NA,"ensemble",61,"ChlorophyllMaximum_depth_sample",2.89997278205965,"fCMdepth_mp","vera4cast"
2026-05-28,2026-04-28,"P1D","fcre",NA,"ensemble",92,"ChlorophyllMaximum_depth_sample",2.65925515131169,"fCMdepth_mp","vera4cast"
2026-05-28,2026-04-28,"P1D","fcre",NA,"ensemble",123,"ChlorophyllMaximum_depth_sample",1.72728345865001,"fCMdepth_mp","vera4cast"
2026-05-29,2026-04-28,"P1D","fcre",NA,"ensemble",30,"ChlorophyllMaximum_depth_sample",1.54509855523385,"fCMdepth_mp","vera4cast"
2026-05-29,2026-04-28,"P1D","fcre",NA,"ensemble",61,"ChlorophyllMaximum_depth_sample",3.33416766210042,"fCMdepth_mp","vera4cast"
2026-05-29,2026-04-28,"P1D","fcre",NA,"ensemble",92,"ChlorophyllMaximum_depth_sample",2.2145991676014,"fCMdepth_mp","vera4cast"
2026-05-29,2026-04-28,"P1D","fcre",NA,"ensemble",123,"ChlorophyllMaximum_depth_sample",0.341960263700486,"fCMdepth_mp","vera4cast"
2026-05-30,2026-04-28,"P1D","fcre",NA,"ensemble",30,"ChlorophyllMaximum_depth_sample",1.2579761453758,"fCMdepth_mp","vera4cast"
2026-05-30,2026-04-28,"P1D","fcre",NA,"ensemble",61,"ChlorophyllMaximum_depth_sample",2.99921813745304,"fCMdepth_mp","vera4cast"
2026-05-30,2026-04-28,"P1D","fcre",NA,"ensemble",92,"ChlorophyllMaximum_depth_sample",2.73784386354988,"fCMdepth_mp","vera4cast"
2026-05-30,2026-04-28,"P1D","fcre",NA,"ensemble",123,"ChlorophyllMaximum_depth_sample",2.95036710808416,"fCMdepth_mp","vera4cast"
2026-05-31,2026-04-28,"P1D","fcre",NA,"ensemble",30,"ChlorophyllMaximum_depth_sample",2.82184816802276,"fCMdepth_mp","vera4cast"
2026-05-31,2026-04-28,"P1D","fcre",NA,"ensemble",61,"ChlorophyllMaximum_depth_sample",3.24891955695179,"fCMdepth_mp","vera4cast"
2026-05-31,2026-04-28,"P1D","fcre",NA,"ensemble",92,"ChlorophyllMaximum_depth_sample",1.13077379649645,"fCMdepth_mp","vera4cast"
2026-05-31,2026-04-28,"P1D","fcre",NA,"ensemble",123,"ChlorophyllMaximum_depth_sample",1.3854540646047,"fCMdepth_mp","vera4cast"
2026-06-01,2026-04-28,"P1D","fcre",NA,"ensemble",30,"ChlorophyllMaximum_depth_sample",1.63953588777553,"fCMdepth_mp","vera4cast"
2026-06-01,2026-04-28,"P1D","fcre",NA,"ensemble",61,"ChlorophyllMaximum_depth_sample",1.15658765723058,"fCMdepth_mp","vera4cast"
2026-06-01,2026-04-28,"P1D","fcre",NA,"ensemble",92,"ChlorophyllMaximum_depth_sample",3.58739173553882,"fCMdepth_mp","vera4cast"
2026-06-01,2026-04-28,"P1D","fcre",NA,"ensemble",123,"ChlorophyllMaximum_depth_sample",2.12038074202582,"fCMdepth_mp","vera4cast"
2026-04-29,2026-04-28,"P1D","fcre",NA,"ensemble",31,"ChlorophyllMaximum_depth_sample",4.27597982199812,"fCMdepth_mp","vera4cast"
2026-04-29,2026-04-28,"P1D","fcre",NA,"ensemble",62,"ChlorophyllMaximum_depth_sample",4.75041655737236,"fCMdepth_mp","vera4cast"
2026-04-29,2026-04-28,"P1D","fcre",NA,"ensemble",93,"ChlorophyllMaximum_depth_sample",2.11501057694347,"fCMdepth_mp","vera4cast"
2026-04-29,2026-04-28,"P1D","fcre",NA,"ensemble",124,"ChlorophyllMaximum_depth_sample",4.88663971372028,"fCMdepth_mp","vera4cast"
2026-04-30,2026-04-28,"P1D","fcre",NA,"ensemble",31,"ChlorophyllMaximum_depth_sample",1.85284122570962,"fCMdepth_mp","vera4cast"
2026-04-30,2026-04-28,"P1D","fcre",NA,"ensemble",62,"ChlorophyllMaximum_depth_sample",2.81565975816749,"fCMdepth_mp","vera4cast"
2026-04-30,2026-04-28,"P1D","fcre",NA,"ensemble",93,"ChlorophyllMaximum_depth_sample",2.45521758816603,"fCMdepth_mp","vera4cast"
2026-04-30,2026-04-28,"P1D","fcre",NA,"ensemble",124,"ChlorophyllMaximum_depth_sample",4.4863093202736,"fCMdepth_mp","vera4cast"
2026-05-01,2026-04-28,"P1D","fcre",NA,"ensemble",31,"ChlorophyllMaximum_depth_sample",3.82680544990162,"fCMdepth_mp","vera4cast"
2026-05-01,2026-04-28,"P1D","fcre",NA,"ensemble",62,"ChlorophyllMaximum_depth_sample",4.13046857028006,"fCMdepth_mp","vera4cast"
2026-05-01,2026-04-28,"P1D","fcre",NA,"ensemble",93,"ChlorophyllMaximum_depth_sample",0.325379823858992,"fCMdepth_mp","vera4cast"
2026-05-01,2026-04-28,"P1D","fcre",NA,"ensemble",124,"ChlorophyllMaximum_depth_sample",4.65577953113538,"fCMdepth_mp","vera4cast"
2026-05-02,2026-04-28,"P1D","fcre",NA,"ensemble",31,"ChlorophyllMaximum_depth_sample",3.73129577119395,"fCMdepth_mp","vera4cast"
2026-05-02,2026-04-28,"P1D","fcre",NA,"ensemble",62,"ChlorophyllMaximum_depth_sample",3.97106090720149,"fCMdepth_mp","vera4cast"
2026-05-02,2026-04-28,"P1D","fcre",NA,"ensemble",93,"ChlorophyllMaximum_depth_sample",3.08931875965838,"fCMdepth_mp","vera4cast"
2026-05-02,2026-04-28,"P1D","fcre",NA,"ensemble",124,"ChlorophyllMaximum_depth_sample",2.33883520048782,"fCMdepth_mp","vera4cast"
2026-05-03,2026-04-28,"P1D","fcre",NA,"ensemble",31,"ChlorophyllMaximum_depth_sample",3.6972027670151,"fCMdepth_mp","vera4cast"
2026-05-03,2026-04-28,"P1D","fcre",NA,"ensemble",62,"ChlorophyllMaximum_depth_sample",2.77589881158473,"fCMdepth_mp","vera4cast"
2026-05-03,2026-04-28,"P1D","fcre",NA,"ensemble",93,"ChlorophyllMaximum_depth_sample",3.53195301216372,"fCMdepth_mp","vera4cast"
2026-05-03,2026-04-28,"P1D","fcre",NA,"ensemble",124,"ChlorophyllMaximum_depth_sample",3.41156180972717,"fCMdepth_mp","vera4cast"
2026-05-04,2026-04-28,"P1D","fcre",NA,"ensemble",31,"ChlorophyllMaximum_depth_sample",1.89044674522124,"fCMdepth_mp","vera4cast"
2026-05-04,2026-04-28,"P1D","fcre",NA,"ensemble",62,"ChlorophyllMaximum_depth_sample",2.03050129147536,"fCMdepth_mp","vera4cast"
2026-05-04,2026-04-28,"P1D","fcre",NA,"ensemble",93,"ChlorophyllMaximum_depth_sample",0.578809057183374,"fCMdepth_mp","vera4cast"
2026-05-04,2026-04-28,"P1D","fcre",NA,"ensemble",124,"ChlorophyllMaximum_depth_sample",1.92598042322205,"fCMdepth_mp","vera4cast"
2026-05-05,2026-04-28,"P1D","fcre",NA,"ensemble",31,"ChlorophyllMaximum_depth_sample",3.12036110112225,"fCMdepth_mp","vera4cast"
2026-05-05,2026-04-28,"P1D","fcre",NA,"ensemble",62,"ChlorophyllMaximum_depth_sample",4.43620858778962,"fCMdepth_mp","vera4cast"
2026-05-05,2026-04-28,"P1D","fcre",NA,"ensemble",93,"ChlorophyllMaximum_depth_sample",3.77449760426461,"fCMdepth_mp","vera4cast"
2026-05-05,2026-04-28,"P1D","fcre",NA,"ensemble",124,"ChlorophyllMaximum_depth_sample",3.54403862098254,"fCMdepth_mp","vera4cast"
2026-05-06,2026-04-28,"P1D","fcre",NA,"ensemble",31,"ChlorophyllMaximum_depth_sample",4.21694640600929,"fCMdepth_mp","vera4cast"
2026-05-06,2026-04-28,"P1D","fcre",NA,"ensemble",62,"ChlorophyllMaximum_depth_sample",3.20039221240107,"fCMdepth_mp","vera4cast"
2026-05-06,2026-04-28,"P1D","fcre",NA,"ensemble",93,"ChlorophyllMaximum_depth_sample",3.28130850046781,"fCMdepth_mp","vera4cast"
2026-05-06,2026-04-28,"P1D","fcre",NA,"ensemble",124,"ChlorophyllMaximum_depth_sample",2.71829079269267,"fCMdepth_mp","vera4cast"
2026-05-07,2026-04-28,"P1D","fcre",NA,"ensemble",31,"ChlorophyllMaximum_depth_sample",3.37055813033046,"fCMdepth_mp","vera4cast"
2026-05-07,2026-04-28,"P1D","fcre",NA,"ensemble",62,"ChlorophyllMaximum_depth_sample",3.60944231584241,"fCMdepth_mp","vera4cast"
2026-05-07,2026-04-28,"P1D","fcre",NA,"ensemble",93,"ChlorophyllMaximum_depth_sample",3.28309848473886,"fCMdepth_mp","vera4cast"
2026-05-07,2026-04-28,"P1D","fcre",NA,"ensemble",124,"ChlorophyllMaximum_depth_sample",1.67760578582312,"fCMdepth_mp","vera4cast"
2026-05-08,2026-04-28,"P1D","fcre",NA,"ensemble",31,"ChlorophyllMaximum_depth_sample",2.28559428691916,"fCMdepth_mp","vera4cast"
2026-05-08,2026-04-28,"P1D","fcre",NA,"ensemble",62,"ChlorophyllMaximum_depth_sample",3.40738935890781,"fCMdepth_mp","vera4cast"
2026-05-08,2026-04-28,"P1D","fcre",NA,"ensemble",93,"ChlorophyllMaximum_depth_sample",3.44008992816427,"fCMdepth_mp","vera4cast"
2026-05-08,2026-04-28,"P1D","fcre",NA,"ensemble",124,"ChlorophyllMaximum_depth_sample",3.74018376343751,"fCMdepth_mp","vera4cast"
2026-05-09,2026-04-28,"P1D","fcre",NA,"ensemble",31,"ChlorophyllMaximum_depth_sample",1.3518329524633,"fCMdepth_mp","vera4cast"
2026-05-09,2026-04-28,"P1D","fcre",NA,"ensemble",62,"ChlorophyllMaximum_depth_sample",4.85046902585141,"fCMdepth_mp","vera4cast"
2026-05-09,2026-04-28,"P1D","fcre",NA,"ensemble",93,"ChlorophyllMaximum_depth_sample",2.78362111447206,"fCMdepth_mp","vera4cast"
2026-05-09,2026-04-28,"P1D","fcre",NA,"ensemble",124,"ChlorophyllMaximum_depth_sample",2.7871458218453,"fCMdepth_mp","vera4cast"
2026-05-10,2026-04-28,"P1D","fcre",NA,"ensemble",31,"ChlorophyllMaximum_depth_sample",2.84958013095081,"fCMdepth_mp","vera4cast"
2026-05-10,2026-04-28,"P1D","fcre",NA,"ensemble",62,"ChlorophyllMaximum_depth_sample",4.04908980379349,"fCMdepth_mp","vera4cast"
2026-05-10,2026-04-28,"P1D","fcre",NA,"ensemble",93,"ChlorophyllMaximum_depth_sample",3.21030875901366,"fCMdepth_mp","vera4cast"
2026-05-10,2026-04-28,"P1D","fcre",NA,"ensemble",124,"ChlorophyllMaximum_depth_sample",4.51155087111881,"fCMdepth_mp","vera4cast"
2026-05-11,2026-04-28,"P1D","fcre",NA,"ensemble",31,"ChlorophyllMaximum_depth_sample",5.15828587657714,"fCMdepth_mp","vera4cast"
2026-05-11,2026-04-28,"P1D","fcre",NA,"ensemble",62,"ChlorophyllMaximum_depth_sample",1.62475373372578,"fCMdepth_mp","vera4cast"
2026-05-11,2026-04-28,"P1D","fcre",NA,"ensemble",93,"ChlorophyllMaximum_depth_sample",1.61241090252878,"fCMdepth_mp","vera4cast"
2026-05-11,2026-04-28,"P1D","fcre",NA,"ensemble",124,"ChlorophyllMaximum_depth_sample",3.605747631569,"fCMdepth_mp","vera4cast"
2026-05-12,2026-04-28,"P1D","fcre",NA,"ensemble",31,"ChlorophyllMaximum_depth_sample",3.50726388932433,"fCMdepth_mp","vera4cast"
2026-05-12,2026-04-28,"P1D","fcre",NA,"ensemble",62,"ChlorophyllMaximum_depth_sample",3.88001526866196,"fCMdepth_mp","vera4cast"
2026-05-12,2026-04-28,"P1D","fcre",NA,"ensemble",93,"ChlorophyllMaximum_depth_sample",1.41598458022257,"fCMdepth_mp","vera4cast"
2026-05-12,2026-04-28,"P1D","fcre",NA,"ensemble",124,"ChlorophyllMaximum_depth_sample",1.94192326241575,"fCMdepth_mp","vera4cast"
2026-05-13,2026-04-28,"P1D","fcre",NA,"ensemble",31,"ChlorophyllMaximum_depth_sample",3.61953000337772,"fCMdepth_mp","vera4cast"
2026-05-13,2026-04-28,"P1D","fcre",NA,"ensemble",62,"ChlorophyllMaximum_depth_sample",4.20709381071441,"fCMdepth_mp","vera4cast"
2026-05-13,2026-04-28,"P1D","fcre",NA,"ensemble",93,"ChlorophyllMaximum_depth_sample",4.03680406842983,"fCMdepth_mp","vera4cast"
2026-05-13,2026-04-28,"P1D","fcre",NA,"ensemble",124,"ChlorophyllMaximum_depth_sample",2.21775436444138,"fCMdepth_mp","vera4cast"
2026-05-14,2026-04-28,"P1D","fcre",NA,"ensemble",31,"ChlorophyllMaximum_depth_sample",2.45396515844238,"fCMdepth_mp","vera4cast"
2026-05-14,2026-04-28,"P1D","fcre",NA,"ensemble",62,"ChlorophyllMaximum_depth_sample",2.77594071557048,"fCMdepth_mp","vera4cast"
2026-05-14,2026-04-28,"P1D","fcre",NA,"ensemble",93,"ChlorophyllMaximum_depth_sample",4.38596367220975,"fCMdepth_mp","vera4cast"
2026-05-14,2026-04-28,"P1D","fcre",NA,"ensemble",124,"ChlorophyllMaximum_depth_sample",5.32589490894736,"fCMdepth_mp","vera4cast"
2026-05-15,2026-04-28,"P1D","fcre",NA,"ensemble",31,"ChlorophyllMaximum_depth_sample",4.12128068519719,"fCMdepth_mp","vera4cast"
2026-05-15,2026-04-28,"P1D","fcre",NA,"ensemble",62,"ChlorophyllMaximum_depth_sample",4.71237384559905,"fCMdepth_mp","vera4cast"
2026-05-15,2026-04-28,"P1D","fcre",NA,"ensemble",93,"ChlorophyllMaximum_depth_sample",2.49865918196333,"fCMdepth_mp","vera4cast"
2026-05-15,2026-04-28,"P1D","fcre",NA,"ensemble",124,"ChlorophyllMaximum_depth_sample",4.979875514419,"fCMdepth_mp","vera4cast"
2026-05-16,2026-04-28,"P1D","fcre",NA,"ensemble",31,"ChlorophyllMaximum_depth_sample",1.30458616754692,"fCMdepth_mp","vera4cast"
2026-05-16,2026-04-28,"P1D","fcre",NA,"ensemble",62,"ChlorophyllMaximum_depth_sample",3.69788264703599,"fCMdepth_mp","vera4cast"
2026-05-16,2026-04-28,"P1D","fcre",NA,"ensemble",93,"ChlorophyllMaximum_depth_sample",1.9232462205476,"fCMdepth_mp","vera4cast"
2026-05-16,2026-04-28,"P1D","fcre",NA,"ensemble",124,"ChlorophyllMaximum_depth_sample",2.752494089809,"fCMdepth_mp","vera4cast"
2026-05-17,2026-04-28,"P1D","fcre",NA,"ensemble",31,"ChlorophyllMaximum_depth_sample",2.44025603089497,"fCMdepth_mp","vera4cast"
2026-05-17,2026-04-28,"P1D","fcre",NA,"ensemble",62,"ChlorophyllMaximum_depth_sample",4.11874679495205,"fCMdepth_mp","vera4cast"
2026-05-17,2026-04-28,"P1D","fcre",NA,"ensemble",93,"ChlorophyllMaximum_depth_sample",2.72695774277801,"fCMdepth_mp","vera4cast"
2026-05-17,2026-04-28,"P1D","fcre",NA,"ensemble",124,"ChlorophyllMaximum_depth_sample",2.79073989472853,"fCMdepth_mp","vera4cast"
2026-05-18,2026-04-28,"P1D","fcre",NA,"ensemble",31,"ChlorophyllMaximum_depth_sample",4.58435463508238,"fCMdepth_mp","vera4cast"
2026-05-18,2026-04-28,"P1D","fcre",NA,"ensemble",62,"ChlorophyllMaximum_depth_sample",4.53220499666542,"fCMdepth_mp","vera4cast"
2026-05-18,2026-04-28,"P1D","fcre",NA,"ensemble",93,"ChlorophyllMaximum_depth_sample",1.3484053229891,"fCMdepth_mp","vera4cast"
2026-05-18,2026-04-28,"P1D","fcre",NA,"ensemble",124,"ChlorophyllMaximum_depth_sample",3.59098065729338,"fCMdepth_mp","vera4cast"
2026-05-19,2026-04-28,"P1D","fcre",NA,"ensemble",31,"ChlorophyllMaximum_depth_sample",3.27985631777794,"fCMdepth_mp","vera4cast"
2026-05-19,2026-04-28,"P1D","fcre",NA,"ensemble",62,"ChlorophyllMaximum_depth_sample",2.30621400818322,"fCMdepth_mp","vera4cast"
2026-05-19,2026-04-28,"P1D","fcre",NA,"ensemble",93,"ChlorophyllMaximum_depth_sample",2.53794638904992,"fCMdepth_mp","vera4cast"
2026-05-19,2026-04-28,"P1D","fcre",NA,"ensemble",124,"ChlorophyllMaximum_depth_sample",2.29101145679813,"fCMdepth_mp","vera4cast"
2026-05-20,2026-04-28,"P1D","fcre",NA,"ensemble",31,"ChlorophyllMaximum_depth_sample",2.46057146574125,"fCMdepth_mp","vera4cast"
2026-05-20,2026-04-28,"P1D","fcre",NA,"ensemble",62,"ChlorophyllMaximum_depth_sample",3.73227757576074,"fCMdepth_mp","vera4cast"
2026-05-20,2026-04-28,"P1D","fcre",NA,"ensemble",93,"ChlorophyllMaximum_depth_sample",1.71710332224471,"fCMdepth_mp","vera4cast"
2026-05-20,2026-04-28,"P1D","fcre",NA,"ensemble",124,"ChlorophyllMaximum_depth_sample",1.6119171848339,"fCMdepth_mp","vera4cast"
2026-05-21,2026-04-28,"P1D","fcre",NA,"ensemble",31,"ChlorophyllMaximum_depth_sample",3.0928938824669,"fCMdepth_mp","vera4cast"
2026-05-21,2026-04-28,"P1D","fcre",NA,"ensemble",62,"ChlorophyllMaximum_depth_sample",0.721249032809764,"fCMdepth_mp","vera4cast"
2026-05-21,2026-04-28,"P1D","fcre",NA,"ensemble",93,"ChlorophyllMaximum_depth_sample",2.11898034826085,"fCMdepth_mp","vera4cast"
2026-05-21,2026-04-28,"P1D","fcre",NA,"ensemble",124,"ChlorophyllMaximum_depth_sample",2.55183501527765,"fCMdepth_mp","vera4cast"
2026-05-22,2026-04-28,"P1D","fcre",NA,"ensemble",31,"ChlorophyllMaximum_depth_sample",1.82649513396237,"fCMdepth_mp","vera4cast"
2026-05-22,2026-04-28,"P1D","fcre",NA,"ensemble",62,"ChlorophyllMaximum_depth_sample",1.45295896944001,"fCMdepth_mp","vera4cast"
2026-05-22,2026-04-28,"P1D","fcre",NA,"ensemble",93,"ChlorophyllMaximum_depth_sample",0.597712162742919,"fCMdepth_mp","vera4cast"
2026-05-22,2026-04-28,"P1D","fcre",NA,"ensemble",124,"ChlorophyllMaximum_depth_sample",2.24268701521751,"fCMdepth_mp","vera4cast"
2026-05-23,2026-04-28,"P1D","fcre",NA,"ensemble",31,"ChlorophyllMaximum_depth_sample",4.85159207781237,"fCMdepth_mp","vera4cast"
2026-05-23,2026-04-28,"P1D","fcre",NA,"ensemble",62,"ChlorophyllMaximum_depth_sample",4.02315929980349,"fCMdepth_mp","vera4cast"
2026-05-23,2026-04-28,"P1D","fcre",NA,"ensemble",93,"ChlorophyllMaximum_depth_sample",3.61104535188585,"fCMdepth_mp","vera4cast"
2026-05-23,2026-04-28,"P1D","fcre",NA,"ensemble",124,"ChlorophyllMaximum_depth_sample",1.82374684133133,"fCMdepth_mp","vera4cast"
2026-05-24,2026-04-28,"P1D","fcre",NA,"ensemble",31,"ChlorophyllMaximum_depth_sample",4.46020051223464,"fCMdepth_mp","vera4cast"
2026-05-24,2026-04-28,"P1D","fcre",NA,"ensemble",62,"ChlorophyllMaximum_depth_sample",3.65302091738582,"fCMdepth_mp","vera4cast"
2026-05-24,2026-04-28,"P1D","fcre",NA,"ensemble",93,"ChlorophyllMaximum_depth_sample",2.68540338179158,"fCMdepth_mp","vera4cast"
2026-05-24,2026-04-28,"P1D","fcre",NA,"ensemble",124,"ChlorophyllMaximum_depth_sample",4.03142082442192,"fCMdepth_mp","vera4cast"
2026-05-25,2026-04-28,"P1D","fcre",NA,"ensemble",31,"ChlorophyllMaximum_depth_sample",3.47293200048774,"fCMdepth_mp","vera4cast"
2026-05-25,2026-04-28,"P1D","fcre",NA,"ensemble",62,"ChlorophyllMaximum_depth_sample",4.56682517774357,"fCMdepth_mp","vera4cast"
2026-05-25,2026-04-28,"P1D","fcre",NA,"ensemble",93,"ChlorophyllMaximum_depth_sample",3.18524758304363,"fCMdepth_mp","vera4cast"
2026-05-25,2026-04-28,"P1D","fcre",NA,"ensemble",124,"ChlorophyllMaximum_depth_sample",4.07497996450273,"fCMdepth_mp","vera4cast"
2026-05-26,2026-04-28,"P1D","fcre",NA,"ensemble",31,"ChlorophyllMaximum_depth_sample",2.67741909071532,"fCMdepth_mp","vera4cast"
2026-05-26,2026-04-28,"P1D","fcre",NA,"ensemble",62,"ChlorophyllMaximum_depth_sample",4.56077836804248,"fCMdepth_mp","vera4cast"
2026-05-26,2026-04-28,"P1D","fcre",NA,"ensemble",93,"ChlorophyllMaximum_depth_sample",2.87833308578906,"fCMdepth_mp","vera4cast"
2026-05-26,2026-04-28,"P1D","fcre",NA,"ensemble",124,"ChlorophyllMaximum_depth_sample",3.71007818854428,"fCMdepth_mp","vera4cast"
2026-05-27,2026-04-28,"P1D","fcre",NA,"ensemble",31,"ChlorophyllMaximum_depth_sample",2.43324533517157,"fCMdepth_mp","vera4cast"
2026-05-27,2026-04-28,"P1D","fcre",NA,"ensemble",62,"ChlorophyllMaximum_depth_sample",2.81170572502263,"fCMdepth_mp","vera4cast"
2026-05-27,2026-04-28,"P1D","fcre",NA,"ensemble",93,"ChlorophyllMaximum_depth_sample",3.60005320632694,"fCMdepth_mp","vera4cast"
2026-05-27,2026-04-28,"P1D","fcre",NA,"ensemble",124,"ChlorophyllMaximum_depth_sample",3.84965396951817,"fCMdepth_mp","vera4cast"
2026-05-28,2026-04-28,"P1D","fcre",NA,"ensemble",31,"ChlorophyllMaximum_depth_sample",1.68622749529183,"fCMdepth_mp","vera4cast"
2026-05-28,2026-04-28,"P1D","fcre",NA,"ensemble",62,"ChlorophyllMaximum_depth_sample",4.05896527366935,"fCMdepth_mp","vera4cast"
2026-05-28,2026-04-28,"P1D","fcre",NA,"ensemble",93,"ChlorophyllMaximum_depth_sample",1.08139949039711,"fCMdepth_mp","vera4cast"
2026-05-28,2026-04-28,"P1D","fcre",NA,"ensemble",124,"ChlorophyllMaximum_depth_sample",2.55086076477797,"fCMdepth_mp","vera4cast"
2026-05-29,2026-04-28,"P1D","fcre",NA,"ensemble",31,"ChlorophyllMaximum_depth_sample",4.53362848509695,"fCMdepth_mp","vera4cast"
2026-05-29,2026-04-28,"P1D","fcre",NA,"ensemble",62,"ChlorophyllMaximum_depth_sample",2.82871643911996,"fCMdepth_mp","vera4cast"
2026-05-29,2026-04-28,"P1D","fcre",NA,"ensemble",93,"ChlorophyllMaximum_depth_sample",1.09314110447957,"fCMdepth_mp","vera4cast"
2026-05-29,2026-04-28,"P1D","fcre",NA,"ensemble",124,"ChlorophyllMaximum_depth_sample",2.98007193639635,"fCMdepth_mp","vera4cast"
2026-05-30,2026-04-28,"P1D","fcre",NA,"ensemble",31,"ChlorophyllMaximum_depth_sample",3.118492041767,"fCMdepth_mp","vera4cast"
2026-05-30,2026-04-28,"P1D","fcre",NA,"ensemble",62,"ChlorophyllMaximum_depth_sample",2.6028519812482,"fCMdepth_mp","vera4cast"
2026-05-30,2026-04-28,"P1D","fcre",NA,"ensemble",93,"ChlorophyllMaximum_depth_sample",2.90833718172995,"fCMdepth_mp","vera4cast"
2026-05-30,2026-04-28,"P1D","fcre",NA,"ensemble",124,"ChlorophyllMaximum_depth_sample",1.57845703335854,"fCMdepth_mp","vera4cast"
2026-05-31,2026-04-28,"P1D","fcre",NA,"ensemble",31,"ChlorophyllMaximum_depth_sample",1.94565676449992,"fCMdepth_mp","vera4cast"
2026-05-31,2026-04-28,"P1D","fcre",NA,"ensemble",62,"ChlorophyllMaximum_depth_sample",3.64109377488036,"fCMdepth_mp","vera4cast"
2026-05-31,2026-04-28,"P1D","fcre",NA,"ensemble",93,"ChlorophyllMaximum_depth_sample",1.11412897772251,"fCMdepth_mp","vera4cast"
2026-05-31,2026-04-28,"P1D","fcre",NA,"ensemble",124,"ChlorophyllMaximum_depth_sample",3.541054220563,"fCMdepth_mp","vera4cast"
2026-06-01,2026-04-28,"P1D","fcre",NA,"ensemble",31,"ChlorophyllMaximum_depth_sample",3.40241162103924,"fCMdepth_mp","vera4cast"
2026-06-01,2026-04-28,"P1D","fcre",NA,"ensemble",62,"ChlorophyllMaximum_depth_sample",3.78420641755509,"fCMdepth_mp","vera4cast"
2026-06-01,2026-04-28,"P1D","fcre",NA,"ensemble",93,"ChlorophyllMaximum_depth_sample",1.84222744076766,"fCMdepth_mp","vera4cast"
2026-06-01,2026-04-28,"P1D","fcre",NA,"ensemble",124,"ChlorophyllMaximum_depth_sample",1.97571295373424,"fCMdepth_mp","vera4cast"
