"datetime","reference_datetime","duration","site_id","depth_m","family","parameter","variable","prediction","model_id","project_id"
2026-04-26,2026-04-25,"P1D","fcre",NA,"ensemble",1,"ChlorophyllMaximum_depth_sample",1.04788486621138,"fDCMdepth_mp","vera4cast"
2026-04-26,2026-04-25,"P1D","fcre",NA,"ensemble",32,"ChlorophyllMaximum_depth_sample",4.86147878288138,"fDCMdepth_mp","vera4cast"
2026-04-26,2026-04-25,"P1D","fcre",NA,"ensemble",63,"ChlorophyllMaximum_depth_sample",1.85001339610935,"fDCMdepth_mp","vera4cast"
2026-04-26,2026-04-25,"P1D","fcre",NA,"ensemble",94,"ChlorophyllMaximum_depth_sample",1.76607699838578,"fDCMdepth_mp","vera4cast"
2026-04-26,2026-04-25,"P1D","fcre",NA,"ensemble",125,"ChlorophyllMaximum_depth_sample",3.36364687513015,"fDCMdepth_mp","vera4cast"
2026-04-27,2026-04-25,"P1D","fcre",NA,"ensemble",1,"ChlorophyllMaximum_depth_sample",5.31084752967619,"fDCMdepth_mp","vera4cast"
2026-04-27,2026-04-25,"P1D","fcre",NA,"ensemble",32,"ChlorophyllMaximum_depth_sample",2.84024422117046,"fDCMdepth_mp","vera4cast"
2026-04-27,2026-04-25,"P1D","fcre",NA,"ensemble",63,"ChlorophyllMaximum_depth_sample",3.07941122119489,"fDCMdepth_mp","vera4cast"
2026-04-27,2026-04-25,"P1D","fcre",NA,"ensemble",94,"ChlorophyllMaximum_depth_sample",1.04624012316685,"fDCMdepth_mp","vera4cast"
2026-04-27,2026-04-25,"P1D","fcre",NA,"ensemble",125,"ChlorophyllMaximum_depth_sample",3.87250727326139,"fDCMdepth_mp","vera4cast"
2026-04-28,2026-04-25,"P1D","fcre",NA,"ensemble",1,"ChlorophyllMaximum_depth_sample",-1.0643980521934,"fDCMdepth_mp","vera4cast"
2026-04-28,2026-04-25,"P1D","fcre",NA,"ensemble",32,"ChlorophyllMaximum_depth_sample",4.48761682414696,"fDCMdepth_mp","vera4cast"
2026-04-28,2026-04-25,"P1D","fcre",NA,"ensemble",63,"ChlorophyllMaximum_depth_sample",3.1627142338068,"fDCMdepth_mp","vera4cast"
2026-04-28,2026-04-25,"P1D","fcre",NA,"ensemble",94,"ChlorophyllMaximum_depth_sample",1.13045126475834,"fDCMdepth_mp","vera4cast"
2026-04-28,2026-04-25,"P1D","fcre",NA,"ensemble",125,"ChlorophyllMaximum_depth_sample",1.68326782782887,"fDCMdepth_mp","vera4cast"
2026-04-29,2026-04-25,"P1D","fcre",NA,"ensemble",1,"ChlorophyllMaximum_depth_sample",3.83704798069041,"fDCMdepth_mp","vera4cast"
2026-04-29,2026-04-25,"P1D","fcre",NA,"ensemble",32,"ChlorophyllMaximum_depth_sample",1.66197717304522,"fDCMdepth_mp","vera4cast"
2026-04-29,2026-04-25,"P1D","fcre",NA,"ensemble",63,"ChlorophyllMaximum_depth_sample",3.92327639056649,"fDCMdepth_mp","vera4cast"
2026-04-29,2026-04-25,"P1D","fcre",NA,"ensemble",94,"ChlorophyllMaximum_depth_sample",3.58010617745245,"fDCMdepth_mp","vera4cast"
2026-04-29,2026-04-25,"P1D","fcre",NA,"ensemble",125,"ChlorophyllMaximum_depth_sample",3.87564506640031,"fDCMdepth_mp","vera4cast"
2026-04-30,2026-04-25,"P1D","fcre",NA,"ensemble",1,"ChlorophyllMaximum_depth_sample",4.99808253911456,"fDCMdepth_mp","vera4cast"
2026-04-30,2026-04-25,"P1D","fcre",NA,"ensemble",32,"ChlorophyllMaximum_depth_sample",3.53578185130894,"fDCMdepth_mp","vera4cast"
2026-04-30,2026-04-25,"P1D","fcre",NA,"ensemble",63,"ChlorophyllMaximum_depth_sample",2.18201624063829,"fDCMdepth_mp","vera4cast"
2026-04-30,2026-04-25,"P1D","fcre",NA,"ensemble",94,"ChlorophyllMaximum_depth_sample",4.75660725302003,"fDCMdepth_mp","vera4cast"
2026-04-30,2026-04-25,"P1D","fcre",NA,"ensemble",125,"ChlorophyllMaximum_depth_sample",3.55648096768228,"fDCMdepth_mp","vera4cast"
2026-05-01,2026-04-25,"P1D","fcre",NA,"ensemble",1,"ChlorophyllMaximum_depth_sample",3.70768920684548,"fDCMdepth_mp","vera4cast"
2026-05-01,2026-04-25,"P1D","fcre",NA,"ensemble",32,"ChlorophyllMaximum_depth_sample",1.73754068129609,"fDCMdepth_mp","vera4cast"
2026-05-01,2026-04-25,"P1D","fcre",NA,"ensemble",63,"ChlorophyllMaximum_depth_sample",2.81350687532265,"fDCMdepth_mp","vera4cast"
2026-05-01,2026-04-25,"P1D","fcre",NA,"ensemble",94,"ChlorophyllMaximum_depth_sample",2.68112335799362,"fDCMdepth_mp","vera4cast"
2026-05-01,2026-04-25,"P1D","fcre",NA,"ensemble",125,"ChlorophyllMaximum_depth_sample",5.44966977693195,"fDCMdepth_mp","vera4cast"
2026-05-02,2026-04-25,"P1D","fcre",NA,"ensemble",1,"ChlorophyllMaximum_depth_sample",3.79697464336993,"fDCMdepth_mp","vera4cast"
2026-05-02,2026-04-25,"P1D","fcre",NA,"ensemble",32,"ChlorophyllMaximum_depth_sample",2.67385541066102,"fDCMdepth_mp","vera4cast"
2026-05-02,2026-04-25,"P1D","fcre",NA,"ensemble",63,"ChlorophyllMaximum_depth_sample",5.18830609843919,"fDCMdepth_mp","vera4cast"
2026-05-02,2026-04-25,"P1D","fcre",NA,"ensemble",94,"ChlorophyllMaximum_depth_sample",1.72710055663781,"fDCMdepth_mp","vera4cast"
2026-05-02,2026-04-25,"P1D","fcre",NA,"ensemble",125,"ChlorophyllMaximum_depth_sample",2.68210521272074,"fDCMdepth_mp","vera4cast"
2026-05-03,2026-04-25,"P1D","fcre",NA,"ensemble",1,"ChlorophyllMaximum_depth_sample",1.54182129190596,"fDCMdepth_mp","vera4cast"
2026-05-03,2026-04-25,"P1D","fcre",NA,"ensemble",32,"ChlorophyllMaximum_depth_sample",2.74919843348309,"fDCMdepth_mp","vera4cast"
2026-05-03,2026-04-25,"P1D","fcre",NA,"ensemble",63,"ChlorophyllMaximum_depth_sample",1.50805971115916,"fDCMdepth_mp","vera4cast"
2026-05-03,2026-04-25,"P1D","fcre",NA,"ensemble",94,"ChlorophyllMaximum_depth_sample",5.27800262733398,"fDCMdepth_mp","vera4cast"
2026-05-03,2026-04-25,"P1D","fcre",NA,"ensemble",125,"ChlorophyllMaximum_depth_sample",2.14534895247303,"fDCMdepth_mp","vera4cast"
2026-05-04,2026-04-25,"P1D","fcre",NA,"ensemble",1,"ChlorophyllMaximum_depth_sample",3.69673449428407,"fDCMdepth_mp","vera4cast"
2026-05-04,2026-04-25,"P1D","fcre",NA,"ensemble",32,"ChlorophyllMaximum_depth_sample",2.93465964074143,"fDCMdepth_mp","vera4cast"
2026-05-04,2026-04-25,"P1D","fcre",NA,"ensemble",63,"ChlorophyllMaximum_depth_sample",3.77348285971679,"fDCMdepth_mp","vera4cast"
2026-05-04,2026-04-25,"P1D","fcre",NA,"ensemble",94,"ChlorophyllMaximum_depth_sample",4.28779550193296,"fDCMdepth_mp","vera4cast"
2026-05-04,2026-04-25,"P1D","fcre",NA,"ensemble",125,"ChlorophyllMaximum_depth_sample",5.27504126674444,"fDCMdepth_mp","vera4cast"
2026-05-05,2026-04-25,"P1D","fcre",NA,"ensemble",1,"ChlorophyllMaximum_depth_sample",2.84438000564761,"fDCMdepth_mp","vera4cast"
2026-05-05,2026-04-25,"P1D","fcre",NA,"ensemble",32,"ChlorophyllMaximum_depth_sample",3.30638049526722,"fDCMdepth_mp","vera4cast"
2026-05-05,2026-04-25,"P1D","fcre",NA,"ensemble",63,"ChlorophyllMaximum_depth_sample",4.00123554009591,"fDCMdepth_mp","vera4cast"
2026-05-05,2026-04-25,"P1D","fcre",NA,"ensemble",94,"ChlorophyllMaximum_depth_sample",4.54285480118071,"fDCMdepth_mp","vera4cast"
2026-05-05,2026-04-25,"P1D","fcre",NA,"ensemble",125,"ChlorophyllMaximum_depth_sample",3.10630266641476,"fDCMdepth_mp","vera4cast"
2026-05-06,2026-04-25,"P1D","fcre",NA,"ensemble",1,"ChlorophyllMaximum_depth_sample",0.783201599590887,"fDCMdepth_mp","vera4cast"
2026-05-06,2026-04-25,"P1D","fcre",NA,"ensemble",32,"ChlorophyllMaximum_depth_sample",2.67953943477318,"fDCMdepth_mp","vera4cast"
2026-05-06,2026-04-25,"P1D","fcre",NA,"ensemble",63,"ChlorophyllMaximum_depth_sample",1.7833413771644,"fDCMdepth_mp","vera4cast"
2026-05-06,2026-04-25,"P1D","fcre",NA,"ensemble",94,"ChlorophyllMaximum_depth_sample",5.16797065672273,"fDCMdepth_mp","vera4cast"
2026-05-06,2026-04-25,"P1D","fcre",NA,"ensemble",125,"ChlorophyllMaximum_depth_sample",6.55690641534189,"fDCMdepth_mp","vera4cast"
2026-05-07,2026-04-25,"P1D","fcre",NA,"ensemble",1,"ChlorophyllMaximum_depth_sample",2.73006501250534,"fDCMdepth_mp","vera4cast"
2026-05-07,2026-04-25,"P1D","fcre",NA,"ensemble",32,"ChlorophyllMaximum_depth_sample",3.4454382172867,"fDCMdepth_mp","vera4cast"
2026-05-07,2026-04-25,"P1D","fcre",NA,"ensemble",63,"ChlorophyllMaximum_depth_sample",2.53950114236663,"fDCMdepth_mp","vera4cast"
2026-05-07,2026-04-25,"P1D","fcre",NA,"ensemble",94,"ChlorophyllMaximum_depth_sample",2.0648835659735,"fDCMdepth_mp","vera4cast"
2026-05-07,2026-04-25,"P1D","fcre",NA,"ensemble",125,"ChlorophyllMaximum_depth_sample",2.94040210866737,"fDCMdepth_mp","vera4cast"
2026-05-08,2026-04-25,"P1D","fcre",NA,"ensemble",1,"ChlorophyllMaximum_depth_sample",3.11277321602183,"fDCMdepth_mp","vera4cast"
2026-05-08,2026-04-25,"P1D","fcre",NA,"ensemble",32,"ChlorophyllMaximum_depth_sample",3.77314936710563,"fDCMdepth_mp","vera4cast"
2026-05-08,2026-04-25,"P1D","fcre",NA,"ensemble",63,"ChlorophyllMaximum_depth_sample",4.37725878691938,"fDCMdepth_mp","vera4cast"
2026-05-08,2026-04-25,"P1D","fcre",NA,"ensemble",94,"ChlorophyllMaximum_depth_sample",1.61543503706208,"fDCMdepth_mp","vera4cast"
2026-05-08,2026-04-25,"P1D","fcre",NA,"ensemble",125,"ChlorophyllMaximum_depth_sample",3.21669685709846,"fDCMdepth_mp","vera4cast"
2026-05-09,2026-04-25,"P1D","fcre",NA,"ensemble",1,"ChlorophyllMaximum_depth_sample",1.57169468038224,"fDCMdepth_mp","vera4cast"
2026-05-09,2026-04-25,"P1D","fcre",NA,"ensemble",32,"ChlorophyllMaximum_depth_sample",1.44833753156765,"fDCMdepth_mp","vera4cast"
2026-05-09,2026-04-25,"P1D","fcre",NA,"ensemble",63,"ChlorophyllMaximum_depth_sample",3.82795999723678,"fDCMdepth_mp","vera4cast"
2026-05-09,2026-04-25,"P1D","fcre",NA,"ensemble",94,"ChlorophyllMaximum_depth_sample",2.38409442046978,"fDCMdepth_mp","vera4cast"
2026-05-09,2026-04-25,"P1D","fcre",NA,"ensemble",125,"ChlorophyllMaximum_depth_sample",2.4708133029894,"fDCMdepth_mp","vera4cast"
2026-05-10,2026-04-25,"P1D","fcre",NA,"ensemble",1,"ChlorophyllMaximum_depth_sample",4.3828233495772,"fDCMdepth_mp","vera4cast"
2026-05-10,2026-04-25,"P1D","fcre",NA,"ensemble",32,"ChlorophyllMaximum_depth_sample",3.66797079000057,"fDCMdepth_mp","vera4cast"
2026-05-10,2026-04-25,"P1D","fcre",NA,"ensemble",63,"ChlorophyllMaximum_depth_sample",2.93200970448116,"fDCMdepth_mp","vera4cast"
2026-05-10,2026-04-25,"P1D","fcre",NA,"ensemble",94,"ChlorophyllMaximum_depth_sample",3.00267476367338,"fDCMdepth_mp","vera4cast"
2026-05-10,2026-04-25,"P1D","fcre",NA,"ensemble",125,"ChlorophyllMaximum_depth_sample",5.67921216641646,"fDCMdepth_mp","vera4cast"
2026-05-11,2026-04-25,"P1D","fcre",NA,"ensemble",1,"ChlorophyllMaximum_depth_sample",0.0803353940879794,"fDCMdepth_mp","vera4cast"
2026-05-11,2026-04-25,"P1D","fcre",NA,"ensemble",32,"ChlorophyllMaximum_depth_sample",2.20350551870113,"fDCMdepth_mp","vera4cast"
2026-05-11,2026-04-25,"P1D","fcre",NA,"ensemble",63,"ChlorophyllMaximum_depth_sample",2.56111572420547,"fDCMdepth_mp","vera4cast"
2026-05-11,2026-04-25,"P1D","fcre",NA,"ensemble",94,"ChlorophyllMaximum_depth_sample",1.66747605534496,"fDCMdepth_mp","vera4cast"
2026-05-11,2026-04-25,"P1D","fcre",NA,"ensemble",125,"ChlorophyllMaximum_depth_sample",1.76917619794441,"fDCMdepth_mp","vera4cast"
2026-05-12,2026-04-25,"P1D","fcre",NA,"ensemble",1,"ChlorophyllMaximum_depth_sample",2.75678437674324,"fDCMdepth_mp","vera4cast"
2026-05-12,2026-04-25,"P1D","fcre",NA,"ensemble",32,"ChlorophyllMaximum_depth_sample",1.10920745285041,"fDCMdepth_mp","vera4cast"
2026-05-12,2026-04-25,"P1D","fcre",NA,"ensemble",63,"ChlorophyllMaximum_depth_sample",1.41086656637498,"fDCMdepth_mp","vera4cast"
2026-05-12,2026-04-25,"P1D","fcre",NA,"ensemble",94,"ChlorophyllMaximum_depth_sample",3.67273230327948,"fDCMdepth_mp","vera4cast"
2026-05-12,2026-04-25,"P1D","fcre",NA,"ensemble",125,"ChlorophyllMaximum_depth_sample",1.0915435379303,"fDCMdepth_mp","vera4cast"
2026-05-13,2026-04-25,"P1D","fcre",NA,"ensemble",1,"ChlorophyllMaximum_depth_sample",5.62832238200743,"fDCMdepth_mp","vera4cast"
2026-05-13,2026-04-25,"P1D","fcre",NA,"ensemble",32,"ChlorophyllMaximum_depth_sample",4.79105120731898,"fDCMdepth_mp","vera4cast"
2026-05-13,2026-04-25,"P1D","fcre",NA,"ensemble",63,"ChlorophyllMaximum_depth_sample",1.54520158055666,"fDCMdepth_mp","vera4cast"
2026-05-13,2026-04-25,"P1D","fcre",NA,"ensemble",94,"ChlorophyllMaximum_depth_sample",3.22992388072617,"fDCMdepth_mp","vera4cast"
2026-05-13,2026-04-25,"P1D","fcre",NA,"ensemble",125,"ChlorophyllMaximum_depth_sample",3.44923836220227,"fDCMdepth_mp","vera4cast"
2026-05-14,2026-04-25,"P1D","fcre",NA,"ensemble",1,"ChlorophyllMaximum_depth_sample",3.02828750431674,"fDCMdepth_mp","vera4cast"
2026-05-14,2026-04-25,"P1D","fcre",NA,"ensemble",32,"ChlorophyllMaximum_depth_sample",5.19553638460683,"fDCMdepth_mp","vera4cast"
2026-05-14,2026-04-25,"P1D","fcre",NA,"ensemble",63,"ChlorophyllMaximum_depth_sample",3.4855299128384,"fDCMdepth_mp","vera4cast"
2026-05-14,2026-04-25,"P1D","fcre",NA,"ensemble",94,"ChlorophyllMaximum_depth_sample",4.42658444641991,"fDCMdepth_mp","vera4cast"
2026-05-14,2026-04-25,"P1D","fcre",NA,"ensemble",125,"ChlorophyllMaximum_depth_sample",3.2656237555306,"fDCMdepth_mp","vera4cast"
2026-05-15,2026-04-25,"P1D","fcre",NA,"ensemble",1,"ChlorophyllMaximum_depth_sample",3.84937438416144,"fDCMdepth_mp","vera4cast"
2026-05-15,2026-04-25,"P1D","fcre",NA,"ensemble",32,"ChlorophyllMaximum_depth_sample",1.26590355239598,"fDCMdepth_mp","vera4cast"
2026-05-15,2026-04-25,"P1D","fcre",NA,"ensemble",63,"ChlorophyllMaximum_depth_sample",4.14655610232945,"fDCMdepth_mp","vera4cast"
2026-05-15,2026-04-25,"P1D","fcre",NA,"ensemble",94,"ChlorophyllMaximum_depth_sample",3.33575901166866,"fDCMdepth_mp","vera4cast"
2026-05-15,2026-04-25,"P1D","fcre",NA,"ensemble",125,"ChlorophyllMaximum_depth_sample",3.98124089391676,"fDCMdepth_mp","vera4cast"
2026-05-16,2026-04-25,"P1D","fcre",NA,"ensemble",1,"ChlorophyllMaximum_depth_sample",2.81403920656201,"fDCMdepth_mp","vera4cast"
2026-05-16,2026-04-25,"P1D","fcre",NA,"ensemble",32,"ChlorophyllMaximum_depth_sample",2.45589228562805,"fDCMdepth_mp","vera4cast"
2026-05-16,2026-04-25,"P1D","fcre",NA,"ensemble",63,"ChlorophyllMaximum_depth_sample",3.48246286175685,"fDCMdepth_mp","vera4cast"
2026-05-16,2026-04-25,"P1D","fcre",NA,"ensemble",94,"ChlorophyllMaximum_depth_sample",4.10366652394304,"fDCMdepth_mp","vera4cast"
2026-05-16,2026-04-25,"P1D","fcre",NA,"ensemble",125,"ChlorophyllMaximum_depth_sample",1.63478166904638,"fDCMdepth_mp","vera4cast"
2026-05-17,2026-04-25,"P1D","fcre",NA,"ensemble",1,"ChlorophyllMaximum_depth_sample",3.67604785928872,"fDCMdepth_mp","vera4cast"
2026-05-17,2026-04-25,"P1D","fcre",NA,"ensemble",32,"ChlorophyllMaximum_depth_sample",-0.395624330537323,"fDCMdepth_mp","vera4cast"
2026-05-17,2026-04-25,"P1D","fcre",NA,"ensemble",63,"ChlorophyllMaximum_depth_sample",5.01428824078659,"fDCMdepth_mp","vera4cast"
2026-05-17,2026-04-25,"P1D","fcre",NA,"ensemble",94,"ChlorophyllMaximum_depth_sample",1.80767237780942,"fDCMdepth_mp","vera4cast"
2026-05-17,2026-04-25,"P1D","fcre",NA,"ensemble",125,"ChlorophyllMaximum_depth_sample",4.64213397590527,"fDCMdepth_mp","vera4cast"
2026-05-18,2026-04-25,"P1D","fcre",NA,"ensemble",1,"ChlorophyllMaximum_depth_sample",5.27673598323863,"fDCMdepth_mp","vera4cast"
2026-05-18,2026-04-25,"P1D","fcre",NA,"ensemble",32,"ChlorophyllMaximum_depth_sample",3.68863201524656,"fDCMdepth_mp","vera4cast"
2026-05-18,2026-04-25,"P1D","fcre",NA,"ensemble",63,"ChlorophyllMaximum_depth_sample",3.57444937418001,"fDCMdepth_mp","vera4cast"
2026-05-18,2026-04-25,"P1D","fcre",NA,"ensemble",94,"ChlorophyllMaximum_depth_sample",2.57436313715873,"fDCMdepth_mp","vera4cast"
2026-05-18,2026-04-25,"P1D","fcre",NA,"ensemble",125,"ChlorophyllMaximum_depth_sample",3.62267976015415,"fDCMdepth_mp","vera4cast"
2026-05-19,2026-04-25,"P1D","fcre",NA,"ensemble",1,"ChlorophyllMaximum_depth_sample",4.55307425019007,"fDCMdepth_mp","vera4cast"
2026-05-19,2026-04-25,"P1D","fcre",NA,"ensemble",32,"ChlorophyllMaximum_depth_sample",4.59803250932142,"fDCMdepth_mp","vera4cast"
2026-05-19,2026-04-25,"P1D","fcre",NA,"ensemble",63,"ChlorophyllMaximum_depth_sample",6.13476859357107,"fDCMdepth_mp","vera4cast"
2026-05-19,2026-04-25,"P1D","fcre",NA,"ensemble",94,"ChlorophyllMaximum_depth_sample",5.71189228559081,"fDCMdepth_mp","vera4cast"
2026-05-19,2026-04-25,"P1D","fcre",NA,"ensemble",125,"ChlorophyllMaximum_depth_sample",1.87651822261507,"fDCMdepth_mp","vera4cast"
2026-05-20,2026-04-25,"P1D","fcre",NA,"ensemble",1,"ChlorophyllMaximum_depth_sample",1.69238296012355,"fDCMdepth_mp","vera4cast"
2026-05-20,2026-04-25,"P1D","fcre",NA,"ensemble",32,"ChlorophyllMaximum_depth_sample",3.60223679616723,"fDCMdepth_mp","vera4cast"
2026-05-20,2026-04-25,"P1D","fcre",NA,"ensemble",63,"ChlorophyllMaximum_depth_sample",4.83260729732677,"fDCMdepth_mp","vera4cast"
2026-05-20,2026-04-25,"P1D","fcre",NA,"ensemble",94,"ChlorophyllMaximum_depth_sample",6.1678948237871,"fDCMdepth_mp","vera4cast"
2026-05-20,2026-04-25,"P1D","fcre",NA,"ensemble",125,"ChlorophyllMaximum_depth_sample",3.24600307993024,"fDCMdepth_mp","vera4cast"
2026-05-21,2026-04-25,"P1D","fcre",NA,"ensemble",1,"ChlorophyllMaximum_depth_sample",1.89706689622496,"fDCMdepth_mp","vera4cast"
2026-05-21,2026-04-25,"P1D","fcre",NA,"ensemble",32,"ChlorophyllMaximum_depth_sample",-0.404221051192927,"fDCMdepth_mp","vera4cast"
2026-05-21,2026-04-25,"P1D","fcre",NA,"ensemble",63,"ChlorophyllMaximum_depth_sample",6.11008464929297,"fDCMdepth_mp","vera4cast"
2026-05-21,2026-04-25,"P1D","fcre",NA,"ensemble",94,"ChlorophyllMaximum_depth_sample",3.24246648814647,"fDCMdepth_mp","vera4cast"
2026-05-21,2026-04-25,"P1D","fcre",NA,"ensemble",125,"ChlorophyllMaximum_depth_sample",2.1839195533067,"fDCMdepth_mp","vera4cast"
2026-05-22,2026-04-25,"P1D","fcre",NA,"ensemble",1,"ChlorophyllMaximum_depth_sample",1.0647930972561,"fDCMdepth_mp","vera4cast"
2026-05-22,2026-04-25,"P1D","fcre",NA,"ensemble",32,"ChlorophyllMaximum_depth_sample",3.35458325816022,"fDCMdepth_mp","vera4cast"
2026-05-22,2026-04-25,"P1D","fcre",NA,"ensemble",63,"ChlorophyllMaximum_depth_sample",6.04579985664527,"fDCMdepth_mp","vera4cast"
2026-05-22,2026-04-25,"P1D","fcre",NA,"ensemble",94,"ChlorophyllMaximum_depth_sample",3.55577649351055,"fDCMdepth_mp","vera4cast"
2026-05-22,2026-04-25,"P1D","fcre",NA,"ensemble",125,"ChlorophyllMaximum_depth_sample",2.58664170491344,"fDCMdepth_mp","vera4cast"
2026-05-23,2026-04-25,"P1D","fcre",NA,"ensemble",1,"ChlorophyllMaximum_depth_sample",2.29263903444146,"fDCMdepth_mp","vera4cast"
2026-05-23,2026-04-25,"P1D","fcre",NA,"ensemble",32,"ChlorophyllMaximum_depth_sample",3.85443799957588,"fDCMdepth_mp","vera4cast"
2026-05-23,2026-04-25,"P1D","fcre",NA,"ensemble",63,"ChlorophyllMaximum_depth_sample",1.97035023442013,"fDCMdepth_mp","vera4cast"
2026-05-23,2026-04-25,"P1D","fcre",NA,"ensemble",94,"ChlorophyllMaximum_depth_sample",3.70989909157776,"fDCMdepth_mp","vera4cast"
2026-05-23,2026-04-25,"P1D","fcre",NA,"ensemble",125,"ChlorophyllMaximum_depth_sample",3.97625082511805,"fDCMdepth_mp","vera4cast"
2026-05-24,2026-04-25,"P1D","fcre",NA,"ensemble",1,"ChlorophyllMaximum_depth_sample",4.57635394696723,"fDCMdepth_mp","vera4cast"
2026-05-24,2026-04-25,"P1D","fcre",NA,"ensemble",32,"ChlorophyllMaximum_depth_sample",1.6571731329356,"fDCMdepth_mp","vera4cast"
2026-05-24,2026-04-25,"P1D","fcre",NA,"ensemble",63,"ChlorophyllMaximum_depth_sample",3.17491998842939,"fDCMdepth_mp","vera4cast"
2026-05-24,2026-04-25,"P1D","fcre",NA,"ensemble",94,"ChlorophyllMaximum_depth_sample",4.76039420227224,"fDCMdepth_mp","vera4cast"
2026-05-24,2026-04-25,"P1D","fcre",NA,"ensemble",125,"ChlorophyllMaximum_depth_sample",3.55235760303855,"fDCMdepth_mp","vera4cast"
2026-05-25,2026-04-25,"P1D","fcre",NA,"ensemble",1,"ChlorophyllMaximum_depth_sample",4.00788326266225,"fDCMdepth_mp","vera4cast"
2026-05-25,2026-04-25,"P1D","fcre",NA,"ensemble",32,"ChlorophyllMaximum_depth_sample",2.04430217559507,"fDCMdepth_mp","vera4cast"
2026-05-25,2026-04-25,"P1D","fcre",NA,"ensemble",63,"ChlorophyllMaximum_depth_sample",4.84678615818933,"fDCMdepth_mp","vera4cast"
2026-05-25,2026-04-25,"P1D","fcre",NA,"ensemble",94,"ChlorophyllMaximum_depth_sample",4.92159375931398,"fDCMdepth_mp","vera4cast"
2026-05-25,2026-04-25,"P1D","fcre",NA,"ensemble",125,"ChlorophyllMaximum_depth_sample",3.88037765129934,"fDCMdepth_mp","vera4cast"
2026-05-26,2026-04-25,"P1D","fcre",NA,"ensemble",1,"ChlorophyllMaximum_depth_sample",5.6204296926312,"fDCMdepth_mp","vera4cast"
2026-05-26,2026-04-25,"P1D","fcre",NA,"ensemble",32,"ChlorophyllMaximum_depth_sample",3.8613596241036,"fDCMdepth_mp","vera4cast"
2026-05-26,2026-04-25,"P1D","fcre",NA,"ensemble",63,"ChlorophyllMaximum_depth_sample",4.54393889395649,"fDCMdepth_mp","vera4cast"
2026-05-26,2026-04-25,"P1D","fcre",NA,"ensemble",94,"ChlorophyllMaximum_depth_sample",2.60773849437931,"fDCMdepth_mp","vera4cast"
2026-05-26,2026-04-25,"P1D","fcre",NA,"ensemble",125,"ChlorophyllMaximum_depth_sample",1.08899625544894,"fDCMdepth_mp","vera4cast"
2026-05-27,2026-04-25,"P1D","fcre",NA,"ensemble",1,"ChlorophyllMaximum_depth_sample",3.47864815238891,"fDCMdepth_mp","vera4cast"
2026-05-27,2026-04-25,"P1D","fcre",NA,"ensemble",32,"ChlorophyllMaximum_depth_sample",2.80286874392105,"fDCMdepth_mp","vera4cast"
2026-05-27,2026-04-25,"P1D","fcre",NA,"ensemble",63,"ChlorophyllMaximum_depth_sample",3.3161822090496,"fDCMdepth_mp","vera4cast"
2026-05-27,2026-04-25,"P1D","fcre",NA,"ensemble",94,"ChlorophyllMaximum_depth_sample",2.0510706318232,"fDCMdepth_mp","vera4cast"
2026-05-27,2026-04-25,"P1D","fcre",NA,"ensemble",125,"ChlorophyllMaximum_depth_sample",2.45928418271514,"fDCMdepth_mp","vera4cast"
2026-05-28,2026-04-25,"P1D","fcre",NA,"ensemble",1,"ChlorophyllMaximum_depth_sample",3.23667700431761,"fDCMdepth_mp","vera4cast"
2026-05-28,2026-04-25,"P1D","fcre",NA,"ensemble",32,"ChlorophyllMaximum_depth_sample",3.33208968845248,"fDCMdepth_mp","vera4cast"
2026-05-28,2026-04-25,"P1D","fcre",NA,"ensemble",63,"ChlorophyllMaximum_depth_sample",3.73418003198649,"fDCMdepth_mp","vera4cast"
2026-05-28,2026-04-25,"P1D","fcre",NA,"ensemble",94,"ChlorophyllMaximum_depth_sample",1.81542322663003,"fDCMdepth_mp","vera4cast"
2026-05-28,2026-04-25,"P1D","fcre",NA,"ensemble",125,"ChlorophyllMaximum_depth_sample",1.39179602195224,"fDCMdepth_mp","vera4cast"
2026-05-29,2026-04-25,"P1D","fcre",NA,"ensemble",1,"ChlorophyllMaximum_depth_sample",3.54091938726192,"fDCMdepth_mp","vera4cast"
2026-05-29,2026-04-25,"P1D","fcre",NA,"ensemble",32,"ChlorophyllMaximum_depth_sample",3.97276996333123,"fDCMdepth_mp","vera4cast"
2026-05-29,2026-04-25,"P1D","fcre",NA,"ensemble",63,"ChlorophyllMaximum_depth_sample",4.06195353519834,"fDCMdepth_mp","vera4cast"
2026-05-29,2026-04-25,"P1D","fcre",NA,"ensemble",94,"ChlorophyllMaximum_depth_sample",1.70323427687676,"fDCMdepth_mp","vera4cast"
2026-05-29,2026-04-25,"P1D","fcre",NA,"ensemble",125,"ChlorophyllMaximum_depth_sample",3.47514545914853,"fDCMdepth_mp","vera4cast"
2026-04-26,2026-04-25,"P1D","fcre",NA,"ensemble",2,"ChlorophyllMaximum_depth_sample",1.50950953301734,"fDCMdepth_mp","vera4cast"
2026-04-26,2026-04-25,"P1D","fcre",NA,"ensemble",33,"ChlorophyllMaximum_depth_sample",2.5076532991572,"fDCMdepth_mp","vera4cast"
2026-04-26,2026-04-25,"P1D","fcre",NA,"ensemble",64,"ChlorophyllMaximum_depth_sample",3.0042494617001,"fDCMdepth_mp","vera4cast"
2026-04-26,2026-04-25,"P1D","fcre",NA,"ensemble",95,"ChlorophyllMaximum_depth_sample",3.960544018413,"fDCMdepth_mp","vera4cast"
2026-04-26,2026-04-25,"P1D","fcre",NA,"ensemble",126,"ChlorophyllMaximum_depth_sample",3.17358264608298,"fDCMdepth_mp","vera4cast"
2026-04-27,2026-04-25,"P1D","fcre",NA,"ensemble",2,"ChlorophyllMaximum_depth_sample",2.51396105506021,"fDCMdepth_mp","vera4cast"
2026-04-27,2026-04-25,"P1D","fcre",NA,"ensemble",33,"ChlorophyllMaximum_depth_sample",3.83435835189842,"fDCMdepth_mp","vera4cast"
2026-04-27,2026-04-25,"P1D","fcre",NA,"ensemble",64,"ChlorophyllMaximum_depth_sample",0.506221567039276,"fDCMdepth_mp","vera4cast"
2026-04-27,2026-04-25,"P1D","fcre",NA,"ensemble",95,"ChlorophyllMaximum_depth_sample",3.77573416181862,"fDCMdepth_mp","vera4cast"
2026-04-27,2026-04-25,"P1D","fcre",NA,"ensemble",126,"ChlorophyllMaximum_depth_sample",4.57331321184339,"fDCMdepth_mp","vera4cast"
2026-04-28,2026-04-25,"P1D","fcre",NA,"ensemble",2,"ChlorophyllMaximum_depth_sample",2.67753651429695,"fDCMdepth_mp","vera4cast"
2026-04-28,2026-04-25,"P1D","fcre",NA,"ensemble",33,"ChlorophyllMaximum_depth_sample",3.04617726456128,"fDCMdepth_mp","vera4cast"
2026-04-28,2026-04-25,"P1D","fcre",NA,"ensemble",64,"ChlorophyllMaximum_depth_sample",-0.0423057130175559,"fDCMdepth_mp","vera4cast"
2026-04-28,2026-04-25,"P1D","fcre",NA,"ensemble",95,"ChlorophyllMaximum_depth_sample",2.34031010018947,"fDCMdepth_mp","vera4cast"
2026-04-28,2026-04-25,"P1D","fcre",NA,"ensemble",126,"ChlorophyllMaximum_depth_sample",3.68353994393251,"fDCMdepth_mp","vera4cast"
2026-04-29,2026-04-25,"P1D","fcre",NA,"ensemble",2,"ChlorophyllMaximum_depth_sample",5.43627130078466,"fDCMdepth_mp","vera4cast"
2026-04-29,2026-04-25,"P1D","fcre",NA,"ensemble",33,"ChlorophyllMaximum_depth_sample",4.32681174792982,"fDCMdepth_mp","vera4cast"
2026-04-29,2026-04-25,"P1D","fcre",NA,"ensemble",64,"ChlorophyllMaximum_depth_sample",4.10776882166762,"fDCMdepth_mp","vera4cast"
2026-04-29,2026-04-25,"P1D","fcre",NA,"ensemble",95,"ChlorophyllMaximum_depth_sample",3.50900253912915,"fDCMdepth_mp","vera4cast"
2026-04-29,2026-04-25,"P1D","fcre",NA,"ensemble",126,"ChlorophyllMaximum_depth_sample",3.40741390401366,"fDCMdepth_mp","vera4cast"
2026-04-30,2026-04-25,"P1D","fcre",NA,"ensemble",2,"ChlorophyllMaximum_depth_sample",4.6305221208818,"fDCMdepth_mp","vera4cast"
2026-04-30,2026-04-25,"P1D","fcre",NA,"ensemble",33,"ChlorophyllMaximum_depth_sample",2.23330302452751,"fDCMdepth_mp","vera4cast"
2026-04-30,2026-04-25,"P1D","fcre",NA,"ensemble",64,"ChlorophyllMaximum_depth_sample",4.22873013592864,"fDCMdepth_mp","vera4cast"
2026-04-30,2026-04-25,"P1D","fcre",NA,"ensemble",95,"ChlorophyllMaximum_depth_sample",3.80162986531268,"fDCMdepth_mp","vera4cast"
2026-04-30,2026-04-25,"P1D","fcre",NA,"ensemble",126,"ChlorophyllMaximum_depth_sample",2.31409584080087,"fDCMdepth_mp","vera4cast"
2026-05-01,2026-04-25,"P1D","fcre",NA,"ensemble",2,"ChlorophyllMaximum_depth_sample",2.93349942096197,"fDCMdepth_mp","vera4cast"
2026-05-01,2026-04-25,"P1D","fcre",NA,"ensemble",33,"ChlorophyllMaximum_depth_sample",6.01471428547431,"fDCMdepth_mp","vera4cast"
2026-05-01,2026-04-25,"P1D","fcre",NA,"ensemble",64,"ChlorophyllMaximum_depth_sample",0.569742171053115,"fDCMdepth_mp","vera4cast"
2026-05-01,2026-04-25,"P1D","fcre",NA,"ensemble",95,"ChlorophyllMaximum_depth_sample",4.44388443608982,"fDCMdepth_mp","vera4cast"
2026-05-01,2026-04-25,"P1D","fcre",NA,"ensemble",126,"ChlorophyllMaximum_depth_sample",3.31874222128311,"fDCMdepth_mp","vera4cast"
2026-05-02,2026-04-25,"P1D","fcre",NA,"ensemble",2,"ChlorophyllMaximum_depth_sample",1.78897855791877,"fDCMdepth_mp","vera4cast"
2026-05-02,2026-04-25,"P1D","fcre",NA,"ensemble",33,"ChlorophyllMaximum_depth_sample",0.670041557986279,"fDCMdepth_mp","vera4cast"
2026-05-02,2026-04-25,"P1D","fcre",NA,"ensemble",64,"ChlorophyllMaximum_depth_sample",0.760613260346911,"fDCMdepth_mp","vera4cast"
2026-05-02,2026-04-25,"P1D","fcre",NA,"ensemble",95,"ChlorophyllMaximum_depth_sample",3.26827907038511,"fDCMdepth_mp","vera4cast"
2026-05-02,2026-04-25,"P1D","fcre",NA,"ensemble",126,"ChlorophyllMaximum_depth_sample",1.02389234123611,"fDCMdepth_mp","vera4cast"
2026-05-03,2026-04-25,"P1D","fcre",NA,"ensemble",2,"ChlorophyllMaximum_depth_sample",4.08710927261037,"fDCMdepth_mp","vera4cast"
2026-05-03,2026-04-25,"P1D","fcre",NA,"ensemble",33,"ChlorophyllMaximum_depth_sample",3.85148165606405,"fDCMdepth_mp","vera4cast"
2026-05-03,2026-04-25,"P1D","fcre",NA,"ensemble",64,"ChlorophyllMaximum_depth_sample",2.58940667960222,"fDCMdepth_mp","vera4cast"
2026-05-03,2026-04-25,"P1D","fcre",NA,"ensemble",95,"ChlorophyllMaximum_depth_sample",2.17408633656603,"fDCMdepth_mp","vera4cast"
2026-05-03,2026-04-25,"P1D","fcre",NA,"ensemble",126,"ChlorophyllMaximum_depth_sample",3.82186445454176,"fDCMdepth_mp","vera4cast"
2026-05-04,2026-04-25,"P1D","fcre",NA,"ensemble",2,"ChlorophyllMaximum_depth_sample",2.48781941368618,"fDCMdepth_mp","vera4cast"
2026-05-04,2026-04-25,"P1D","fcre",NA,"ensemble",33,"ChlorophyllMaximum_depth_sample",6.17034498607624,"fDCMdepth_mp","vera4cast"
2026-05-04,2026-04-25,"P1D","fcre",NA,"ensemble",64,"ChlorophyllMaximum_depth_sample",2.37529327552102,"fDCMdepth_mp","vera4cast"
2026-05-04,2026-04-25,"P1D","fcre",NA,"ensemble",95,"ChlorophyllMaximum_depth_sample",2.49678115438238,"fDCMdepth_mp","vera4cast"
2026-05-04,2026-04-25,"P1D","fcre",NA,"ensemble",126,"ChlorophyllMaximum_depth_sample",1.48117032230421,"fDCMdepth_mp","vera4cast"
2026-05-05,2026-04-25,"P1D","fcre",NA,"ensemble",2,"ChlorophyllMaximum_depth_sample",5.33442121460839,"fDCMdepth_mp","vera4cast"
2026-05-05,2026-04-25,"P1D","fcre",NA,"ensemble",33,"ChlorophyllMaximum_depth_sample",3.00431056373704,"fDCMdepth_mp","vera4cast"
2026-05-05,2026-04-25,"P1D","fcre",NA,"ensemble",64,"ChlorophyllMaximum_depth_sample",4.27227792504522,"fDCMdepth_mp","vera4cast"
2026-05-05,2026-04-25,"P1D","fcre",NA,"ensemble",95,"ChlorophyllMaximum_depth_sample",4.15158014509735,"fDCMdepth_mp","vera4cast"
2026-05-05,2026-04-25,"P1D","fcre",NA,"ensemble",126,"ChlorophyllMaximum_depth_sample",2.83334042239825,"fDCMdepth_mp","vera4cast"
2026-05-06,2026-04-25,"P1D","fcre",NA,"ensemble",2,"ChlorophyllMaximum_depth_sample",2.52626230132778,"fDCMdepth_mp","vera4cast"
2026-05-06,2026-04-25,"P1D","fcre",NA,"ensemble",33,"ChlorophyllMaximum_depth_sample",2.79490418608473,"fDCMdepth_mp","vera4cast"
2026-05-06,2026-04-25,"P1D","fcre",NA,"ensemble",64,"ChlorophyllMaximum_depth_sample",3.16087140165935,"fDCMdepth_mp","vera4cast"
2026-05-06,2026-04-25,"P1D","fcre",NA,"ensemble",95,"ChlorophyllMaximum_depth_sample",2.01509967719476,"fDCMdepth_mp","vera4cast"
2026-05-06,2026-04-25,"P1D","fcre",NA,"ensemble",126,"ChlorophyllMaximum_depth_sample",1.78496332918828,"fDCMdepth_mp","vera4cast"
2026-05-07,2026-04-25,"P1D","fcre",NA,"ensemble",2,"ChlorophyllMaximum_depth_sample",3.15976064389066,"fDCMdepth_mp","vera4cast"
2026-05-07,2026-04-25,"P1D","fcre",NA,"ensemble",33,"ChlorophyllMaximum_depth_sample",2.26452679840732,"fDCMdepth_mp","vera4cast"
2026-05-07,2026-04-25,"P1D","fcre",NA,"ensemble",64,"ChlorophyllMaximum_depth_sample",5.65088403459097,"fDCMdepth_mp","vera4cast"
2026-05-07,2026-04-25,"P1D","fcre",NA,"ensemble",95,"ChlorophyllMaximum_depth_sample",-0.0650830663638526,"fDCMdepth_mp","vera4cast"
2026-05-07,2026-04-25,"P1D","fcre",NA,"ensemble",126,"ChlorophyllMaximum_depth_sample",3.92639983303821,"fDCMdepth_mp","vera4cast"
2026-05-08,2026-04-25,"P1D","fcre",NA,"ensemble",2,"ChlorophyllMaximum_depth_sample",4.6380084872051,"fDCMdepth_mp","vera4cast"
2026-05-08,2026-04-25,"P1D","fcre",NA,"ensemble",33,"ChlorophyllMaximum_depth_sample",3.62241921008045,"fDCMdepth_mp","vera4cast"
2026-05-08,2026-04-25,"P1D","fcre",NA,"ensemble",64,"ChlorophyllMaximum_depth_sample",3.3793205065758,"fDCMdepth_mp","vera4cast"
2026-05-08,2026-04-25,"P1D","fcre",NA,"ensemble",95,"ChlorophyllMaximum_depth_sample",5.71875343495377,"fDCMdepth_mp","vera4cast"
2026-05-08,2026-04-25,"P1D","fcre",NA,"ensemble",126,"ChlorophyllMaximum_depth_sample",3.11055130431994,"fDCMdepth_mp","vera4cast"
2026-05-09,2026-04-25,"P1D","fcre",NA,"ensemble",2,"ChlorophyllMaximum_depth_sample",2.7434782698881,"fDCMdepth_mp","vera4cast"
2026-05-09,2026-04-25,"P1D","fcre",NA,"ensemble",33,"ChlorophyllMaximum_depth_sample",2.52304217509341,"fDCMdepth_mp","vera4cast"
2026-05-09,2026-04-25,"P1D","fcre",NA,"ensemble",64,"ChlorophyllMaximum_depth_sample",2.44213073808429,"fDCMdepth_mp","vera4cast"
2026-05-09,2026-04-25,"P1D","fcre",NA,"ensemble",95,"ChlorophyllMaximum_depth_sample",1.07660323698007,"fDCMdepth_mp","vera4cast"
2026-05-09,2026-04-25,"P1D","fcre",NA,"ensemble",126,"ChlorophyllMaximum_depth_sample",1.32645288349447,"fDCMdepth_mp","vera4cast"
2026-05-10,2026-04-25,"P1D","fcre",NA,"ensemble",2,"ChlorophyllMaximum_depth_sample",2.2910473935235,"fDCMdepth_mp","vera4cast"
2026-05-10,2026-04-25,"P1D","fcre",NA,"ensemble",33,"ChlorophyllMaximum_depth_sample",2.31136355502236,"fDCMdepth_mp","vera4cast"
2026-05-10,2026-04-25,"P1D","fcre",NA,"ensemble",64,"ChlorophyllMaximum_depth_sample",4.08322490521599,"fDCMdepth_mp","vera4cast"
2026-05-10,2026-04-25,"P1D","fcre",NA,"ensemble",95,"ChlorophyllMaximum_depth_sample",3.89003330130032,"fDCMdepth_mp","vera4cast"
2026-05-10,2026-04-25,"P1D","fcre",NA,"ensemble",126,"ChlorophyllMaximum_depth_sample",2.99466538026943,"fDCMdepth_mp","vera4cast"
2026-05-11,2026-04-25,"P1D","fcre",NA,"ensemble",2,"ChlorophyllMaximum_depth_sample",3.19762337750157,"fDCMdepth_mp","vera4cast"
2026-05-11,2026-04-25,"P1D","fcre",NA,"ensemble",33,"ChlorophyllMaximum_depth_sample",0.567998687421382,"fDCMdepth_mp","vera4cast"
2026-05-11,2026-04-25,"P1D","fcre",NA,"ensemble",64,"ChlorophyllMaximum_depth_sample",2.33321624417508,"fDCMdepth_mp","vera4cast"
2026-05-11,2026-04-25,"P1D","fcre",NA,"ensemble",95,"ChlorophyllMaximum_depth_sample",4.04306383038232,"fDCMdepth_mp","vera4cast"
2026-05-11,2026-04-25,"P1D","fcre",NA,"ensemble",126,"ChlorophyllMaximum_depth_sample",3.06264662566217,"fDCMdepth_mp","vera4cast"
2026-05-12,2026-04-25,"P1D","fcre",NA,"ensemble",2,"ChlorophyllMaximum_depth_sample",2.49002599387296,"fDCMdepth_mp","vera4cast"
2026-05-12,2026-04-25,"P1D","fcre",NA,"ensemble",33,"ChlorophyllMaximum_depth_sample",3.78256724777378,"fDCMdepth_mp","vera4cast"
2026-05-12,2026-04-25,"P1D","fcre",NA,"ensemble",64,"ChlorophyllMaximum_depth_sample",3.92461663811294,"fDCMdepth_mp","vera4cast"
2026-05-12,2026-04-25,"P1D","fcre",NA,"ensemble",95,"ChlorophyllMaximum_depth_sample",3.56512662301549,"fDCMdepth_mp","vera4cast"
2026-05-12,2026-04-25,"P1D","fcre",NA,"ensemble",126,"ChlorophyllMaximum_depth_sample",4.15837353683268,"fDCMdepth_mp","vera4cast"
2026-05-13,2026-04-25,"P1D","fcre",NA,"ensemble",2,"ChlorophyllMaximum_depth_sample",4.98347174428972,"fDCMdepth_mp","vera4cast"
2026-05-13,2026-04-25,"P1D","fcre",NA,"ensemble",33,"ChlorophyllMaximum_depth_sample",0.690023958169942,"fDCMdepth_mp","vera4cast"
2026-05-13,2026-04-25,"P1D","fcre",NA,"ensemble",64,"ChlorophyllMaximum_depth_sample",5.2171063131949,"fDCMdepth_mp","vera4cast"
2026-05-13,2026-04-25,"P1D","fcre",NA,"ensemble",95,"ChlorophyllMaximum_depth_sample",1.28840909124211,"fDCMdepth_mp","vera4cast"
2026-05-13,2026-04-25,"P1D","fcre",NA,"ensemble",126,"ChlorophyllMaximum_depth_sample",1.07700193690977,"fDCMdepth_mp","vera4cast"
2026-05-14,2026-04-25,"P1D","fcre",NA,"ensemble",2,"ChlorophyllMaximum_depth_sample",4.19576778573682,"fDCMdepth_mp","vera4cast"
2026-05-14,2026-04-25,"P1D","fcre",NA,"ensemble",33,"ChlorophyllMaximum_depth_sample",2.65549758933324,"fDCMdepth_mp","vera4cast"
2026-05-14,2026-04-25,"P1D","fcre",NA,"ensemble",64,"ChlorophyllMaximum_depth_sample",4.85654289390547,"fDCMdepth_mp","vera4cast"
2026-05-14,2026-04-25,"P1D","fcre",NA,"ensemble",95,"ChlorophyllMaximum_depth_sample",2.60443581381885,"fDCMdepth_mp","vera4cast"
2026-05-14,2026-04-25,"P1D","fcre",NA,"ensemble",126,"ChlorophyllMaximum_depth_sample",4.23387295493149,"fDCMdepth_mp","vera4cast"
2026-05-15,2026-04-25,"P1D","fcre",NA,"ensemble",2,"ChlorophyllMaximum_depth_sample",2.40728725156761,"fDCMdepth_mp","vera4cast"
2026-05-15,2026-04-25,"P1D","fcre",NA,"ensemble",33,"ChlorophyllMaximum_depth_sample",3.04402360761763,"fDCMdepth_mp","vera4cast"
2026-05-15,2026-04-25,"P1D","fcre",NA,"ensemble",64,"ChlorophyllMaximum_depth_sample",6.12189720093413,"fDCMdepth_mp","vera4cast"
2026-05-15,2026-04-25,"P1D","fcre",NA,"ensemble",95,"ChlorophyllMaximum_depth_sample",1.16896452833604,"fDCMdepth_mp","vera4cast"
2026-05-15,2026-04-25,"P1D","fcre",NA,"ensemble",126,"ChlorophyllMaximum_depth_sample",5.48764453620163,"fDCMdepth_mp","vera4cast"
2026-05-16,2026-04-25,"P1D","fcre",NA,"ensemble",2,"ChlorophyllMaximum_depth_sample",1.89212133575438,"fDCMdepth_mp","vera4cast"
2026-05-16,2026-04-25,"P1D","fcre",NA,"ensemble",33,"ChlorophyllMaximum_depth_sample",1.68065361261168,"fDCMdepth_mp","vera4cast"
2026-05-16,2026-04-25,"P1D","fcre",NA,"ensemble",64,"ChlorophyllMaximum_depth_sample",3.63210831423762,"fDCMdepth_mp","vera4cast"
2026-05-16,2026-04-25,"P1D","fcre",NA,"ensemble",95,"ChlorophyllMaximum_depth_sample",4.28035579691089,"fDCMdepth_mp","vera4cast"
2026-05-16,2026-04-25,"P1D","fcre",NA,"ensemble",126,"ChlorophyllMaximum_depth_sample",3.44906259992541,"fDCMdepth_mp","vera4cast"
2026-05-17,2026-04-25,"P1D","fcre",NA,"ensemble",2,"ChlorophyllMaximum_depth_sample",3.4235309343041,"fDCMdepth_mp","vera4cast"
2026-05-17,2026-04-25,"P1D","fcre",NA,"ensemble",33,"ChlorophyllMaximum_depth_sample",2.18409454505471,"fDCMdepth_mp","vera4cast"
2026-05-17,2026-04-25,"P1D","fcre",NA,"ensemble",64,"ChlorophyllMaximum_depth_sample",3.08250699170368,"fDCMdepth_mp","vera4cast"
2026-05-17,2026-04-25,"P1D","fcre",NA,"ensemble",95,"ChlorophyllMaximum_depth_sample",2.67639730767546,"fDCMdepth_mp","vera4cast"
2026-05-17,2026-04-25,"P1D","fcre",NA,"ensemble",126,"ChlorophyllMaximum_depth_sample",2.78267383072591,"fDCMdepth_mp","vera4cast"
2026-05-18,2026-04-25,"P1D","fcre",NA,"ensemble",2,"ChlorophyllMaximum_depth_sample",0.900686689758897,"fDCMdepth_mp","vera4cast"
2026-05-18,2026-04-25,"P1D","fcre",NA,"ensemble",33,"ChlorophyllMaximum_depth_sample",2.16688242859863,"fDCMdepth_mp","vera4cast"
2026-05-18,2026-04-25,"P1D","fcre",NA,"ensemble",64,"ChlorophyllMaximum_depth_sample",3.72342321823309,"fDCMdepth_mp","vera4cast"
2026-05-18,2026-04-25,"P1D","fcre",NA,"ensemble",95,"ChlorophyllMaximum_depth_sample",3.23744717445622,"fDCMdepth_mp","vera4cast"
2026-05-18,2026-04-25,"P1D","fcre",NA,"ensemble",126,"ChlorophyllMaximum_depth_sample",2.13930317697068,"fDCMdepth_mp","vera4cast"
2026-05-19,2026-04-25,"P1D","fcre",NA,"ensemble",2,"ChlorophyllMaximum_depth_sample",3.07712953809667,"fDCMdepth_mp","vera4cast"
2026-05-19,2026-04-25,"P1D","fcre",NA,"ensemble",33,"ChlorophyllMaximum_depth_sample",2.72298379028389,"fDCMdepth_mp","vera4cast"
2026-05-19,2026-04-25,"P1D","fcre",NA,"ensemble",64,"ChlorophyllMaximum_depth_sample",3.70125751050529,"fDCMdepth_mp","vera4cast"
2026-05-19,2026-04-25,"P1D","fcre",NA,"ensemble",95,"ChlorophyllMaximum_depth_sample",2.99872462413973,"fDCMdepth_mp","vera4cast"
2026-05-19,2026-04-25,"P1D","fcre",NA,"ensemble",126,"ChlorophyllMaximum_depth_sample",2.32858409363368,"fDCMdepth_mp","vera4cast"
2026-05-20,2026-04-25,"P1D","fcre",NA,"ensemble",2,"ChlorophyllMaximum_depth_sample",2.89818815982259,"fDCMdepth_mp","vera4cast"
2026-05-20,2026-04-25,"P1D","fcre",NA,"ensemble",33,"ChlorophyllMaximum_depth_sample",2.54062579060716,"fDCMdepth_mp","vera4cast"
2026-05-20,2026-04-25,"P1D","fcre",NA,"ensemble",64,"ChlorophyllMaximum_depth_sample",2.77926928357349,"fDCMdepth_mp","vera4cast"
2026-05-20,2026-04-25,"P1D","fcre",NA,"ensemble",95,"ChlorophyllMaximum_depth_sample",6.1639197714333,"fDCMdepth_mp","vera4cast"
2026-05-20,2026-04-25,"P1D","fcre",NA,"ensemble",126,"ChlorophyllMaximum_depth_sample",4.21190870352539,"fDCMdepth_mp","vera4cast"
2026-05-21,2026-04-25,"P1D","fcre",NA,"ensemble",2,"ChlorophyllMaximum_depth_sample",2.91285913042038,"fDCMdepth_mp","vera4cast"
2026-05-21,2026-04-25,"P1D","fcre",NA,"ensemble",33,"ChlorophyllMaximum_depth_sample",3.87385008644606,"fDCMdepth_mp","vera4cast"
2026-05-21,2026-04-25,"P1D","fcre",NA,"ensemble",64,"ChlorophyllMaximum_depth_sample",0.756130638628002,"fDCMdepth_mp","vera4cast"
2026-05-21,2026-04-25,"P1D","fcre",NA,"ensemble",95,"ChlorophyllMaximum_depth_sample",5.01876864442307,"fDCMdepth_mp","vera4cast"
2026-05-21,2026-04-25,"P1D","fcre",NA,"ensemble",126,"ChlorophyllMaximum_depth_sample",2.1635168108147,"fDCMdepth_mp","vera4cast"
2026-05-22,2026-04-25,"P1D","fcre",NA,"ensemble",2,"ChlorophyllMaximum_depth_sample",5.07451657839258,"fDCMdepth_mp","vera4cast"
2026-05-22,2026-04-25,"P1D","fcre",NA,"ensemble",33,"ChlorophyllMaximum_depth_sample",3.01087417182827,"fDCMdepth_mp","vera4cast"
2026-05-22,2026-04-25,"P1D","fcre",NA,"ensemble",64,"ChlorophyllMaximum_depth_sample",3.97920752382381,"fDCMdepth_mp","vera4cast"
2026-05-22,2026-04-25,"P1D","fcre",NA,"ensemble",95,"ChlorophyllMaximum_depth_sample",0.473543234205059,"fDCMdepth_mp","vera4cast"
2026-05-22,2026-04-25,"P1D","fcre",NA,"ensemble",126,"ChlorophyllMaximum_depth_sample",2.98439591270772,"fDCMdepth_mp","vera4cast"
2026-05-23,2026-04-25,"P1D","fcre",NA,"ensemble",2,"ChlorophyllMaximum_depth_sample",3.766131210972,"fDCMdepth_mp","vera4cast"
2026-05-23,2026-04-25,"P1D","fcre",NA,"ensemble",33,"ChlorophyllMaximum_depth_sample",1.51126554882355,"fDCMdepth_mp","vera4cast"
2026-05-23,2026-04-25,"P1D","fcre",NA,"ensemble",64,"ChlorophyllMaximum_depth_sample",2.75223713917263,"fDCMdepth_mp","vera4cast"
2026-05-23,2026-04-25,"P1D","fcre",NA,"ensemble",95,"ChlorophyllMaximum_depth_sample",3.18172829519068,"fDCMdepth_mp","vera4cast"
2026-05-23,2026-04-25,"P1D","fcre",NA,"ensemble",126,"ChlorophyllMaximum_depth_sample",2.70456699100164,"fDCMdepth_mp","vera4cast"
2026-05-24,2026-04-25,"P1D","fcre",NA,"ensemble",2,"ChlorophyllMaximum_depth_sample",1.75055742569955,"fDCMdepth_mp","vera4cast"
2026-05-24,2026-04-25,"P1D","fcre",NA,"ensemble",33,"ChlorophyllMaximum_depth_sample",3.19043615510602,"fDCMdepth_mp","vera4cast"
2026-05-24,2026-04-25,"P1D","fcre",NA,"ensemble",64,"ChlorophyllMaximum_depth_sample",1.4646490641341,"fDCMdepth_mp","vera4cast"
2026-05-24,2026-04-25,"P1D","fcre",NA,"ensemble",95,"ChlorophyllMaximum_depth_sample",0.350170181189768,"fDCMdepth_mp","vera4cast"
2026-05-24,2026-04-25,"P1D","fcre",NA,"ensemble",126,"ChlorophyllMaximum_depth_sample",2.64852169533256,"fDCMdepth_mp","vera4cast"
2026-05-25,2026-04-25,"P1D","fcre",NA,"ensemble",2,"ChlorophyllMaximum_depth_sample",2.12770606157072,"fDCMdepth_mp","vera4cast"
2026-05-25,2026-04-25,"P1D","fcre",NA,"ensemble",33,"ChlorophyllMaximum_depth_sample",4.1511457777719,"fDCMdepth_mp","vera4cast"
2026-05-25,2026-04-25,"P1D","fcre",NA,"ensemble",64,"ChlorophyllMaximum_depth_sample",3.18642137161465,"fDCMdepth_mp","vera4cast"
2026-05-25,2026-04-25,"P1D","fcre",NA,"ensemble",95,"ChlorophyllMaximum_depth_sample",0.199473838568199,"fDCMdepth_mp","vera4cast"
2026-05-25,2026-04-25,"P1D","fcre",NA,"ensemble",126,"ChlorophyllMaximum_depth_sample",4.32422129631372,"fDCMdepth_mp","vera4cast"
2026-05-26,2026-04-25,"P1D","fcre",NA,"ensemble",2,"ChlorophyllMaximum_depth_sample",3.00573696924054,"fDCMdepth_mp","vera4cast"
2026-05-26,2026-04-25,"P1D","fcre",NA,"ensemble",33,"ChlorophyllMaximum_depth_sample",1.91666024896946,"fDCMdepth_mp","vera4cast"
2026-05-26,2026-04-25,"P1D","fcre",NA,"ensemble",64,"ChlorophyllMaximum_depth_sample",3.41108348746364,"fDCMdepth_mp","vera4cast"
2026-05-26,2026-04-25,"P1D","fcre",NA,"ensemble",95,"ChlorophyllMaximum_depth_sample",2.8763719569634,"fDCMdepth_mp","vera4cast"
2026-05-26,2026-04-25,"P1D","fcre",NA,"ensemble",126,"ChlorophyllMaximum_depth_sample",4.32753302397837,"fDCMdepth_mp","vera4cast"
2026-05-27,2026-04-25,"P1D","fcre",NA,"ensemble",2,"ChlorophyllMaximum_depth_sample",1.41958976451636,"fDCMdepth_mp","vera4cast"
2026-05-27,2026-04-25,"P1D","fcre",NA,"ensemble",33,"ChlorophyllMaximum_depth_sample",3.61134945684695,"fDCMdepth_mp","vera4cast"
2026-05-27,2026-04-25,"P1D","fcre",NA,"ensemble",64,"ChlorophyllMaximum_depth_sample",3.77633106427136,"fDCMdepth_mp","vera4cast"
2026-05-27,2026-04-25,"P1D","fcre",NA,"ensemble",95,"ChlorophyllMaximum_depth_sample",3.02361896553149,"fDCMdepth_mp","vera4cast"
2026-05-27,2026-04-25,"P1D","fcre",NA,"ensemble",126,"ChlorophyllMaximum_depth_sample",4.54883238485423,"fDCMdepth_mp","vera4cast"
2026-05-28,2026-04-25,"P1D","fcre",NA,"ensemble",2,"ChlorophyllMaximum_depth_sample",6.14634269658631,"fDCMdepth_mp","vera4cast"
2026-05-28,2026-04-25,"P1D","fcre",NA,"ensemble",33,"ChlorophyllMaximum_depth_sample",4.25004899299249,"fDCMdepth_mp","vera4cast"
2026-05-28,2026-04-25,"P1D","fcre",NA,"ensemble",64,"ChlorophyllMaximum_depth_sample",1.62231840133791,"fDCMdepth_mp","vera4cast"
2026-05-28,2026-04-25,"P1D","fcre",NA,"ensemble",95,"ChlorophyllMaximum_depth_sample",2.7088031448272,"fDCMdepth_mp","vera4cast"
2026-05-28,2026-04-25,"P1D","fcre",NA,"ensemble",126,"ChlorophyllMaximum_depth_sample",0.584822277259673,"fDCMdepth_mp","vera4cast"
2026-05-29,2026-04-25,"P1D","fcre",NA,"ensemble",2,"ChlorophyllMaximum_depth_sample",3.42009331194085,"fDCMdepth_mp","vera4cast"
2026-05-29,2026-04-25,"P1D","fcre",NA,"ensemble",33,"ChlorophyllMaximum_depth_sample",0.606416229290538,"fDCMdepth_mp","vera4cast"
2026-05-29,2026-04-25,"P1D","fcre",NA,"ensemble",64,"ChlorophyllMaximum_depth_sample",3.84244056769537,"fDCMdepth_mp","vera4cast"
2026-05-29,2026-04-25,"P1D","fcre",NA,"ensemble",95,"ChlorophyllMaximum_depth_sample",2.93030433759314,"fDCMdepth_mp","vera4cast"
2026-05-29,2026-04-25,"P1D","fcre",NA,"ensemble",126,"ChlorophyllMaximum_depth_sample",2.98651812351867,"fDCMdepth_mp","vera4cast"
2026-04-26,2026-04-25,"P1D","fcre",NA,"ensemble",3,"ChlorophyllMaximum_depth_sample",0.990801774391011,"fDCMdepth_mp","vera4cast"
2026-04-26,2026-04-25,"P1D","fcre",NA,"ensemble",34,"ChlorophyllMaximum_depth_sample",4.9887236540076,"fDCMdepth_mp","vera4cast"
2026-04-26,2026-04-25,"P1D","fcre",NA,"ensemble",65,"ChlorophyllMaximum_depth_sample",3.31086441175989,"fDCMdepth_mp","vera4cast"
2026-04-26,2026-04-25,"P1D","fcre",NA,"ensemble",96,"ChlorophyllMaximum_depth_sample",3.39946412378484,"fDCMdepth_mp","vera4cast"
2026-04-26,2026-04-25,"P1D","fcre",NA,"ensemble",127,"ChlorophyllMaximum_depth_sample",3.1333215861552,"fDCMdepth_mp","vera4cast"
2026-04-27,2026-04-25,"P1D","fcre",NA,"ensemble",3,"ChlorophyllMaximum_depth_sample",2.10558802546084,"fDCMdepth_mp","vera4cast"
2026-04-27,2026-04-25,"P1D","fcre",NA,"ensemble",34,"ChlorophyllMaximum_depth_sample",5.84050122389678,"fDCMdepth_mp","vera4cast"
2026-04-27,2026-04-25,"P1D","fcre",NA,"ensemble",65,"ChlorophyllMaximum_depth_sample",2.2511841325843,"fDCMdepth_mp","vera4cast"
2026-04-27,2026-04-25,"P1D","fcre",NA,"ensemble",96,"ChlorophyllMaximum_depth_sample",3.56044940192928,"fDCMdepth_mp","vera4cast"
2026-04-27,2026-04-25,"P1D","fcre",NA,"ensemble",127,"ChlorophyllMaximum_depth_sample",3.11192661263458,"fDCMdepth_mp","vera4cast"
2026-04-28,2026-04-25,"P1D","fcre",NA,"ensemble",3,"ChlorophyllMaximum_depth_sample",3.05788263873014,"fDCMdepth_mp","vera4cast"
2026-04-28,2026-04-25,"P1D","fcre",NA,"ensemble",34,"ChlorophyllMaximum_depth_sample",3.06101006467694,"fDCMdepth_mp","vera4cast"
2026-04-28,2026-04-25,"P1D","fcre",NA,"ensemble",65,"ChlorophyllMaximum_depth_sample",2.88275158189314,"fDCMdepth_mp","vera4cast"
2026-04-28,2026-04-25,"P1D","fcre",NA,"ensemble",96,"ChlorophyllMaximum_depth_sample",3.52220005494373,"fDCMdepth_mp","vera4cast"
2026-04-28,2026-04-25,"P1D","fcre",NA,"ensemble",127,"ChlorophyllMaximum_depth_sample",2.60081954806096,"fDCMdepth_mp","vera4cast"
2026-04-29,2026-04-25,"P1D","fcre",NA,"ensemble",3,"ChlorophyllMaximum_depth_sample",2.02280280404412,"fDCMdepth_mp","vera4cast"
2026-04-29,2026-04-25,"P1D","fcre",NA,"ensemble",34,"ChlorophyllMaximum_depth_sample",4.44988298137412,"fDCMdepth_mp","vera4cast"
2026-04-29,2026-04-25,"P1D","fcre",NA,"ensemble",65,"ChlorophyllMaximum_depth_sample",1.96633507221584,"fDCMdepth_mp","vera4cast"
2026-04-29,2026-04-25,"P1D","fcre",NA,"ensemble",96,"ChlorophyllMaximum_depth_sample",2.4586642432676,"fDCMdepth_mp","vera4cast"
2026-04-29,2026-04-25,"P1D","fcre",NA,"ensemble",127,"ChlorophyllMaximum_depth_sample",-0.0523759919302549,"fDCMdepth_mp","vera4cast"
2026-04-30,2026-04-25,"P1D","fcre",NA,"ensemble",3,"ChlorophyllMaximum_depth_sample",1.85390496110976,"fDCMdepth_mp","vera4cast"
2026-04-30,2026-04-25,"P1D","fcre",NA,"ensemble",34,"ChlorophyllMaximum_depth_sample",4.23371439591057,"fDCMdepth_mp","vera4cast"
2026-04-30,2026-04-25,"P1D","fcre",NA,"ensemble",65,"ChlorophyllMaximum_depth_sample",3.61666128636039,"fDCMdepth_mp","vera4cast"
2026-04-30,2026-04-25,"P1D","fcre",NA,"ensemble",96,"ChlorophyllMaximum_depth_sample",5.3199144725967,"fDCMdepth_mp","vera4cast"
2026-04-30,2026-04-25,"P1D","fcre",NA,"ensemble",127,"ChlorophyllMaximum_depth_sample",1.62090806772818,"fDCMdepth_mp","vera4cast"
2026-05-01,2026-04-25,"P1D","fcre",NA,"ensemble",3,"ChlorophyllMaximum_depth_sample",5.38451165643052,"fDCMdepth_mp","vera4cast"
2026-05-01,2026-04-25,"P1D","fcre",NA,"ensemble",34,"ChlorophyllMaximum_depth_sample",3.14024527901297,"fDCMdepth_mp","vera4cast"
2026-05-01,2026-04-25,"P1D","fcre",NA,"ensemble",65,"ChlorophyllMaximum_depth_sample",2.80077542177108,"fDCMdepth_mp","vera4cast"
2026-05-01,2026-04-25,"P1D","fcre",NA,"ensemble",96,"ChlorophyllMaximum_depth_sample",2.66753341148859,"fDCMdepth_mp","vera4cast"
2026-05-01,2026-04-25,"P1D","fcre",NA,"ensemble",127,"ChlorophyllMaximum_depth_sample",2.81324328919018,"fDCMdepth_mp","vera4cast"
2026-05-02,2026-04-25,"P1D","fcre",NA,"ensemble",3,"ChlorophyllMaximum_depth_sample",3.40884714573596,"fDCMdepth_mp","vera4cast"
2026-05-02,2026-04-25,"P1D","fcre",NA,"ensemble",34,"ChlorophyllMaximum_depth_sample",2.34183435473243,"fDCMdepth_mp","vera4cast"
2026-05-02,2026-04-25,"P1D","fcre",NA,"ensemble",65,"ChlorophyllMaximum_depth_sample",3.05251205567514,"fDCMdepth_mp","vera4cast"
2026-05-02,2026-04-25,"P1D","fcre",NA,"ensemble",96,"ChlorophyllMaximum_depth_sample",3.64244709805238,"fDCMdepth_mp","vera4cast"
2026-05-02,2026-04-25,"P1D","fcre",NA,"ensemble",127,"ChlorophyllMaximum_depth_sample",4.3133576799372,"fDCMdepth_mp","vera4cast"
2026-05-03,2026-04-25,"P1D","fcre",NA,"ensemble",3,"ChlorophyllMaximum_depth_sample",2.66945732026237,"fDCMdepth_mp","vera4cast"
2026-05-03,2026-04-25,"P1D","fcre",NA,"ensemble",34,"ChlorophyllMaximum_depth_sample",1.98418900812926,"fDCMdepth_mp","vera4cast"
2026-05-03,2026-04-25,"P1D","fcre",NA,"ensemble",65,"ChlorophyllMaximum_depth_sample",1.81909020061376,"fDCMdepth_mp","vera4cast"
2026-05-03,2026-04-25,"P1D","fcre",NA,"ensemble",96,"ChlorophyllMaximum_depth_sample",2.53752300151743,"fDCMdepth_mp","vera4cast"
2026-05-03,2026-04-25,"P1D","fcre",NA,"ensemble",127,"ChlorophyllMaximum_depth_sample",4.02593745135458,"fDCMdepth_mp","vera4cast"
2026-05-04,2026-04-25,"P1D","fcre",NA,"ensemble",3,"ChlorophyllMaximum_depth_sample",4.77291904366133,"fDCMdepth_mp","vera4cast"
2026-05-04,2026-04-25,"P1D","fcre",NA,"ensemble",34,"ChlorophyllMaximum_depth_sample",0.909905675049081,"fDCMdepth_mp","vera4cast"
2026-05-04,2026-04-25,"P1D","fcre",NA,"ensemble",65,"ChlorophyllMaximum_depth_sample",1.85847659852731,"fDCMdepth_mp","vera4cast"
2026-05-04,2026-04-25,"P1D","fcre",NA,"ensemble",96,"ChlorophyllMaximum_depth_sample",3.34684594304642,"fDCMdepth_mp","vera4cast"
2026-05-04,2026-04-25,"P1D","fcre",NA,"ensemble",127,"ChlorophyllMaximum_depth_sample",1.50453469762716,"fDCMdepth_mp","vera4cast"
2026-05-05,2026-04-25,"P1D","fcre",NA,"ensemble",3,"ChlorophyllMaximum_depth_sample",4.1072191175329,"fDCMdepth_mp","vera4cast"
2026-05-05,2026-04-25,"P1D","fcre",NA,"ensemble",34,"ChlorophyllMaximum_depth_sample",3.16355777164275,"fDCMdepth_mp","vera4cast"
2026-05-05,2026-04-25,"P1D","fcre",NA,"ensemble",65,"ChlorophyllMaximum_depth_sample",2.09376275231899,"fDCMdepth_mp","vera4cast"
2026-05-05,2026-04-25,"P1D","fcre",NA,"ensemble",96,"ChlorophyllMaximum_depth_sample",6.28996421041538,"fDCMdepth_mp","vera4cast"
2026-05-05,2026-04-25,"P1D","fcre",NA,"ensemble",127,"ChlorophyllMaximum_depth_sample",1.69971472481527,"fDCMdepth_mp","vera4cast"
2026-05-06,2026-04-25,"P1D","fcre",NA,"ensemble",3,"ChlorophyllMaximum_depth_sample",4.4620037403934,"fDCMdepth_mp","vera4cast"
2026-05-06,2026-04-25,"P1D","fcre",NA,"ensemble",34,"ChlorophyllMaximum_depth_sample",4.83286365071372,"fDCMdepth_mp","vera4cast"
2026-05-06,2026-04-25,"P1D","fcre",NA,"ensemble",65,"ChlorophyllMaximum_depth_sample",0.999079129565809,"fDCMdepth_mp","vera4cast"
2026-05-06,2026-04-25,"P1D","fcre",NA,"ensemble",96,"ChlorophyllMaximum_depth_sample",1.81878872049297,"fDCMdepth_mp","vera4cast"
2026-05-06,2026-04-25,"P1D","fcre",NA,"ensemble",127,"ChlorophyllMaximum_depth_sample",4.86767732073618,"fDCMdepth_mp","vera4cast"
2026-05-07,2026-04-25,"P1D","fcre",NA,"ensemble",3,"ChlorophyllMaximum_depth_sample",0.446944604878434,"fDCMdepth_mp","vera4cast"
2026-05-07,2026-04-25,"P1D","fcre",NA,"ensemble",34,"ChlorophyllMaximum_depth_sample",2.30250135091731,"fDCMdepth_mp","vera4cast"
2026-05-07,2026-04-25,"P1D","fcre",NA,"ensemble",65,"ChlorophyllMaximum_depth_sample",0.0321932922381931,"fDCMdepth_mp","vera4cast"
2026-05-07,2026-04-25,"P1D","fcre",NA,"ensemble",96,"ChlorophyllMaximum_depth_sample",4.56544315834275,"fDCMdepth_mp","vera4cast"
2026-05-07,2026-04-25,"P1D","fcre",NA,"ensemble",127,"ChlorophyllMaximum_depth_sample",2.40278554548207,"fDCMdepth_mp","vera4cast"
2026-05-08,2026-04-25,"P1D","fcre",NA,"ensemble",3,"ChlorophyllMaximum_depth_sample",2.72861577109758,"fDCMdepth_mp","vera4cast"
2026-05-08,2026-04-25,"P1D","fcre",NA,"ensemble",34,"ChlorophyllMaximum_depth_sample",1.9638167558483,"fDCMdepth_mp","vera4cast"
2026-05-08,2026-04-25,"P1D","fcre",NA,"ensemble",65,"ChlorophyllMaximum_depth_sample",6.23416216606751,"fDCMdepth_mp","vera4cast"
2026-05-08,2026-04-25,"P1D","fcre",NA,"ensemble",96,"ChlorophyllMaximum_depth_sample",3.40162034523127,"fDCMdepth_mp","vera4cast"
2026-05-08,2026-04-25,"P1D","fcre",NA,"ensemble",127,"ChlorophyllMaximum_depth_sample",1.60077903054841,"fDCMdepth_mp","vera4cast"
2026-05-09,2026-04-25,"P1D","fcre",NA,"ensemble",3,"ChlorophyllMaximum_depth_sample",2.56145644883407,"fDCMdepth_mp","vera4cast"
2026-05-09,2026-04-25,"P1D","fcre",NA,"ensemble",34,"ChlorophyllMaximum_depth_sample",3.27734541698718,"fDCMdepth_mp","vera4cast"
2026-05-09,2026-04-25,"P1D","fcre",NA,"ensemble",65,"ChlorophyllMaximum_depth_sample",2.00483089495048,"fDCMdepth_mp","vera4cast"
2026-05-09,2026-04-25,"P1D","fcre",NA,"ensemble",96,"ChlorophyllMaximum_depth_sample",3.29783803513115,"fDCMdepth_mp","vera4cast"
2026-05-09,2026-04-25,"P1D","fcre",NA,"ensemble",127,"ChlorophyllMaximum_depth_sample",3.06875728973162,"fDCMdepth_mp","vera4cast"
2026-05-10,2026-04-25,"P1D","fcre",NA,"ensemble",3,"ChlorophyllMaximum_depth_sample",1.62894961075434,"fDCMdepth_mp","vera4cast"
2026-05-10,2026-04-25,"P1D","fcre",NA,"ensemble",34,"ChlorophyllMaximum_depth_sample",1.95626468111089,"fDCMdepth_mp","vera4cast"
2026-05-10,2026-04-25,"P1D","fcre",NA,"ensemble",65,"ChlorophyllMaximum_depth_sample",3.22746514045421,"fDCMdepth_mp","vera4cast"
2026-05-10,2026-04-25,"P1D","fcre",NA,"ensemble",96,"ChlorophyllMaximum_depth_sample",4.22737379508888,"fDCMdepth_mp","vera4cast"
2026-05-10,2026-04-25,"P1D","fcre",NA,"ensemble",127,"ChlorophyllMaximum_depth_sample",0.00808604039949357,"fDCMdepth_mp","vera4cast"
2026-05-11,2026-04-25,"P1D","fcre",NA,"ensemble",3,"ChlorophyllMaximum_depth_sample",2.58397390668999,"fDCMdepth_mp","vera4cast"
2026-05-11,2026-04-25,"P1D","fcre",NA,"ensemble",34,"ChlorophyllMaximum_depth_sample",4.10951431006363,"fDCMdepth_mp","vera4cast"
2026-05-11,2026-04-25,"P1D","fcre",NA,"ensemble",65,"ChlorophyllMaximum_depth_sample",3.3722132130609,"fDCMdepth_mp","vera4cast"
2026-05-11,2026-04-25,"P1D","fcre",NA,"ensemble",96,"ChlorophyllMaximum_depth_sample",1.78129544257148,"fDCMdepth_mp","vera4cast"
2026-05-11,2026-04-25,"P1D","fcre",NA,"ensemble",127,"ChlorophyllMaximum_depth_sample",2.88793188575394,"fDCMdepth_mp","vera4cast"
2026-05-12,2026-04-25,"P1D","fcre",NA,"ensemble",3,"ChlorophyllMaximum_depth_sample",4.45806282550224,"fDCMdepth_mp","vera4cast"
2026-05-12,2026-04-25,"P1D","fcre",NA,"ensemble",34,"ChlorophyllMaximum_depth_sample",2.95781634201831,"fDCMdepth_mp","vera4cast"
2026-05-12,2026-04-25,"P1D","fcre",NA,"ensemble",65,"ChlorophyllMaximum_depth_sample",2.42792632187299,"fDCMdepth_mp","vera4cast"
2026-05-12,2026-04-25,"P1D","fcre",NA,"ensemble",96,"ChlorophyllMaximum_depth_sample",3.62996954184122,"fDCMdepth_mp","vera4cast"
2026-05-12,2026-04-25,"P1D","fcre",NA,"ensemble",127,"ChlorophyllMaximum_depth_sample",0.527046096216186,"fDCMdepth_mp","vera4cast"
2026-05-13,2026-04-25,"P1D","fcre",NA,"ensemble",3,"ChlorophyllMaximum_depth_sample",0.723988010350862,"fDCMdepth_mp","vera4cast"
2026-05-13,2026-04-25,"P1D","fcre",NA,"ensemble",34,"ChlorophyllMaximum_depth_sample",3.66855891290253,"fDCMdepth_mp","vera4cast"
2026-05-13,2026-04-25,"P1D","fcre",NA,"ensemble",65,"ChlorophyllMaximum_depth_sample",1.08827619144912,"fDCMdepth_mp","vera4cast"
2026-05-13,2026-04-25,"P1D","fcre",NA,"ensemble",96,"ChlorophyllMaximum_depth_sample",3.203171018777,"fDCMdepth_mp","vera4cast"
2026-05-13,2026-04-25,"P1D","fcre",NA,"ensemble",127,"ChlorophyllMaximum_depth_sample",3.62536843326629,"fDCMdepth_mp","vera4cast"
2026-05-14,2026-04-25,"P1D","fcre",NA,"ensemble",3,"ChlorophyllMaximum_depth_sample",3.38684039877834,"fDCMdepth_mp","vera4cast"
2026-05-14,2026-04-25,"P1D","fcre",NA,"ensemble",34,"ChlorophyllMaximum_depth_sample",5.30830877400078,"fDCMdepth_mp","vera4cast"
2026-05-14,2026-04-25,"P1D","fcre",NA,"ensemble",65,"ChlorophyllMaximum_depth_sample",3.92130027467562,"fDCMdepth_mp","vera4cast"
2026-05-14,2026-04-25,"P1D","fcre",NA,"ensemble",96,"ChlorophyllMaximum_depth_sample",2.97663855823695,"fDCMdepth_mp","vera4cast"
2026-05-14,2026-04-25,"P1D","fcre",NA,"ensemble",127,"ChlorophyllMaximum_depth_sample",3.29970161572732,"fDCMdepth_mp","vera4cast"
2026-05-15,2026-04-25,"P1D","fcre",NA,"ensemble",3,"ChlorophyllMaximum_depth_sample",5.48030729091265,"fDCMdepth_mp","vera4cast"
2026-05-15,2026-04-25,"P1D","fcre",NA,"ensemble",34,"ChlorophyllMaximum_depth_sample",3.13572870265609,"fDCMdepth_mp","vera4cast"
2026-05-15,2026-04-25,"P1D","fcre",NA,"ensemble",65,"ChlorophyllMaximum_depth_sample",3.2446461614527,"fDCMdepth_mp","vera4cast"
2026-05-15,2026-04-25,"P1D","fcre",NA,"ensemble",96,"ChlorophyllMaximum_depth_sample",5.10569442076419,"fDCMdepth_mp","vera4cast"
2026-05-15,2026-04-25,"P1D","fcre",NA,"ensemble",127,"ChlorophyllMaximum_depth_sample",5.77272806659333,"fDCMdepth_mp","vera4cast"
2026-05-16,2026-04-25,"P1D","fcre",NA,"ensemble",3,"ChlorophyllMaximum_depth_sample",4.79406601533134,"fDCMdepth_mp","vera4cast"
2026-05-16,2026-04-25,"P1D","fcre",NA,"ensemble",34,"ChlorophyllMaximum_depth_sample",1.89038243333018,"fDCMdepth_mp","vera4cast"
2026-05-16,2026-04-25,"P1D","fcre",NA,"ensemble",65,"ChlorophyllMaximum_depth_sample",1.6989656263325,"fDCMdepth_mp","vera4cast"
2026-05-16,2026-04-25,"P1D","fcre",NA,"ensemble",96,"ChlorophyllMaximum_depth_sample",4.16677064655624,"fDCMdepth_mp","vera4cast"
2026-05-16,2026-04-25,"P1D","fcre",NA,"ensemble",127,"ChlorophyllMaximum_depth_sample",3.45249162503319,"fDCMdepth_mp","vera4cast"
2026-05-17,2026-04-25,"P1D","fcre",NA,"ensemble",3,"ChlorophyllMaximum_depth_sample",2.25290673996148,"fDCMdepth_mp","vera4cast"
2026-05-17,2026-04-25,"P1D","fcre",NA,"ensemble",34,"ChlorophyllMaximum_depth_sample",3.59203200854866,"fDCMdepth_mp","vera4cast"
2026-05-17,2026-04-25,"P1D","fcre",NA,"ensemble",65,"ChlorophyllMaximum_depth_sample",5.19868763830106,"fDCMdepth_mp","vera4cast"
2026-05-17,2026-04-25,"P1D","fcre",NA,"ensemble",96,"ChlorophyllMaximum_depth_sample",2.7726867592195,"fDCMdepth_mp","vera4cast"
2026-05-17,2026-04-25,"P1D","fcre",NA,"ensemble",127,"ChlorophyllMaximum_depth_sample",4.69981591890092,"fDCMdepth_mp","vera4cast"
2026-05-18,2026-04-25,"P1D","fcre",NA,"ensemble",3,"ChlorophyllMaximum_depth_sample",2.49874287154561,"fDCMdepth_mp","vera4cast"
2026-05-18,2026-04-25,"P1D","fcre",NA,"ensemble",34,"ChlorophyllMaximum_depth_sample",2.20694326837621,"fDCMdepth_mp","vera4cast"
2026-05-18,2026-04-25,"P1D","fcre",NA,"ensemble",65,"ChlorophyllMaximum_depth_sample",4.41997343688304,"fDCMdepth_mp","vera4cast"
2026-05-18,2026-04-25,"P1D","fcre",NA,"ensemble",96,"ChlorophyllMaximum_depth_sample",3.10015801664669,"fDCMdepth_mp","vera4cast"
2026-05-18,2026-04-25,"P1D","fcre",NA,"ensemble",127,"ChlorophyllMaximum_depth_sample",2.59633147728528,"fDCMdepth_mp","vera4cast"
2026-05-19,2026-04-25,"P1D","fcre",NA,"ensemble",3,"ChlorophyllMaximum_depth_sample",6.12082760504076,"fDCMdepth_mp","vera4cast"
2026-05-19,2026-04-25,"P1D","fcre",NA,"ensemble",34,"ChlorophyllMaximum_depth_sample",4.17913537584638,"fDCMdepth_mp","vera4cast"
2026-05-19,2026-04-25,"P1D","fcre",NA,"ensemble",65,"ChlorophyllMaximum_depth_sample",4.72767475264893,"fDCMdepth_mp","vera4cast"
2026-05-19,2026-04-25,"P1D","fcre",NA,"ensemble",96,"ChlorophyllMaximum_depth_sample",4.07798068336599,"fDCMdepth_mp","vera4cast"
2026-05-19,2026-04-25,"P1D","fcre",NA,"ensemble",127,"ChlorophyllMaximum_depth_sample",2.03849075158889,"fDCMdepth_mp","vera4cast"
2026-05-20,2026-04-25,"P1D","fcre",NA,"ensemble",3,"ChlorophyllMaximum_depth_sample",4.83942319506573,"fDCMdepth_mp","vera4cast"
2026-05-20,2026-04-25,"P1D","fcre",NA,"ensemble",34,"ChlorophyllMaximum_depth_sample",2.85949305723349,"fDCMdepth_mp","vera4cast"
2026-05-20,2026-04-25,"P1D","fcre",NA,"ensemble",65,"ChlorophyllMaximum_depth_sample",1.75356658228533,"fDCMdepth_mp","vera4cast"
2026-05-20,2026-04-25,"P1D","fcre",NA,"ensemble",96,"ChlorophyllMaximum_depth_sample",4.23170745604125,"fDCMdepth_mp","vera4cast"
2026-05-20,2026-04-25,"P1D","fcre",NA,"ensemble",127,"ChlorophyllMaximum_depth_sample",4.04111763883869,"fDCMdepth_mp","vera4cast"
2026-05-21,2026-04-25,"P1D","fcre",NA,"ensemble",3,"ChlorophyllMaximum_depth_sample",0.0271683250160843,"fDCMdepth_mp","vera4cast"
2026-05-21,2026-04-25,"P1D","fcre",NA,"ensemble",34,"ChlorophyllMaximum_depth_sample",4.62461934789021,"fDCMdepth_mp","vera4cast"
2026-05-21,2026-04-25,"P1D","fcre",NA,"ensemble",65,"ChlorophyllMaximum_depth_sample",2.68844693632963,"fDCMdepth_mp","vera4cast"
2026-05-21,2026-04-25,"P1D","fcre",NA,"ensemble",96,"ChlorophyllMaximum_depth_sample",1.88338253321236,"fDCMdepth_mp","vera4cast"
2026-05-21,2026-04-25,"P1D","fcre",NA,"ensemble",127,"ChlorophyllMaximum_depth_sample",4.01034862763776,"fDCMdepth_mp","vera4cast"
2026-05-22,2026-04-25,"P1D","fcre",NA,"ensemble",3,"ChlorophyllMaximum_depth_sample",4.66672476514633,"fDCMdepth_mp","vera4cast"
2026-05-22,2026-04-25,"P1D","fcre",NA,"ensemble",34,"ChlorophyllMaximum_depth_sample",4.62959407745458,"fDCMdepth_mp","vera4cast"
2026-05-22,2026-04-25,"P1D","fcre",NA,"ensemble",65,"ChlorophyllMaximum_depth_sample",5.84091174820258,"fDCMdepth_mp","vera4cast"
2026-05-22,2026-04-25,"P1D","fcre",NA,"ensemble",96,"ChlorophyllMaximum_depth_sample",6.57456601866467,"fDCMdepth_mp","vera4cast"
2026-05-22,2026-04-25,"P1D","fcre",NA,"ensemble",127,"ChlorophyllMaximum_depth_sample",1.9396882889047,"fDCMdepth_mp","vera4cast"
2026-05-23,2026-04-25,"P1D","fcre",NA,"ensemble",3,"ChlorophyllMaximum_depth_sample",2.87768668616741,"fDCMdepth_mp","vera4cast"
2026-05-23,2026-04-25,"P1D","fcre",NA,"ensemble",34,"ChlorophyllMaximum_depth_sample",2.59749862790777,"fDCMdepth_mp","vera4cast"
2026-05-23,2026-04-25,"P1D","fcre",NA,"ensemble",65,"ChlorophyllMaximum_depth_sample",6.01134413995978,"fDCMdepth_mp","vera4cast"
2026-05-23,2026-04-25,"P1D","fcre",NA,"ensemble",96,"ChlorophyllMaximum_depth_sample",4.66685169983649,"fDCMdepth_mp","vera4cast"
2026-05-23,2026-04-25,"P1D","fcre",NA,"ensemble",127,"ChlorophyllMaximum_depth_sample",4.14376228710821,"fDCMdepth_mp","vera4cast"
2026-05-24,2026-04-25,"P1D","fcre",NA,"ensemble",3,"ChlorophyllMaximum_depth_sample",4.7400239834909,"fDCMdepth_mp","vera4cast"
2026-05-24,2026-04-25,"P1D","fcre",NA,"ensemble",34,"ChlorophyllMaximum_depth_sample",5.09881379993255,"fDCMdepth_mp","vera4cast"
2026-05-24,2026-04-25,"P1D","fcre",NA,"ensemble",65,"ChlorophyllMaximum_depth_sample",3.65371284388176,"fDCMdepth_mp","vera4cast"
2026-05-24,2026-04-25,"P1D","fcre",NA,"ensemble",96,"ChlorophyllMaximum_depth_sample",4.38121936484767,"fDCMdepth_mp","vera4cast"
2026-05-24,2026-04-25,"P1D","fcre",NA,"ensemble",127,"ChlorophyllMaximum_depth_sample",0.677383559280777,"fDCMdepth_mp","vera4cast"
2026-05-25,2026-04-25,"P1D","fcre",NA,"ensemble",3,"ChlorophyllMaximum_depth_sample",1.97135319648111,"fDCMdepth_mp","vera4cast"
2026-05-25,2026-04-25,"P1D","fcre",NA,"ensemble",34,"ChlorophyllMaximum_depth_sample",3.75686654957264,"fDCMdepth_mp","vera4cast"
2026-05-25,2026-04-25,"P1D","fcre",NA,"ensemble",65,"ChlorophyllMaximum_depth_sample",-0.811753028318889,"fDCMdepth_mp","vera4cast"
2026-05-25,2026-04-25,"P1D","fcre",NA,"ensemble",96,"ChlorophyllMaximum_depth_sample",5.90600963316055,"fDCMdepth_mp","vera4cast"
2026-05-25,2026-04-25,"P1D","fcre",NA,"ensemble",127,"ChlorophyllMaximum_depth_sample",6.13696166700059,"fDCMdepth_mp","vera4cast"
2026-05-26,2026-04-25,"P1D","fcre",NA,"ensemble",3,"ChlorophyllMaximum_depth_sample",4.29545344488248,"fDCMdepth_mp","vera4cast"
2026-05-26,2026-04-25,"P1D","fcre",NA,"ensemble",34,"ChlorophyllMaximum_depth_sample",0.801904107482312,"fDCMdepth_mp","vera4cast"
2026-05-26,2026-04-25,"P1D","fcre",NA,"ensemble",65,"ChlorophyllMaximum_depth_sample",2.37221296750438,"fDCMdepth_mp","vera4cast"
2026-05-26,2026-04-25,"P1D","fcre",NA,"ensemble",96,"ChlorophyllMaximum_depth_sample",2.71202117199973,"fDCMdepth_mp","vera4cast"
2026-05-26,2026-04-25,"P1D","fcre",NA,"ensemble",127,"ChlorophyllMaximum_depth_sample",1.21165435885516,"fDCMdepth_mp","vera4cast"
2026-05-27,2026-04-25,"P1D","fcre",NA,"ensemble",3,"ChlorophyllMaximum_depth_sample",2.70867087956533,"fDCMdepth_mp","vera4cast"
2026-05-27,2026-04-25,"P1D","fcre",NA,"ensemble",34,"ChlorophyllMaximum_depth_sample",3.74708302410061,"fDCMdepth_mp","vera4cast"
2026-05-27,2026-04-25,"P1D","fcre",NA,"ensemble",65,"ChlorophyllMaximum_depth_sample",2.04342627173917,"fDCMdepth_mp","vera4cast"
2026-05-27,2026-04-25,"P1D","fcre",NA,"ensemble",96,"ChlorophyllMaximum_depth_sample",2.00752661777394,"fDCMdepth_mp","vera4cast"
2026-05-27,2026-04-25,"P1D","fcre",NA,"ensemble",127,"ChlorophyllMaximum_depth_sample",1.85633564768321,"fDCMdepth_mp","vera4cast"
2026-05-28,2026-04-25,"P1D","fcre",NA,"ensemble",3,"ChlorophyllMaximum_depth_sample",4.17231008608633,"fDCMdepth_mp","vera4cast"
2026-05-28,2026-04-25,"P1D","fcre",NA,"ensemble",34,"ChlorophyllMaximum_depth_sample",1.47169936008427,"fDCMdepth_mp","vera4cast"
2026-05-28,2026-04-25,"P1D","fcre",NA,"ensemble",65,"ChlorophyllMaximum_depth_sample",7.0288993819279,"fDCMdepth_mp","vera4cast"
2026-05-28,2026-04-25,"P1D","fcre",NA,"ensemble",96,"ChlorophyllMaximum_depth_sample",3.42929020993919,"fDCMdepth_mp","vera4cast"
2026-05-28,2026-04-25,"P1D","fcre",NA,"ensemble",127,"ChlorophyllMaximum_depth_sample",5.59427603894242,"fDCMdepth_mp","vera4cast"
2026-05-29,2026-04-25,"P1D","fcre",NA,"ensemble",3,"ChlorophyllMaximum_depth_sample",3.43437110902852,"fDCMdepth_mp","vera4cast"
2026-05-29,2026-04-25,"P1D","fcre",NA,"ensemble",34,"ChlorophyllMaximum_depth_sample",0.322538927993217,"fDCMdepth_mp","vera4cast"
2026-05-29,2026-04-25,"P1D","fcre",NA,"ensemble",65,"ChlorophyllMaximum_depth_sample",1.41057255457154,"fDCMdepth_mp","vera4cast"
2026-05-29,2026-04-25,"P1D","fcre",NA,"ensemble",96,"ChlorophyllMaximum_depth_sample",1.35394136558783,"fDCMdepth_mp","vera4cast"
2026-05-29,2026-04-25,"P1D","fcre",NA,"ensemble",127,"ChlorophyllMaximum_depth_sample",2.51757378380357,"fDCMdepth_mp","vera4cast"
2026-04-26,2026-04-25,"P1D","fcre",NA,"ensemble",4,"ChlorophyllMaximum_depth_sample",3.86168076866808,"fDCMdepth_mp","vera4cast"
2026-04-26,2026-04-25,"P1D","fcre",NA,"ensemble",35,"ChlorophyllMaximum_depth_sample",2.84429456051721,"fDCMdepth_mp","vera4cast"
2026-04-26,2026-04-25,"P1D","fcre",NA,"ensemble",66,"ChlorophyllMaximum_depth_sample",2.23050448796684,"fDCMdepth_mp","vera4cast"
2026-04-26,2026-04-25,"P1D","fcre",NA,"ensemble",97,"ChlorophyllMaximum_depth_sample",4.17705601273089,"fDCMdepth_mp","vera4cast"
2026-04-26,2026-04-25,"P1D","fcre",NA,"ensemble",128,"ChlorophyllMaximum_depth_sample",2.96875516831922,"fDCMdepth_mp","vera4cast"
2026-04-27,2026-04-25,"P1D","fcre",NA,"ensemble",4,"ChlorophyllMaximum_depth_sample",2.63769258056866,"fDCMdepth_mp","vera4cast"
2026-04-27,2026-04-25,"P1D","fcre",NA,"ensemble",35,"ChlorophyllMaximum_depth_sample",6.02969812554671,"fDCMdepth_mp","vera4cast"
2026-04-27,2026-04-25,"P1D","fcre",NA,"ensemble",66,"ChlorophyllMaximum_depth_sample",3.56183218040319,"fDCMdepth_mp","vera4cast"
2026-04-27,2026-04-25,"P1D","fcre",NA,"ensemble",97,"ChlorophyllMaximum_depth_sample",-0.275323061234373,"fDCMdepth_mp","vera4cast"
2026-04-27,2026-04-25,"P1D","fcre",NA,"ensemble",128,"ChlorophyllMaximum_depth_sample",4.98536994775482,"fDCMdepth_mp","vera4cast"
2026-04-28,2026-04-25,"P1D","fcre",NA,"ensemble",4,"ChlorophyllMaximum_depth_sample",3.92364764308834,"fDCMdepth_mp","vera4cast"
2026-04-28,2026-04-25,"P1D","fcre",NA,"ensemble",35,"ChlorophyllMaximum_depth_sample",1.35603112395397,"fDCMdepth_mp","vera4cast"
2026-04-28,2026-04-25,"P1D","fcre",NA,"ensemble",66,"ChlorophyllMaximum_depth_sample",0.879741737865265,"fDCMdepth_mp","vera4cast"
2026-04-28,2026-04-25,"P1D","fcre",NA,"ensemble",97,"ChlorophyllMaximum_depth_sample",2.74896316558317,"fDCMdepth_mp","vera4cast"
2026-04-28,2026-04-25,"P1D","fcre",NA,"ensemble",128,"ChlorophyllMaximum_depth_sample",2.94756656836889,"fDCMdepth_mp","vera4cast"
2026-04-29,2026-04-25,"P1D","fcre",NA,"ensemble",4,"ChlorophyllMaximum_depth_sample",4.62001200609418,"fDCMdepth_mp","vera4cast"
2026-04-29,2026-04-25,"P1D","fcre",NA,"ensemble",35,"ChlorophyllMaximum_depth_sample",4.32914512673965,"fDCMdepth_mp","vera4cast"
2026-04-29,2026-04-25,"P1D","fcre",NA,"ensemble",66,"ChlorophyllMaximum_depth_sample",1.42513015815643,"fDCMdepth_mp","vera4cast"
2026-04-29,2026-04-25,"P1D","fcre",NA,"ensemble",97,"ChlorophyllMaximum_depth_sample",2.02938776385636,"fDCMdepth_mp","vera4cast"
2026-04-29,2026-04-25,"P1D","fcre",NA,"ensemble",128,"ChlorophyllMaximum_depth_sample",1.58276845861332,"fDCMdepth_mp","vera4cast"
2026-04-30,2026-04-25,"P1D","fcre",NA,"ensemble",4,"ChlorophyllMaximum_depth_sample",4.42018935572971,"fDCMdepth_mp","vera4cast"
2026-04-30,2026-04-25,"P1D","fcre",NA,"ensemble",35,"ChlorophyllMaximum_depth_sample",1.63556030598871,"fDCMdepth_mp","vera4cast"
2026-04-30,2026-04-25,"P1D","fcre",NA,"ensemble",66,"ChlorophyllMaximum_depth_sample",3.15773024284115,"fDCMdepth_mp","vera4cast"
2026-04-30,2026-04-25,"P1D","fcre",NA,"ensemble",97,"ChlorophyllMaximum_depth_sample",4.83562674038752,"fDCMdepth_mp","vera4cast"
2026-04-30,2026-04-25,"P1D","fcre",NA,"ensemble",128,"ChlorophyllMaximum_depth_sample",1.00645964023249,"fDCMdepth_mp","vera4cast"
2026-05-01,2026-04-25,"P1D","fcre",NA,"ensemble",4,"ChlorophyllMaximum_depth_sample",2.66073958694486,"fDCMdepth_mp","vera4cast"
2026-05-01,2026-04-25,"P1D","fcre",NA,"ensemble",35,"ChlorophyllMaximum_depth_sample",4.60644143100673,"fDCMdepth_mp","vera4cast"
2026-05-01,2026-04-25,"P1D","fcre",NA,"ensemble",66,"ChlorophyllMaximum_depth_sample",1.14293430140863,"fDCMdepth_mp","vera4cast"
2026-05-01,2026-04-25,"P1D","fcre",NA,"ensemble",97,"ChlorophyllMaximum_depth_sample",5.48236446934964,"fDCMdepth_mp","vera4cast"
2026-05-01,2026-04-25,"P1D","fcre",NA,"ensemble",128,"ChlorophyllMaximum_depth_sample",3.16541368546369,"fDCMdepth_mp","vera4cast"
2026-05-02,2026-04-25,"P1D","fcre",NA,"ensemble",4,"ChlorophyllMaximum_depth_sample",5.051668767798,"fDCMdepth_mp","vera4cast"
2026-05-02,2026-04-25,"P1D","fcre",NA,"ensemble",35,"ChlorophyllMaximum_depth_sample",3.44159879332352,"fDCMdepth_mp","vera4cast"
2026-05-02,2026-04-25,"P1D","fcre",NA,"ensemble",66,"ChlorophyllMaximum_depth_sample",1.57103865902517,"fDCMdepth_mp","vera4cast"
2026-05-02,2026-04-25,"P1D","fcre",NA,"ensemble",97,"ChlorophyllMaximum_depth_sample",1.91762994141511,"fDCMdepth_mp","vera4cast"
2026-05-02,2026-04-25,"P1D","fcre",NA,"ensemble",128,"ChlorophyllMaximum_depth_sample",3.1073610828816,"fDCMdepth_mp","vera4cast"
2026-05-03,2026-04-25,"P1D","fcre",NA,"ensemble",4,"ChlorophyllMaximum_depth_sample",5.31967557678807,"fDCMdepth_mp","vera4cast"
2026-05-03,2026-04-25,"P1D","fcre",NA,"ensemble",35,"ChlorophyllMaximum_depth_sample",4.21321052834453,"fDCMdepth_mp","vera4cast"
2026-05-03,2026-04-25,"P1D","fcre",NA,"ensemble",66,"ChlorophyllMaximum_depth_sample",1.93329541701502,"fDCMdepth_mp","vera4cast"
2026-05-03,2026-04-25,"P1D","fcre",NA,"ensemble",97,"ChlorophyllMaximum_depth_sample",3.37167011461551,"fDCMdepth_mp","vera4cast"
2026-05-03,2026-04-25,"P1D","fcre",NA,"ensemble",128,"ChlorophyllMaximum_depth_sample",4.3597441811159,"fDCMdepth_mp","vera4cast"
2026-05-04,2026-04-25,"P1D","fcre",NA,"ensemble",4,"ChlorophyllMaximum_depth_sample",3.78077394157839,"fDCMdepth_mp","vera4cast"
2026-05-04,2026-04-25,"P1D","fcre",NA,"ensemble",35,"ChlorophyllMaximum_depth_sample",2.02253160523266,"fDCMdepth_mp","vera4cast"
2026-05-04,2026-04-25,"P1D","fcre",NA,"ensemble",66,"ChlorophyllMaximum_depth_sample",3.76539677883575,"fDCMdepth_mp","vera4cast"
2026-05-04,2026-04-25,"P1D","fcre",NA,"ensemble",97,"ChlorophyllMaximum_depth_sample",3.78614368246617,"fDCMdepth_mp","vera4cast"
2026-05-04,2026-04-25,"P1D","fcre",NA,"ensemble",128,"ChlorophyllMaximum_depth_sample",3.40923866666117,"fDCMdepth_mp","vera4cast"
2026-05-05,2026-04-25,"P1D","fcre",NA,"ensemble",4,"ChlorophyllMaximum_depth_sample",4.88826068796825,"fDCMdepth_mp","vera4cast"
2026-05-05,2026-04-25,"P1D","fcre",NA,"ensemble",35,"ChlorophyllMaximum_depth_sample",1.81736063582195,"fDCMdepth_mp","vera4cast"
2026-05-05,2026-04-25,"P1D","fcre",NA,"ensemble",66,"ChlorophyllMaximum_depth_sample",2.61478075300953,"fDCMdepth_mp","vera4cast"
2026-05-05,2026-04-25,"P1D","fcre",NA,"ensemble",97,"ChlorophyllMaximum_depth_sample",2.11076712053453,"fDCMdepth_mp","vera4cast"
2026-05-05,2026-04-25,"P1D","fcre",NA,"ensemble",128,"ChlorophyllMaximum_depth_sample",2.8863796104298,"fDCMdepth_mp","vera4cast"
2026-05-06,2026-04-25,"P1D","fcre",NA,"ensemble",4,"ChlorophyllMaximum_depth_sample",3.73800181204788,"fDCMdepth_mp","vera4cast"
2026-05-06,2026-04-25,"P1D","fcre",NA,"ensemble",35,"ChlorophyllMaximum_depth_sample",1.33416970112407,"fDCMdepth_mp","vera4cast"
2026-05-06,2026-04-25,"P1D","fcre",NA,"ensemble",66,"ChlorophyllMaximum_depth_sample",5.1615703523816,"fDCMdepth_mp","vera4cast"
2026-05-06,2026-04-25,"P1D","fcre",NA,"ensemble",97,"ChlorophyllMaximum_depth_sample",5.64565994575432,"fDCMdepth_mp","vera4cast"
2026-05-06,2026-04-25,"P1D","fcre",NA,"ensemble",128,"ChlorophyllMaximum_depth_sample",2.42927897934558,"fDCMdepth_mp","vera4cast"
2026-05-07,2026-04-25,"P1D","fcre",NA,"ensemble",4,"ChlorophyllMaximum_depth_sample",2.99554753698388,"fDCMdepth_mp","vera4cast"
2026-05-07,2026-04-25,"P1D","fcre",NA,"ensemble",35,"ChlorophyllMaximum_depth_sample",3.00767022732652,"fDCMdepth_mp","vera4cast"
2026-05-07,2026-04-25,"P1D","fcre",NA,"ensemble",66,"ChlorophyllMaximum_depth_sample",1.4407897662432,"fDCMdepth_mp","vera4cast"
2026-05-07,2026-04-25,"P1D","fcre",NA,"ensemble",97,"ChlorophyllMaximum_depth_sample",0.502253530633597,"fDCMdepth_mp","vera4cast"
2026-05-07,2026-04-25,"P1D","fcre",NA,"ensemble",128,"ChlorophyllMaximum_depth_sample",4.34637661483439,"fDCMdepth_mp","vera4cast"
2026-05-08,2026-04-25,"P1D","fcre",NA,"ensemble",4,"ChlorophyllMaximum_depth_sample",1.02530702608028,"fDCMdepth_mp","vera4cast"
2026-05-08,2026-04-25,"P1D","fcre",NA,"ensemble",35,"ChlorophyllMaximum_depth_sample",3.23724373550978,"fDCMdepth_mp","vera4cast"
2026-05-08,2026-04-25,"P1D","fcre",NA,"ensemble",66,"ChlorophyllMaximum_depth_sample",3.59376662934453,"fDCMdepth_mp","vera4cast"
2026-05-08,2026-04-25,"P1D","fcre",NA,"ensemble",97,"ChlorophyllMaximum_depth_sample",5.03431339780737,"fDCMdepth_mp","vera4cast"
2026-05-08,2026-04-25,"P1D","fcre",NA,"ensemble",128,"ChlorophyllMaximum_depth_sample",3.38421199515849,"fDCMdepth_mp","vera4cast"
2026-05-09,2026-04-25,"P1D","fcre",NA,"ensemble",4,"ChlorophyllMaximum_depth_sample",3.29339755339819,"fDCMdepth_mp","vera4cast"
2026-05-09,2026-04-25,"P1D","fcre",NA,"ensemble",35,"ChlorophyllMaximum_depth_sample",2.86463661293233,"fDCMdepth_mp","vera4cast"
2026-05-09,2026-04-25,"P1D","fcre",NA,"ensemble",66,"ChlorophyllMaximum_depth_sample",3.0508871134426,"fDCMdepth_mp","vera4cast"
2026-05-09,2026-04-25,"P1D","fcre",NA,"ensemble",97,"ChlorophyllMaximum_depth_sample",4.95793439989181,"fDCMdepth_mp","vera4cast"
2026-05-09,2026-04-25,"P1D","fcre",NA,"ensemble",128,"ChlorophyllMaximum_depth_sample",3.57217326432043,"fDCMdepth_mp","vera4cast"
2026-05-10,2026-04-25,"P1D","fcre",NA,"ensemble",4,"ChlorophyllMaximum_depth_sample",2.72388184531507,"fDCMdepth_mp","vera4cast"
2026-05-10,2026-04-25,"P1D","fcre",NA,"ensemble",35,"ChlorophyllMaximum_depth_sample",1.94325344442943,"fDCMdepth_mp","vera4cast"
2026-05-10,2026-04-25,"P1D","fcre",NA,"ensemble",66,"ChlorophyllMaximum_depth_sample",5.8781282320212,"fDCMdepth_mp","vera4cast"
2026-05-10,2026-04-25,"P1D","fcre",NA,"ensemble",97,"ChlorophyllMaximum_depth_sample",4.04245618823038,"fDCMdepth_mp","vera4cast"
2026-05-10,2026-04-25,"P1D","fcre",NA,"ensemble",128,"ChlorophyllMaximum_depth_sample",3.14701579753152,"fDCMdepth_mp","vera4cast"
2026-05-11,2026-04-25,"P1D","fcre",NA,"ensemble",4,"ChlorophyllMaximum_depth_sample",4.30136028088833,"fDCMdepth_mp","vera4cast"
2026-05-11,2026-04-25,"P1D","fcre",NA,"ensemble",35,"ChlorophyllMaximum_depth_sample",1.7759357268345,"fDCMdepth_mp","vera4cast"
2026-05-11,2026-04-25,"P1D","fcre",NA,"ensemble",66,"ChlorophyllMaximum_depth_sample",2.92719554498675,"fDCMdepth_mp","vera4cast"
2026-05-11,2026-04-25,"P1D","fcre",NA,"ensemble",97,"ChlorophyllMaximum_depth_sample",4.06285833870564,"fDCMdepth_mp","vera4cast"
2026-05-11,2026-04-25,"P1D","fcre",NA,"ensemble",128,"ChlorophyllMaximum_depth_sample",1.71141843653003,"fDCMdepth_mp","vera4cast"
2026-05-12,2026-04-25,"P1D","fcre",NA,"ensemble",4,"ChlorophyllMaximum_depth_sample",4.04622455368198,"fDCMdepth_mp","vera4cast"
2026-05-12,2026-04-25,"P1D","fcre",NA,"ensemble",35,"ChlorophyllMaximum_depth_sample",-0.539410903620971,"fDCMdepth_mp","vera4cast"
2026-05-12,2026-04-25,"P1D","fcre",NA,"ensemble",66,"ChlorophyllMaximum_depth_sample",3.38338085664272,"fDCMdepth_mp","vera4cast"
2026-05-12,2026-04-25,"P1D","fcre",NA,"ensemble",97,"ChlorophyllMaximum_depth_sample",5.65080659479912,"fDCMdepth_mp","vera4cast"
2026-05-12,2026-04-25,"P1D","fcre",NA,"ensemble",128,"ChlorophyllMaximum_depth_sample",0.700299151888282,"fDCMdepth_mp","vera4cast"
2026-05-13,2026-04-25,"P1D","fcre",NA,"ensemble",4,"ChlorophyllMaximum_depth_sample",4.73280906180551,"fDCMdepth_mp","vera4cast"
2026-05-13,2026-04-25,"P1D","fcre",NA,"ensemble",35,"ChlorophyllMaximum_depth_sample",4.29561090327252,"fDCMdepth_mp","vera4cast"
2026-05-13,2026-04-25,"P1D","fcre",NA,"ensemble",66,"ChlorophyllMaximum_depth_sample",3.52854153695088,"fDCMdepth_mp","vera4cast"
2026-05-13,2026-04-25,"P1D","fcre",NA,"ensemble",97,"ChlorophyllMaximum_depth_sample",1.35527100955288,"fDCMdepth_mp","vera4cast"
2026-05-13,2026-04-25,"P1D","fcre",NA,"ensemble",128,"ChlorophyllMaximum_depth_sample",2.74720367411685,"fDCMdepth_mp","vera4cast"
2026-05-14,2026-04-25,"P1D","fcre",NA,"ensemble",4,"ChlorophyllMaximum_depth_sample",4.75650298032865,"fDCMdepth_mp","vera4cast"
2026-05-14,2026-04-25,"P1D","fcre",NA,"ensemble",35,"ChlorophyllMaximum_depth_sample",1.44992002835244,"fDCMdepth_mp","vera4cast"
2026-05-14,2026-04-25,"P1D","fcre",NA,"ensemble",66,"ChlorophyllMaximum_depth_sample",3.11445783114635,"fDCMdepth_mp","vera4cast"
2026-05-14,2026-04-25,"P1D","fcre",NA,"ensemble",97,"ChlorophyllMaximum_depth_sample",1.60645743644501,"fDCMdepth_mp","vera4cast"
2026-05-14,2026-04-25,"P1D","fcre",NA,"ensemble",128,"ChlorophyllMaximum_depth_sample",0.623898719519153,"fDCMdepth_mp","vera4cast"
2026-05-15,2026-04-25,"P1D","fcre",NA,"ensemble",4,"ChlorophyllMaximum_depth_sample",3.9661816096382,"fDCMdepth_mp","vera4cast"
2026-05-15,2026-04-25,"P1D","fcre",NA,"ensemble",35,"ChlorophyllMaximum_depth_sample",2.91636211538111,"fDCMdepth_mp","vera4cast"
2026-05-15,2026-04-25,"P1D","fcre",NA,"ensemble",66,"ChlorophyllMaximum_depth_sample",6.9526992587386,"fDCMdepth_mp","vera4cast"
2026-05-15,2026-04-25,"P1D","fcre",NA,"ensemble",97,"ChlorophyllMaximum_depth_sample",2.53970597287534,"fDCMdepth_mp","vera4cast"
2026-05-15,2026-04-25,"P1D","fcre",NA,"ensemble",128,"ChlorophyllMaximum_depth_sample",3.52489550181597,"fDCMdepth_mp","vera4cast"
2026-05-16,2026-04-25,"P1D","fcre",NA,"ensemble",4,"ChlorophyllMaximum_depth_sample",1.69674668597626,"fDCMdepth_mp","vera4cast"
2026-05-16,2026-04-25,"P1D","fcre",NA,"ensemble",35,"ChlorophyllMaximum_depth_sample",2.63449006239213,"fDCMdepth_mp","vera4cast"
2026-05-16,2026-04-25,"P1D","fcre",NA,"ensemble",66,"ChlorophyllMaximum_depth_sample",4.02314140695144,"fDCMdepth_mp","vera4cast"
2026-05-16,2026-04-25,"P1D","fcre",NA,"ensemble",97,"ChlorophyllMaximum_depth_sample",4.86293459328948,"fDCMdepth_mp","vera4cast"
2026-05-16,2026-04-25,"P1D","fcre",NA,"ensemble",128,"ChlorophyllMaximum_depth_sample",4.13343325399783,"fDCMdepth_mp","vera4cast"
2026-05-17,2026-04-25,"P1D","fcre",NA,"ensemble",4,"ChlorophyllMaximum_depth_sample",2.42649753063877,"fDCMdepth_mp","vera4cast"
2026-05-17,2026-04-25,"P1D","fcre",NA,"ensemble",35,"ChlorophyllMaximum_depth_sample",3.5245622106394,"fDCMdepth_mp","vera4cast"
2026-05-17,2026-04-25,"P1D","fcre",NA,"ensemble",66,"ChlorophyllMaximum_depth_sample",3.32195329416695,"fDCMdepth_mp","vera4cast"
2026-05-17,2026-04-25,"P1D","fcre",NA,"ensemble",97,"ChlorophyllMaximum_depth_sample",5.24976992861847,"fDCMdepth_mp","vera4cast"
2026-05-17,2026-04-25,"P1D","fcre",NA,"ensemble",128,"ChlorophyllMaximum_depth_sample",5.46709076119775,"fDCMdepth_mp","vera4cast"
2026-05-18,2026-04-25,"P1D","fcre",NA,"ensemble",4,"ChlorophyllMaximum_depth_sample",2.89440153803558,"fDCMdepth_mp","vera4cast"
2026-05-18,2026-04-25,"P1D","fcre",NA,"ensemble",35,"ChlorophyllMaximum_depth_sample",1.8131539688656,"fDCMdepth_mp","vera4cast"
2026-05-18,2026-04-25,"P1D","fcre",NA,"ensemble",66,"ChlorophyllMaximum_depth_sample",2.1801261201812,"fDCMdepth_mp","vera4cast"
2026-05-18,2026-04-25,"P1D","fcre",NA,"ensemble",97,"ChlorophyllMaximum_depth_sample",4.54014005369247,"fDCMdepth_mp","vera4cast"
2026-05-18,2026-04-25,"P1D","fcre",NA,"ensemble",128,"ChlorophyllMaximum_depth_sample",5.93520262587458,"fDCMdepth_mp","vera4cast"
2026-05-19,2026-04-25,"P1D","fcre",NA,"ensemble",4,"ChlorophyllMaximum_depth_sample",2.51261094507046,"fDCMdepth_mp","vera4cast"
2026-05-19,2026-04-25,"P1D","fcre",NA,"ensemble",35,"ChlorophyllMaximum_depth_sample",4.48082549345935,"fDCMdepth_mp","vera4cast"
2026-05-19,2026-04-25,"P1D","fcre",NA,"ensemble",66,"ChlorophyllMaximum_depth_sample",3.18332472211401,"fDCMdepth_mp","vera4cast"
2026-05-19,2026-04-25,"P1D","fcre",NA,"ensemble",97,"ChlorophyllMaximum_depth_sample",3.79410120263873,"fDCMdepth_mp","vera4cast"
2026-05-19,2026-04-25,"P1D","fcre",NA,"ensemble",128,"ChlorophyllMaximum_depth_sample",4.16491445321964,"fDCMdepth_mp","vera4cast"
2026-05-20,2026-04-25,"P1D","fcre",NA,"ensemble",4,"ChlorophyllMaximum_depth_sample",6.27934610789821,"fDCMdepth_mp","vera4cast"
2026-05-20,2026-04-25,"P1D","fcre",NA,"ensemble",35,"ChlorophyllMaximum_depth_sample",1.23618113576512,"fDCMdepth_mp","vera4cast"
2026-05-20,2026-04-25,"P1D","fcre",NA,"ensemble",66,"ChlorophyllMaximum_depth_sample",1.97662700003157,"fDCMdepth_mp","vera4cast"
2026-05-20,2026-04-25,"P1D","fcre",NA,"ensemble",97,"ChlorophyllMaximum_depth_sample",1.62595092779375,"fDCMdepth_mp","vera4cast"
2026-05-20,2026-04-25,"P1D","fcre",NA,"ensemble",128,"ChlorophyllMaximum_depth_sample",2.36166718739389,"fDCMdepth_mp","vera4cast"
2026-05-21,2026-04-25,"P1D","fcre",NA,"ensemble",4,"ChlorophyllMaximum_depth_sample",1.6352842368248,"fDCMdepth_mp","vera4cast"
2026-05-21,2026-04-25,"P1D","fcre",NA,"ensemble",35,"ChlorophyllMaximum_depth_sample",2.38187736029769,"fDCMdepth_mp","vera4cast"
2026-05-21,2026-04-25,"P1D","fcre",NA,"ensemble",66,"ChlorophyllMaximum_depth_sample",4.87476650621398,"fDCMdepth_mp","vera4cast"
2026-05-21,2026-04-25,"P1D","fcre",NA,"ensemble",97,"ChlorophyllMaximum_depth_sample",4.05634629789768,"fDCMdepth_mp","vera4cast"
2026-05-21,2026-04-25,"P1D","fcre",NA,"ensemble",128,"ChlorophyllMaximum_depth_sample",4.81619859159261,"fDCMdepth_mp","vera4cast"
2026-05-22,2026-04-25,"P1D","fcre",NA,"ensemble",4,"ChlorophyllMaximum_depth_sample",0.96755471015732,"fDCMdepth_mp","vera4cast"
2026-05-22,2026-04-25,"P1D","fcre",NA,"ensemble",35,"ChlorophyllMaximum_depth_sample",0.883662311239384,"fDCMdepth_mp","vera4cast"
2026-05-22,2026-04-25,"P1D","fcre",NA,"ensemble",66,"ChlorophyllMaximum_depth_sample",3.68634202594462,"fDCMdepth_mp","vera4cast"
2026-05-22,2026-04-25,"P1D","fcre",NA,"ensemble",97,"ChlorophyllMaximum_depth_sample",2.58365446127369,"fDCMdepth_mp","vera4cast"
2026-05-22,2026-04-25,"P1D","fcre",NA,"ensemble",128,"ChlorophyllMaximum_depth_sample",4.03320903932908,"fDCMdepth_mp","vera4cast"
2026-05-23,2026-04-25,"P1D","fcre",NA,"ensemble",4,"ChlorophyllMaximum_depth_sample",2.08873161046207,"fDCMdepth_mp","vera4cast"
2026-05-23,2026-04-25,"P1D","fcre",NA,"ensemble",35,"ChlorophyllMaximum_depth_sample",3.17262523141303,"fDCMdepth_mp","vera4cast"
2026-05-23,2026-04-25,"P1D","fcre",NA,"ensemble",66,"ChlorophyllMaximum_depth_sample",2.10507293977598,"fDCMdepth_mp","vera4cast"
2026-05-23,2026-04-25,"P1D","fcre",NA,"ensemble",97,"ChlorophyllMaximum_depth_sample",2.82565435468949,"fDCMdepth_mp","vera4cast"
2026-05-23,2026-04-25,"P1D","fcre",NA,"ensemble",128,"ChlorophyllMaximum_depth_sample",3.58794009226598,"fDCMdepth_mp","vera4cast"
2026-05-24,2026-04-25,"P1D","fcre",NA,"ensemble",4,"ChlorophyllMaximum_depth_sample",1.89196605753472,"fDCMdepth_mp","vera4cast"
2026-05-24,2026-04-25,"P1D","fcre",NA,"ensemble",35,"ChlorophyllMaximum_depth_sample",3.22422645592287,"fDCMdepth_mp","vera4cast"
2026-05-24,2026-04-25,"P1D","fcre",NA,"ensemble",66,"ChlorophyllMaximum_depth_sample",3.642603658821,"fDCMdepth_mp","vera4cast"
2026-05-24,2026-04-25,"P1D","fcre",NA,"ensemble",97,"ChlorophyllMaximum_depth_sample",5.20067845446199,"fDCMdepth_mp","vera4cast"
2026-05-24,2026-04-25,"P1D","fcre",NA,"ensemble",128,"ChlorophyllMaximum_depth_sample",5.1471117670782,"fDCMdepth_mp","vera4cast"
2026-05-25,2026-04-25,"P1D","fcre",NA,"ensemble",4,"ChlorophyllMaximum_depth_sample",1.81054395196487,"fDCMdepth_mp","vera4cast"
2026-05-25,2026-04-25,"P1D","fcre",NA,"ensemble",35,"ChlorophyllMaximum_depth_sample",2.15492494281975,"fDCMdepth_mp","vera4cast"
2026-05-25,2026-04-25,"P1D","fcre",NA,"ensemble",66,"ChlorophyllMaximum_depth_sample",0.4699592155938,"fDCMdepth_mp","vera4cast"
2026-05-25,2026-04-25,"P1D","fcre",NA,"ensemble",97,"ChlorophyllMaximum_depth_sample",5.07587923100227,"fDCMdepth_mp","vera4cast"
2026-05-25,2026-04-25,"P1D","fcre",NA,"ensemble",128,"ChlorophyllMaximum_depth_sample",4.15444636076721,"fDCMdepth_mp","vera4cast"
2026-05-26,2026-04-25,"P1D","fcre",NA,"ensemble",4,"ChlorophyllMaximum_depth_sample",2.68144364398108,"fDCMdepth_mp","vera4cast"
2026-05-26,2026-04-25,"P1D","fcre",NA,"ensemble",35,"ChlorophyllMaximum_depth_sample",5.80763840620092,"fDCMdepth_mp","vera4cast"
2026-05-26,2026-04-25,"P1D","fcre",NA,"ensemble",66,"ChlorophyllMaximum_depth_sample",3.47743786251909,"fDCMdepth_mp","vera4cast"
2026-05-26,2026-04-25,"P1D","fcre",NA,"ensemble",97,"ChlorophyllMaximum_depth_sample",2.9418318858801,"fDCMdepth_mp","vera4cast"
2026-05-26,2026-04-25,"P1D","fcre",NA,"ensemble",128,"ChlorophyllMaximum_depth_sample",5.26298777163912,"fDCMdepth_mp","vera4cast"
2026-05-27,2026-04-25,"P1D","fcre",NA,"ensemble",4,"ChlorophyllMaximum_depth_sample",0.733724671824272,"fDCMdepth_mp","vera4cast"
2026-05-27,2026-04-25,"P1D","fcre",NA,"ensemble",35,"ChlorophyllMaximum_depth_sample",4.22183778834912,"fDCMdepth_mp","vera4cast"
2026-05-27,2026-04-25,"P1D","fcre",NA,"ensemble",66,"ChlorophyllMaximum_depth_sample",3.4598837419673,"fDCMdepth_mp","vera4cast"
2026-05-27,2026-04-25,"P1D","fcre",NA,"ensemble",97,"ChlorophyllMaximum_depth_sample",3.34199451039098,"fDCMdepth_mp","vera4cast"
2026-05-27,2026-04-25,"P1D","fcre",NA,"ensemble",128,"ChlorophyllMaximum_depth_sample",2.70305578617801,"fDCMdepth_mp","vera4cast"
2026-05-28,2026-04-25,"P1D","fcre",NA,"ensemble",4,"ChlorophyllMaximum_depth_sample",4.78805978334158,"fDCMdepth_mp","vera4cast"
2026-05-28,2026-04-25,"P1D","fcre",NA,"ensemble",35,"ChlorophyllMaximum_depth_sample",4.23563273162403,"fDCMdepth_mp","vera4cast"
2026-05-28,2026-04-25,"P1D","fcre",NA,"ensemble",66,"ChlorophyllMaximum_depth_sample",3.65564510839746,"fDCMdepth_mp","vera4cast"
2026-05-28,2026-04-25,"P1D","fcre",NA,"ensemble",97,"ChlorophyllMaximum_depth_sample",2.95631522920223,"fDCMdepth_mp","vera4cast"
2026-05-28,2026-04-25,"P1D","fcre",NA,"ensemble",128,"ChlorophyllMaximum_depth_sample",1.86690130056803,"fDCMdepth_mp","vera4cast"
2026-05-29,2026-04-25,"P1D","fcre",NA,"ensemble",4,"ChlorophyllMaximum_depth_sample",2.72063620123445,"fDCMdepth_mp","vera4cast"
2026-05-29,2026-04-25,"P1D","fcre",NA,"ensemble",35,"ChlorophyllMaximum_depth_sample",4.88632441462121,"fDCMdepth_mp","vera4cast"
2026-05-29,2026-04-25,"P1D","fcre",NA,"ensemble",66,"ChlorophyllMaximum_depth_sample",2.142474242153,"fDCMdepth_mp","vera4cast"
2026-05-29,2026-04-25,"P1D","fcre",NA,"ensemble",97,"ChlorophyllMaximum_depth_sample",3.55748707569096,"fDCMdepth_mp","vera4cast"
2026-05-29,2026-04-25,"P1D","fcre",NA,"ensemble",128,"ChlorophyllMaximum_depth_sample",2.95721776439849,"fDCMdepth_mp","vera4cast"
2026-04-26,2026-04-25,"P1D","fcre",NA,"ensemble",5,"ChlorophyllMaximum_depth_sample",1.93718450496045,"fDCMdepth_mp","vera4cast"
2026-04-26,2026-04-25,"P1D","fcre",NA,"ensemble",36,"ChlorophyllMaximum_depth_sample",4.66484988686446,"fDCMdepth_mp","vera4cast"
2026-04-26,2026-04-25,"P1D","fcre",NA,"ensemble",67,"ChlorophyllMaximum_depth_sample",4.43372103421137,"fDCMdepth_mp","vera4cast"
2026-04-26,2026-04-25,"P1D","fcre",NA,"ensemble",98,"ChlorophyllMaximum_depth_sample",3.36769539464232,"fDCMdepth_mp","vera4cast"
2026-04-26,2026-04-25,"P1D","fcre",NA,"ensemble",129,"ChlorophyllMaximum_depth_sample",0.57450754000019,"fDCMdepth_mp","vera4cast"
2026-04-27,2026-04-25,"P1D","fcre",NA,"ensemble",5,"ChlorophyllMaximum_depth_sample",0.903950725399036,"fDCMdepth_mp","vera4cast"
2026-04-27,2026-04-25,"P1D","fcre",NA,"ensemble",36,"ChlorophyllMaximum_depth_sample",4.58351679555014,"fDCMdepth_mp","vera4cast"
2026-04-27,2026-04-25,"P1D","fcre",NA,"ensemble",67,"ChlorophyllMaximum_depth_sample",2.41916380829118,"fDCMdepth_mp","vera4cast"
2026-04-27,2026-04-25,"P1D","fcre",NA,"ensemble",98,"ChlorophyllMaximum_depth_sample",2.37228147491532,"fDCMdepth_mp","vera4cast"
2026-04-27,2026-04-25,"P1D","fcre",NA,"ensemble",129,"ChlorophyllMaximum_depth_sample",4.24224339995599,"fDCMdepth_mp","vera4cast"
2026-04-28,2026-04-25,"P1D","fcre",NA,"ensemble",5,"ChlorophyllMaximum_depth_sample",4.00074678351248,"fDCMdepth_mp","vera4cast"
2026-04-28,2026-04-25,"P1D","fcre",NA,"ensemble",36,"ChlorophyllMaximum_depth_sample",3.22519358794013,"fDCMdepth_mp","vera4cast"
2026-04-28,2026-04-25,"P1D","fcre",NA,"ensemble",67,"ChlorophyllMaximum_depth_sample",1.46033171851547,"fDCMdepth_mp","vera4cast"
2026-04-28,2026-04-25,"P1D","fcre",NA,"ensemble",98,"ChlorophyllMaximum_depth_sample",3.69784055467034,"fDCMdepth_mp","vera4cast"
2026-04-28,2026-04-25,"P1D","fcre",NA,"ensemble",129,"ChlorophyllMaximum_depth_sample",2.5008628028916,"fDCMdepth_mp","vera4cast"
2026-04-29,2026-04-25,"P1D","fcre",NA,"ensemble",5,"ChlorophyllMaximum_depth_sample",2.72971768476462,"fDCMdepth_mp","vera4cast"
2026-04-29,2026-04-25,"P1D","fcre",NA,"ensemble",36,"ChlorophyllMaximum_depth_sample",2.8250942583355,"fDCMdepth_mp","vera4cast"
2026-04-29,2026-04-25,"P1D","fcre",NA,"ensemble",67,"ChlorophyllMaximum_depth_sample",3.91850858960134,"fDCMdepth_mp","vera4cast"
2026-04-29,2026-04-25,"P1D","fcre",NA,"ensemble",98,"ChlorophyllMaximum_depth_sample",2.44438583606469,"fDCMdepth_mp","vera4cast"
2026-04-29,2026-04-25,"P1D","fcre",NA,"ensemble",129,"ChlorophyllMaximum_depth_sample",2.41770814951521,"fDCMdepth_mp","vera4cast"
2026-04-30,2026-04-25,"P1D","fcre",NA,"ensemble",5,"ChlorophyllMaximum_depth_sample",3.85225561282045,"fDCMdepth_mp","vera4cast"
2026-04-30,2026-04-25,"P1D","fcre",NA,"ensemble",36,"ChlorophyllMaximum_depth_sample",3.48723228944245,"fDCMdepth_mp","vera4cast"
2026-04-30,2026-04-25,"P1D","fcre",NA,"ensemble",67,"ChlorophyllMaximum_depth_sample",2.90711296232234,"fDCMdepth_mp","vera4cast"
2026-04-30,2026-04-25,"P1D","fcre",NA,"ensemble",98,"ChlorophyllMaximum_depth_sample",5.47675507499286,"fDCMdepth_mp","vera4cast"
2026-04-30,2026-04-25,"P1D","fcre",NA,"ensemble",129,"ChlorophyllMaximum_depth_sample",3.40919633507865,"fDCMdepth_mp","vera4cast"
2026-05-01,2026-04-25,"P1D","fcre",NA,"ensemble",5,"ChlorophyllMaximum_depth_sample",5.46202474291567,"fDCMdepth_mp","vera4cast"
2026-05-01,2026-04-25,"P1D","fcre",NA,"ensemble",36,"ChlorophyllMaximum_depth_sample",2.90062084837357,"fDCMdepth_mp","vera4cast"
2026-05-01,2026-04-25,"P1D","fcre",NA,"ensemble",67,"ChlorophyllMaximum_depth_sample",2.21610552476383,"fDCMdepth_mp","vera4cast"
2026-05-01,2026-04-25,"P1D","fcre",NA,"ensemble",98,"ChlorophyllMaximum_depth_sample",2.36286234450894,"fDCMdepth_mp","vera4cast"
2026-05-01,2026-04-25,"P1D","fcre",NA,"ensemble",129,"ChlorophyllMaximum_depth_sample",1.87240971351516,"fDCMdepth_mp","vera4cast"
2026-05-02,2026-04-25,"P1D","fcre",NA,"ensemble",5,"ChlorophyllMaximum_depth_sample",1.4348801654684,"fDCMdepth_mp","vera4cast"
2026-05-02,2026-04-25,"P1D","fcre",NA,"ensemble",36,"ChlorophyllMaximum_depth_sample",4.13218802322749,"fDCMdepth_mp","vera4cast"
2026-05-02,2026-04-25,"P1D","fcre",NA,"ensemble",67,"ChlorophyllMaximum_depth_sample",0.472007328826491,"fDCMdepth_mp","vera4cast"
2026-05-02,2026-04-25,"P1D","fcre",NA,"ensemble",98,"ChlorophyllMaximum_depth_sample",2.32876308836698,"fDCMdepth_mp","vera4cast"
2026-05-02,2026-04-25,"P1D","fcre",NA,"ensemble",129,"ChlorophyllMaximum_depth_sample",4.19138581339829,"fDCMdepth_mp","vera4cast"
2026-05-03,2026-04-25,"P1D","fcre",NA,"ensemble",5,"ChlorophyllMaximum_depth_sample",0.546623722201101,"fDCMdepth_mp","vera4cast"
2026-05-03,2026-04-25,"P1D","fcre",NA,"ensemble",36,"ChlorophyllMaximum_depth_sample",1.34709585714306,"fDCMdepth_mp","vera4cast"
2026-05-03,2026-04-25,"P1D","fcre",NA,"ensemble",67,"ChlorophyllMaximum_depth_sample",2.83462407466999,"fDCMdepth_mp","vera4cast"
2026-05-03,2026-04-25,"P1D","fcre",NA,"ensemble",98,"ChlorophyllMaximum_depth_sample",0.816753570185169,"fDCMdepth_mp","vera4cast"
2026-05-03,2026-04-25,"P1D","fcre",NA,"ensemble",129,"ChlorophyllMaximum_depth_sample",3.78764735960126,"fDCMdepth_mp","vera4cast"
2026-05-04,2026-04-25,"P1D","fcre",NA,"ensemble",5,"ChlorophyllMaximum_depth_sample",5.22549342039674,"fDCMdepth_mp","vera4cast"
2026-05-04,2026-04-25,"P1D","fcre",NA,"ensemble",36,"ChlorophyllMaximum_depth_sample",1.17508617934287,"fDCMdepth_mp","vera4cast"
2026-05-04,2026-04-25,"P1D","fcre",NA,"ensemble",67,"ChlorophyllMaximum_depth_sample",1.14200531105073,"fDCMdepth_mp","vera4cast"
2026-05-04,2026-04-25,"P1D","fcre",NA,"ensemble",98,"ChlorophyllMaximum_depth_sample",5.46242360302115,"fDCMdepth_mp","vera4cast"
2026-05-04,2026-04-25,"P1D","fcre",NA,"ensemble",129,"ChlorophyllMaximum_depth_sample",2.42741926781843,"fDCMdepth_mp","vera4cast"
2026-05-05,2026-04-25,"P1D","fcre",NA,"ensemble",5,"ChlorophyllMaximum_depth_sample",3.8918445844516,"fDCMdepth_mp","vera4cast"
2026-05-05,2026-04-25,"P1D","fcre",NA,"ensemble",36,"ChlorophyllMaximum_depth_sample",4.35195579603079,"fDCMdepth_mp","vera4cast"
2026-05-05,2026-04-25,"P1D","fcre",NA,"ensemble",67,"ChlorophyllMaximum_depth_sample",2.45891195212849,"fDCMdepth_mp","vera4cast"
2026-05-05,2026-04-25,"P1D","fcre",NA,"ensemble",98,"ChlorophyllMaximum_depth_sample",2.06746853457583,"fDCMdepth_mp","vera4cast"
2026-05-05,2026-04-25,"P1D","fcre",NA,"ensemble",129,"ChlorophyllMaximum_depth_sample",5.9182795487039,"fDCMdepth_mp","vera4cast"
2026-05-06,2026-04-25,"P1D","fcre",NA,"ensemble",5,"ChlorophyllMaximum_depth_sample",3.85350281065402,"fDCMdepth_mp","vera4cast"
2026-05-06,2026-04-25,"P1D","fcre",NA,"ensemble",36,"ChlorophyllMaximum_depth_sample",3.72421838160263,"fDCMdepth_mp","vera4cast"
2026-05-06,2026-04-25,"P1D","fcre",NA,"ensemble",67,"ChlorophyllMaximum_depth_sample",2.43069466342255,"fDCMdepth_mp","vera4cast"
2026-05-06,2026-04-25,"P1D","fcre",NA,"ensemble",98,"ChlorophyllMaximum_depth_sample",0.711137950485728,"fDCMdepth_mp","vera4cast"
2026-05-06,2026-04-25,"P1D","fcre",NA,"ensemble",129,"ChlorophyllMaximum_depth_sample",4.12164052737961,"fDCMdepth_mp","vera4cast"
2026-05-07,2026-04-25,"P1D","fcre",NA,"ensemble",5,"ChlorophyllMaximum_depth_sample",3.18404677102583,"fDCMdepth_mp","vera4cast"
2026-05-07,2026-04-25,"P1D","fcre",NA,"ensemble",36,"ChlorophyllMaximum_depth_sample",3.25733128763414,"fDCMdepth_mp","vera4cast"
2026-05-07,2026-04-25,"P1D","fcre",NA,"ensemble",67,"ChlorophyllMaximum_depth_sample",1.16763309180691,"fDCMdepth_mp","vera4cast"
2026-05-07,2026-04-25,"P1D","fcre",NA,"ensemble",98,"ChlorophyllMaximum_depth_sample",1.65290677670686,"fDCMdepth_mp","vera4cast"
2026-05-07,2026-04-25,"P1D","fcre",NA,"ensemble",129,"ChlorophyllMaximum_depth_sample",2.26044499729023,"fDCMdepth_mp","vera4cast"
2026-05-08,2026-04-25,"P1D","fcre",NA,"ensemble",5,"ChlorophyllMaximum_depth_sample",3.39587531155554,"fDCMdepth_mp","vera4cast"
2026-05-08,2026-04-25,"P1D","fcre",NA,"ensemble",36,"ChlorophyllMaximum_depth_sample",2.88910719623939,"fDCMdepth_mp","vera4cast"
2026-05-08,2026-04-25,"P1D","fcre",NA,"ensemble",67,"ChlorophyllMaximum_depth_sample",3.16880188769477,"fDCMdepth_mp","vera4cast"
2026-05-08,2026-04-25,"P1D","fcre",NA,"ensemble",98,"ChlorophyllMaximum_depth_sample",1.81915838425126,"fDCMdepth_mp","vera4cast"
2026-05-08,2026-04-25,"P1D","fcre",NA,"ensemble",129,"ChlorophyllMaximum_depth_sample",3.83667436435025,"fDCMdepth_mp","vera4cast"
2026-05-09,2026-04-25,"P1D","fcre",NA,"ensemble",5,"ChlorophyllMaximum_depth_sample",4.47067042375705,"fDCMdepth_mp","vera4cast"
2026-05-09,2026-04-25,"P1D","fcre",NA,"ensemble",36,"ChlorophyllMaximum_depth_sample",2.98851142361214,"fDCMdepth_mp","vera4cast"
2026-05-09,2026-04-25,"P1D","fcre",NA,"ensemble",67,"ChlorophyllMaximum_depth_sample",3.95476179476742,"fDCMdepth_mp","vera4cast"
2026-05-09,2026-04-25,"P1D","fcre",NA,"ensemble",98,"ChlorophyllMaximum_depth_sample",1.57317445702192,"fDCMdepth_mp","vera4cast"
2026-05-09,2026-04-25,"P1D","fcre",NA,"ensemble",129,"ChlorophyllMaximum_depth_sample",4.59031223305714,"fDCMdepth_mp","vera4cast"
2026-05-10,2026-04-25,"P1D","fcre",NA,"ensemble",5,"ChlorophyllMaximum_depth_sample",1.85082735330419,"fDCMdepth_mp","vera4cast"
2026-05-10,2026-04-25,"P1D","fcre",NA,"ensemble",36,"ChlorophyllMaximum_depth_sample",3.04491061191077,"fDCMdepth_mp","vera4cast"
2026-05-10,2026-04-25,"P1D","fcre",NA,"ensemble",67,"ChlorophyllMaximum_depth_sample",3.20924342283935,"fDCMdepth_mp","vera4cast"
2026-05-10,2026-04-25,"P1D","fcre",NA,"ensemble",98,"ChlorophyllMaximum_depth_sample",5.8240215775583,"fDCMdepth_mp","vera4cast"
2026-05-10,2026-04-25,"P1D","fcre",NA,"ensemble",129,"ChlorophyllMaximum_depth_sample",3.90120020303694,"fDCMdepth_mp","vera4cast"
2026-05-11,2026-04-25,"P1D","fcre",NA,"ensemble",5,"ChlorophyllMaximum_depth_sample",0.42018787996831,"fDCMdepth_mp","vera4cast"
2026-05-11,2026-04-25,"P1D","fcre",NA,"ensemble",36,"ChlorophyllMaximum_depth_sample",2.57879346549383,"fDCMdepth_mp","vera4cast"
2026-05-11,2026-04-25,"P1D","fcre",NA,"ensemble",67,"ChlorophyllMaximum_depth_sample",3.57328777570599,"fDCMdepth_mp","vera4cast"
2026-05-11,2026-04-25,"P1D","fcre",NA,"ensemble",98,"ChlorophyllMaximum_depth_sample",2.63781688767088,"fDCMdepth_mp","vera4cast"
2026-05-11,2026-04-25,"P1D","fcre",NA,"ensemble",129,"ChlorophyllMaximum_depth_sample",1.97831449210646,"fDCMdepth_mp","vera4cast"
2026-05-12,2026-04-25,"P1D","fcre",NA,"ensemble",5,"ChlorophyllMaximum_depth_sample",6.52272472504469,"fDCMdepth_mp","vera4cast"
2026-05-12,2026-04-25,"P1D","fcre",NA,"ensemble",36,"ChlorophyllMaximum_depth_sample",4.42774445877115,"fDCMdepth_mp","vera4cast"
2026-05-12,2026-04-25,"P1D","fcre",NA,"ensemble",67,"ChlorophyllMaximum_depth_sample",3.54603114487602,"fDCMdepth_mp","vera4cast"
2026-05-12,2026-04-25,"P1D","fcre",NA,"ensemble",98,"ChlorophyllMaximum_depth_sample",3.44854814844519,"fDCMdepth_mp","vera4cast"
2026-05-12,2026-04-25,"P1D","fcre",NA,"ensemble",129,"ChlorophyllMaximum_depth_sample",5.17048579453809,"fDCMdepth_mp","vera4cast"
2026-05-13,2026-04-25,"P1D","fcre",NA,"ensemble",5,"ChlorophyllMaximum_depth_sample",1.66592958310911,"fDCMdepth_mp","vera4cast"
2026-05-13,2026-04-25,"P1D","fcre",NA,"ensemble",36,"ChlorophyllMaximum_depth_sample",-0.0474133328208119,"fDCMdepth_mp","vera4cast"
2026-05-13,2026-04-25,"P1D","fcre",NA,"ensemble",67,"ChlorophyllMaximum_depth_sample",1.07906068166233,"fDCMdepth_mp","vera4cast"
2026-05-13,2026-04-25,"P1D","fcre",NA,"ensemble",98,"ChlorophyllMaximum_depth_sample",1.52942641881842,"fDCMdepth_mp","vera4cast"
2026-05-13,2026-04-25,"P1D","fcre",NA,"ensemble",129,"ChlorophyllMaximum_depth_sample",3.05375569357106,"fDCMdepth_mp","vera4cast"
2026-05-14,2026-04-25,"P1D","fcre",NA,"ensemble",5,"ChlorophyllMaximum_depth_sample",2.88238312176894,"fDCMdepth_mp","vera4cast"
2026-05-14,2026-04-25,"P1D","fcre",NA,"ensemble",36,"ChlorophyllMaximum_depth_sample",1.7230190294888,"fDCMdepth_mp","vera4cast"
2026-05-14,2026-04-25,"P1D","fcre",NA,"ensemble",67,"ChlorophyllMaximum_depth_sample",4.67919375394001,"fDCMdepth_mp","vera4cast"
2026-05-14,2026-04-25,"P1D","fcre",NA,"ensemble",98,"ChlorophyllMaximum_depth_sample",3.63128919740051,"fDCMdepth_mp","vera4cast"
2026-05-14,2026-04-25,"P1D","fcre",NA,"ensemble",129,"ChlorophyllMaximum_depth_sample",2.84716045995168,"fDCMdepth_mp","vera4cast"
2026-05-15,2026-04-25,"P1D","fcre",NA,"ensemble",5,"ChlorophyllMaximum_depth_sample",3.53449257689765,"fDCMdepth_mp","vera4cast"
2026-05-15,2026-04-25,"P1D","fcre",NA,"ensemble",36,"ChlorophyllMaximum_depth_sample",1.14719387566081,"fDCMdepth_mp","vera4cast"
2026-05-15,2026-04-25,"P1D","fcre",NA,"ensemble",67,"ChlorophyllMaximum_depth_sample",3.92315694181781,"fDCMdepth_mp","vera4cast"
2026-05-15,2026-04-25,"P1D","fcre",NA,"ensemble",98,"ChlorophyllMaximum_depth_sample",2.93908225541364,"fDCMdepth_mp","vera4cast"
2026-05-15,2026-04-25,"P1D","fcre",NA,"ensemble",129,"ChlorophyllMaximum_depth_sample",5.37669453626721,"fDCMdepth_mp","vera4cast"
2026-05-16,2026-04-25,"P1D","fcre",NA,"ensemble",5,"ChlorophyllMaximum_depth_sample",5.00935666113669,"fDCMdepth_mp","vera4cast"
2026-05-16,2026-04-25,"P1D","fcre",NA,"ensemble",36,"ChlorophyllMaximum_depth_sample",3.03435942191716,"fDCMdepth_mp","vera4cast"
2026-05-16,2026-04-25,"P1D","fcre",NA,"ensemble",67,"ChlorophyllMaximum_depth_sample",4.69957480780362,"fDCMdepth_mp","vera4cast"
2026-05-16,2026-04-25,"P1D","fcre",NA,"ensemble",98,"ChlorophyllMaximum_depth_sample",-0.316658192755555,"fDCMdepth_mp","vera4cast"
2026-05-16,2026-04-25,"P1D","fcre",NA,"ensemble",129,"ChlorophyllMaximum_depth_sample",2.36421730699456,"fDCMdepth_mp","vera4cast"
2026-05-17,2026-04-25,"P1D","fcre",NA,"ensemble",5,"ChlorophyllMaximum_depth_sample",3.55497616605009,"fDCMdepth_mp","vera4cast"
2026-05-17,2026-04-25,"P1D","fcre",NA,"ensemble",36,"ChlorophyllMaximum_depth_sample",3.56968811154252,"fDCMdepth_mp","vera4cast"
2026-05-17,2026-04-25,"P1D","fcre",NA,"ensemble",67,"ChlorophyllMaximum_depth_sample",3.87194838541096,"fDCMdepth_mp","vera4cast"
2026-05-17,2026-04-25,"P1D","fcre",NA,"ensemble",98,"ChlorophyllMaximum_depth_sample",2.96431641030064,"fDCMdepth_mp","vera4cast"
2026-05-17,2026-04-25,"P1D","fcre",NA,"ensemble",129,"ChlorophyllMaximum_depth_sample",4.55887000516542,"fDCMdepth_mp","vera4cast"
2026-05-18,2026-04-25,"P1D","fcre",NA,"ensemble",5,"ChlorophyllMaximum_depth_sample",4.66198788727318,"fDCMdepth_mp","vera4cast"
2026-05-18,2026-04-25,"P1D","fcre",NA,"ensemble",36,"ChlorophyllMaximum_depth_sample",2.76363367496555,"fDCMdepth_mp","vera4cast"
2026-05-18,2026-04-25,"P1D","fcre",NA,"ensemble",67,"ChlorophyllMaximum_depth_sample",5.08930704791355,"fDCMdepth_mp","vera4cast"
2026-05-18,2026-04-25,"P1D","fcre",NA,"ensemble",98,"ChlorophyllMaximum_depth_sample",5.22436836052132,"fDCMdepth_mp","vera4cast"
2026-05-18,2026-04-25,"P1D","fcre",NA,"ensemble",129,"ChlorophyllMaximum_depth_sample",1.19844697174463,"fDCMdepth_mp","vera4cast"
2026-05-19,2026-04-25,"P1D","fcre",NA,"ensemble",5,"ChlorophyllMaximum_depth_sample",3.21684755548761,"fDCMdepth_mp","vera4cast"
2026-05-19,2026-04-25,"P1D","fcre",NA,"ensemble",36,"ChlorophyllMaximum_depth_sample",2.19939176189523,"fDCMdepth_mp","vera4cast"
2026-05-19,2026-04-25,"P1D","fcre",NA,"ensemble",67,"ChlorophyllMaximum_depth_sample",2.59707295863855,"fDCMdepth_mp","vera4cast"
2026-05-19,2026-04-25,"P1D","fcre",NA,"ensemble",98,"ChlorophyllMaximum_depth_sample",3.75553158444675,"fDCMdepth_mp","vera4cast"
2026-05-19,2026-04-25,"P1D","fcre",NA,"ensemble",129,"ChlorophyllMaximum_depth_sample",2.19415321979167,"fDCMdepth_mp","vera4cast"
2026-05-20,2026-04-25,"P1D","fcre",NA,"ensemble",5,"ChlorophyllMaximum_depth_sample",3.16346999227415,"fDCMdepth_mp","vera4cast"
2026-05-20,2026-04-25,"P1D","fcre",NA,"ensemble",36,"ChlorophyllMaximum_depth_sample",4.2796765260082,"fDCMdepth_mp","vera4cast"
2026-05-20,2026-04-25,"P1D","fcre",NA,"ensemble",67,"ChlorophyllMaximum_depth_sample",3.99807505231778,"fDCMdepth_mp","vera4cast"
2026-05-20,2026-04-25,"P1D","fcre",NA,"ensemble",98,"ChlorophyllMaximum_depth_sample",4.07620585394762,"fDCMdepth_mp","vera4cast"
2026-05-20,2026-04-25,"P1D","fcre",NA,"ensemble",129,"ChlorophyllMaximum_depth_sample",3.45676844746606,"fDCMdepth_mp","vera4cast"
2026-05-21,2026-04-25,"P1D","fcre",NA,"ensemble",5,"ChlorophyllMaximum_depth_sample",1.75509891658387,"fDCMdepth_mp","vera4cast"
2026-05-21,2026-04-25,"P1D","fcre",NA,"ensemble",36,"ChlorophyllMaximum_depth_sample",1.81272164052811,"fDCMdepth_mp","vera4cast"
2026-05-21,2026-04-25,"P1D","fcre",NA,"ensemble",67,"ChlorophyllMaximum_depth_sample",3.17213183509918,"fDCMdepth_mp","vera4cast"
2026-05-21,2026-04-25,"P1D","fcre",NA,"ensemble",98,"ChlorophyllMaximum_depth_sample",2.87696356082349,"fDCMdepth_mp","vera4cast"
2026-05-21,2026-04-25,"P1D","fcre",NA,"ensemble",129,"ChlorophyllMaximum_depth_sample",0.874826086597939,"fDCMdepth_mp","vera4cast"
2026-05-22,2026-04-25,"P1D","fcre",NA,"ensemble",5,"ChlorophyllMaximum_depth_sample",3.01026366446509,"fDCMdepth_mp","vera4cast"
2026-05-22,2026-04-25,"P1D","fcre",NA,"ensemble",36,"ChlorophyllMaximum_depth_sample",2.95690150387519,"fDCMdepth_mp","vera4cast"
2026-05-22,2026-04-25,"P1D","fcre",NA,"ensemble",67,"ChlorophyllMaximum_depth_sample",3.21310226082242,"fDCMdepth_mp","vera4cast"
2026-05-22,2026-04-25,"P1D","fcre",NA,"ensemble",98,"ChlorophyllMaximum_depth_sample",3.44525663752854,"fDCMdepth_mp","vera4cast"
2026-05-22,2026-04-25,"P1D","fcre",NA,"ensemble",129,"ChlorophyllMaximum_depth_sample",3.47223194882558,"fDCMdepth_mp","vera4cast"
2026-05-23,2026-04-25,"P1D","fcre",NA,"ensemble",5,"ChlorophyllMaximum_depth_sample",2.78776084079769,"fDCMdepth_mp","vera4cast"
2026-05-23,2026-04-25,"P1D","fcre",NA,"ensemble",36,"ChlorophyllMaximum_depth_sample",3.8143653323933,"fDCMdepth_mp","vera4cast"
2026-05-23,2026-04-25,"P1D","fcre",NA,"ensemble",67,"ChlorophyllMaximum_depth_sample",5.89005425027255,"fDCMdepth_mp","vera4cast"
2026-05-23,2026-04-25,"P1D","fcre",NA,"ensemble",98,"ChlorophyllMaximum_depth_sample",-0.408703401708523,"fDCMdepth_mp","vera4cast"
2026-05-23,2026-04-25,"P1D","fcre",NA,"ensemble",129,"ChlorophyllMaximum_depth_sample",4.6785954309921,"fDCMdepth_mp","vera4cast"
2026-05-24,2026-04-25,"P1D","fcre",NA,"ensemble",5,"ChlorophyllMaximum_depth_sample",2.94253357781842,"fDCMdepth_mp","vera4cast"
2026-05-24,2026-04-25,"P1D","fcre",NA,"ensemble",36,"ChlorophyllMaximum_depth_sample",2.87434166416865,"fDCMdepth_mp","vera4cast"
2026-05-24,2026-04-25,"P1D","fcre",NA,"ensemble",67,"ChlorophyllMaximum_depth_sample",2.20635482019462,"fDCMdepth_mp","vera4cast"
2026-05-24,2026-04-25,"P1D","fcre",NA,"ensemble",98,"ChlorophyllMaximum_depth_sample",0.603317689691119,"fDCMdepth_mp","vera4cast"
2026-05-24,2026-04-25,"P1D","fcre",NA,"ensemble",129,"ChlorophyllMaximum_depth_sample",3.28775573603284,"fDCMdepth_mp","vera4cast"
2026-05-25,2026-04-25,"P1D","fcre",NA,"ensemble",5,"ChlorophyllMaximum_depth_sample",5.31626493480196,"fDCMdepth_mp","vera4cast"
2026-05-25,2026-04-25,"P1D","fcre",NA,"ensemble",36,"ChlorophyllMaximum_depth_sample",3.5589562147071,"fDCMdepth_mp","vera4cast"
2026-05-25,2026-04-25,"P1D","fcre",NA,"ensemble",67,"ChlorophyllMaximum_depth_sample",1.47146248431598,"fDCMdepth_mp","vera4cast"
2026-05-25,2026-04-25,"P1D","fcre",NA,"ensemble",98,"ChlorophyllMaximum_depth_sample",2.43077095619001,"fDCMdepth_mp","vera4cast"
2026-05-25,2026-04-25,"P1D","fcre",NA,"ensemble",129,"ChlorophyllMaximum_depth_sample",2.19965017855973,"fDCMdepth_mp","vera4cast"
2026-05-26,2026-04-25,"P1D","fcre",NA,"ensemble",5,"ChlorophyllMaximum_depth_sample",2.71823998761343,"fDCMdepth_mp","vera4cast"
2026-05-26,2026-04-25,"P1D","fcre",NA,"ensemble",36,"ChlorophyllMaximum_depth_sample",3.49262581687437,"fDCMdepth_mp","vera4cast"
2026-05-26,2026-04-25,"P1D","fcre",NA,"ensemble",67,"ChlorophyllMaximum_depth_sample",4.77375625544061,"fDCMdepth_mp","vera4cast"
2026-05-26,2026-04-25,"P1D","fcre",NA,"ensemble",98,"ChlorophyllMaximum_depth_sample",2.31341805802094,"fDCMdepth_mp","vera4cast"
2026-05-26,2026-04-25,"P1D","fcre",NA,"ensemble",129,"ChlorophyllMaximum_depth_sample",3.33526389944055,"fDCMdepth_mp","vera4cast"
2026-05-27,2026-04-25,"P1D","fcre",NA,"ensemble",5,"ChlorophyllMaximum_depth_sample",-1.11007232259601,"fDCMdepth_mp","vera4cast"
2026-05-27,2026-04-25,"P1D","fcre",NA,"ensemble",36,"ChlorophyllMaximum_depth_sample",3.39832790555568,"fDCMdepth_mp","vera4cast"
2026-05-27,2026-04-25,"P1D","fcre",NA,"ensemble",67,"ChlorophyllMaximum_depth_sample",0.547836474308916,"fDCMdepth_mp","vera4cast"
2026-05-27,2026-04-25,"P1D","fcre",NA,"ensemble",98,"ChlorophyllMaximum_depth_sample",3.86183430472343,"fDCMdepth_mp","vera4cast"
2026-05-27,2026-04-25,"P1D","fcre",NA,"ensemble",129,"ChlorophyllMaximum_depth_sample",3.40788621584343,"fDCMdepth_mp","vera4cast"
2026-05-28,2026-04-25,"P1D","fcre",NA,"ensemble",5,"ChlorophyllMaximum_depth_sample",1.36650401032522,"fDCMdepth_mp","vera4cast"
2026-05-28,2026-04-25,"P1D","fcre",NA,"ensemble",36,"ChlorophyllMaximum_depth_sample",2.97364564983637,"fDCMdepth_mp","vera4cast"
2026-05-28,2026-04-25,"P1D","fcre",NA,"ensemble",67,"ChlorophyllMaximum_depth_sample",4.6469268893214,"fDCMdepth_mp","vera4cast"
2026-05-28,2026-04-25,"P1D","fcre",NA,"ensemble",98,"ChlorophyllMaximum_depth_sample",1.7845574323567,"fDCMdepth_mp","vera4cast"
2026-05-28,2026-04-25,"P1D","fcre",NA,"ensemble",129,"ChlorophyllMaximum_depth_sample",2.58608036529744,"fDCMdepth_mp","vera4cast"
2026-05-29,2026-04-25,"P1D","fcre",NA,"ensemble",5,"ChlorophyllMaximum_depth_sample",2.94382226531298,"fDCMdepth_mp","vera4cast"
2026-05-29,2026-04-25,"P1D","fcre",NA,"ensemble",36,"ChlorophyllMaximum_depth_sample",3.19636014797624,"fDCMdepth_mp","vera4cast"
2026-05-29,2026-04-25,"P1D","fcre",NA,"ensemble",67,"ChlorophyllMaximum_depth_sample",0.945324200537915,"fDCMdepth_mp","vera4cast"
2026-05-29,2026-04-25,"P1D","fcre",NA,"ensemble",98,"ChlorophyllMaximum_depth_sample",1.9879711864533,"fDCMdepth_mp","vera4cast"
2026-05-29,2026-04-25,"P1D","fcre",NA,"ensemble",129,"ChlorophyllMaximum_depth_sample",0.787667074688648,"fDCMdepth_mp","vera4cast"
2026-04-26,2026-04-25,"P1D","fcre",NA,"ensemble",6,"ChlorophyllMaximum_depth_sample",4.57242609859587,"fDCMdepth_mp","vera4cast"
2026-04-26,2026-04-25,"P1D","fcre",NA,"ensemble",37,"ChlorophyllMaximum_depth_sample",1.9181902460269,"fDCMdepth_mp","vera4cast"
2026-04-26,2026-04-25,"P1D","fcre",NA,"ensemble",68,"ChlorophyllMaximum_depth_sample",2.60796836587695,"fDCMdepth_mp","vera4cast"
2026-04-26,2026-04-25,"P1D","fcre",NA,"ensemble",99,"ChlorophyllMaximum_depth_sample",4.45253133855127,"fDCMdepth_mp","vera4cast"
2026-04-26,2026-04-25,"P1D","fcre",NA,"ensemble",130,"ChlorophyllMaximum_depth_sample",5.10554342100889,"fDCMdepth_mp","vera4cast"
2026-04-27,2026-04-25,"P1D","fcre",NA,"ensemble",6,"ChlorophyllMaximum_depth_sample",2.12931342169473,"fDCMdepth_mp","vera4cast"
2026-04-27,2026-04-25,"P1D","fcre",NA,"ensemble",37,"ChlorophyllMaximum_depth_sample",5.40232259203521,"fDCMdepth_mp","vera4cast"
2026-04-27,2026-04-25,"P1D","fcre",NA,"ensemble",68,"ChlorophyllMaximum_depth_sample",4.01470248780774,"fDCMdepth_mp","vera4cast"
2026-04-27,2026-04-25,"P1D","fcre",NA,"ensemble",99,"ChlorophyllMaximum_depth_sample",2.7478523425138,"fDCMdepth_mp","vera4cast"
2026-04-27,2026-04-25,"P1D","fcre",NA,"ensemble",130,"ChlorophyllMaximum_depth_sample",4.62290545826708,"fDCMdepth_mp","vera4cast"
2026-04-28,2026-04-25,"P1D","fcre",NA,"ensemble",6,"ChlorophyllMaximum_depth_sample",5.81459054219535,"fDCMdepth_mp","vera4cast"
2026-04-28,2026-04-25,"P1D","fcre",NA,"ensemble",37,"ChlorophyllMaximum_depth_sample",3.05498153931229,"fDCMdepth_mp","vera4cast"
2026-04-28,2026-04-25,"P1D","fcre",NA,"ensemble",68,"ChlorophyllMaximum_depth_sample",3.96958437404674,"fDCMdepth_mp","vera4cast"
2026-04-28,2026-04-25,"P1D","fcre",NA,"ensemble",99,"ChlorophyllMaximum_depth_sample",1.91539194119148,"fDCMdepth_mp","vera4cast"
2026-04-28,2026-04-25,"P1D","fcre",NA,"ensemble",130,"ChlorophyllMaximum_depth_sample",2.87466377769553,"fDCMdepth_mp","vera4cast"
2026-04-29,2026-04-25,"P1D","fcre",NA,"ensemble",6,"ChlorophyllMaximum_depth_sample",2.52866537553757,"fDCMdepth_mp","vera4cast"
2026-04-29,2026-04-25,"P1D","fcre",NA,"ensemble",37,"ChlorophyllMaximum_depth_sample",3.59226268141644,"fDCMdepth_mp","vera4cast"
2026-04-29,2026-04-25,"P1D","fcre",NA,"ensemble",68,"ChlorophyllMaximum_depth_sample",4.42982108067004,"fDCMdepth_mp","vera4cast"
2026-04-29,2026-04-25,"P1D","fcre",NA,"ensemble",99,"ChlorophyllMaximum_depth_sample",3.23655076891293,"fDCMdepth_mp","vera4cast"
2026-04-29,2026-04-25,"P1D","fcre",NA,"ensemble",130,"ChlorophyllMaximum_depth_sample",6.10487785041733,"fDCMdepth_mp","vera4cast"
2026-04-30,2026-04-25,"P1D","fcre",NA,"ensemble",6,"ChlorophyllMaximum_depth_sample",0.285097894716974,"fDCMdepth_mp","vera4cast"
2026-04-30,2026-04-25,"P1D","fcre",NA,"ensemble",37,"ChlorophyllMaximum_depth_sample",6.05054786300187,"fDCMdepth_mp","vera4cast"
2026-04-30,2026-04-25,"P1D","fcre",NA,"ensemble",68,"ChlorophyllMaximum_depth_sample",2.341419658674,"fDCMdepth_mp","vera4cast"
2026-04-30,2026-04-25,"P1D","fcre",NA,"ensemble",99,"ChlorophyllMaximum_depth_sample",4.43863950355041,"fDCMdepth_mp","vera4cast"
2026-04-30,2026-04-25,"P1D","fcre",NA,"ensemble",130,"ChlorophyllMaximum_depth_sample",3.19895343861237,"fDCMdepth_mp","vera4cast"
2026-05-01,2026-04-25,"P1D","fcre",NA,"ensemble",6,"ChlorophyllMaximum_depth_sample",2.59764383187658,"fDCMdepth_mp","vera4cast"
2026-05-01,2026-04-25,"P1D","fcre",NA,"ensemble",37,"ChlorophyllMaximum_depth_sample",2.60160940850315,"fDCMdepth_mp","vera4cast"
2026-05-01,2026-04-25,"P1D","fcre",NA,"ensemble",68,"ChlorophyllMaximum_depth_sample",2.90550695025526,"fDCMdepth_mp","vera4cast"
2026-05-01,2026-04-25,"P1D","fcre",NA,"ensemble",99,"ChlorophyllMaximum_depth_sample",2.40502772721241,"fDCMdepth_mp","vera4cast"
2026-05-01,2026-04-25,"P1D","fcre",NA,"ensemble",130,"ChlorophyllMaximum_depth_sample",4.31120776259279,"fDCMdepth_mp","vera4cast"
2026-05-02,2026-04-25,"P1D","fcre",NA,"ensemble",6,"ChlorophyllMaximum_depth_sample",2.4779943979412,"fDCMdepth_mp","vera4cast"
2026-05-02,2026-04-25,"P1D","fcre",NA,"ensemble",37,"ChlorophyllMaximum_depth_sample",2.78324133594949,"fDCMdepth_mp","vera4cast"
2026-05-02,2026-04-25,"P1D","fcre",NA,"ensemble",68,"ChlorophyllMaximum_depth_sample",5.12183291270998,"fDCMdepth_mp","vera4cast"
2026-05-02,2026-04-25,"P1D","fcre",NA,"ensemble",99,"ChlorophyllMaximum_depth_sample",3.97676564472801,"fDCMdepth_mp","vera4cast"
2026-05-02,2026-04-25,"P1D","fcre",NA,"ensemble",130,"ChlorophyllMaximum_depth_sample",3.15581461359315,"fDCMdepth_mp","vera4cast"
2026-05-03,2026-04-25,"P1D","fcre",NA,"ensemble",6,"ChlorophyllMaximum_depth_sample",2.85620829136249,"fDCMdepth_mp","vera4cast"
2026-05-03,2026-04-25,"P1D","fcre",NA,"ensemble",37,"ChlorophyllMaximum_depth_sample",2.89946615454787,"fDCMdepth_mp","vera4cast"
2026-05-03,2026-04-25,"P1D","fcre",NA,"ensemble",68,"ChlorophyllMaximum_depth_sample",2.97307778624499,"fDCMdepth_mp","vera4cast"
2026-05-03,2026-04-25,"P1D","fcre",NA,"ensemble",99,"ChlorophyllMaximum_depth_sample",4.10965489724053,"fDCMdepth_mp","vera4cast"
2026-05-03,2026-04-25,"P1D","fcre",NA,"ensemble",130,"ChlorophyllMaximum_depth_sample",-0.143534902282874,"fDCMdepth_mp","vera4cast"
2026-05-04,2026-04-25,"P1D","fcre",NA,"ensemble",6,"ChlorophyllMaximum_depth_sample",3.88472816454251,"fDCMdepth_mp","vera4cast"
2026-05-04,2026-04-25,"P1D","fcre",NA,"ensemble",37,"ChlorophyllMaximum_depth_sample",3.18465077231887,"fDCMdepth_mp","vera4cast"
2026-05-04,2026-04-25,"P1D","fcre",NA,"ensemble",68,"ChlorophyllMaximum_depth_sample",4.32159954664721,"fDCMdepth_mp","vera4cast"
2026-05-04,2026-04-25,"P1D","fcre",NA,"ensemble",99,"ChlorophyllMaximum_depth_sample",4.27783822009155,"fDCMdepth_mp","vera4cast"
2026-05-04,2026-04-25,"P1D","fcre",NA,"ensemble",130,"ChlorophyllMaximum_depth_sample",0.849648355343821,"fDCMdepth_mp","vera4cast"
2026-05-05,2026-04-25,"P1D","fcre",NA,"ensemble",6,"ChlorophyllMaximum_depth_sample",5.23082969320486,"fDCMdepth_mp","vera4cast"
2026-05-05,2026-04-25,"P1D","fcre",NA,"ensemble",37,"ChlorophyllMaximum_depth_sample",2.18251978186002,"fDCMdepth_mp","vera4cast"
2026-05-05,2026-04-25,"P1D","fcre",NA,"ensemble",68,"ChlorophyllMaximum_depth_sample",4.06382909294832,"fDCMdepth_mp","vera4cast"
2026-05-05,2026-04-25,"P1D","fcre",NA,"ensemble",99,"ChlorophyllMaximum_depth_sample",4.5266584038985,"fDCMdepth_mp","vera4cast"
2026-05-05,2026-04-25,"P1D","fcre",NA,"ensemble",130,"ChlorophyllMaximum_depth_sample",0.0463293271969825,"fDCMdepth_mp","vera4cast"
2026-05-06,2026-04-25,"P1D","fcre",NA,"ensemble",6,"ChlorophyllMaximum_depth_sample",2.31328632014195,"fDCMdepth_mp","vera4cast"
2026-05-06,2026-04-25,"P1D","fcre",NA,"ensemble",37,"ChlorophyllMaximum_depth_sample",3.46776540002824,"fDCMdepth_mp","vera4cast"
2026-05-06,2026-04-25,"P1D","fcre",NA,"ensemble",68,"ChlorophyllMaximum_depth_sample",3.42474565162731,"fDCMdepth_mp","vera4cast"
2026-05-06,2026-04-25,"P1D","fcre",NA,"ensemble",99,"ChlorophyllMaximum_depth_sample",3.99272794726482,"fDCMdepth_mp","vera4cast"
2026-05-06,2026-04-25,"P1D","fcre",NA,"ensemble",130,"ChlorophyllMaximum_depth_sample",5.54083531029062,"fDCMdepth_mp","vera4cast"
2026-05-07,2026-04-25,"P1D","fcre",NA,"ensemble",6,"ChlorophyllMaximum_depth_sample",1.76868888497625,"fDCMdepth_mp","vera4cast"
2026-05-07,2026-04-25,"P1D","fcre",NA,"ensemble",37,"ChlorophyllMaximum_depth_sample",2.59136474584069,"fDCMdepth_mp","vera4cast"
2026-05-07,2026-04-25,"P1D","fcre",NA,"ensemble",68,"ChlorophyllMaximum_depth_sample",3.18796248207881,"fDCMdepth_mp","vera4cast"
2026-05-07,2026-04-25,"P1D","fcre",NA,"ensemble",99,"ChlorophyllMaximum_depth_sample",3.19095660197403,"fDCMdepth_mp","vera4cast"
2026-05-07,2026-04-25,"P1D","fcre",NA,"ensemble",130,"ChlorophyllMaximum_depth_sample",5.17898087110155,"fDCMdepth_mp","vera4cast"
2026-05-08,2026-04-25,"P1D","fcre",NA,"ensemble",6,"ChlorophyllMaximum_depth_sample",1.49410595582811,"fDCMdepth_mp","vera4cast"
2026-05-08,2026-04-25,"P1D","fcre",NA,"ensemble",37,"ChlorophyllMaximum_depth_sample",1.11767409103496,"fDCMdepth_mp","vera4cast"
2026-05-08,2026-04-25,"P1D","fcre",NA,"ensemble",68,"ChlorophyllMaximum_depth_sample",2.8043772734187,"fDCMdepth_mp","vera4cast"
2026-05-08,2026-04-25,"P1D","fcre",NA,"ensemble",99,"ChlorophyllMaximum_depth_sample",2.57107622409006,"fDCMdepth_mp","vera4cast"
2026-05-08,2026-04-25,"P1D","fcre",NA,"ensemble",130,"ChlorophyllMaximum_depth_sample",1.610083973651,"fDCMdepth_mp","vera4cast"
2026-05-09,2026-04-25,"P1D","fcre",NA,"ensemble",6,"ChlorophyllMaximum_depth_sample",2.49052267986316,"fDCMdepth_mp","vera4cast"
2026-05-09,2026-04-25,"P1D","fcre",NA,"ensemble",37,"ChlorophyllMaximum_depth_sample",2.53752699603739,"fDCMdepth_mp","vera4cast"
2026-05-09,2026-04-25,"P1D","fcre",NA,"ensemble",68,"ChlorophyllMaximum_depth_sample",2.78328836242803,"fDCMdepth_mp","vera4cast"
2026-05-09,2026-04-25,"P1D","fcre",NA,"ensemble",99,"ChlorophyllMaximum_depth_sample",3.22145277872319,"fDCMdepth_mp","vera4cast"
2026-05-09,2026-04-25,"P1D","fcre",NA,"ensemble",130,"ChlorophyllMaximum_depth_sample",4.97016500811424,"fDCMdepth_mp","vera4cast"
2026-05-10,2026-04-25,"P1D","fcre",NA,"ensemble",6,"ChlorophyllMaximum_depth_sample",4.53397938266208,"fDCMdepth_mp","vera4cast"
2026-05-10,2026-04-25,"P1D","fcre",NA,"ensemble",37,"ChlorophyllMaximum_depth_sample",2.51855608024835,"fDCMdepth_mp","vera4cast"
2026-05-10,2026-04-25,"P1D","fcre",NA,"ensemble",68,"ChlorophyllMaximum_depth_sample",1.71711011878981,"fDCMdepth_mp","vera4cast"
2026-05-10,2026-04-25,"P1D","fcre",NA,"ensemble",99,"ChlorophyllMaximum_depth_sample",2.05776213152444,"fDCMdepth_mp","vera4cast"
2026-05-10,2026-04-25,"P1D","fcre",NA,"ensemble",130,"ChlorophyllMaximum_depth_sample",3.08962749874705,"fDCMdepth_mp","vera4cast"
2026-05-11,2026-04-25,"P1D","fcre",NA,"ensemble",6,"ChlorophyllMaximum_depth_sample",3.44704882541283,"fDCMdepth_mp","vera4cast"
2026-05-11,2026-04-25,"P1D","fcre",NA,"ensemble",37,"ChlorophyllMaximum_depth_sample",4.10910870167642,"fDCMdepth_mp","vera4cast"
2026-05-11,2026-04-25,"P1D","fcre",NA,"ensemble",68,"ChlorophyllMaximum_depth_sample",6.25751510989292,"fDCMdepth_mp","vera4cast"
2026-05-11,2026-04-25,"P1D","fcre",NA,"ensemble",99,"ChlorophyllMaximum_depth_sample",2.37511373069831,"fDCMdepth_mp","vera4cast"
2026-05-11,2026-04-25,"P1D","fcre",NA,"ensemble",130,"ChlorophyllMaximum_depth_sample",4.90873956088017,"fDCMdepth_mp","vera4cast"
2026-05-12,2026-04-25,"P1D","fcre",NA,"ensemble",6,"ChlorophyllMaximum_depth_sample",2.14067641900361,"fDCMdepth_mp","vera4cast"
2026-05-12,2026-04-25,"P1D","fcre",NA,"ensemble",37,"ChlorophyllMaximum_depth_sample",1.91563330354809,"fDCMdepth_mp","vera4cast"
2026-05-12,2026-04-25,"P1D","fcre",NA,"ensemble",68,"ChlorophyllMaximum_depth_sample",4.44297171541731,"fDCMdepth_mp","vera4cast"
2026-05-12,2026-04-25,"P1D","fcre",NA,"ensemble",99,"ChlorophyllMaximum_depth_sample",4.23242432324008,"fDCMdepth_mp","vera4cast"
2026-05-12,2026-04-25,"P1D","fcre",NA,"ensemble",130,"ChlorophyllMaximum_depth_sample",4.12902276247998,"fDCMdepth_mp","vera4cast"
2026-05-13,2026-04-25,"P1D","fcre",NA,"ensemble",6,"ChlorophyllMaximum_depth_sample",3.77703266117236,"fDCMdepth_mp","vera4cast"
2026-05-13,2026-04-25,"P1D","fcre",NA,"ensemble",37,"ChlorophyllMaximum_depth_sample",4.37066388337787,"fDCMdepth_mp","vera4cast"
2026-05-13,2026-04-25,"P1D","fcre",NA,"ensemble",68,"ChlorophyllMaximum_depth_sample",3.09863595479018,"fDCMdepth_mp","vera4cast"
2026-05-13,2026-04-25,"P1D","fcre",NA,"ensemble",99,"ChlorophyllMaximum_depth_sample",2.96416471255381,"fDCMdepth_mp","vera4cast"
2026-05-13,2026-04-25,"P1D","fcre",NA,"ensemble",130,"ChlorophyllMaximum_depth_sample",2.79634070810097,"fDCMdepth_mp","vera4cast"
2026-05-14,2026-04-25,"P1D","fcre",NA,"ensemble",6,"ChlorophyllMaximum_depth_sample",5.11793382712208,"fDCMdepth_mp","vera4cast"
2026-05-14,2026-04-25,"P1D","fcre",NA,"ensemble",37,"ChlorophyllMaximum_depth_sample",6.5113054511357,"fDCMdepth_mp","vera4cast"
2026-05-14,2026-04-25,"P1D","fcre",NA,"ensemble",68,"ChlorophyllMaximum_depth_sample",1.38681807749599,"fDCMdepth_mp","vera4cast"
2026-05-14,2026-04-25,"P1D","fcre",NA,"ensemble",99,"ChlorophyllMaximum_depth_sample",3.3144857385169,"fDCMdepth_mp","vera4cast"
2026-05-14,2026-04-25,"P1D","fcre",NA,"ensemble",130,"ChlorophyllMaximum_depth_sample",2.66333057939435,"fDCMdepth_mp","vera4cast"
2026-05-15,2026-04-25,"P1D","fcre",NA,"ensemble",6,"ChlorophyllMaximum_depth_sample",2.96497126216521,"fDCMdepth_mp","vera4cast"
2026-05-15,2026-04-25,"P1D","fcre",NA,"ensemble",37,"ChlorophyllMaximum_depth_sample",2.90871815261771,"fDCMdepth_mp","vera4cast"
2026-05-15,2026-04-25,"P1D","fcre",NA,"ensemble",68,"ChlorophyllMaximum_depth_sample",4.56139753387484,"fDCMdepth_mp","vera4cast"
2026-05-15,2026-04-25,"P1D","fcre",NA,"ensemble",99,"ChlorophyllMaximum_depth_sample",4.0916237407037,"fDCMdepth_mp","vera4cast"
2026-05-15,2026-04-25,"P1D","fcre",NA,"ensemble",130,"ChlorophyllMaximum_depth_sample",2.15492987123363,"fDCMdepth_mp","vera4cast"
2026-05-16,2026-04-25,"P1D","fcre",NA,"ensemble",6,"ChlorophyllMaximum_depth_sample",1.58591187904482,"fDCMdepth_mp","vera4cast"
2026-05-16,2026-04-25,"P1D","fcre",NA,"ensemble",37,"ChlorophyllMaximum_depth_sample",3.35014459781121,"fDCMdepth_mp","vera4cast"
2026-05-16,2026-04-25,"P1D","fcre",NA,"ensemble",68,"ChlorophyllMaximum_depth_sample",4.27097900305003,"fDCMdepth_mp","vera4cast"
2026-05-16,2026-04-25,"P1D","fcre",NA,"ensemble",99,"ChlorophyllMaximum_depth_sample",3.96218181597809,"fDCMdepth_mp","vera4cast"
2026-05-16,2026-04-25,"P1D","fcre",NA,"ensemble",130,"ChlorophyllMaximum_depth_sample",2.9106287905537,"fDCMdepth_mp","vera4cast"
2026-05-17,2026-04-25,"P1D","fcre",NA,"ensemble",6,"ChlorophyllMaximum_depth_sample",3.950311571533,"fDCMdepth_mp","vera4cast"
2026-05-17,2026-04-25,"P1D","fcre",NA,"ensemble",37,"ChlorophyllMaximum_depth_sample",1.6933561916868,"fDCMdepth_mp","vera4cast"
2026-05-17,2026-04-25,"P1D","fcre",NA,"ensemble",68,"ChlorophyllMaximum_depth_sample",4.44715029168205,"fDCMdepth_mp","vera4cast"
2026-05-17,2026-04-25,"P1D","fcre",NA,"ensemble",99,"ChlorophyllMaximum_depth_sample",5.74850744260362,"fDCMdepth_mp","vera4cast"
2026-05-17,2026-04-25,"P1D","fcre",NA,"ensemble",130,"ChlorophyllMaximum_depth_sample",2.9481084077957,"fDCMdepth_mp","vera4cast"
2026-05-18,2026-04-25,"P1D","fcre",NA,"ensemble",6,"ChlorophyllMaximum_depth_sample",0.800263760020334,"fDCMdepth_mp","vera4cast"
2026-05-18,2026-04-25,"P1D","fcre",NA,"ensemble",37,"ChlorophyllMaximum_depth_sample",2.83256568377525,"fDCMdepth_mp","vera4cast"
2026-05-18,2026-04-25,"P1D","fcre",NA,"ensemble",68,"ChlorophyllMaximum_depth_sample",3.3244700379312,"fDCMdepth_mp","vera4cast"
2026-05-18,2026-04-25,"P1D","fcre",NA,"ensemble",99,"ChlorophyllMaximum_depth_sample",2.58372605174323,"fDCMdepth_mp","vera4cast"
2026-05-18,2026-04-25,"P1D","fcre",NA,"ensemble",130,"ChlorophyllMaximum_depth_sample",0.506968048230902,"fDCMdepth_mp","vera4cast"
2026-05-19,2026-04-25,"P1D","fcre",NA,"ensemble",6,"ChlorophyllMaximum_depth_sample",0.196952334707449,"fDCMdepth_mp","vera4cast"
2026-05-19,2026-04-25,"P1D","fcre",NA,"ensemble",37,"ChlorophyllMaximum_depth_sample",1.79420902864074,"fDCMdepth_mp","vera4cast"
2026-05-19,2026-04-25,"P1D","fcre",NA,"ensemble",68,"ChlorophyllMaximum_depth_sample",4.14697554523796,"fDCMdepth_mp","vera4cast"
2026-05-19,2026-04-25,"P1D","fcre",NA,"ensemble",99,"ChlorophyllMaximum_depth_sample",5.32728459431563,"fDCMdepth_mp","vera4cast"
2026-05-19,2026-04-25,"P1D","fcre",NA,"ensemble",130,"ChlorophyllMaximum_depth_sample",3.49880059760269,"fDCMdepth_mp","vera4cast"
2026-05-20,2026-04-25,"P1D","fcre",NA,"ensemble",6,"ChlorophyllMaximum_depth_sample",2.67668352543555,"fDCMdepth_mp","vera4cast"
2026-05-20,2026-04-25,"P1D","fcre",NA,"ensemble",37,"ChlorophyllMaximum_depth_sample",3.31971158488983,"fDCMdepth_mp","vera4cast"
2026-05-20,2026-04-25,"P1D","fcre",NA,"ensemble",68,"ChlorophyllMaximum_depth_sample",4.40975952554444,"fDCMdepth_mp","vera4cast"
2026-05-20,2026-04-25,"P1D","fcre",NA,"ensemble",99,"ChlorophyllMaximum_depth_sample",2.411127713494,"fDCMdepth_mp","vera4cast"
2026-05-20,2026-04-25,"P1D","fcre",NA,"ensemble",130,"ChlorophyllMaximum_depth_sample",3.26114002471034,"fDCMdepth_mp","vera4cast"
2026-05-21,2026-04-25,"P1D","fcre",NA,"ensemble",6,"ChlorophyllMaximum_depth_sample",3.44710298559453,"fDCMdepth_mp","vera4cast"
2026-05-21,2026-04-25,"P1D","fcre",NA,"ensemble",37,"ChlorophyllMaximum_depth_sample",2.24509074646672,"fDCMdepth_mp","vera4cast"
2026-05-21,2026-04-25,"P1D","fcre",NA,"ensemble",68,"ChlorophyllMaximum_depth_sample",3.1648786213241,"fDCMdepth_mp","vera4cast"
2026-05-21,2026-04-25,"P1D","fcre",NA,"ensemble",99,"ChlorophyllMaximum_depth_sample",6.03249448485276,"fDCMdepth_mp","vera4cast"
2026-05-21,2026-04-25,"P1D","fcre",NA,"ensemble",130,"ChlorophyllMaximum_depth_sample",4.10281059880173,"fDCMdepth_mp","vera4cast"
2026-05-22,2026-04-25,"P1D","fcre",NA,"ensemble",6,"ChlorophyllMaximum_depth_sample",6.4099175453166,"fDCMdepth_mp","vera4cast"
2026-05-22,2026-04-25,"P1D","fcre",NA,"ensemble",37,"ChlorophyllMaximum_depth_sample",2.50492809125721,"fDCMdepth_mp","vera4cast"
2026-05-22,2026-04-25,"P1D","fcre",NA,"ensemble",68,"ChlorophyllMaximum_depth_sample",5.91463764985998,"fDCMdepth_mp","vera4cast"
2026-05-22,2026-04-25,"P1D","fcre",NA,"ensemble",99,"ChlorophyllMaximum_depth_sample",1.92007741468247,"fDCMdepth_mp","vera4cast"
2026-05-22,2026-04-25,"P1D","fcre",NA,"ensemble",130,"ChlorophyllMaximum_depth_sample",5.51578272877047,"fDCMdepth_mp","vera4cast"
2026-05-23,2026-04-25,"P1D","fcre",NA,"ensemble",6,"ChlorophyllMaximum_depth_sample",4.58539154448896,"fDCMdepth_mp","vera4cast"
2026-05-23,2026-04-25,"P1D","fcre",NA,"ensemble",37,"ChlorophyllMaximum_depth_sample",3.63649631926289,"fDCMdepth_mp","vera4cast"
2026-05-23,2026-04-25,"P1D","fcre",NA,"ensemble",68,"ChlorophyllMaximum_depth_sample",2.61787621811497,"fDCMdepth_mp","vera4cast"
2026-05-23,2026-04-25,"P1D","fcre",NA,"ensemble",99,"ChlorophyllMaximum_depth_sample",2.13650234266334,"fDCMdepth_mp","vera4cast"
2026-05-23,2026-04-25,"P1D","fcre",NA,"ensemble",130,"ChlorophyllMaximum_depth_sample",3.70592423746631,"fDCMdepth_mp","vera4cast"
2026-05-24,2026-04-25,"P1D","fcre",NA,"ensemble",6,"ChlorophyllMaximum_depth_sample",2.03005113016894,"fDCMdepth_mp","vera4cast"
2026-05-24,2026-04-25,"P1D","fcre",NA,"ensemble",37,"ChlorophyllMaximum_depth_sample",3.16191267915661,"fDCMdepth_mp","vera4cast"
2026-05-24,2026-04-25,"P1D","fcre",NA,"ensemble",68,"ChlorophyllMaximum_depth_sample",4.42060165296504,"fDCMdepth_mp","vera4cast"
2026-05-24,2026-04-25,"P1D","fcre",NA,"ensemble",99,"ChlorophyllMaximum_depth_sample",3.9452474141959,"fDCMdepth_mp","vera4cast"
2026-05-24,2026-04-25,"P1D","fcre",NA,"ensemble",130,"ChlorophyllMaximum_depth_sample",2.15679189082404,"fDCMdepth_mp","vera4cast"
2026-05-25,2026-04-25,"P1D","fcre",NA,"ensemble",6,"ChlorophyllMaximum_depth_sample",3.35335161840731,"fDCMdepth_mp","vera4cast"
2026-05-25,2026-04-25,"P1D","fcre",NA,"ensemble",37,"ChlorophyllMaximum_depth_sample",5.92717663576758,"fDCMdepth_mp","vera4cast"
2026-05-25,2026-04-25,"P1D","fcre",NA,"ensemble",68,"ChlorophyllMaximum_depth_sample",3.30138895343835,"fDCMdepth_mp","vera4cast"
2026-05-25,2026-04-25,"P1D","fcre",NA,"ensemble",99,"ChlorophyllMaximum_depth_sample",2.21906363079709,"fDCMdepth_mp","vera4cast"
2026-05-25,2026-04-25,"P1D","fcre",NA,"ensemble",130,"ChlorophyllMaximum_depth_sample",4.05907745215237,"fDCMdepth_mp","vera4cast"
2026-05-26,2026-04-25,"P1D","fcre",NA,"ensemble",6,"ChlorophyllMaximum_depth_sample",3.39344316764136,"fDCMdepth_mp","vera4cast"
2026-05-26,2026-04-25,"P1D","fcre",NA,"ensemble",37,"ChlorophyllMaximum_depth_sample",3.43609495385545,"fDCMdepth_mp","vera4cast"
2026-05-26,2026-04-25,"P1D","fcre",NA,"ensemble",68,"ChlorophyllMaximum_depth_sample",2.44703610097695,"fDCMdepth_mp","vera4cast"
2026-05-26,2026-04-25,"P1D","fcre",NA,"ensemble",99,"ChlorophyllMaximum_depth_sample",4.30750479974389,"fDCMdepth_mp","vera4cast"
2026-05-26,2026-04-25,"P1D","fcre",NA,"ensemble",130,"ChlorophyllMaximum_depth_sample",2.52125545754378,"fDCMdepth_mp","vera4cast"
2026-05-27,2026-04-25,"P1D","fcre",NA,"ensemble",6,"ChlorophyllMaximum_depth_sample",3.86755976254649,"fDCMdepth_mp","vera4cast"
2026-05-27,2026-04-25,"P1D","fcre",NA,"ensemble",37,"ChlorophyllMaximum_depth_sample",4.54501302528916,"fDCMdepth_mp","vera4cast"
2026-05-27,2026-04-25,"P1D","fcre",NA,"ensemble",68,"ChlorophyllMaximum_depth_sample",3.94953421608899,"fDCMdepth_mp","vera4cast"
2026-05-27,2026-04-25,"P1D","fcre",NA,"ensemble",99,"ChlorophyllMaximum_depth_sample",5.0893346538299,"fDCMdepth_mp","vera4cast"
2026-05-27,2026-04-25,"P1D","fcre",NA,"ensemble",130,"ChlorophyllMaximum_depth_sample",3.17638906029116,"fDCMdepth_mp","vera4cast"
2026-05-28,2026-04-25,"P1D","fcre",NA,"ensemble",6,"ChlorophyllMaximum_depth_sample",3.22920784152212,"fDCMdepth_mp","vera4cast"
2026-05-28,2026-04-25,"P1D","fcre",NA,"ensemble",37,"ChlorophyllMaximum_depth_sample",4.37996908974122,"fDCMdepth_mp","vera4cast"
2026-05-28,2026-04-25,"P1D","fcre",NA,"ensemble",68,"ChlorophyllMaximum_depth_sample",5.21069305303873,"fDCMdepth_mp","vera4cast"
2026-05-28,2026-04-25,"P1D","fcre",NA,"ensemble",99,"ChlorophyllMaximum_depth_sample",1.08172954962233,"fDCMdepth_mp","vera4cast"
2026-05-28,2026-04-25,"P1D","fcre",NA,"ensemble",130,"ChlorophyllMaximum_depth_sample",2.81979743543792,"fDCMdepth_mp","vera4cast"
2026-05-29,2026-04-25,"P1D","fcre",NA,"ensemble",6,"ChlorophyllMaximum_depth_sample",2.71183443357013,"fDCMdepth_mp","vera4cast"
2026-05-29,2026-04-25,"P1D","fcre",NA,"ensemble",37,"ChlorophyllMaximum_depth_sample",2.32249001168906,"fDCMdepth_mp","vera4cast"
2026-05-29,2026-04-25,"P1D","fcre",NA,"ensemble",68,"ChlorophyllMaximum_depth_sample",2.28915988323344,"fDCMdepth_mp","vera4cast"
2026-05-29,2026-04-25,"P1D","fcre",NA,"ensemble",99,"ChlorophyllMaximum_depth_sample",-0.515765386645846,"fDCMdepth_mp","vera4cast"
2026-05-29,2026-04-25,"P1D","fcre",NA,"ensemble",130,"ChlorophyllMaximum_depth_sample",2.08177187973099,"fDCMdepth_mp","vera4cast"
2026-04-26,2026-04-25,"P1D","fcre",NA,"ensemble",7,"ChlorophyllMaximum_depth_sample",0.946562441064496,"fDCMdepth_mp","vera4cast"
2026-04-26,2026-04-25,"P1D","fcre",NA,"ensemble",38,"ChlorophyllMaximum_depth_sample",2.17325426772945,"fDCMdepth_mp","vera4cast"
2026-04-26,2026-04-25,"P1D","fcre",NA,"ensemble",69,"ChlorophyllMaximum_depth_sample",2.67339977313251,"fDCMdepth_mp","vera4cast"
2026-04-26,2026-04-25,"P1D","fcre",NA,"ensemble",100,"ChlorophyllMaximum_depth_sample",3.33689764743645,"fDCMdepth_mp","vera4cast"
2026-04-26,2026-04-25,"P1D","fcre",NA,"ensemble",131,"ChlorophyllMaximum_depth_sample",1.35923535618054,"fDCMdepth_mp","vera4cast"
2026-04-27,2026-04-25,"P1D","fcre",NA,"ensemble",7,"ChlorophyllMaximum_depth_sample",4.03840382734878,"fDCMdepth_mp","vera4cast"
2026-04-27,2026-04-25,"P1D","fcre",NA,"ensemble",38,"ChlorophyllMaximum_depth_sample",-0.0638581147152788,"fDCMdepth_mp","vera4cast"
2026-04-27,2026-04-25,"P1D","fcre",NA,"ensemble",69,"ChlorophyllMaximum_depth_sample",1.80922294807744,"fDCMdepth_mp","vera4cast"
2026-04-27,2026-04-25,"P1D","fcre",NA,"ensemble",100,"ChlorophyllMaximum_depth_sample",4.93750424410442,"fDCMdepth_mp","vera4cast"
2026-04-27,2026-04-25,"P1D","fcre",NA,"ensemble",131,"ChlorophyllMaximum_depth_sample",0.836094634561861,"fDCMdepth_mp","vera4cast"
2026-04-28,2026-04-25,"P1D","fcre",NA,"ensemble",7,"ChlorophyllMaximum_depth_sample",3.85984808864715,"fDCMdepth_mp","vera4cast"
2026-04-28,2026-04-25,"P1D","fcre",NA,"ensemble",38,"ChlorophyllMaximum_depth_sample",4.46121299354489,"fDCMdepth_mp","vera4cast"
2026-04-28,2026-04-25,"P1D","fcre",NA,"ensemble",69,"ChlorophyllMaximum_depth_sample",3.41760982238043,"fDCMdepth_mp","vera4cast"
2026-04-28,2026-04-25,"P1D","fcre",NA,"ensemble",100,"ChlorophyllMaximum_depth_sample",2.28552875470652,"fDCMdepth_mp","vera4cast"
2026-04-28,2026-04-25,"P1D","fcre",NA,"ensemble",131,"ChlorophyllMaximum_depth_sample",2.04371962350254,"fDCMdepth_mp","vera4cast"
2026-04-29,2026-04-25,"P1D","fcre",NA,"ensemble",7,"ChlorophyllMaximum_depth_sample",5.43098556641444,"fDCMdepth_mp","vera4cast"
2026-04-29,2026-04-25,"P1D","fcre",NA,"ensemble",38,"ChlorophyllMaximum_depth_sample",3.30762082055745,"fDCMdepth_mp","vera4cast"
2026-04-29,2026-04-25,"P1D","fcre",NA,"ensemble",69,"ChlorophyllMaximum_depth_sample",0.933256631521439,"fDCMdepth_mp","vera4cast"
2026-04-29,2026-04-25,"P1D","fcre",NA,"ensemble",100,"ChlorophyllMaximum_depth_sample",3.80796856632971,"fDCMdepth_mp","vera4cast"
2026-04-29,2026-04-25,"P1D","fcre",NA,"ensemble",131,"ChlorophyllMaximum_depth_sample",1.58634442142021,"fDCMdepth_mp","vera4cast"
2026-04-30,2026-04-25,"P1D","fcre",NA,"ensemble",7,"ChlorophyllMaximum_depth_sample",5.60234364349496,"fDCMdepth_mp","vera4cast"
2026-04-30,2026-04-25,"P1D","fcre",NA,"ensemble",38,"ChlorophyllMaximum_depth_sample",0.719851189759367,"fDCMdepth_mp","vera4cast"
2026-04-30,2026-04-25,"P1D","fcre",NA,"ensemble",69,"ChlorophyllMaximum_depth_sample",3.50015260229024,"fDCMdepth_mp","vera4cast"
2026-04-30,2026-04-25,"P1D","fcre",NA,"ensemble",100,"ChlorophyllMaximum_depth_sample",4.06631153995998,"fDCMdepth_mp","vera4cast"
2026-04-30,2026-04-25,"P1D","fcre",NA,"ensemble",131,"ChlorophyllMaximum_depth_sample",2.76305820614725,"fDCMdepth_mp","vera4cast"
2026-05-01,2026-04-25,"P1D","fcre",NA,"ensemble",7,"ChlorophyllMaximum_depth_sample",3.05831148497048,"fDCMdepth_mp","vera4cast"
2026-05-01,2026-04-25,"P1D","fcre",NA,"ensemble",38,"ChlorophyllMaximum_depth_sample",2.81054493834144,"fDCMdepth_mp","vera4cast"
2026-05-01,2026-04-25,"P1D","fcre",NA,"ensemble",69,"ChlorophyllMaximum_depth_sample",2.68565056044731,"fDCMdepth_mp","vera4cast"
2026-05-01,2026-04-25,"P1D","fcre",NA,"ensemble",100,"ChlorophyllMaximum_depth_sample",4.25815688364702,"fDCMdepth_mp","vera4cast"
2026-05-01,2026-04-25,"P1D","fcre",NA,"ensemble",131,"ChlorophyllMaximum_depth_sample",4.15272688965761,"fDCMdepth_mp","vera4cast"
2026-05-02,2026-04-25,"P1D","fcre",NA,"ensemble",7,"ChlorophyllMaximum_depth_sample",2.60841999441585,"fDCMdepth_mp","vera4cast"
2026-05-02,2026-04-25,"P1D","fcre",NA,"ensemble",38,"ChlorophyllMaximum_depth_sample",0.63015212622907,"fDCMdepth_mp","vera4cast"
2026-05-02,2026-04-25,"P1D","fcre",NA,"ensemble",69,"ChlorophyllMaximum_depth_sample",2.64111434312477,"fDCMdepth_mp","vera4cast"
2026-05-02,2026-04-25,"P1D","fcre",NA,"ensemble",100,"ChlorophyllMaximum_depth_sample",2.96461811930348,"fDCMdepth_mp","vera4cast"
2026-05-02,2026-04-25,"P1D","fcre",NA,"ensemble",131,"ChlorophyllMaximum_depth_sample",3.26908768887558,"fDCMdepth_mp","vera4cast"
2026-05-03,2026-04-25,"P1D","fcre",NA,"ensemble",7,"ChlorophyllMaximum_depth_sample",4.21119756043644,"fDCMdepth_mp","vera4cast"
2026-05-03,2026-04-25,"P1D","fcre",NA,"ensemble",38,"ChlorophyllMaximum_depth_sample",3.28184498856033,"fDCMdepth_mp","vera4cast"
2026-05-03,2026-04-25,"P1D","fcre",NA,"ensemble",69,"ChlorophyllMaximum_depth_sample",2.04728155409086,"fDCMdepth_mp","vera4cast"
2026-05-03,2026-04-25,"P1D","fcre",NA,"ensemble",100,"ChlorophyllMaximum_depth_sample",3.12130954634344,"fDCMdepth_mp","vera4cast"
2026-05-03,2026-04-25,"P1D","fcre",NA,"ensemble",131,"ChlorophyllMaximum_depth_sample",5.06776931016777,"fDCMdepth_mp","vera4cast"
2026-05-04,2026-04-25,"P1D","fcre",NA,"ensemble",7,"ChlorophyllMaximum_depth_sample",1.39638485488225,"fDCMdepth_mp","vera4cast"
2026-05-04,2026-04-25,"P1D","fcre",NA,"ensemble",38,"ChlorophyllMaximum_depth_sample",4.46306128119863,"fDCMdepth_mp","vera4cast"
2026-05-04,2026-04-25,"P1D","fcre",NA,"ensemble",69,"ChlorophyllMaximum_depth_sample",5.75215508211068,"fDCMdepth_mp","vera4cast"
2026-05-04,2026-04-25,"P1D","fcre",NA,"ensemble",100,"ChlorophyllMaximum_depth_sample",2.59973391016493,"fDCMdepth_mp","vera4cast"
2026-05-04,2026-04-25,"P1D","fcre",NA,"ensemble",131,"ChlorophyllMaximum_depth_sample",3.28035449181847,"fDCMdepth_mp","vera4cast"
2026-05-05,2026-04-25,"P1D","fcre",NA,"ensemble",7,"ChlorophyllMaximum_depth_sample",4.69937606055936,"fDCMdepth_mp","vera4cast"
2026-05-05,2026-04-25,"P1D","fcre",NA,"ensemble",38,"ChlorophyllMaximum_depth_sample",1.5194269587261,"fDCMdepth_mp","vera4cast"
2026-05-05,2026-04-25,"P1D","fcre",NA,"ensemble",69,"ChlorophyllMaximum_depth_sample",3.07205228449929,"fDCMdepth_mp","vera4cast"
2026-05-05,2026-04-25,"P1D","fcre",NA,"ensemble",100,"ChlorophyllMaximum_depth_sample",2.13738341009174,"fDCMdepth_mp","vera4cast"
2026-05-05,2026-04-25,"P1D","fcre",NA,"ensemble",131,"ChlorophyllMaximum_depth_sample",5.78168047628008,"fDCMdepth_mp","vera4cast"
2026-05-06,2026-04-25,"P1D","fcre",NA,"ensemble",7,"ChlorophyllMaximum_depth_sample",5.56337984543428,"fDCMdepth_mp","vera4cast"
2026-05-06,2026-04-25,"P1D","fcre",NA,"ensemble",38,"ChlorophyllMaximum_depth_sample",0.956097958344596,"fDCMdepth_mp","vera4cast"
2026-05-06,2026-04-25,"P1D","fcre",NA,"ensemble",69,"ChlorophyllMaximum_depth_sample",3.82077330094098,"fDCMdepth_mp","vera4cast"
2026-05-06,2026-04-25,"P1D","fcre",NA,"ensemble",100,"ChlorophyllMaximum_depth_sample",0.920452588646504,"fDCMdepth_mp","vera4cast"
2026-05-06,2026-04-25,"P1D","fcre",NA,"ensemble",131,"ChlorophyllMaximum_depth_sample",4.7921750821522,"fDCMdepth_mp","vera4cast"
2026-05-07,2026-04-25,"P1D","fcre",NA,"ensemble",7,"ChlorophyllMaximum_depth_sample",3.82839327111292,"fDCMdepth_mp","vera4cast"
2026-05-07,2026-04-25,"P1D","fcre",NA,"ensemble",38,"ChlorophyllMaximum_depth_sample",4.51977838386443,"fDCMdepth_mp","vera4cast"
2026-05-07,2026-04-25,"P1D","fcre",NA,"ensemble",69,"ChlorophyllMaximum_depth_sample",1.92603613411605,"fDCMdepth_mp","vera4cast"
2026-05-07,2026-04-25,"P1D","fcre",NA,"ensemble",100,"ChlorophyllMaximum_depth_sample",1.65322469064202,"fDCMdepth_mp","vera4cast"
2026-05-07,2026-04-25,"P1D","fcre",NA,"ensemble",131,"ChlorophyllMaximum_depth_sample",4.99404281968369,"fDCMdepth_mp","vera4cast"
2026-05-08,2026-04-25,"P1D","fcre",NA,"ensemble",7,"ChlorophyllMaximum_depth_sample",2.87509748112093,"fDCMdepth_mp","vera4cast"
2026-05-08,2026-04-25,"P1D","fcre",NA,"ensemble",38,"ChlorophyllMaximum_depth_sample",3.4570940409112,"fDCMdepth_mp","vera4cast"
2026-05-08,2026-04-25,"P1D","fcre",NA,"ensemble",69,"ChlorophyllMaximum_depth_sample",1.64366155246038,"fDCMdepth_mp","vera4cast"
2026-05-08,2026-04-25,"P1D","fcre",NA,"ensemble",100,"ChlorophyllMaximum_depth_sample",3.29582740106077,"fDCMdepth_mp","vera4cast"
2026-05-08,2026-04-25,"P1D","fcre",NA,"ensemble",131,"ChlorophyllMaximum_depth_sample",0.801544861386162,"fDCMdepth_mp","vera4cast"
2026-05-09,2026-04-25,"P1D","fcre",NA,"ensemble",7,"ChlorophyllMaximum_depth_sample",2.48727902220604,"fDCMdepth_mp","vera4cast"
2026-05-09,2026-04-25,"P1D","fcre",NA,"ensemble",38,"ChlorophyllMaximum_depth_sample",3.92171231903173,"fDCMdepth_mp","vera4cast"
2026-05-09,2026-04-25,"P1D","fcre",NA,"ensemble",69,"ChlorophyllMaximum_depth_sample",4.44072541222829,"fDCMdepth_mp","vera4cast"
2026-05-09,2026-04-25,"P1D","fcre",NA,"ensemble",100,"ChlorophyllMaximum_depth_sample",3.23092307277168,"fDCMdepth_mp","vera4cast"
2026-05-09,2026-04-25,"P1D","fcre",NA,"ensemble",131,"ChlorophyllMaximum_depth_sample",2.22723944732589,"fDCMdepth_mp","vera4cast"
2026-05-10,2026-04-25,"P1D","fcre",NA,"ensemble",7,"ChlorophyllMaximum_depth_sample",1.68259067987843,"fDCMdepth_mp","vera4cast"
2026-05-10,2026-04-25,"P1D","fcre",NA,"ensemble",38,"ChlorophyllMaximum_depth_sample",5.30564242225903,"fDCMdepth_mp","vera4cast"
2026-05-10,2026-04-25,"P1D","fcre",NA,"ensemble",69,"ChlorophyllMaximum_depth_sample",2.67413373054743,"fDCMdepth_mp","vera4cast"
2026-05-10,2026-04-25,"P1D","fcre",NA,"ensemble",100,"ChlorophyllMaximum_depth_sample",1.08119971143561,"fDCMdepth_mp","vera4cast"
2026-05-10,2026-04-25,"P1D","fcre",NA,"ensemble",131,"ChlorophyllMaximum_depth_sample",4.67555363248903,"fDCMdepth_mp","vera4cast"
2026-05-11,2026-04-25,"P1D","fcre",NA,"ensemble",7,"ChlorophyllMaximum_depth_sample",4.40683807083055,"fDCMdepth_mp","vera4cast"
2026-05-11,2026-04-25,"P1D","fcre",NA,"ensemble",38,"ChlorophyllMaximum_depth_sample",3.13370071126979,"fDCMdepth_mp","vera4cast"
2026-05-11,2026-04-25,"P1D","fcre",NA,"ensemble",69,"ChlorophyllMaximum_depth_sample",0.507313486967857,"fDCMdepth_mp","vera4cast"
2026-05-11,2026-04-25,"P1D","fcre",NA,"ensemble",100,"ChlorophyllMaximum_depth_sample",4.67870457423575,"fDCMdepth_mp","vera4cast"
2026-05-11,2026-04-25,"P1D","fcre",NA,"ensemble",131,"ChlorophyllMaximum_depth_sample",2.41619812018873,"fDCMdepth_mp","vera4cast"
2026-05-12,2026-04-25,"P1D","fcre",NA,"ensemble",7,"ChlorophyllMaximum_depth_sample",1.33299048497466,"fDCMdepth_mp","vera4cast"
2026-05-12,2026-04-25,"P1D","fcre",NA,"ensemble",38,"ChlorophyllMaximum_depth_sample",1.26239320322929,"fDCMdepth_mp","vera4cast"
2026-05-12,2026-04-25,"P1D","fcre",NA,"ensemble",69,"ChlorophyllMaximum_depth_sample",2.2508244756114,"fDCMdepth_mp","vera4cast"
2026-05-12,2026-04-25,"P1D","fcre",NA,"ensemble",100,"ChlorophyllMaximum_depth_sample",2.68466784618465,"fDCMdepth_mp","vera4cast"
2026-05-12,2026-04-25,"P1D","fcre",NA,"ensemble",131,"ChlorophyllMaximum_depth_sample",5.81830157527459,"fDCMdepth_mp","vera4cast"
2026-05-13,2026-04-25,"P1D","fcre",NA,"ensemble",7,"ChlorophyllMaximum_depth_sample",4.58154025439292,"fDCMdepth_mp","vera4cast"
2026-05-13,2026-04-25,"P1D","fcre",NA,"ensemble",38,"ChlorophyllMaximum_depth_sample",2.08422904484833,"fDCMdepth_mp","vera4cast"
2026-05-13,2026-04-25,"P1D","fcre",NA,"ensemble",69,"ChlorophyllMaximum_depth_sample",0.747949368397405,"fDCMdepth_mp","vera4cast"
2026-05-13,2026-04-25,"P1D","fcre",NA,"ensemble",100,"ChlorophyllMaximum_depth_sample",4.76944791514938,"fDCMdepth_mp","vera4cast"
2026-05-13,2026-04-25,"P1D","fcre",NA,"ensemble",131,"ChlorophyllMaximum_depth_sample",3.58353625799475,"fDCMdepth_mp","vera4cast"
2026-05-14,2026-04-25,"P1D","fcre",NA,"ensemble",7,"ChlorophyllMaximum_depth_sample",3.11740858653505,"fDCMdepth_mp","vera4cast"
2026-05-14,2026-04-25,"P1D","fcre",NA,"ensemble",38,"ChlorophyllMaximum_depth_sample",1.51239644827785,"fDCMdepth_mp","vera4cast"
2026-05-14,2026-04-25,"P1D","fcre",NA,"ensemble",69,"ChlorophyllMaximum_depth_sample",2.34505146364317,"fDCMdepth_mp","vera4cast"
2026-05-14,2026-04-25,"P1D","fcre",NA,"ensemble",100,"ChlorophyllMaximum_depth_sample",3.78058223792183,"fDCMdepth_mp","vera4cast"
2026-05-14,2026-04-25,"P1D","fcre",NA,"ensemble",131,"ChlorophyllMaximum_depth_sample",3.28039233486808,"fDCMdepth_mp","vera4cast"
2026-05-15,2026-04-25,"P1D","fcre",NA,"ensemble",7,"ChlorophyllMaximum_depth_sample",3.47561733237758,"fDCMdepth_mp","vera4cast"
2026-05-15,2026-04-25,"P1D","fcre",NA,"ensemble",38,"ChlorophyllMaximum_depth_sample",4.74116929385712,"fDCMdepth_mp","vera4cast"
2026-05-15,2026-04-25,"P1D","fcre",NA,"ensemble",69,"ChlorophyllMaximum_depth_sample",1.89648802274819,"fDCMdepth_mp","vera4cast"
2026-05-15,2026-04-25,"P1D","fcre",NA,"ensemble",100,"ChlorophyllMaximum_depth_sample",4.50875165463453,"fDCMdepth_mp","vera4cast"
2026-05-15,2026-04-25,"P1D","fcre",NA,"ensemble",131,"ChlorophyllMaximum_depth_sample",0.771165101161916,"fDCMdepth_mp","vera4cast"
2026-05-16,2026-04-25,"P1D","fcre",NA,"ensemble",7,"ChlorophyllMaximum_depth_sample",4.22004244072108,"fDCMdepth_mp","vera4cast"
2026-05-16,2026-04-25,"P1D","fcre",NA,"ensemble",38,"ChlorophyllMaximum_depth_sample",2.8184627738792,"fDCMdepth_mp","vera4cast"
2026-05-16,2026-04-25,"P1D","fcre",NA,"ensemble",69,"ChlorophyllMaximum_depth_sample",3.94635498157367,"fDCMdepth_mp","vera4cast"
2026-05-16,2026-04-25,"P1D","fcre",NA,"ensemble",100,"ChlorophyllMaximum_depth_sample",6.01786521948021,"fDCMdepth_mp","vera4cast"
2026-05-16,2026-04-25,"P1D","fcre",NA,"ensemble",131,"ChlorophyllMaximum_depth_sample",0.777485847451,"fDCMdepth_mp","vera4cast"
2026-05-17,2026-04-25,"P1D","fcre",NA,"ensemble",7,"ChlorophyllMaximum_depth_sample",3.07512593918164,"fDCMdepth_mp","vera4cast"
2026-05-17,2026-04-25,"P1D","fcre",NA,"ensemble",38,"ChlorophyllMaximum_depth_sample",5.64448621857453,"fDCMdepth_mp","vera4cast"
2026-05-17,2026-04-25,"P1D","fcre",NA,"ensemble",69,"ChlorophyllMaximum_depth_sample",6.71385848967026,"fDCMdepth_mp","vera4cast"
2026-05-17,2026-04-25,"P1D","fcre",NA,"ensemble",100,"ChlorophyllMaximum_depth_sample",5.51016412812688,"fDCMdepth_mp","vera4cast"
2026-05-17,2026-04-25,"P1D","fcre",NA,"ensemble",131,"ChlorophyllMaximum_depth_sample",6.66404812292413,"fDCMdepth_mp","vera4cast"
2026-05-18,2026-04-25,"P1D","fcre",NA,"ensemble",7,"ChlorophyllMaximum_depth_sample",2.61109104344723,"fDCMdepth_mp","vera4cast"
2026-05-18,2026-04-25,"P1D","fcre",NA,"ensemble",38,"ChlorophyllMaximum_depth_sample",1.99455936186921,"fDCMdepth_mp","vera4cast"
2026-05-18,2026-04-25,"P1D","fcre",NA,"ensemble",69,"ChlorophyllMaximum_depth_sample",0.660291262935738,"fDCMdepth_mp","vera4cast"
2026-05-18,2026-04-25,"P1D","fcre",NA,"ensemble",100,"ChlorophyllMaximum_depth_sample",2.44991120042688,"fDCMdepth_mp","vera4cast"
2026-05-18,2026-04-25,"P1D","fcre",NA,"ensemble",131,"ChlorophyllMaximum_depth_sample",0.435179934621661,"fDCMdepth_mp","vera4cast"
2026-05-19,2026-04-25,"P1D","fcre",NA,"ensemble",7,"ChlorophyllMaximum_depth_sample",2.56856049149177,"fDCMdepth_mp","vera4cast"
2026-05-19,2026-04-25,"P1D","fcre",NA,"ensemble",38,"ChlorophyllMaximum_depth_sample",3.35256078099706,"fDCMdepth_mp","vera4cast"
2026-05-19,2026-04-25,"P1D","fcre",NA,"ensemble",69,"ChlorophyllMaximum_depth_sample",3.33324227286328,"fDCMdepth_mp","vera4cast"
2026-05-19,2026-04-25,"P1D","fcre",NA,"ensemble",100,"ChlorophyllMaximum_depth_sample",3.02388738537034,"fDCMdepth_mp","vera4cast"
2026-05-19,2026-04-25,"P1D","fcre",NA,"ensemble",131,"ChlorophyllMaximum_depth_sample",3.17215579039529,"fDCMdepth_mp","vera4cast"
2026-05-20,2026-04-25,"P1D","fcre",NA,"ensemble",7,"ChlorophyllMaximum_depth_sample",5.53054805972749,"fDCMdepth_mp","vera4cast"
2026-05-20,2026-04-25,"P1D","fcre",NA,"ensemble",38,"ChlorophyllMaximum_depth_sample",3.29108794014984,"fDCMdepth_mp","vera4cast"
2026-05-20,2026-04-25,"P1D","fcre",NA,"ensemble",69,"ChlorophyllMaximum_depth_sample",6.39272163800204,"fDCMdepth_mp","vera4cast"
2026-05-20,2026-04-25,"P1D","fcre",NA,"ensemble",100,"ChlorophyllMaximum_depth_sample",3.14646992912658,"fDCMdepth_mp","vera4cast"
2026-05-20,2026-04-25,"P1D","fcre",NA,"ensemble",131,"ChlorophyllMaximum_depth_sample",3.01821719489769,"fDCMdepth_mp","vera4cast"
2026-05-21,2026-04-25,"P1D","fcre",NA,"ensemble",7,"ChlorophyllMaximum_depth_sample",2.70201490982673,"fDCMdepth_mp","vera4cast"
2026-05-21,2026-04-25,"P1D","fcre",NA,"ensemble",38,"ChlorophyllMaximum_depth_sample",2.94167400872249,"fDCMdepth_mp","vera4cast"
2026-05-21,2026-04-25,"P1D","fcre",NA,"ensemble",69,"ChlorophyllMaximum_depth_sample",3.4007022930101,"fDCMdepth_mp","vera4cast"
2026-05-21,2026-04-25,"P1D","fcre",NA,"ensemble",100,"ChlorophyllMaximum_depth_sample",2.44389077975253,"fDCMdepth_mp","vera4cast"
2026-05-21,2026-04-25,"P1D","fcre",NA,"ensemble",131,"ChlorophyllMaximum_depth_sample",4.17638034327622,"fDCMdepth_mp","vera4cast"
2026-05-22,2026-04-25,"P1D","fcre",NA,"ensemble",7,"ChlorophyllMaximum_depth_sample",4.26502280606971,"fDCMdepth_mp","vera4cast"
2026-05-22,2026-04-25,"P1D","fcre",NA,"ensemble",38,"ChlorophyllMaximum_depth_sample",3.97638057144603,"fDCMdepth_mp","vera4cast"
2026-05-22,2026-04-25,"P1D","fcre",NA,"ensemble",69,"ChlorophyllMaximum_depth_sample",3.38906635832979,"fDCMdepth_mp","vera4cast"
2026-05-22,2026-04-25,"P1D","fcre",NA,"ensemble",100,"ChlorophyllMaximum_depth_sample",1.52814966227436,"fDCMdepth_mp","vera4cast"
2026-05-22,2026-04-25,"P1D","fcre",NA,"ensemble",131,"ChlorophyllMaximum_depth_sample",0.713692558617676,"fDCMdepth_mp","vera4cast"
2026-05-23,2026-04-25,"P1D","fcre",NA,"ensemble",7,"ChlorophyllMaximum_depth_sample",4.17576117659153,"fDCMdepth_mp","vera4cast"
2026-05-23,2026-04-25,"P1D","fcre",NA,"ensemble",38,"ChlorophyllMaximum_depth_sample",2.90137693961409,"fDCMdepth_mp","vera4cast"
2026-05-23,2026-04-25,"P1D","fcre",NA,"ensemble",69,"ChlorophyllMaximum_depth_sample",3.64188382237132,"fDCMdepth_mp","vera4cast"
2026-05-23,2026-04-25,"P1D","fcre",NA,"ensemble",100,"ChlorophyllMaximum_depth_sample",5.1504271989603,"fDCMdepth_mp","vera4cast"
2026-05-23,2026-04-25,"P1D","fcre",NA,"ensemble",131,"ChlorophyllMaximum_depth_sample",6.48259422506973,"fDCMdepth_mp","vera4cast"
2026-05-24,2026-04-25,"P1D","fcre",NA,"ensemble",7,"ChlorophyllMaximum_depth_sample",2.72684195372974,"fDCMdepth_mp","vera4cast"
2026-05-24,2026-04-25,"P1D","fcre",NA,"ensemble",38,"ChlorophyllMaximum_depth_sample",3.20897033931134,"fDCMdepth_mp","vera4cast"
2026-05-24,2026-04-25,"P1D","fcre",NA,"ensemble",69,"ChlorophyllMaximum_depth_sample",2.10178610536629,"fDCMdepth_mp","vera4cast"
2026-05-24,2026-04-25,"P1D","fcre",NA,"ensemble",100,"ChlorophyllMaximum_depth_sample",3.65728236752296,"fDCMdepth_mp","vera4cast"
2026-05-24,2026-04-25,"P1D","fcre",NA,"ensemble",131,"ChlorophyllMaximum_depth_sample",3.49052160460982,"fDCMdepth_mp","vera4cast"
2026-05-25,2026-04-25,"P1D","fcre",NA,"ensemble",7,"ChlorophyllMaximum_depth_sample",1.7931378599628,"fDCMdepth_mp","vera4cast"
2026-05-25,2026-04-25,"P1D","fcre",NA,"ensemble",38,"ChlorophyllMaximum_depth_sample",3.65341691544728,"fDCMdepth_mp","vera4cast"
2026-05-25,2026-04-25,"P1D","fcre",NA,"ensemble",69,"ChlorophyllMaximum_depth_sample",3.26112113986306,"fDCMdepth_mp","vera4cast"
2026-05-25,2026-04-25,"P1D","fcre",NA,"ensemble",100,"ChlorophyllMaximum_depth_sample",1.62259198969507,"fDCMdepth_mp","vera4cast"
2026-05-25,2026-04-25,"P1D","fcre",NA,"ensemble",131,"ChlorophyllMaximum_depth_sample",3.87875194517194,"fDCMdepth_mp","vera4cast"
2026-05-26,2026-04-25,"P1D","fcre",NA,"ensemble",7,"ChlorophyllMaximum_depth_sample",1.91574544711444,"fDCMdepth_mp","vera4cast"
2026-05-26,2026-04-25,"P1D","fcre",NA,"ensemble",38,"ChlorophyllMaximum_depth_sample",4.07361908435737,"fDCMdepth_mp","vera4cast"
2026-05-26,2026-04-25,"P1D","fcre",NA,"ensemble",69,"ChlorophyllMaximum_depth_sample",2.83118710695252,"fDCMdepth_mp","vera4cast"
2026-05-26,2026-04-25,"P1D","fcre",NA,"ensemble",100,"ChlorophyllMaximum_depth_sample",3.20783848937327,"fDCMdepth_mp","vera4cast"
2026-05-26,2026-04-25,"P1D","fcre",NA,"ensemble",131,"ChlorophyllMaximum_depth_sample",3.14967580312679,"fDCMdepth_mp","vera4cast"
2026-05-27,2026-04-25,"P1D","fcre",NA,"ensemble",7,"ChlorophyllMaximum_depth_sample",4.38419784043196,"fDCMdepth_mp","vera4cast"
2026-05-27,2026-04-25,"P1D","fcre",NA,"ensemble",38,"ChlorophyllMaximum_depth_sample",3.15244776358491,"fDCMdepth_mp","vera4cast"
2026-05-27,2026-04-25,"P1D","fcre",NA,"ensemble",69,"ChlorophyllMaximum_depth_sample",4.05204324294235,"fDCMdepth_mp","vera4cast"
2026-05-27,2026-04-25,"P1D","fcre",NA,"ensemble",100,"ChlorophyllMaximum_depth_sample",2.10986455763886,"fDCMdepth_mp","vera4cast"
2026-05-27,2026-04-25,"P1D","fcre",NA,"ensemble",131,"ChlorophyllMaximum_depth_sample",1.13049967754261,"fDCMdepth_mp","vera4cast"
2026-05-28,2026-04-25,"P1D","fcre",NA,"ensemble",7,"ChlorophyllMaximum_depth_sample",3.12481792059901,"fDCMdepth_mp","vera4cast"
2026-05-28,2026-04-25,"P1D","fcre",NA,"ensemble",38,"ChlorophyllMaximum_depth_sample",4.14161736235899,"fDCMdepth_mp","vera4cast"
2026-05-28,2026-04-25,"P1D","fcre",NA,"ensemble",69,"ChlorophyllMaximum_depth_sample",2.32833179816757,"fDCMdepth_mp","vera4cast"
2026-05-28,2026-04-25,"P1D","fcre",NA,"ensemble",100,"ChlorophyllMaximum_depth_sample",3.80495465159891,"fDCMdepth_mp","vera4cast"
2026-05-28,2026-04-25,"P1D","fcre",NA,"ensemble",131,"ChlorophyllMaximum_depth_sample",0.153889428934695,"fDCMdepth_mp","vera4cast"
2026-05-29,2026-04-25,"P1D","fcre",NA,"ensemble",7,"ChlorophyllMaximum_depth_sample",2.86524469559121,"fDCMdepth_mp","vera4cast"
2026-05-29,2026-04-25,"P1D","fcre",NA,"ensemble",38,"ChlorophyllMaximum_depth_sample",3.54297555015186,"fDCMdepth_mp","vera4cast"
2026-05-29,2026-04-25,"P1D","fcre",NA,"ensemble",69,"ChlorophyllMaximum_depth_sample",4.17312011457176,"fDCMdepth_mp","vera4cast"
2026-05-29,2026-04-25,"P1D","fcre",NA,"ensemble",100,"ChlorophyllMaximum_depth_sample",2.72381838800662,"fDCMdepth_mp","vera4cast"
2026-05-29,2026-04-25,"P1D","fcre",NA,"ensemble",131,"ChlorophyllMaximum_depth_sample",2.3535673647559,"fDCMdepth_mp","vera4cast"
2026-04-26,2026-04-25,"P1D","fcre",NA,"ensemble",8,"ChlorophyllMaximum_depth_sample",2.73344663059113,"fDCMdepth_mp","vera4cast"
2026-04-26,2026-04-25,"P1D","fcre",NA,"ensemble",39,"ChlorophyllMaximum_depth_sample",3.39069692049863,"fDCMdepth_mp","vera4cast"
2026-04-26,2026-04-25,"P1D","fcre",NA,"ensemble",70,"ChlorophyllMaximum_depth_sample",4.79591049801286,"fDCMdepth_mp","vera4cast"
2026-04-26,2026-04-25,"P1D","fcre",NA,"ensemble",101,"ChlorophyllMaximum_depth_sample",3.27171093040288,"fDCMdepth_mp","vera4cast"
2026-04-26,2026-04-25,"P1D","fcre",NA,"ensemble",132,"ChlorophyllMaximum_depth_sample",4.66807253469564,"fDCMdepth_mp","vera4cast"
2026-04-27,2026-04-25,"P1D","fcre",NA,"ensemble",8,"ChlorophyllMaximum_depth_sample",3.69497375187747,"fDCMdepth_mp","vera4cast"
2026-04-27,2026-04-25,"P1D","fcre",NA,"ensemble",39,"ChlorophyllMaximum_depth_sample",4.15944218652978,"fDCMdepth_mp","vera4cast"
2026-04-27,2026-04-25,"P1D","fcre",NA,"ensemble",70,"ChlorophyllMaximum_depth_sample",3.58199176819225,"fDCMdepth_mp","vera4cast"
2026-04-27,2026-04-25,"P1D","fcre",NA,"ensemble",101,"ChlorophyllMaximum_depth_sample",4.48192158214113,"fDCMdepth_mp","vera4cast"
2026-04-27,2026-04-25,"P1D","fcre",NA,"ensemble",132,"ChlorophyllMaximum_depth_sample",3.06874008650871,"fDCMdepth_mp","vera4cast"
2026-04-28,2026-04-25,"P1D","fcre",NA,"ensemble",8,"ChlorophyllMaximum_depth_sample",3.62217995522836,"fDCMdepth_mp","vera4cast"
2026-04-28,2026-04-25,"P1D","fcre",NA,"ensemble",39,"ChlorophyllMaximum_depth_sample",5.72740353456864,"fDCMdepth_mp","vera4cast"
2026-04-28,2026-04-25,"P1D","fcre",NA,"ensemble",70,"ChlorophyllMaximum_depth_sample",2.28361565002754,"fDCMdepth_mp","vera4cast"
2026-04-28,2026-04-25,"P1D","fcre",NA,"ensemble",101,"ChlorophyllMaximum_depth_sample",3.21218924112661,"fDCMdepth_mp","vera4cast"
2026-04-28,2026-04-25,"P1D","fcre",NA,"ensemble",132,"ChlorophyllMaximum_depth_sample",3.78726211437585,"fDCMdepth_mp","vera4cast"
2026-04-30,2026-04-25,"P1D","fcre",NA,"ensemble",8,"ChlorophyllMaximum_depth_sample",1.74981429490285,"fDCMdepth_mp","vera4cast"
2026-04-30,2026-04-25,"P1D","fcre",NA,"ensemble",39,"ChlorophyllMaximum_depth_sample",2.1352443428445,"fDCMdepth_mp","vera4cast"
2026-04-30,2026-04-25,"P1D","fcre",NA,"ensemble",70,"ChlorophyllMaximum_depth_sample",3.43220454280787,"fDCMdepth_mp","vera4cast"
2026-04-30,2026-04-25,"P1D","fcre",NA,"ensemble",101,"ChlorophyllMaximum_depth_sample",1.35010669284289,"fDCMdepth_mp","vera4cast"
2026-04-30,2026-04-25,"P1D","fcre",NA,"ensemble",132,"ChlorophyllMaximum_depth_sample",0.793345447698576,"fDCMdepth_mp","vera4cast"
2026-05-01,2026-04-25,"P1D","fcre",NA,"ensemble",8,"ChlorophyllMaximum_depth_sample",4.02655341497002,"fDCMdepth_mp","vera4cast"
2026-05-01,2026-04-25,"P1D","fcre",NA,"ensemble",39,"ChlorophyllMaximum_depth_sample",1.74827335696191,"fDCMdepth_mp","vera4cast"
2026-05-01,2026-04-25,"P1D","fcre",NA,"ensemble",70,"ChlorophyllMaximum_depth_sample",3.2679349254184,"fDCMdepth_mp","vera4cast"
2026-05-01,2026-04-25,"P1D","fcre",NA,"ensemble",101,"ChlorophyllMaximum_depth_sample",5.28535397156821,"fDCMdepth_mp","vera4cast"
2026-05-01,2026-04-25,"P1D","fcre",NA,"ensemble",132,"ChlorophyllMaximum_depth_sample",4.71460500855808,"fDCMdepth_mp","vera4cast"
2026-05-02,2026-04-25,"P1D","fcre",NA,"ensemble",8,"ChlorophyllMaximum_depth_sample",1.51440117483193,"fDCMdepth_mp","vera4cast"
2026-05-02,2026-04-25,"P1D","fcre",NA,"ensemble",39,"ChlorophyllMaximum_depth_sample",0.805943324753382,"fDCMdepth_mp","vera4cast"
2026-05-02,2026-04-25,"P1D","fcre",NA,"ensemble",70,"ChlorophyllMaximum_depth_sample",3.63028841233494,"fDCMdepth_mp","vera4cast"
2026-05-02,2026-04-25,"P1D","fcre",NA,"ensemble",101,"ChlorophyllMaximum_depth_sample",2.14244198359213,"fDCMdepth_mp","vera4cast"
2026-05-02,2026-04-25,"P1D","fcre",NA,"ensemble",132,"ChlorophyllMaximum_depth_sample",5.58587502806172,"fDCMdepth_mp","vera4cast"
2026-05-03,2026-04-25,"P1D","fcre",NA,"ensemble",8,"ChlorophyllMaximum_depth_sample",1.87216880108153,"fDCMdepth_mp","vera4cast"
2026-05-03,2026-04-25,"P1D","fcre",NA,"ensemble",39,"ChlorophyllMaximum_depth_sample",5.02361382808791,"fDCMdepth_mp","vera4cast"
2026-05-03,2026-04-25,"P1D","fcre",NA,"ensemble",70,"ChlorophyllMaximum_depth_sample",4.73369518513473,"fDCMdepth_mp","vera4cast"
2026-05-03,2026-04-25,"P1D","fcre",NA,"ensemble",101,"ChlorophyllMaximum_depth_sample",3.84540777247605,"fDCMdepth_mp","vera4cast"
2026-05-03,2026-04-25,"P1D","fcre",NA,"ensemble",132,"ChlorophyllMaximum_depth_sample",2.56690129518652,"fDCMdepth_mp","vera4cast"
2026-05-04,2026-04-25,"P1D","fcre",NA,"ensemble",8,"ChlorophyllMaximum_depth_sample",4.08933062525811,"fDCMdepth_mp","vera4cast"
2026-05-04,2026-04-25,"P1D","fcre",NA,"ensemble",39,"ChlorophyllMaximum_depth_sample",2.70482324825436,"fDCMdepth_mp","vera4cast"
2026-05-04,2026-04-25,"P1D","fcre",NA,"ensemble",70,"ChlorophyllMaximum_depth_sample",4.72177954617697,"fDCMdepth_mp","vera4cast"
2026-05-04,2026-04-25,"P1D","fcre",NA,"ensemble",101,"ChlorophyllMaximum_depth_sample",3.25235002141764,"fDCMdepth_mp","vera4cast"
2026-05-04,2026-04-25,"P1D","fcre",NA,"ensemble",132,"ChlorophyllMaximum_depth_sample",4.26337365837565,"fDCMdepth_mp","vera4cast"
2026-05-05,2026-04-25,"P1D","fcre",NA,"ensemble",8,"ChlorophyllMaximum_depth_sample",1.4815920034884,"fDCMdepth_mp","vera4cast"
2026-05-05,2026-04-25,"P1D","fcre",NA,"ensemble",39,"ChlorophyllMaximum_depth_sample",4.13364126398885,"fDCMdepth_mp","vera4cast"
2026-05-05,2026-04-25,"P1D","fcre",NA,"ensemble",70,"ChlorophyllMaximum_depth_sample",2.4076758652543,"fDCMdepth_mp","vera4cast"
2026-05-05,2026-04-25,"P1D","fcre",NA,"ensemble",101,"ChlorophyllMaximum_depth_sample",5.41912709471108,"fDCMdepth_mp","vera4cast"
2026-05-05,2026-04-25,"P1D","fcre",NA,"ensemble",132,"ChlorophyllMaximum_depth_sample",3.00960083118481,"fDCMdepth_mp","vera4cast"
2026-05-06,2026-04-25,"P1D","fcre",NA,"ensemble",8,"ChlorophyllMaximum_depth_sample",4.4331557999095,"fDCMdepth_mp","vera4cast"
2026-05-06,2026-04-25,"P1D","fcre",NA,"ensemble",39,"ChlorophyllMaximum_depth_sample",3.18979690966262,"fDCMdepth_mp","vera4cast"
2026-05-06,2026-04-25,"P1D","fcre",NA,"ensemble",70,"ChlorophyllMaximum_depth_sample",3.71928063081652,"fDCMdepth_mp","vera4cast"
2026-05-06,2026-04-25,"P1D","fcre",NA,"ensemble",101,"ChlorophyllMaximum_depth_sample",3.13750105508756,"fDCMdepth_mp","vera4cast"
2026-05-06,2026-04-25,"P1D","fcre",NA,"ensemble",132,"ChlorophyllMaximum_depth_sample",2.37427483227641,"fDCMdepth_mp","vera4cast"
2026-04-29,2026-04-25,"P1D","fcre",NA,"ensemble",8,"ChlorophyllMaximum_depth_sample",2.99808688603311,"fDCMdepth_mp","vera4cast"
2026-04-29,2026-04-25,"P1D","fcre",NA,"ensemble",39,"ChlorophyllMaximum_depth_sample",3.4652049313522,"fDCMdepth_mp","vera4cast"
2026-04-29,2026-04-25,"P1D","fcre",NA,"ensemble",70,"ChlorophyllMaximum_depth_sample",-0.00807963542664236,"fDCMdepth_mp","vera4cast"
2026-04-29,2026-04-25,"P1D","fcre",NA,"ensemble",101,"ChlorophyllMaximum_depth_sample",5.20210322616517,"fDCMdepth_mp","vera4cast"
2026-04-29,2026-04-25,"P1D","fcre",NA,"ensemble",132,"ChlorophyllMaximum_depth_sample",4.55419725802805,"fDCMdepth_mp","vera4cast"
2026-05-07,2026-04-25,"P1D","fcre",NA,"ensemble",8,"ChlorophyllMaximum_depth_sample",2.72942899070622,"fDCMdepth_mp","vera4cast"
2026-05-07,2026-04-25,"P1D","fcre",NA,"ensemble",39,"ChlorophyllMaximum_depth_sample",2.61629072211802,"fDCMdepth_mp","vera4cast"
2026-05-07,2026-04-25,"P1D","fcre",NA,"ensemble",70,"ChlorophyllMaximum_depth_sample",2.80072410098871,"fDCMdepth_mp","vera4cast"
2026-05-07,2026-04-25,"P1D","fcre",NA,"ensemble",101,"ChlorophyllMaximum_depth_sample",2.63076436894906,"fDCMdepth_mp","vera4cast"
2026-05-07,2026-04-25,"P1D","fcre",NA,"ensemble",132,"ChlorophyllMaximum_depth_sample",3.74493409274047,"fDCMdepth_mp","vera4cast"
2026-05-08,2026-04-25,"P1D","fcre",NA,"ensemble",8,"ChlorophyllMaximum_depth_sample",0.352039003153233,"fDCMdepth_mp","vera4cast"
2026-05-08,2026-04-25,"P1D","fcre",NA,"ensemble",39,"ChlorophyllMaximum_depth_sample",2.77097152310334,"fDCMdepth_mp","vera4cast"
2026-05-08,2026-04-25,"P1D","fcre",NA,"ensemble",70,"ChlorophyllMaximum_depth_sample",2.2134697854931,"fDCMdepth_mp","vera4cast"
2026-05-08,2026-04-25,"P1D","fcre",NA,"ensemble",101,"ChlorophyllMaximum_depth_sample",5.58194682238814,"fDCMdepth_mp","vera4cast"
2026-05-08,2026-04-25,"P1D","fcre",NA,"ensemble",132,"ChlorophyllMaximum_depth_sample",2.26209594857455,"fDCMdepth_mp","vera4cast"
2026-05-09,2026-04-25,"P1D","fcre",NA,"ensemble",8,"ChlorophyllMaximum_depth_sample",2.5142034041722,"fDCMdepth_mp","vera4cast"
2026-05-09,2026-04-25,"P1D","fcre",NA,"ensemble",39,"ChlorophyllMaximum_depth_sample",3.88965045116068,"fDCMdepth_mp","vera4cast"
2026-05-09,2026-04-25,"P1D","fcre",NA,"ensemble",70,"ChlorophyllMaximum_depth_sample",1.75663199241771,"fDCMdepth_mp","vera4cast"
2026-05-09,2026-04-25,"P1D","fcre",NA,"ensemble",101,"ChlorophyllMaximum_depth_sample",4.24350273048164,"fDCMdepth_mp","vera4cast"
2026-05-09,2026-04-25,"P1D","fcre",NA,"ensemble",132,"ChlorophyllMaximum_depth_sample",4.57310249952887,"fDCMdepth_mp","vera4cast"
2026-05-10,2026-04-25,"P1D","fcre",NA,"ensemble",8,"ChlorophyllMaximum_depth_sample",3.43412067937815,"fDCMdepth_mp","vera4cast"
2026-05-10,2026-04-25,"P1D","fcre",NA,"ensemble",39,"ChlorophyllMaximum_depth_sample",3.07173557673943,"fDCMdepth_mp","vera4cast"
2026-05-10,2026-04-25,"P1D","fcre",NA,"ensemble",70,"ChlorophyllMaximum_depth_sample",2.54168954334978,"fDCMdepth_mp","vera4cast"
2026-05-10,2026-04-25,"P1D","fcre",NA,"ensemble",101,"ChlorophyllMaximum_depth_sample",6.93012288680482,"fDCMdepth_mp","vera4cast"
2026-05-10,2026-04-25,"P1D","fcre",NA,"ensemble",132,"ChlorophyllMaximum_depth_sample",3.5386328994855,"fDCMdepth_mp","vera4cast"
2026-05-11,2026-04-25,"P1D","fcre",NA,"ensemble",8,"ChlorophyllMaximum_depth_sample",0.166355652595786,"fDCMdepth_mp","vera4cast"
2026-05-11,2026-04-25,"P1D","fcre",NA,"ensemble",39,"ChlorophyllMaximum_depth_sample",0.809189703456039,"fDCMdepth_mp","vera4cast"
2026-05-11,2026-04-25,"P1D","fcre",NA,"ensemble",70,"ChlorophyllMaximum_depth_sample",3.0751256952482,"fDCMdepth_mp","vera4cast"
2026-05-11,2026-04-25,"P1D","fcre",NA,"ensemble",101,"ChlorophyllMaximum_depth_sample",3.15093758989529,"fDCMdepth_mp","vera4cast"
2026-05-11,2026-04-25,"P1D","fcre",NA,"ensemble",132,"ChlorophyllMaximum_depth_sample",3.01779918264441,"fDCMdepth_mp","vera4cast"
2026-05-12,2026-04-25,"P1D","fcre",NA,"ensemble",8,"ChlorophyllMaximum_depth_sample",4.42874593849864,"fDCMdepth_mp","vera4cast"
2026-05-12,2026-04-25,"P1D","fcre",NA,"ensemble",39,"ChlorophyllMaximum_depth_sample",3.92793594703132,"fDCMdepth_mp","vera4cast"
2026-05-12,2026-04-25,"P1D","fcre",NA,"ensemble",70,"ChlorophyllMaximum_depth_sample",1.54361825239134,"fDCMdepth_mp","vera4cast"
2026-05-12,2026-04-25,"P1D","fcre",NA,"ensemble",101,"ChlorophyllMaximum_depth_sample",4.16464926464616,"fDCMdepth_mp","vera4cast"
2026-05-12,2026-04-25,"P1D","fcre",NA,"ensemble",132,"ChlorophyllMaximum_depth_sample",4.11234447638764,"fDCMdepth_mp","vera4cast"
2026-05-13,2026-04-25,"P1D","fcre",NA,"ensemble",8,"ChlorophyllMaximum_depth_sample",3.34819184337473,"fDCMdepth_mp","vera4cast"
2026-05-13,2026-04-25,"P1D","fcre",NA,"ensemble",39,"ChlorophyllMaximum_depth_sample",4.1634469181547,"fDCMdepth_mp","vera4cast"
2026-05-13,2026-04-25,"P1D","fcre",NA,"ensemble",70,"ChlorophyllMaximum_depth_sample",3.93922366861412,"fDCMdepth_mp","vera4cast"
2026-05-13,2026-04-25,"P1D","fcre",NA,"ensemble",101,"ChlorophyllMaximum_depth_sample",4.62781334000198,"fDCMdepth_mp","vera4cast"
2026-05-13,2026-04-25,"P1D","fcre",NA,"ensemble",132,"ChlorophyllMaximum_depth_sample",2.65248828502321,"fDCMdepth_mp","vera4cast"
2026-05-14,2026-04-25,"P1D","fcre",NA,"ensemble",8,"ChlorophyllMaximum_depth_sample",1.64184994693674,"fDCMdepth_mp","vera4cast"
2026-05-14,2026-04-25,"P1D","fcre",NA,"ensemble",39,"ChlorophyllMaximum_depth_sample",2.33286080674309,"fDCMdepth_mp","vera4cast"
2026-05-14,2026-04-25,"P1D","fcre",NA,"ensemble",70,"ChlorophyllMaximum_depth_sample",3.27540933800799,"fDCMdepth_mp","vera4cast"
2026-05-14,2026-04-25,"P1D","fcre",NA,"ensemble",101,"ChlorophyllMaximum_depth_sample",2.15150488459829,"fDCMdepth_mp","vera4cast"
2026-05-14,2026-04-25,"P1D","fcre",NA,"ensemble",132,"ChlorophyllMaximum_depth_sample",4.56963506917469,"fDCMdepth_mp","vera4cast"
2026-05-15,2026-04-25,"P1D","fcre",NA,"ensemble",8,"ChlorophyllMaximum_depth_sample",2.67472258365551,"fDCMdepth_mp","vera4cast"
2026-05-15,2026-04-25,"P1D","fcre",NA,"ensemble",39,"ChlorophyllMaximum_depth_sample",4.57205823147146,"fDCMdepth_mp","vera4cast"
2026-05-15,2026-04-25,"P1D","fcre",NA,"ensemble",70,"ChlorophyllMaximum_depth_sample",4.89743726921384,"fDCMdepth_mp","vera4cast"
2026-05-15,2026-04-25,"P1D","fcre",NA,"ensemble",101,"ChlorophyllMaximum_depth_sample",0.283087672178586,"fDCMdepth_mp","vera4cast"
2026-05-15,2026-04-25,"P1D","fcre",NA,"ensemble",132,"ChlorophyllMaximum_depth_sample",2.34224704017684,"fDCMdepth_mp","vera4cast"
2026-05-16,2026-04-25,"P1D","fcre",NA,"ensemble",8,"ChlorophyllMaximum_depth_sample",4.55919674968726,"fDCMdepth_mp","vera4cast"
2026-05-16,2026-04-25,"P1D","fcre",NA,"ensemble",39,"ChlorophyllMaximum_depth_sample",3.84544886354979,"fDCMdepth_mp","vera4cast"
2026-05-16,2026-04-25,"P1D","fcre",NA,"ensemble",70,"ChlorophyllMaximum_depth_sample",4.11104686604619,"fDCMdepth_mp","vera4cast"
2026-05-16,2026-04-25,"P1D","fcre",NA,"ensemble",101,"ChlorophyllMaximum_depth_sample",4.1791043632726,"fDCMdepth_mp","vera4cast"
2026-05-16,2026-04-25,"P1D","fcre",NA,"ensemble",132,"ChlorophyllMaximum_depth_sample",4.23419118283209,"fDCMdepth_mp","vera4cast"
2026-05-17,2026-04-25,"P1D","fcre",NA,"ensemble",8,"ChlorophyllMaximum_depth_sample",1.83105230171244,"fDCMdepth_mp","vera4cast"
2026-05-17,2026-04-25,"P1D","fcre",NA,"ensemble",39,"ChlorophyllMaximum_depth_sample",4.23490067302912,"fDCMdepth_mp","vera4cast"
2026-05-17,2026-04-25,"P1D","fcre",NA,"ensemble",70,"ChlorophyllMaximum_depth_sample",0.350963295989099,"fDCMdepth_mp","vera4cast"
2026-05-17,2026-04-25,"P1D","fcre",NA,"ensemble",101,"ChlorophyllMaximum_depth_sample",4.41834592086698,"fDCMdepth_mp","vera4cast"
2026-05-17,2026-04-25,"P1D","fcre",NA,"ensemble",132,"ChlorophyllMaximum_depth_sample",0.937190558231425,"fDCMdepth_mp","vera4cast"
2026-05-18,2026-04-25,"P1D","fcre",NA,"ensemble",8,"ChlorophyllMaximum_depth_sample",4.79325518374471,"fDCMdepth_mp","vera4cast"
2026-05-18,2026-04-25,"P1D","fcre",NA,"ensemble",39,"ChlorophyllMaximum_depth_sample",4.42166109259898,"fDCMdepth_mp","vera4cast"
2026-05-18,2026-04-25,"P1D","fcre",NA,"ensemble",70,"ChlorophyllMaximum_depth_sample",4.66420102199862,"fDCMdepth_mp","vera4cast"
2026-05-18,2026-04-25,"P1D","fcre",NA,"ensemble",101,"ChlorophyllMaximum_depth_sample",4.50777287752685,"fDCMdepth_mp","vera4cast"
2026-05-18,2026-04-25,"P1D","fcre",NA,"ensemble",132,"ChlorophyllMaximum_depth_sample",3.12706556098612,"fDCMdepth_mp","vera4cast"
2026-05-19,2026-04-25,"P1D","fcre",NA,"ensemble",8,"ChlorophyllMaximum_depth_sample",5.26268340323312,"fDCMdepth_mp","vera4cast"
2026-05-19,2026-04-25,"P1D","fcre",NA,"ensemble",39,"ChlorophyllMaximum_depth_sample",0.473132244675238,"fDCMdepth_mp","vera4cast"
2026-05-19,2026-04-25,"P1D","fcre",NA,"ensemble",70,"ChlorophyllMaximum_depth_sample",1.05826132605932,"fDCMdepth_mp","vera4cast"
2026-05-19,2026-04-25,"P1D","fcre",NA,"ensemble",101,"ChlorophyllMaximum_depth_sample",4.70173460040928,"fDCMdepth_mp","vera4cast"
2026-05-19,2026-04-25,"P1D","fcre",NA,"ensemble",132,"ChlorophyllMaximum_depth_sample",3.43667845310385,"fDCMdepth_mp","vera4cast"
2026-05-20,2026-04-25,"P1D","fcre",NA,"ensemble",8,"ChlorophyllMaximum_depth_sample",0.102844442436591,"fDCMdepth_mp","vera4cast"
2026-05-20,2026-04-25,"P1D","fcre",NA,"ensemble",39,"ChlorophyllMaximum_depth_sample",2.76478795703896,"fDCMdepth_mp","vera4cast"
2026-05-20,2026-04-25,"P1D","fcre",NA,"ensemble",70,"ChlorophyllMaximum_depth_sample",2.53663078423427,"fDCMdepth_mp","vera4cast"
2026-05-20,2026-04-25,"P1D","fcre",NA,"ensemble",101,"ChlorophyllMaximum_depth_sample",1.88814330652912,"fDCMdepth_mp","vera4cast"
2026-05-20,2026-04-25,"P1D","fcre",NA,"ensemble",132,"ChlorophyllMaximum_depth_sample",3.01775491134288,"fDCMdepth_mp","vera4cast"
2026-05-21,2026-04-25,"P1D","fcre",NA,"ensemble",8,"ChlorophyllMaximum_depth_sample",3.02257335926525,"fDCMdepth_mp","vera4cast"
2026-05-21,2026-04-25,"P1D","fcre",NA,"ensemble",39,"ChlorophyllMaximum_depth_sample",3.49418670563398,"fDCMdepth_mp","vera4cast"
2026-05-21,2026-04-25,"P1D","fcre",NA,"ensemble",70,"ChlorophyllMaximum_depth_sample",5.1112499556367,"fDCMdepth_mp","vera4cast"
2026-05-21,2026-04-25,"P1D","fcre",NA,"ensemble",101,"ChlorophyllMaximum_depth_sample",3.18247247398246,"fDCMdepth_mp","vera4cast"
2026-05-21,2026-04-25,"P1D","fcre",NA,"ensemble",132,"ChlorophyllMaximum_depth_sample",3.18073305416092,"fDCMdepth_mp","vera4cast"
2026-05-22,2026-04-25,"P1D","fcre",NA,"ensemble",8,"ChlorophyllMaximum_depth_sample",3.29651285006077,"fDCMdepth_mp","vera4cast"
2026-05-22,2026-04-25,"P1D","fcre",NA,"ensemble",39,"ChlorophyllMaximum_depth_sample",5.46524188336829,"fDCMdepth_mp","vera4cast"
2026-05-22,2026-04-25,"P1D","fcre",NA,"ensemble",70,"ChlorophyllMaximum_depth_sample",3.68870095796656,"fDCMdepth_mp","vera4cast"
2026-05-22,2026-04-25,"P1D","fcre",NA,"ensemble",101,"ChlorophyllMaximum_depth_sample",4.88183431868061,"fDCMdepth_mp","vera4cast"
2026-05-22,2026-04-25,"P1D","fcre",NA,"ensemble",132,"ChlorophyllMaximum_depth_sample",3.80277810461672,"fDCMdepth_mp","vera4cast"
2026-05-23,2026-04-25,"P1D","fcre",NA,"ensemble",8,"ChlorophyllMaximum_depth_sample",4.73970289900715,"fDCMdepth_mp","vera4cast"
2026-05-23,2026-04-25,"P1D","fcre",NA,"ensemble",39,"ChlorophyllMaximum_depth_sample",5.40832337589929,"fDCMdepth_mp","vera4cast"
2026-05-23,2026-04-25,"P1D","fcre",NA,"ensemble",70,"ChlorophyllMaximum_depth_sample",0.563225738268483,"fDCMdepth_mp","vera4cast"
2026-05-23,2026-04-25,"P1D","fcre",NA,"ensemble",101,"ChlorophyllMaximum_depth_sample",5.32542896504863,"fDCMdepth_mp","vera4cast"
2026-05-23,2026-04-25,"P1D","fcre",NA,"ensemble",132,"ChlorophyllMaximum_depth_sample",1.74545175620485,"fDCMdepth_mp","vera4cast"
2026-05-24,2026-04-25,"P1D","fcre",NA,"ensemble",8,"ChlorophyllMaximum_depth_sample",3.41171964560539,"fDCMdepth_mp","vera4cast"
2026-05-24,2026-04-25,"P1D","fcre",NA,"ensemble",39,"ChlorophyllMaximum_depth_sample",4.3617499650043,"fDCMdepth_mp","vera4cast"
2026-05-24,2026-04-25,"P1D","fcre",NA,"ensemble",70,"ChlorophyllMaximum_depth_sample",4.6929380339534,"fDCMdepth_mp","vera4cast"
2026-05-24,2026-04-25,"P1D","fcre",NA,"ensemble",101,"ChlorophyllMaximum_depth_sample",2.49055227023228,"fDCMdepth_mp","vera4cast"
2026-05-24,2026-04-25,"P1D","fcre",NA,"ensemble",132,"ChlorophyllMaximum_depth_sample",5.78556522306782,"fDCMdepth_mp","vera4cast"
2026-05-25,2026-04-25,"P1D","fcre",NA,"ensemble",8,"ChlorophyllMaximum_depth_sample",1.26174394882627,"fDCMdepth_mp","vera4cast"
2026-05-25,2026-04-25,"P1D","fcre",NA,"ensemble",39,"ChlorophyllMaximum_depth_sample",3.04987800051499,"fDCMdepth_mp","vera4cast"
2026-05-25,2026-04-25,"P1D","fcre",NA,"ensemble",70,"ChlorophyllMaximum_depth_sample",3.61729595130315,"fDCMdepth_mp","vera4cast"
2026-05-25,2026-04-25,"P1D","fcre",NA,"ensemble",101,"ChlorophyllMaximum_depth_sample",2.78567128070767,"fDCMdepth_mp","vera4cast"
2026-05-25,2026-04-25,"P1D","fcre",NA,"ensemble",132,"ChlorophyllMaximum_depth_sample",5.81058586174287,"fDCMdepth_mp","vera4cast"
2026-05-26,2026-04-25,"P1D","fcre",NA,"ensemble",8,"ChlorophyllMaximum_depth_sample",0.393661035809246,"fDCMdepth_mp","vera4cast"
2026-05-26,2026-04-25,"P1D","fcre",NA,"ensemble",39,"ChlorophyllMaximum_depth_sample",2.68086903795209,"fDCMdepth_mp","vera4cast"
2026-05-26,2026-04-25,"P1D","fcre",NA,"ensemble",70,"ChlorophyllMaximum_depth_sample",2.37693654873334,"fDCMdepth_mp","vera4cast"
2026-05-26,2026-04-25,"P1D","fcre",NA,"ensemble",101,"ChlorophyllMaximum_depth_sample",3.72886961896222,"fDCMdepth_mp","vera4cast"
2026-05-26,2026-04-25,"P1D","fcre",NA,"ensemble",132,"ChlorophyllMaximum_depth_sample",3.96009900635074,"fDCMdepth_mp","vera4cast"
2026-05-27,2026-04-25,"P1D","fcre",NA,"ensemble",8,"ChlorophyllMaximum_depth_sample",2.42052332524949,"fDCMdepth_mp","vera4cast"
2026-05-27,2026-04-25,"P1D","fcre",NA,"ensemble",39,"ChlorophyllMaximum_depth_sample",2.13853994988319,"fDCMdepth_mp","vera4cast"
2026-05-27,2026-04-25,"P1D","fcre",NA,"ensemble",70,"ChlorophyllMaximum_depth_sample",4.26404576240522,"fDCMdepth_mp","vera4cast"
2026-05-27,2026-04-25,"P1D","fcre",NA,"ensemble",101,"ChlorophyllMaximum_depth_sample",2.03898476296558,"fDCMdepth_mp","vera4cast"
2026-05-27,2026-04-25,"P1D","fcre",NA,"ensemble",132,"ChlorophyllMaximum_depth_sample",4.28982322101855,"fDCMdepth_mp","vera4cast"
2026-05-28,2026-04-25,"P1D","fcre",NA,"ensemble",8,"ChlorophyllMaximum_depth_sample",4.36751337699427,"fDCMdepth_mp","vera4cast"
2026-05-28,2026-04-25,"P1D","fcre",NA,"ensemble",39,"ChlorophyllMaximum_depth_sample",3.81321497033351,"fDCMdepth_mp","vera4cast"
2026-05-28,2026-04-25,"P1D","fcre",NA,"ensemble",70,"ChlorophyllMaximum_depth_sample",4.14969614136635,"fDCMdepth_mp","vera4cast"
2026-05-28,2026-04-25,"P1D","fcre",NA,"ensemble",101,"ChlorophyllMaximum_depth_sample",0.641003244780664,"fDCMdepth_mp","vera4cast"
2026-05-28,2026-04-25,"P1D","fcre",NA,"ensemble",132,"ChlorophyllMaximum_depth_sample",4.01330808955086,"fDCMdepth_mp","vera4cast"
2026-05-29,2026-04-25,"P1D","fcre",NA,"ensemble",8,"ChlorophyllMaximum_depth_sample",0.268732000551397,"fDCMdepth_mp","vera4cast"
2026-05-29,2026-04-25,"P1D","fcre",NA,"ensemble",39,"ChlorophyllMaximum_depth_sample",2.41378088355267,"fDCMdepth_mp","vera4cast"
2026-05-29,2026-04-25,"P1D","fcre",NA,"ensemble",70,"ChlorophyllMaximum_depth_sample",1.94347050612326,"fDCMdepth_mp","vera4cast"
2026-05-29,2026-04-25,"P1D","fcre",NA,"ensemble",101,"ChlorophyllMaximum_depth_sample",4.06822596757327,"fDCMdepth_mp","vera4cast"
2026-05-29,2026-04-25,"P1D","fcre",NA,"ensemble",132,"ChlorophyllMaximum_depth_sample",3.23450596388475,"fDCMdepth_mp","vera4cast"
2026-04-26,2026-04-25,"P1D","fcre",NA,"ensemble",9,"ChlorophyllMaximum_depth_sample",3.84788880866034,"fDCMdepth_mp","vera4cast"
2026-04-26,2026-04-25,"P1D","fcre",NA,"ensemble",40,"ChlorophyllMaximum_depth_sample",2.06810773947122,"fDCMdepth_mp","vera4cast"
2026-04-26,2026-04-25,"P1D","fcre",NA,"ensemble",71,"ChlorophyllMaximum_depth_sample",2.45840081297665,"fDCMdepth_mp","vera4cast"
2026-04-26,2026-04-25,"P1D","fcre",NA,"ensemble",102,"ChlorophyllMaximum_depth_sample",3.03911683211906,"fDCMdepth_mp","vera4cast"
2026-04-26,2026-04-25,"P1D","fcre",NA,"ensemble",133,"ChlorophyllMaximum_depth_sample",2.47939095462129,"fDCMdepth_mp","vera4cast"
2026-04-27,2026-04-25,"P1D","fcre",NA,"ensemble",9,"ChlorophyllMaximum_depth_sample",3.93129193233062,"fDCMdepth_mp","vera4cast"
2026-04-27,2026-04-25,"P1D","fcre",NA,"ensemble",40,"ChlorophyllMaximum_depth_sample",3.11139056123349,"fDCMdepth_mp","vera4cast"
2026-04-27,2026-04-25,"P1D","fcre",NA,"ensemble",71,"ChlorophyllMaximum_depth_sample",2.69475404118655,"fDCMdepth_mp","vera4cast"
2026-04-27,2026-04-25,"P1D","fcre",NA,"ensemble",102,"ChlorophyllMaximum_depth_sample",4.74383619711956,"fDCMdepth_mp","vera4cast"
2026-04-27,2026-04-25,"P1D","fcre",NA,"ensemble",133,"ChlorophyllMaximum_depth_sample",3.3593889243065,"fDCMdepth_mp","vera4cast"
2026-04-28,2026-04-25,"P1D","fcre",NA,"ensemble",9,"ChlorophyllMaximum_depth_sample",3.2604541399096,"fDCMdepth_mp","vera4cast"
2026-04-28,2026-04-25,"P1D","fcre",NA,"ensemble",40,"ChlorophyllMaximum_depth_sample",3.09307992522675,"fDCMdepth_mp","vera4cast"
2026-04-28,2026-04-25,"P1D","fcre",NA,"ensemble",71,"ChlorophyllMaximum_depth_sample",3.35837322837341,"fDCMdepth_mp","vera4cast"
2026-04-28,2026-04-25,"P1D","fcre",NA,"ensemble",102,"ChlorophyllMaximum_depth_sample",2.06499551275339,"fDCMdepth_mp","vera4cast"
2026-04-28,2026-04-25,"P1D","fcre",NA,"ensemble",133,"ChlorophyllMaximum_depth_sample",4.02919161485613,"fDCMdepth_mp","vera4cast"
2026-04-29,2026-04-25,"P1D","fcre",NA,"ensemble",9,"ChlorophyllMaximum_depth_sample",4.74289395128287,"fDCMdepth_mp","vera4cast"
2026-04-29,2026-04-25,"P1D","fcre",NA,"ensemble",40,"ChlorophyllMaximum_depth_sample",2.41415575492737,"fDCMdepth_mp","vera4cast"
2026-04-29,2026-04-25,"P1D","fcre",NA,"ensemble",71,"ChlorophyllMaximum_depth_sample",3.6089881669325,"fDCMdepth_mp","vera4cast"
2026-04-29,2026-04-25,"P1D","fcre",NA,"ensemble",102,"ChlorophyllMaximum_depth_sample",3.17366047694625,"fDCMdepth_mp","vera4cast"
2026-04-29,2026-04-25,"P1D","fcre",NA,"ensemble",133,"ChlorophyllMaximum_depth_sample",2.76069365888993,"fDCMdepth_mp","vera4cast"
2026-04-30,2026-04-25,"P1D","fcre",NA,"ensemble",9,"ChlorophyllMaximum_depth_sample",1.72143024812256,"fDCMdepth_mp","vera4cast"
2026-04-30,2026-04-25,"P1D","fcre",NA,"ensemble",40,"ChlorophyllMaximum_depth_sample",3.34228394305099,"fDCMdepth_mp","vera4cast"
2026-04-30,2026-04-25,"P1D","fcre",NA,"ensemble",71,"ChlorophyllMaximum_depth_sample",5.51862885327686,"fDCMdepth_mp","vera4cast"
2026-04-30,2026-04-25,"P1D","fcre",NA,"ensemble",102,"ChlorophyllMaximum_depth_sample",3.93170197302619,"fDCMdepth_mp","vera4cast"
2026-04-30,2026-04-25,"P1D","fcre",NA,"ensemble",133,"ChlorophyllMaximum_depth_sample",3.25737330903247,"fDCMdepth_mp","vera4cast"
2026-05-01,2026-04-25,"P1D","fcre",NA,"ensemble",9,"ChlorophyllMaximum_depth_sample",3.04455602013828,"fDCMdepth_mp","vera4cast"
2026-05-01,2026-04-25,"P1D","fcre",NA,"ensemble",40,"ChlorophyllMaximum_depth_sample",4.70282039028398,"fDCMdepth_mp","vera4cast"
2026-05-01,2026-04-25,"P1D","fcre",NA,"ensemble",71,"ChlorophyllMaximum_depth_sample",4.06860292655099,"fDCMdepth_mp","vera4cast"
2026-05-01,2026-04-25,"P1D","fcre",NA,"ensemble",102,"ChlorophyllMaximum_depth_sample",4.06730341440308,"fDCMdepth_mp","vera4cast"
2026-05-01,2026-04-25,"P1D","fcre",NA,"ensemble",133,"ChlorophyllMaximum_depth_sample",3.41340624452099,"fDCMdepth_mp","vera4cast"
2026-05-02,2026-04-25,"P1D","fcre",NA,"ensemble",9,"ChlorophyllMaximum_depth_sample",5.30001616663215,"fDCMdepth_mp","vera4cast"
2026-05-02,2026-04-25,"P1D","fcre",NA,"ensemble",40,"ChlorophyllMaximum_depth_sample",1.20608217211809,"fDCMdepth_mp","vera4cast"
2026-05-02,2026-04-25,"P1D","fcre",NA,"ensemble",71,"ChlorophyllMaximum_depth_sample",1.59442478844251,"fDCMdepth_mp","vera4cast"
2026-05-02,2026-04-25,"P1D","fcre",NA,"ensemble",102,"ChlorophyllMaximum_depth_sample",1.46991401593082,"fDCMdepth_mp","vera4cast"
2026-05-02,2026-04-25,"P1D","fcre",NA,"ensemble",133,"ChlorophyllMaximum_depth_sample",1.92239199713722,"fDCMdepth_mp","vera4cast"
2026-05-03,2026-04-25,"P1D","fcre",NA,"ensemble",9,"ChlorophyllMaximum_depth_sample",3.77253718840845,"fDCMdepth_mp","vera4cast"
2026-05-03,2026-04-25,"P1D","fcre",NA,"ensemble",40,"ChlorophyllMaximum_depth_sample",0.983533832554344,"fDCMdepth_mp","vera4cast"
2026-05-03,2026-04-25,"P1D","fcre",NA,"ensemble",71,"ChlorophyllMaximum_depth_sample",5.03639112450048,"fDCMdepth_mp","vera4cast"
2026-05-03,2026-04-25,"P1D","fcre",NA,"ensemble",102,"ChlorophyllMaximum_depth_sample",3.71890025103978,"fDCMdepth_mp","vera4cast"
2026-05-03,2026-04-25,"P1D","fcre",NA,"ensemble",133,"ChlorophyllMaximum_depth_sample",2.79458219272769,"fDCMdepth_mp","vera4cast"
2026-05-04,2026-04-25,"P1D","fcre",NA,"ensemble",9,"ChlorophyllMaximum_depth_sample",2.72770995558283,"fDCMdepth_mp","vera4cast"
2026-05-04,2026-04-25,"P1D","fcre",NA,"ensemble",40,"ChlorophyllMaximum_depth_sample",5.73537372832821,"fDCMdepth_mp","vera4cast"
2026-05-04,2026-04-25,"P1D","fcre",NA,"ensemble",71,"ChlorophyllMaximum_depth_sample",2.81049319014022,"fDCMdepth_mp","vera4cast"
2026-05-04,2026-04-25,"P1D","fcre",NA,"ensemble",102,"ChlorophyllMaximum_depth_sample",2.9226632648705,"fDCMdepth_mp","vera4cast"
2026-05-04,2026-04-25,"P1D","fcre",NA,"ensemble",133,"ChlorophyllMaximum_depth_sample",2.63738603868395,"fDCMdepth_mp","vera4cast"
2026-05-05,2026-04-25,"P1D","fcre",NA,"ensemble",9,"ChlorophyllMaximum_depth_sample",2.57088897569904,"fDCMdepth_mp","vera4cast"
2026-05-05,2026-04-25,"P1D","fcre",NA,"ensemble",40,"ChlorophyllMaximum_depth_sample",2.96689364441454,"fDCMdepth_mp","vera4cast"
2026-05-05,2026-04-25,"P1D","fcre",NA,"ensemble",71,"ChlorophyllMaximum_depth_sample",0.834090880839671,"fDCMdepth_mp","vera4cast"
2026-05-05,2026-04-25,"P1D","fcre",NA,"ensemble",102,"ChlorophyllMaximum_depth_sample",2.17920894819935,"fDCMdepth_mp","vera4cast"
2026-05-05,2026-04-25,"P1D","fcre",NA,"ensemble",133,"ChlorophyllMaximum_depth_sample",1.91962239917413,"fDCMdepth_mp","vera4cast"
2026-05-06,2026-04-25,"P1D","fcre",NA,"ensemble",9,"ChlorophyllMaximum_depth_sample",0.815887615467383,"fDCMdepth_mp","vera4cast"
2026-05-06,2026-04-25,"P1D","fcre",NA,"ensemble",40,"ChlorophyllMaximum_depth_sample",3.98297641747854,"fDCMdepth_mp","vera4cast"
2026-05-06,2026-04-25,"P1D","fcre",NA,"ensemble",71,"ChlorophyllMaximum_depth_sample",5.30085373832634,"fDCMdepth_mp","vera4cast"
2026-05-06,2026-04-25,"P1D","fcre",NA,"ensemble",102,"ChlorophyllMaximum_depth_sample",2.10210015717169,"fDCMdepth_mp","vera4cast"
2026-05-06,2026-04-25,"P1D","fcre",NA,"ensemble",133,"ChlorophyllMaximum_depth_sample",1.93374022526372,"fDCMdepth_mp","vera4cast"
2026-05-07,2026-04-25,"P1D","fcre",NA,"ensemble",9,"ChlorophyllMaximum_depth_sample",4.18606627566753,"fDCMdepth_mp","vera4cast"
2026-05-07,2026-04-25,"P1D","fcre",NA,"ensemble",40,"ChlorophyllMaximum_depth_sample",5.18373260107951,"fDCMdepth_mp","vera4cast"
2026-05-07,2026-04-25,"P1D","fcre",NA,"ensemble",71,"ChlorophyllMaximum_depth_sample",4.44730506797766,"fDCMdepth_mp","vera4cast"
2026-05-07,2026-04-25,"P1D","fcre",NA,"ensemble",102,"ChlorophyllMaximum_depth_sample",4.34303610855904,"fDCMdepth_mp","vera4cast"
2026-05-07,2026-04-25,"P1D","fcre",NA,"ensemble",133,"ChlorophyllMaximum_depth_sample",1.03374790661134,"fDCMdepth_mp","vera4cast"
2026-05-08,2026-04-25,"P1D","fcre",NA,"ensemble",9,"ChlorophyllMaximum_depth_sample",3.99869558601222,"fDCMdepth_mp","vera4cast"
2026-05-08,2026-04-25,"P1D","fcre",NA,"ensemble",40,"ChlorophyllMaximum_depth_sample",3.82541588680158,"fDCMdepth_mp","vera4cast"
2026-05-08,2026-04-25,"P1D","fcre",NA,"ensemble",71,"ChlorophyllMaximum_depth_sample",1.25896204277134,"fDCMdepth_mp","vera4cast"
2026-05-08,2026-04-25,"P1D","fcre",NA,"ensemble",102,"ChlorophyllMaximum_depth_sample",2.67949474696846,"fDCMdepth_mp","vera4cast"
2026-05-08,2026-04-25,"P1D","fcre",NA,"ensemble",133,"ChlorophyllMaximum_depth_sample",3.12714731192289,"fDCMdepth_mp","vera4cast"
2026-05-09,2026-04-25,"P1D","fcre",NA,"ensemble",9,"ChlorophyllMaximum_depth_sample",2.15896319054416,"fDCMdepth_mp","vera4cast"
2026-05-09,2026-04-25,"P1D","fcre",NA,"ensemble",40,"ChlorophyllMaximum_depth_sample",3.46796906130023,"fDCMdepth_mp","vera4cast"
2026-05-09,2026-04-25,"P1D","fcre",NA,"ensemble",71,"ChlorophyllMaximum_depth_sample",1.02459691293991,"fDCMdepth_mp","vera4cast"
2026-05-09,2026-04-25,"P1D","fcre",NA,"ensemble",102,"ChlorophyllMaximum_depth_sample",5.2866013395911,"fDCMdepth_mp","vera4cast"
2026-05-09,2026-04-25,"P1D","fcre",NA,"ensemble",133,"ChlorophyllMaximum_depth_sample",4.06771944546889,"fDCMdepth_mp","vera4cast"
2026-05-10,2026-04-25,"P1D","fcre",NA,"ensemble",9,"ChlorophyllMaximum_depth_sample",4.07374914367373,"fDCMdepth_mp","vera4cast"
2026-05-10,2026-04-25,"P1D","fcre",NA,"ensemble",40,"ChlorophyllMaximum_depth_sample",5.63056192583796,"fDCMdepth_mp","vera4cast"
2026-05-10,2026-04-25,"P1D","fcre",NA,"ensemble",71,"ChlorophyllMaximum_depth_sample",5.44148679379593,"fDCMdepth_mp","vera4cast"
2026-05-10,2026-04-25,"P1D","fcre",NA,"ensemble",102,"ChlorophyllMaximum_depth_sample",3.00885107066413,"fDCMdepth_mp","vera4cast"
2026-05-10,2026-04-25,"P1D","fcre",NA,"ensemble",133,"ChlorophyllMaximum_depth_sample",1.0698054890371,"fDCMdepth_mp","vera4cast"
2026-05-11,2026-04-25,"P1D","fcre",NA,"ensemble",9,"ChlorophyllMaximum_depth_sample",4.31193579107646,"fDCMdepth_mp","vera4cast"
2026-05-11,2026-04-25,"P1D","fcre",NA,"ensemble",40,"ChlorophyllMaximum_depth_sample",5.33273801518665,"fDCMdepth_mp","vera4cast"
2026-05-11,2026-04-25,"P1D","fcre",NA,"ensemble",71,"ChlorophyllMaximum_depth_sample",5.02939027171628,"fDCMdepth_mp","vera4cast"
2026-05-11,2026-04-25,"P1D","fcre",NA,"ensemble",102,"ChlorophyllMaximum_depth_sample",1.17500483725938,"fDCMdepth_mp","vera4cast"
2026-05-11,2026-04-25,"P1D","fcre",NA,"ensemble",133,"ChlorophyllMaximum_depth_sample",2.29322962369266,"fDCMdepth_mp","vera4cast"
2026-05-12,2026-04-25,"P1D","fcre",NA,"ensemble",9,"ChlorophyllMaximum_depth_sample",2.61737947696672,"fDCMdepth_mp","vera4cast"
2026-05-12,2026-04-25,"P1D","fcre",NA,"ensemble",40,"ChlorophyllMaximum_depth_sample",1.7710731037225,"fDCMdepth_mp","vera4cast"
2026-05-12,2026-04-25,"P1D","fcre",NA,"ensemble",71,"ChlorophyllMaximum_depth_sample",4.40232941233766,"fDCMdepth_mp","vera4cast"
2026-05-12,2026-04-25,"P1D","fcre",NA,"ensemble",102,"ChlorophyllMaximum_depth_sample",2.35482660747179,"fDCMdepth_mp","vera4cast"
2026-05-12,2026-04-25,"P1D","fcre",NA,"ensemble",133,"ChlorophyllMaximum_depth_sample",3.58145850463924,"fDCMdepth_mp","vera4cast"
2026-05-13,2026-04-25,"P1D","fcre",NA,"ensemble",9,"ChlorophyllMaximum_depth_sample",1.52305408100157,"fDCMdepth_mp","vera4cast"
2026-05-13,2026-04-25,"P1D","fcre",NA,"ensemble",40,"ChlorophyllMaximum_depth_sample",3.53156344529195,"fDCMdepth_mp","vera4cast"
2026-05-13,2026-04-25,"P1D","fcre",NA,"ensemble",71,"ChlorophyllMaximum_depth_sample",4.14793403878503,"fDCMdepth_mp","vera4cast"
2026-05-13,2026-04-25,"P1D","fcre",NA,"ensemble",102,"ChlorophyllMaximum_depth_sample",4.12552608447506,"fDCMdepth_mp","vera4cast"
2026-05-13,2026-04-25,"P1D","fcre",NA,"ensemble",133,"ChlorophyllMaximum_depth_sample",1.8356686102288,"fDCMdepth_mp","vera4cast"
2026-05-14,2026-04-25,"P1D","fcre",NA,"ensemble",9,"ChlorophyllMaximum_depth_sample",2.69231873024479,"fDCMdepth_mp","vera4cast"
2026-05-14,2026-04-25,"P1D","fcre",NA,"ensemble",40,"ChlorophyllMaximum_depth_sample",3.02106464897693,"fDCMdepth_mp","vera4cast"
2026-05-14,2026-04-25,"P1D","fcre",NA,"ensemble",71,"ChlorophyllMaximum_depth_sample",2.50174751147842,"fDCMdepth_mp","vera4cast"
2026-05-14,2026-04-25,"P1D","fcre",NA,"ensemble",102,"ChlorophyllMaximum_depth_sample",2.25531600292408,"fDCMdepth_mp","vera4cast"
2026-05-14,2026-04-25,"P1D","fcre",NA,"ensemble",133,"ChlorophyllMaximum_depth_sample",3.67298934626297,"fDCMdepth_mp","vera4cast"
2026-05-15,2026-04-25,"P1D","fcre",NA,"ensemble",9,"ChlorophyllMaximum_depth_sample",-0.00191535425371292,"fDCMdepth_mp","vera4cast"
2026-05-15,2026-04-25,"P1D","fcre",NA,"ensemble",40,"ChlorophyllMaximum_depth_sample",-0.514286352156737,"fDCMdepth_mp","vera4cast"
2026-05-15,2026-04-25,"P1D","fcre",NA,"ensemble",71,"ChlorophyllMaximum_depth_sample",2.52557115359834,"fDCMdepth_mp","vera4cast"
2026-05-15,2026-04-25,"P1D","fcre",NA,"ensemble",102,"ChlorophyllMaximum_depth_sample",3.35646967428217,"fDCMdepth_mp","vera4cast"
2026-05-15,2026-04-25,"P1D","fcre",NA,"ensemble",133,"ChlorophyllMaximum_depth_sample",1.25092729866134,"fDCMdepth_mp","vera4cast"
2026-05-16,2026-04-25,"P1D","fcre",NA,"ensemble",9,"ChlorophyllMaximum_depth_sample",3.08870392128774,"fDCMdepth_mp","vera4cast"
2026-05-16,2026-04-25,"P1D","fcre",NA,"ensemble",40,"ChlorophyllMaximum_depth_sample",3.80949934618013,"fDCMdepth_mp","vera4cast"
2026-05-16,2026-04-25,"P1D","fcre",NA,"ensemble",71,"ChlorophyllMaximum_depth_sample",4.28219951784892,"fDCMdepth_mp","vera4cast"
2026-05-16,2026-04-25,"P1D","fcre",NA,"ensemble",102,"ChlorophyllMaximum_depth_sample",2.66998741345986,"fDCMdepth_mp","vera4cast"
2026-05-16,2026-04-25,"P1D","fcre",NA,"ensemble",133,"ChlorophyllMaximum_depth_sample",2.15480236536556,"fDCMdepth_mp","vera4cast"
2026-05-17,2026-04-25,"P1D","fcre",NA,"ensemble",9,"ChlorophyllMaximum_depth_sample",2.1141453332041,"fDCMdepth_mp","vera4cast"
2026-05-17,2026-04-25,"P1D","fcre",NA,"ensemble",40,"ChlorophyllMaximum_depth_sample",3.50974048374166,"fDCMdepth_mp","vera4cast"
2026-05-17,2026-04-25,"P1D","fcre",NA,"ensemble",71,"ChlorophyllMaximum_depth_sample",2.34930053183784,"fDCMdepth_mp","vera4cast"
2026-05-17,2026-04-25,"P1D","fcre",NA,"ensemble",102,"ChlorophyllMaximum_depth_sample",0.264963205790132,"fDCMdepth_mp","vera4cast"
2026-05-17,2026-04-25,"P1D","fcre",NA,"ensemble",133,"ChlorophyllMaximum_depth_sample",0.285858594204439,"fDCMdepth_mp","vera4cast"
2026-05-18,2026-04-25,"P1D","fcre",NA,"ensemble",9,"ChlorophyllMaximum_depth_sample",3.83063232904398,"fDCMdepth_mp","vera4cast"
2026-05-18,2026-04-25,"P1D","fcre",NA,"ensemble",40,"ChlorophyllMaximum_depth_sample",3.47348993666102,"fDCMdepth_mp","vera4cast"
2026-05-18,2026-04-25,"P1D","fcre",NA,"ensemble",71,"ChlorophyllMaximum_depth_sample",1.74881981258606,"fDCMdepth_mp","vera4cast"
2026-05-18,2026-04-25,"P1D","fcre",NA,"ensemble",102,"ChlorophyllMaximum_depth_sample",4.50294073576577,"fDCMdepth_mp","vera4cast"
2026-05-18,2026-04-25,"P1D","fcre",NA,"ensemble",133,"ChlorophyllMaximum_depth_sample",4.87299491642146,"fDCMdepth_mp","vera4cast"
2026-05-19,2026-04-25,"P1D","fcre",NA,"ensemble",9,"ChlorophyllMaximum_depth_sample",0.2943471356945,"fDCMdepth_mp","vera4cast"
2026-05-19,2026-04-25,"P1D","fcre",NA,"ensemble",40,"ChlorophyllMaximum_depth_sample",2.6318800945491,"fDCMdepth_mp","vera4cast"
2026-05-19,2026-04-25,"P1D","fcre",NA,"ensemble",71,"ChlorophyllMaximum_depth_sample",5.27741324071369,"fDCMdepth_mp","vera4cast"
2026-05-19,2026-04-25,"P1D","fcre",NA,"ensemble",102,"ChlorophyllMaximum_depth_sample",0.265205334263506,"fDCMdepth_mp","vera4cast"
2026-05-19,2026-04-25,"P1D","fcre",NA,"ensemble",133,"ChlorophyllMaximum_depth_sample",4.23706108937345,"fDCMdepth_mp","vera4cast"
2026-05-20,2026-04-25,"P1D","fcre",NA,"ensemble",9,"ChlorophyllMaximum_depth_sample",1.40659797499411,"fDCMdepth_mp","vera4cast"
2026-05-20,2026-04-25,"P1D","fcre",NA,"ensemble",40,"ChlorophyllMaximum_depth_sample",3.47949274450499,"fDCMdepth_mp","vera4cast"
2026-05-20,2026-04-25,"P1D","fcre",NA,"ensemble",71,"ChlorophyllMaximum_depth_sample",3.25533013236545,"fDCMdepth_mp","vera4cast"
2026-05-20,2026-04-25,"P1D","fcre",NA,"ensemble",102,"ChlorophyllMaximum_depth_sample",2.77690088036414,"fDCMdepth_mp","vera4cast"
2026-05-20,2026-04-25,"P1D","fcre",NA,"ensemble",133,"ChlorophyllMaximum_depth_sample",5.13204282470192,"fDCMdepth_mp","vera4cast"
2026-05-21,2026-04-25,"P1D","fcre",NA,"ensemble",9,"ChlorophyllMaximum_depth_sample",1.74319872141864,"fDCMdepth_mp","vera4cast"
2026-05-21,2026-04-25,"P1D","fcre",NA,"ensemble",40,"ChlorophyllMaximum_depth_sample",3.80857338529892,"fDCMdepth_mp","vera4cast"
2026-05-21,2026-04-25,"P1D","fcre",NA,"ensemble",71,"ChlorophyllMaximum_depth_sample",2.34042348600369,"fDCMdepth_mp","vera4cast"
2026-05-21,2026-04-25,"P1D","fcre",NA,"ensemble",102,"ChlorophyllMaximum_depth_sample",3.6573102392307,"fDCMdepth_mp","vera4cast"
2026-05-21,2026-04-25,"P1D","fcre",NA,"ensemble",133,"ChlorophyllMaximum_depth_sample",4.4252441229047,"fDCMdepth_mp","vera4cast"
2026-05-22,2026-04-25,"P1D","fcre",NA,"ensemble",9,"ChlorophyllMaximum_depth_sample",4.22655459267427,"fDCMdepth_mp","vera4cast"
2026-05-22,2026-04-25,"P1D","fcre",NA,"ensemble",40,"ChlorophyllMaximum_depth_sample",1.78785264630029,"fDCMdepth_mp","vera4cast"
2026-05-22,2026-04-25,"P1D","fcre",NA,"ensemble",71,"ChlorophyllMaximum_depth_sample",4.45255267324168,"fDCMdepth_mp","vera4cast"
2026-05-22,2026-04-25,"P1D","fcre",NA,"ensemble",102,"ChlorophyllMaximum_depth_sample",2.73934424590899,"fDCMdepth_mp","vera4cast"
2026-05-22,2026-04-25,"P1D","fcre",NA,"ensemble",133,"ChlorophyllMaximum_depth_sample",3.25862276363486,"fDCMdepth_mp","vera4cast"
2026-05-23,2026-04-25,"P1D","fcre",NA,"ensemble",9,"ChlorophyllMaximum_depth_sample",2.72567266821674,"fDCMdepth_mp","vera4cast"
2026-05-23,2026-04-25,"P1D","fcre",NA,"ensemble",40,"ChlorophyllMaximum_depth_sample",4.38789871417287,"fDCMdepth_mp","vera4cast"
2026-05-23,2026-04-25,"P1D","fcre",NA,"ensemble",71,"ChlorophyllMaximum_depth_sample",4.24573650792175,"fDCMdepth_mp","vera4cast"
2026-05-23,2026-04-25,"P1D","fcre",NA,"ensemble",102,"ChlorophyllMaximum_depth_sample",2.11144179116754,"fDCMdepth_mp","vera4cast"
2026-05-23,2026-04-25,"P1D","fcre",NA,"ensemble",133,"ChlorophyllMaximum_depth_sample",4.550503133944,"fDCMdepth_mp","vera4cast"
2026-05-24,2026-04-25,"P1D","fcre",NA,"ensemble",9,"ChlorophyllMaximum_depth_sample",3.0290933645503,"fDCMdepth_mp","vera4cast"
2026-05-24,2026-04-25,"P1D","fcre",NA,"ensemble",40,"ChlorophyllMaximum_depth_sample",2.66738975014036,"fDCMdepth_mp","vera4cast"
2026-05-24,2026-04-25,"P1D","fcre",NA,"ensemble",71,"ChlorophyllMaximum_depth_sample",2.63173070716274,"fDCMdepth_mp","vera4cast"
2026-05-24,2026-04-25,"P1D","fcre",NA,"ensemble",102,"ChlorophyllMaximum_depth_sample",2.33233904073621,"fDCMdepth_mp","vera4cast"
2026-05-24,2026-04-25,"P1D","fcre",NA,"ensemble",133,"ChlorophyllMaximum_depth_sample",2.86608508326748,"fDCMdepth_mp","vera4cast"
2026-05-25,2026-04-25,"P1D","fcre",NA,"ensemble",9,"ChlorophyllMaximum_depth_sample",4.95149587328151,"fDCMdepth_mp","vera4cast"
2026-05-25,2026-04-25,"P1D","fcre",NA,"ensemble",40,"ChlorophyllMaximum_depth_sample",4.10523678172224,"fDCMdepth_mp","vera4cast"
2026-05-25,2026-04-25,"P1D","fcre",NA,"ensemble",71,"ChlorophyllMaximum_depth_sample",3.95254167195672,"fDCMdepth_mp","vera4cast"
2026-05-25,2026-04-25,"P1D","fcre",NA,"ensemble",102,"ChlorophyllMaximum_depth_sample",3.78421302656013,"fDCMdepth_mp","vera4cast"
2026-05-25,2026-04-25,"P1D","fcre",NA,"ensemble",133,"ChlorophyllMaximum_depth_sample",3.29209031805013,"fDCMdepth_mp","vera4cast"
2026-05-26,2026-04-25,"P1D","fcre",NA,"ensemble",9,"ChlorophyllMaximum_depth_sample",0.827022060255444,"fDCMdepth_mp","vera4cast"
2026-05-26,2026-04-25,"P1D","fcre",NA,"ensemble",40,"ChlorophyllMaximum_depth_sample",0.05716149183236,"fDCMdepth_mp","vera4cast"
2026-05-26,2026-04-25,"P1D","fcre",NA,"ensemble",71,"ChlorophyllMaximum_depth_sample",3.74764427296518,"fDCMdepth_mp","vera4cast"
2026-05-26,2026-04-25,"P1D","fcre",NA,"ensemble",102,"ChlorophyllMaximum_depth_sample",1.70889930027628,"fDCMdepth_mp","vera4cast"
2026-05-26,2026-04-25,"P1D","fcre",NA,"ensemble",133,"ChlorophyllMaximum_depth_sample",2.35540047957377,"fDCMdepth_mp","vera4cast"
2026-05-27,2026-04-25,"P1D","fcre",NA,"ensemble",9,"ChlorophyllMaximum_depth_sample",3.93878484468745,"fDCMdepth_mp","vera4cast"
2026-05-27,2026-04-25,"P1D","fcre",NA,"ensemble",40,"ChlorophyllMaximum_depth_sample",3.83067647050821,"fDCMdepth_mp","vera4cast"
2026-05-27,2026-04-25,"P1D","fcre",NA,"ensemble",71,"ChlorophyllMaximum_depth_sample",2.17771216041157,"fDCMdepth_mp","vera4cast"
2026-05-27,2026-04-25,"P1D","fcre",NA,"ensemble",102,"ChlorophyllMaximum_depth_sample",3.87933134586817,"fDCMdepth_mp","vera4cast"
2026-05-27,2026-04-25,"P1D","fcre",NA,"ensemble",133,"ChlorophyllMaximum_depth_sample",2.57586356346686,"fDCMdepth_mp","vera4cast"
2026-05-28,2026-04-25,"P1D","fcre",NA,"ensemble",9,"ChlorophyllMaximum_depth_sample",2.0340011342034,"fDCMdepth_mp","vera4cast"
2026-05-28,2026-04-25,"P1D","fcre",NA,"ensemble",40,"ChlorophyllMaximum_depth_sample",3.50463940830977,"fDCMdepth_mp","vera4cast"
2026-05-28,2026-04-25,"P1D","fcre",NA,"ensemble",71,"ChlorophyllMaximum_depth_sample",2.89934576475764,"fDCMdepth_mp","vera4cast"
2026-05-28,2026-04-25,"P1D","fcre",NA,"ensemble",102,"ChlorophyllMaximum_depth_sample",3.6894286347403,"fDCMdepth_mp","vera4cast"
2026-05-28,2026-04-25,"P1D","fcre",NA,"ensemble",133,"ChlorophyllMaximum_depth_sample",0.533610628124211,"fDCMdepth_mp","vera4cast"
2026-05-29,2026-04-25,"P1D","fcre",NA,"ensemble",9,"ChlorophyllMaximum_depth_sample",1.96956837529301,"fDCMdepth_mp","vera4cast"
2026-05-29,2026-04-25,"P1D","fcre",NA,"ensemble",40,"ChlorophyllMaximum_depth_sample",5.40458580791959,"fDCMdepth_mp","vera4cast"
2026-05-29,2026-04-25,"P1D","fcre",NA,"ensemble",71,"ChlorophyllMaximum_depth_sample",3.02720969981172,"fDCMdepth_mp","vera4cast"
2026-05-29,2026-04-25,"P1D","fcre",NA,"ensemble",102,"ChlorophyllMaximum_depth_sample",3.06098206649983,"fDCMdepth_mp","vera4cast"
2026-05-29,2026-04-25,"P1D","fcre",NA,"ensemble",133,"ChlorophyllMaximum_depth_sample",3.44929409655732,"fDCMdepth_mp","vera4cast"
2026-04-26,2026-04-25,"P1D","fcre",NA,"ensemble",10,"ChlorophyllMaximum_depth_sample",3.25815265332867,"fDCMdepth_mp","vera4cast"
2026-04-26,2026-04-25,"P1D","fcre",NA,"ensemble",41,"ChlorophyllMaximum_depth_sample",1.63435815625044,"fDCMdepth_mp","vera4cast"
2026-04-26,2026-04-25,"P1D","fcre",NA,"ensemble",72,"ChlorophyllMaximum_depth_sample",2.42511503948428,"fDCMdepth_mp","vera4cast"
2026-04-26,2026-04-25,"P1D","fcre",NA,"ensemble",103,"ChlorophyllMaximum_depth_sample",4.16526440070415,"fDCMdepth_mp","vera4cast"
2026-04-26,2026-04-25,"P1D","fcre",NA,"ensemble",134,"ChlorophyllMaximum_depth_sample",1.87966335964444,"fDCMdepth_mp","vera4cast"
2026-04-27,2026-04-25,"P1D","fcre",NA,"ensemble",10,"ChlorophyllMaximum_depth_sample",1.393435777611,"fDCMdepth_mp","vera4cast"
2026-04-27,2026-04-25,"P1D","fcre",NA,"ensemble",41,"ChlorophyllMaximum_depth_sample",5.09005014890896,"fDCMdepth_mp","vera4cast"
2026-04-27,2026-04-25,"P1D","fcre",NA,"ensemble",72,"ChlorophyllMaximum_depth_sample",5.08813679182613,"fDCMdepth_mp","vera4cast"
2026-04-27,2026-04-25,"P1D","fcre",NA,"ensemble",103,"ChlorophyllMaximum_depth_sample",3.42660698340758,"fDCMdepth_mp","vera4cast"
2026-04-27,2026-04-25,"P1D","fcre",NA,"ensemble",134,"ChlorophyllMaximum_depth_sample",1.44829916824715,"fDCMdepth_mp","vera4cast"
2026-04-28,2026-04-25,"P1D","fcre",NA,"ensemble",10,"ChlorophyllMaximum_depth_sample",3.3449310067356,"fDCMdepth_mp","vera4cast"
2026-04-28,2026-04-25,"P1D","fcre",NA,"ensemble",41,"ChlorophyllMaximum_depth_sample",1.66294791743843,"fDCMdepth_mp","vera4cast"
2026-04-28,2026-04-25,"P1D","fcre",NA,"ensemble",72,"ChlorophyllMaximum_depth_sample",3.21010303962436,"fDCMdepth_mp","vera4cast"
2026-04-28,2026-04-25,"P1D","fcre",NA,"ensemble",103,"ChlorophyllMaximum_depth_sample",1.18846369838798,"fDCMdepth_mp","vera4cast"
2026-04-28,2026-04-25,"P1D","fcre",NA,"ensemble",134,"ChlorophyllMaximum_depth_sample",2.67752199206858,"fDCMdepth_mp","vera4cast"
2026-04-29,2026-04-25,"P1D","fcre",NA,"ensemble",10,"ChlorophyllMaximum_depth_sample",3.11046213744807,"fDCMdepth_mp","vera4cast"
2026-04-29,2026-04-25,"P1D","fcre",NA,"ensemble",41,"ChlorophyllMaximum_depth_sample",4.82687819134465,"fDCMdepth_mp","vera4cast"
2026-04-29,2026-04-25,"P1D","fcre",NA,"ensemble",72,"ChlorophyllMaximum_depth_sample",3.32918812923799,"fDCMdepth_mp","vera4cast"
2026-04-29,2026-04-25,"P1D","fcre",NA,"ensemble",103,"ChlorophyllMaximum_depth_sample",2.50261575666477,"fDCMdepth_mp","vera4cast"
2026-04-29,2026-04-25,"P1D","fcre",NA,"ensemble",134,"ChlorophyllMaximum_depth_sample",2.31624998087802,"fDCMdepth_mp","vera4cast"
2026-04-30,2026-04-25,"P1D","fcre",NA,"ensemble",10,"ChlorophyllMaximum_depth_sample",3.38735044310512,"fDCMdepth_mp","vera4cast"
2026-04-30,2026-04-25,"P1D","fcre",NA,"ensemble",41,"ChlorophyllMaximum_depth_sample",2.70531070544691,"fDCMdepth_mp","vera4cast"
2026-04-30,2026-04-25,"P1D","fcre",NA,"ensemble",72,"ChlorophyllMaximum_depth_sample",2.58445735120622,"fDCMdepth_mp","vera4cast"
2026-04-30,2026-04-25,"P1D","fcre",NA,"ensemble",103,"ChlorophyllMaximum_depth_sample",2.59021603749119,"fDCMdepth_mp","vera4cast"
2026-04-30,2026-04-25,"P1D","fcre",NA,"ensemble",134,"ChlorophyllMaximum_depth_sample",2.33152592756567,"fDCMdepth_mp","vera4cast"
2026-05-01,2026-04-25,"P1D","fcre",NA,"ensemble",10,"ChlorophyllMaximum_depth_sample",4.33069414549953,"fDCMdepth_mp","vera4cast"
2026-05-01,2026-04-25,"P1D","fcre",NA,"ensemble",41,"ChlorophyllMaximum_depth_sample",2.76714728441606,"fDCMdepth_mp","vera4cast"
2026-05-01,2026-04-25,"P1D","fcre",NA,"ensemble",72,"ChlorophyllMaximum_depth_sample",1.68383159182397,"fDCMdepth_mp","vera4cast"
2026-05-01,2026-04-25,"P1D","fcre",NA,"ensemble",103,"ChlorophyllMaximum_depth_sample",4.18880953090142,"fDCMdepth_mp","vera4cast"
2026-05-01,2026-04-25,"P1D","fcre",NA,"ensemble",134,"ChlorophyllMaximum_depth_sample",0.0280933919039317,"fDCMdepth_mp","vera4cast"
2026-05-02,2026-04-25,"P1D","fcre",NA,"ensemble",10,"ChlorophyllMaximum_depth_sample",2.18173299214668,"fDCMdepth_mp","vera4cast"
2026-05-02,2026-04-25,"P1D","fcre",NA,"ensemble",41,"ChlorophyllMaximum_depth_sample",2.16606352366062,"fDCMdepth_mp","vera4cast"
2026-05-02,2026-04-25,"P1D","fcre",NA,"ensemble",72,"ChlorophyllMaximum_depth_sample",1.66439521366367,"fDCMdepth_mp","vera4cast"
2026-05-02,2026-04-25,"P1D","fcre",NA,"ensemble",103,"ChlorophyllMaximum_depth_sample",1.81761011749506,"fDCMdepth_mp","vera4cast"
2026-05-02,2026-04-25,"P1D","fcre",NA,"ensemble",134,"ChlorophyllMaximum_depth_sample",2.47095745457775,"fDCMdepth_mp","vera4cast"
2026-05-03,2026-04-25,"P1D","fcre",NA,"ensemble",10,"ChlorophyllMaximum_depth_sample",6.07869593855804,"fDCMdepth_mp","vera4cast"
2026-05-03,2026-04-25,"P1D","fcre",NA,"ensemble",41,"ChlorophyllMaximum_depth_sample",4.20505501074322,"fDCMdepth_mp","vera4cast"
2026-05-03,2026-04-25,"P1D","fcre",NA,"ensemble",72,"ChlorophyllMaximum_depth_sample",3.71058728973666,"fDCMdepth_mp","vera4cast"
2026-05-03,2026-04-25,"P1D","fcre",NA,"ensemble",103,"ChlorophyllMaximum_depth_sample",0.99433571255925,"fDCMdepth_mp","vera4cast"
2026-05-03,2026-04-25,"P1D","fcre",NA,"ensemble",134,"ChlorophyllMaximum_depth_sample",2.94440222883333,"fDCMdepth_mp","vera4cast"
2026-05-04,2026-04-25,"P1D","fcre",NA,"ensemble",10,"ChlorophyllMaximum_depth_sample",2.091237267783,"fDCMdepth_mp","vera4cast"
2026-05-04,2026-04-25,"P1D","fcre",NA,"ensemble",41,"ChlorophyllMaximum_depth_sample",5.92031192339728,"fDCMdepth_mp","vera4cast"
2026-05-04,2026-04-25,"P1D","fcre",NA,"ensemble",72,"ChlorophyllMaximum_depth_sample",4.52020178189665,"fDCMdepth_mp","vera4cast"
2026-05-04,2026-04-25,"P1D","fcre",NA,"ensemble",103,"ChlorophyllMaximum_depth_sample",2.58540518643075,"fDCMdepth_mp","vera4cast"
2026-05-04,2026-04-25,"P1D","fcre",NA,"ensemble",134,"ChlorophyllMaximum_depth_sample",0.79173263511097,"fDCMdepth_mp","vera4cast"
2026-05-05,2026-04-25,"P1D","fcre",NA,"ensemble",10,"ChlorophyllMaximum_depth_sample",3.04971811755782,"fDCMdepth_mp","vera4cast"
2026-05-05,2026-04-25,"P1D","fcre",NA,"ensemble",41,"ChlorophyllMaximum_depth_sample",4.16309931314431,"fDCMdepth_mp","vera4cast"
2026-05-05,2026-04-25,"P1D","fcre",NA,"ensemble",72,"ChlorophyllMaximum_depth_sample",4.39695037151975,"fDCMdepth_mp","vera4cast"
2026-05-05,2026-04-25,"P1D","fcre",NA,"ensemble",103,"ChlorophyllMaximum_depth_sample",1.21862045747017,"fDCMdepth_mp","vera4cast"
2026-05-05,2026-04-25,"P1D","fcre",NA,"ensemble",134,"ChlorophyllMaximum_depth_sample",3.26382620326178,"fDCMdepth_mp","vera4cast"
2026-05-06,2026-04-25,"P1D","fcre",NA,"ensemble",10,"ChlorophyllMaximum_depth_sample",4.70065943188964,"fDCMdepth_mp","vera4cast"
2026-05-06,2026-04-25,"P1D","fcre",NA,"ensemble",41,"ChlorophyllMaximum_depth_sample",1.11161050352883,"fDCMdepth_mp","vera4cast"
2026-05-06,2026-04-25,"P1D","fcre",NA,"ensemble",72,"ChlorophyllMaximum_depth_sample",1.70089491888004,"fDCMdepth_mp","vera4cast"
2026-05-06,2026-04-25,"P1D","fcre",NA,"ensemble",103,"ChlorophyllMaximum_depth_sample",2.09618516162578,"fDCMdepth_mp","vera4cast"
2026-05-06,2026-04-25,"P1D","fcre",NA,"ensemble",134,"ChlorophyllMaximum_depth_sample",6.01703459614033,"fDCMdepth_mp","vera4cast"
2026-05-07,2026-04-25,"P1D","fcre",NA,"ensemble",10,"ChlorophyllMaximum_depth_sample",1.39254593278208,"fDCMdepth_mp","vera4cast"
2026-05-07,2026-04-25,"P1D","fcre",NA,"ensemble",41,"ChlorophyllMaximum_depth_sample",4.59186327085307,"fDCMdepth_mp","vera4cast"
2026-05-07,2026-04-25,"P1D","fcre",NA,"ensemble",72,"ChlorophyllMaximum_depth_sample",1.42001168572493,"fDCMdepth_mp","vera4cast"
2026-05-07,2026-04-25,"P1D","fcre",NA,"ensemble",103,"ChlorophyllMaximum_depth_sample",5.53275776339895,"fDCMdepth_mp","vera4cast"
2026-05-07,2026-04-25,"P1D","fcre",NA,"ensemble",134,"ChlorophyllMaximum_depth_sample",5.10022130118556,"fDCMdepth_mp","vera4cast"
2026-05-08,2026-04-25,"P1D","fcre",NA,"ensemble",10,"ChlorophyllMaximum_depth_sample",2.48500281757823,"fDCMdepth_mp","vera4cast"
2026-05-08,2026-04-25,"P1D","fcre",NA,"ensemble",41,"ChlorophyllMaximum_depth_sample",5.15569367957888,"fDCMdepth_mp","vera4cast"
2026-05-08,2026-04-25,"P1D","fcre",NA,"ensemble",72,"ChlorophyllMaximum_depth_sample",2.10064660430285,"fDCMdepth_mp","vera4cast"
2026-05-08,2026-04-25,"P1D","fcre",NA,"ensemble",103,"ChlorophyllMaximum_depth_sample",3.25060310156434,"fDCMdepth_mp","vera4cast"
2026-05-08,2026-04-25,"P1D","fcre",NA,"ensemble",134,"ChlorophyllMaximum_depth_sample",2.95262300270538,"fDCMdepth_mp","vera4cast"
2026-05-09,2026-04-25,"P1D","fcre",NA,"ensemble",10,"ChlorophyllMaximum_depth_sample",1.90336698506725,"fDCMdepth_mp","vera4cast"
2026-05-09,2026-04-25,"P1D","fcre",NA,"ensemble",41,"ChlorophyllMaximum_depth_sample",2.47208020425098,"fDCMdepth_mp","vera4cast"
2026-05-09,2026-04-25,"P1D","fcre",NA,"ensemble",72,"ChlorophyllMaximum_depth_sample",2.28829503337668,"fDCMdepth_mp","vera4cast"
2026-05-09,2026-04-25,"P1D","fcre",NA,"ensemble",103,"ChlorophyllMaximum_depth_sample",2.61137282813961,"fDCMdepth_mp","vera4cast"
2026-05-09,2026-04-25,"P1D","fcre",NA,"ensemble",134,"ChlorophyllMaximum_depth_sample",1.27207398932767,"fDCMdepth_mp","vera4cast"
2026-05-10,2026-04-25,"P1D","fcre",NA,"ensemble",10,"ChlorophyllMaximum_depth_sample",2.48668215849003,"fDCMdepth_mp","vera4cast"
2026-05-10,2026-04-25,"P1D","fcre",NA,"ensemble",41,"ChlorophyllMaximum_depth_sample",1.81304908649676,"fDCMdepth_mp","vera4cast"
2026-05-10,2026-04-25,"P1D","fcre",NA,"ensemble",72,"ChlorophyllMaximum_depth_sample",6.07936551541384,"fDCMdepth_mp","vera4cast"
2026-05-10,2026-04-25,"P1D","fcre",NA,"ensemble",103,"ChlorophyllMaximum_depth_sample",3.75536172349205,"fDCMdepth_mp","vera4cast"
2026-05-10,2026-04-25,"P1D","fcre",NA,"ensemble",134,"ChlorophyllMaximum_depth_sample",4.23172615884868,"fDCMdepth_mp","vera4cast"
2026-05-11,2026-04-25,"P1D","fcre",NA,"ensemble",10,"ChlorophyllMaximum_depth_sample",3.90528263978306,"fDCMdepth_mp","vera4cast"
2026-05-11,2026-04-25,"P1D","fcre",NA,"ensemble",41,"ChlorophyllMaximum_depth_sample",3.00023600779214,"fDCMdepth_mp","vera4cast"
2026-05-11,2026-04-25,"P1D","fcre",NA,"ensemble",72,"ChlorophyllMaximum_depth_sample",2.28822070616787,"fDCMdepth_mp","vera4cast"
2026-05-11,2026-04-25,"P1D","fcre",NA,"ensemble",103,"ChlorophyllMaximum_depth_sample",3.17644525445078,"fDCMdepth_mp","vera4cast"
2026-05-11,2026-04-25,"P1D","fcre",NA,"ensemble",134,"ChlorophyllMaximum_depth_sample",4.21581145660628,"fDCMdepth_mp","vera4cast"
2026-05-12,2026-04-25,"P1D","fcre",NA,"ensemble",10,"ChlorophyllMaximum_depth_sample",5.75452779354811,"fDCMdepth_mp","vera4cast"
2026-05-12,2026-04-25,"P1D","fcre",NA,"ensemble",41,"ChlorophyllMaximum_depth_sample",2.54216515960358,"fDCMdepth_mp","vera4cast"
2026-05-12,2026-04-25,"P1D","fcre",NA,"ensemble",72,"ChlorophyllMaximum_depth_sample",3.39062452880214,"fDCMdepth_mp","vera4cast"
2026-05-12,2026-04-25,"P1D","fcre",NA,"ensemble",103,"ChlorophyllMaximum_depth_sample",4.61798303967936,"fDCMdepth_mp","vera4cast"
2026-05-12,2026-04-25,"P1D","fcre",NA,"ensemble",134,"ChlorophyllMaximum_depth_sample",4.10690674503592,"fDCMdepth_mp","vera4cast"
2026-05-13,2026-04-25,"P1D","fcre",NA,"ensemble",10,"ChlorophyllMaximum_depth_sample",4.08144442562424,"fDCMdepth_mp","vera4cast"
2026-05-13,2026-04-25,"P1D","fcre",NA,"ensemble",41,"ChlorophyllMaximum_depth_sample",4.71611579773384,"fDCMdepth_mp","vera4cast"
2026-05-13,2026-04-25,"P1D","fcre",NA,"ensemble",72,"ChlorophyllMaximum_depth_sample",3.80788577208374,"fDCMdepth_mp","vera4cast"
2026-05-13,2026-04-25,"P1D","fcre",NA,"ensemble",103,"ChlorophyllMaximum_depth_sample",1.70772097653824,"fDCMdepth_mp","vera4cast"
2026-05-13,2026-04-25,"P1D","fcre",NA,"ensemble",134,"ChlorophyllMaximum_depth_sample",2.91117222867786,"fDCMdepth_mp","vera4cast"
2026-05-14,2026-04-25,"P1D","fcre",NA,"ensemble",10,"ChlorophyllMaximum_depth_sample",4.05819467757824,"fDCMdepth_mp","vera4cast"
2026-05-14,2026-04-25,"P1D","fcre",NA,"ensemble",41,"ChlorophyllMaximum_depth_sample",3.66130937478945,"fDCMdepth_mp","vera4cast"
2026-05-14,2026-04-25,"P1D","fcre",NA,"ensemble",72,"ChlorophyllMaximum_depth_sample",3.31937416557034,"fDCMdepth_mp","vera4cast"
2026-05-14,2026-04-25,"P1D","fcre",NA,"ensemble",103,"ChlorophyllMaximum_depth_sample",1.87789676006302,"fDCMdepth_mp","vera4cast"
2026-05-14,2026-04-25,"P1D","fcre",NA,"ensemble",134,"ChlorophyllMaximum_depth_sample",4.15071013986644,"fDCMdepth_mp","vera4cast"
2026-05-15,2026-04-25,"P1D","fcre",NA,"ensemble",10,"ChlorophyllMaximum_depth_sample",5.19384683297355,"fDCMdepth_mp","vera4cast"
2026-05-15,2026-04-25,"P1D","fcre",NA,"ensemble",41,"ChlorophyllMaximum_depth_sample",1.52921056986991,"fDCMdepth_mp","vera4cast"
2026-05-15,2026-04-25,"P1D","fcre",NA,"ensemble",72,"ChlorophyllMaximum_depth_sample",3.80475930531498,"fDCMdepth_mp","vera4cast"
2026-05-15,2026-04-25,"P1D","fcre",NA,"ensemble",103,"ChlorophyllMaximum_depth_sample",3.376816414514,"fDCMdepth_mp","vera4cast"
2026-05-15,2026-04-25,"P1D","fcre",NA,"ensemble",134,"ChlorophyllMaximum_depth_sample",2.93757059771891,"fDCMdepth_mp","vera4cast"
2026-05-16,2026-04-25,"P1D","fcre",NA,"ensemble",10,"ChlorophyllMaximum_depth_sample",3.39467328989002,"fDCMdepth_mp","vera4cast"
2026-05-16,2026-04-25,"P1D","fcre",NA,"ensemble",41,"ChlorophyllMaximum_depth_sample",3.45608584138173,"fDCMdepth_mp","vera4cast"
2026-05-16,2026-04-25,"P1D","fcre",NA,"ensemble",72,"ChlorophyllMaximum_depth_sample",4.36394519156486,"fDCMdepth_mp","vera4cast"
2026-05-16,2026-04-25,"P1D","fcre",NA,"ensemble",103,"ChlorophyllMaximum_depth_sample",2.59147860618611,"fDCMdepth_mp","vera4cast"
2026-05-16,2026-04-25,"P1D","fcre",NA,"ensemble",134,"ChlorophyllMaximum_depth_sample",3.89470215641665,"fDCMdepth_mp","vera4cast"
2026-05-17,2026-04-25,"P1D","fcre",NA,"ensemble",10,"ChlorophyllMaximum_depth_sample",6.30255167707364,"fDCMdepth_mp","vera4cast"
2026-05-17,2026-04-25,"P1D","fcre",NA,"ensemble",41,"ChlorophyllMaximum_depth_sample",1.91929537002491,"fDCMdepth_mp","vera4cast"
2026-05-17,2026-04-25,"P1D","fcre",NA,"ensemble",72,"ChlorophyllMaximum_depth_sample",3.33156841722529,"fDCMdepth_mp","vera4cast"
2026-05-17,2026-04-25,"P1D","fcre",NA,"ensemble",103,"ChlorophyllMaximum_depth_sample",2.76566332655955,"fDCMdepth_mp","vera4cast"
2026-05-17,2026-04-25,"P1D","fcre",NA,"ensemble",134,"ChlorophyllMaximum_depth_sample",5.79477649248084,"fDCMdepth_mp","vera4cast"
2026-05-18,2026-04-25,"P1D","fcre",NA,"ensemble",10,"ChlorophyllMaximum_depth_sample",1.88426266871984,"fDCMdepth_mp","vera4cast"
2026-05-18,2026-04-25,"P1D","fcre",NA,"ensemble",41,"ChlorophyllMaximum_depth_sample",1.87222359820671,"fDCMdepth_mp","vera4cast"
2026-05-18,2026-04-25,"P1D","fcre",NA,"ensemble",72,"ChlorophyllMaximum_depth_sample",4.41926061972141,"fDCMdepth_mp","vera4cast"
2026-05-18,2026-04-25,"P1D","fcre",NA,"ensemble",103,"ChlorophyllMaximum_depth_sample",2.99279830506329,"fDCMdepth_mp","vera4cast"
2026-05-18,2026-04-25,"P1D","fcre",NA,"ensemble",134,"ChlorophyllMaximum_depth_sample",2.95621906267435,"fDCMdepth_mp","vera4cast"
2026-05-19,2026-04-25,"P1D","fcre",NA,"ensemble",10,"ChlorophyllMaximum_depth_sample",3.44406838676734,"fDCMdepth_mp","vera4cast"
2026-05-19,2026-04-25,"P1D","fcre",NA,"ensemble",41,"ChlorophyllMaximum_depth_sample",3.69161363495085,"fDCMdepth_mp","vera4cast"
2026-05-19,2026-04-25,"P1D","fcre",NA,"ensemble",72,"ChlorophyllMaximum_depth_sample",4.51980867239312,"fDCMdepth_mp","vera4cast"
2026-05-19,2026-04-25,"P1D","fcre",NA,"ensemble",103,"ChlorophyllMaximum_depth_sample",3.23711085910259,"fDCMdepth_mp","vera4cast"
2026-05-19,2026-04-25,"P1D","fcre",NA,"ensemble",134,"ChlorophyllMaximum_depth_sample",1.00249998678758,"fDCMdepth_mp","vera4cast"
2026-05-20,2026-04-25,"P1D","fcre",NA,"ensemble",10,"ChlorophyllMaximum_depth_sample",1.13206067974985,"fDCMdepth_mp","vera4cast"
2026-05-20,2026-04-25,"P1D","fcre",NA,"ensemble",41,"ChlorophyllMaximum_depth_sample",4.01590606856123,"fDCMdepth_mp","vera4cast"
2026-05-20,2026-04-25,"P1D","fcre",NA,"ensemble",72,"ChlorophyllMaximum_depth_sample",0.690962475122953,"fDCMdepth_mp","vera4cast"
2026-05-20,2026-04-25,"P1D","fcre",NA,"ensemble",103,"ChlorophyllMaximum_depth_sample",1.37345630598403,"fDCMdepth_mp","vera4cast"
2026-05-20,2026-04-25,"P1D","fcre",NA,"ensemble",134,"ChlorophyllMaximum_depth_sample",2.77896707468323,"fDCMdepth_mp","vera4cast"
2026-05-21,2026-04-25,"P1D","fcre",NA,"ensemble",10,"ChlorophyllMaximum_depth_sample",3.46603997392022,"fDCMdepth_mp","vera4cast"
2026-05-21,2026-04-25,"P1D","fcre",NA,"ensemble",41,"ChlorophyllMaximum_depth_sample",3.9712543131935,"fDCMdepth_mp","vera4cast"
2026-05-21,2026-04-25,"P1D","fcre",NA,"ensemble",72,"ChlorophyllMaximum_depth_sample",3.39559821959288,"fDCMdepth_mp","vera4cast"
2026-05-21,2026-04-25,"P1D","fcre",NA,"ensemble",103,"ChlorophyllMaximum_depth_sample",3.40020595433057,"fDCMdepth_mp","vera4cast"
2026-05-21,2026-04-25,"P1D","fcre",NA,"ensemble",134,"ChlorophyllMaximum_depth_sample",3.3612707775796,"fDCMdepth_mp","vera4cast"
2026-05-22,2026-04-25,"P1D","fcre",NA,"ensemble",10,"ChlorophyllMaximum_depth_sample",1.53814552455908,"fDCMdepth_mp","vera4cast"
2026-05-22,2026-04-25,"P1D","fcre",NA,"ensemble",41,"ChlorophyllMaximum_depth_sample",3.50491409873123,"fDCMdepth_mp","vera4cast"
2026-05-22,2026-04-25,"P1D","fcre",NA,"ensemble",72,"ChlorophyllMaximum_depth_sample",1.05999322923483,"fDCMdepth_mp","vera4cast"
2026-05-22,2026-04-25,"P1D","fcre",NA,"ensemble",103,"ChlorophyllMaximum_depth_sample",1.88842238115155,"fDCMdepth_mp","vera4cast"
2026-05-22,2026-04-25,"P1D","fcre",NA,"ensemble",134,"ChlorophyllMaximum_depth_sample",4.12411518096659,"fDCMdepth_mp","vera4cast"
2026-05-23,2026-04-25,"P1D","fcre",NA,"ensemble",10,"ChlorophyllMaximum_depth_sample",3.03510613983282,"fDCMdepth_mp","vera4cast"
2026-05-23,2026-04-25,"P1D","fcre",NA,"ensemble",41,"ChlorophyllMaximum_depth_sample",1.63450179673893,"fDCMdepth_mp","vera4cast"
2026-05-23,2026-04-25,"P1D","fcre",NA,"ensemble",72,"ChlorophyllMaximum_depth_sample",1.87464194494832,"fDCMdepth_mp","vera4cast"
2026-05-23,2026-04-25,"P1D","fcre",NA,"ensemble",103,"ChlorophyllMaximum_depth_sample",1.79808584492799,"fDCMdepth_mp","vera4cast"
2026-05-23,2026-04-25,"P1D","fcre",NA,"ensemble",134,"ChlorophyllMaximum_depth_sample",3.60016024924103,"fDCMdepth_mp","vera4cast"
2026-05-24,2026-04-25,"P1D","fcre",NA,"ensemble",10,"ChlorophyllMaximum_depth_sample",2.55311280747065,"fDCMdepth_mp","vera4cast"
2026-05-24,2026-04-25,"P1D","fcre",NA,"ensemble",41,"ChlorophyllMaximum_depth_sample",2.17686115395366,"fDCMdepth_mp","vera4cast"
2026-05-24,2026-04-25,"P1D","fcre",NA,"ensemble",72,"ChlorophyllMaximum_depth_sample",2.61331981393164,"fDCMdepth_mp","vera4cast"
2026-05-24,2026-04-25,"P1D","fcre",NA,"ensemble",103,"ChlorophyllMaximum_depth_sample",5.68399803651345,"fDCMdepth_mp","vera4cast"
2026-05-24,2026-04-25,"P1D","fcre",NA,"ensemble",134,"ChlorophyllMaximum_depth_sample",3.85823293184581,"fDCMdepth_mp","vera4cast"
2026-05-25,2026-04-25,"P1D","fcre",NA,"ensemble",10,"ChlorophyllMaximum_depth_sample",4.67086828876277,"fDCMdepth_mp","vera4cast"
2026-05-25,2026-04-25,"P1D","fcre",NA,"ensemble",41,"ChlorophyllMaximum_depth_sample",4.15008416655395,"fDCMdepth_mp","vera4cast"
2026-05-25,2026-04-25,"P1D","fcre",NA,"ensemble",72,"ChlorophyllMaximum_depth_sample",3.20507031754732,"fDCMdepth_mp","vera4cast"
2026-05-25,2026-04-25,"P1D","fcre",NA,"ensemble",103,"ChlorophyllMaximum_depth_sample",2.84157857348944,"fDCMdepth_mp","vera4cast"
2026-05-25,2026-04-25,"P1D","fcre",NA,"ensemble",134,"ChlorophyllMaximum_depth_sample",1.62158228444088,"fDCMdepth_mp","vera4cast"
2026-05-26,2026-04-25,"P1D","fcre",NA,"ensemble",10,"ChlorophyllMaximum_depth_sample",3.50327042294129,"fDCMdepth_mp","vera4cast"
2026-05-26,2026-04-25,"P1D","fcre",NA,"ensemble",41,"ChlorophyllMaximum_depth_sample",3.22494156004812,"fDCMdepth_mp","vera4cast"
2026-05-26,2026-04-25,"P1D","fcre",NA,"ensemble",72,"ChlorophyllMaximum_depth_sample",2.87095155918284,"fDCMdepth_mp","vera4cast"
2026-05-26,2026-04-25,"P1D","fcre",NA,"ensemble",103,"ChlorophyllMaximum_depth_sample",3.9527498227302,"fDCMdepth_mp","vera4cast"
2026-05-26,2026-04-25,"P1D","fcre",NA,"ensemble",134,"ChlorophyllMaximum_depth_sample",3.3118166403068,"fDCMdepth_mp","vera4cast"
2026-05-27,2026-04-25,"P1D","fcre",NA,"ensemble",10,"ChlorophyllMaximum_depth_sample",1.64123488303176,"fDCMdepth_mp","vera4cast"
2026-05-27,2026-04-25,"P1D","fcre",NA,"ensemble",41,"ChlorophyllMaximum_depth_sample",3.96873089409318,"fDCMdepth_mp","vera4cast"
2026-05-27,2026-04-25,"P1D","fcre",NA,"ensemble",72,"ChlorophyllMaximum_depth_sample",2.95220907470329,"fDCMdepth_mp","vera4cast"
2026-05-27,2026-04-25,"P1D","fcre",NA,"ensemble",103,"ChlorophyllMaximum_depth_sample",2.91463596522191,"fDCMdepth_mp","vera4cast"
2026-05-27,2026-04-25,"P1D","fcre",NA,"ensemble",134,"ChlorophyllMaximum_depth_sample",4.14997265856822,"fDCMdepth_mp","vera4cast"
2026-05-28,2026-04-25,"P1D","fcre",NA,"ensemble",10,"ChlorophyllMaximum_depth_sample",4.30744179451842,"fDCMdepth_mp","vera4cast"
2026-05-28,2026-04-25,"P1D","fcre",NA,"ensemble",41,"ChlorophyllMaximum_depth_sample",3.73451280012894,"fDCMdepth_mp","vera4cast"
2026-05-28,2026-04-25,"P1D","fcre",NA,"ensemble",72,"ChlorophyllMaximum_depth_sample",4.3976986972786,"fDCMdepth_mp","vera4cast"
2026-05-28,2026-04-25,"P1D","fcre",NA,"ensemble",103,"ChlorophyllMaximum_depth_sample",3.68628642891795,"fDCMdepth_mp","vera4cast"
2026-05-28,2026-04-25,"P1D","fcre",NA,"ensemble",134,"ChlorophyllMaximum_depth_sample",5.18787942843127,"fDCMdepth_mp","vera4cast"
2026-05-29,2026-04-25,"P1D","fcre",NA,"ensemble",10,"ChlorophyllMaximum_depth_sample",5.970591595589,"fDCMdepth_mp","vera4cast"
2026-05-29,2026-04-25,"P1D","fcre",NA,"ensemble",41,"ChlorophyllMaximum_depth_sample",3.46846616659045,"fDCMdepth_mp","vera4cast"
2026-05-29,2026-04-25,"P1D","fcre",NA,"ensemble",72,"ChlorophyllMaximum_depth_sample",2.05740608801437,"fDCMdepth_mp","vera4cast"
2026-05-29,2026-04-25,"P1D","fcre",NA,"ensemble",103,"ChlorophyllMaximum_depth_sample",0.898847423514798,"fDCMdepth_mp","vera4cast"
2026-05-29,2026-04-25,"P1D","fcre",NA,"ensemble",134,"ChlorophyllMaximum_depth_sample",1.06615038367058,"fDCMdepth_mp","vera4cast"
2026-04-26,2026-04-25,"P1D","fcre",NA,"ensemble",11,"ChlorophyllMaximum_depth_sample",3.24591329819536,"fDCMdepth_mp","vera4cast"
2026-04-26,2026-04-25,"P1D","fcre",NA,"ensemble",42,"ChlorophyllMaximum_depth_sample",0.145626755673116,"fDCMdepth_mp","vera4cast"
2026-04-26,2026-04-25,"P1D","fcre",NA,"ensemble",73,"ChlorophyllMaximum_depth_sample",2.34298286825179,"fDCMdepth_mp","vera4cast"
2026-04-26,2026-04-25,"P1D","fcre",NA,"ensemble",104,"ChlorophyllMaximum_depth_sample",3.29939756020517,"fDCMdepth_mp","vera4cast"
2026-04-26,2026-04-25,"P1D","fcre",NA,"ensemble",135,"ChlorophyllMaximum_depth_sample",4.85942153689316,"fDCMdepth_mp","vera4cast"
2026-04-27,2026-04-25,"P1D","fcre",NA,"ensemble",11,"ChlorophyllMaximum_depth_sample",3.11043376777601,"fDCMdepth_mp","vera4cast"
2026-04-27,2026-04-25,"P1D","fcre",NA,"ensemble",42,"ChlorophyllMaximum_depth_sample",5.76653535000016,"fDCMdepth_mp","vera4cast"
2026-04-27,2026-04-25,"P1D","fcre",NA,"ensemble",73,"ChlorophyllMaximum_depth_sample",3.27795877190465,"fDCMdepth_mp","vera4cast"
2026-04-27,2026-04-25,"P1D","fcre",NA,"ensemble",104,"ChlorophyllMaximum_depth_sample",3.39731732976837,"fDCMdepth_mp","vera4cast"
2026-04-27,2026-04-25,"P1D","fcre",NA,"ensemble",135,"ChlorophyllMaximum_depth_sample",2.47395792212969,"fDCMdepth_mp","vera4cast"
2026-04-28,2026-04-25,"P1D","fcre",NA,"ensemble",11,"ChlorophyllMaximum_depth_sample",1.65148340881691,"fDCMdepth_mp","vera4cast"
2026-04-28,2026-04-25,"P1D","fcre",NA,"ensemble",42,"ChlorophyllMaximum_depth_sample",1.0052095351645,"fDCMdepth_mp","vera4cast"
2026-04-28,2026-04-25,"P1D","fcre",NA,"ensemble",73,"ChlorophyllMaximum_depth_sample",2.10969881154548,"fDCMdepth_mp","vera4cast"
2026-04-28,2026-04-25,"P1D","fcre",NA,"ensemble",104,"ChlorophyllMaximum_depth_sample",2.80387983210503,"fDCMdepth_mp","vera4cast"
2026-04-28,2026-04-25,"P1D","fcre",NA,"ensemble",135,"ChlorophyllMaximum_depth_sample",-1.3337934985122,"fDCMdepth_mp","vera4cast"
2026-04-29,2026-04-25,"P1D","fcre",NA,"ensemble",11,"ChlorophyllMaximum_depth_sample",1.66749351586024,"fDCMdepth_mp","vera4cast"
2026-04-29,2026-04-25,"P1D","fcre",NA,"ensemble",42,"ChlorophyllMaximum_depth_sample",2.78471680001659,"fDCMdepth_mp","vera4cast"
2026-04-29,2026-04-25,"P1D","fcre",NA,"ensemble",73,"ChlorophyllMaximum_depth_sample",3.30526662906819,"fDCMdepth_mp","vera4cast"
2026-04-29,2026-04-25,"P1D","fcre",NA,"ensemble",104,"ChlorophyllMaximum_depth_sample",3.24303270275448,"fDCMdepth_mp","vera4cast"
2026-04-29,2026-04-25,"P1D","fcre",NA,"ensemble",135,"ChlorophyllMaximum_depth_sample",1.88400912817517,"fDCMdepth_mp","vera4cast"
2026-04-30,2026-04-25,"P1D","fcre",NA,"ensemble",11,"ChlorophyllMaximum_depth_sample",2.48209490956846,"fDCMdepth_mp","vera4cast"
2026-04-30,2026-04-25,"P1D","fcre",NA,"ensemble",42,"ChlorophyllMaximum_depth_sample",3.81923636730845,"fDCMdepth_mp","vera4cast"
2026-04-30,2026-04-25,"P1D","fcre",NA,"ensemble",73,"ChlorophyllMaximum_depth_sample",3.88368378172954,"fDCMdepth_mp","vera4cast"
2026-04-30,2026-04-25,"P1D","fcre",NA,"ensemble",104,"ChlorophyllMaximum_depth_sample",3.55480009071285,"fDCMdepth_mp","vera4cast"
2026-04-30,2026-04-25,"P1D","fcre",NA,"ensemble",135,"ChlorophyllMaximum_depth_sample",3.62689038749638,"fDCMdepth_mp","vera4cast"
2026-05-01,2026-04-25,"P1D","fcre",NA,"ensemble",11,"ChlorophyllMaximum_depth_sample",1.74093069821779,"fDCMdepth_mp","vera4cast"
2026-05-01,2026-04-25,"P1D","fcre",NA,"ensemble",42,"ChlorophyllMaximum_depth_sample",2.00011109650901,"fDCMdepth_mp","vera4cast"
2026-05-01,2026-04-25,"P1D","fcre",NA,"ensemble",73,"ChlorophyllMaximum_depth_sample",4.73937627846849,"fDCMdepth_mp","vera4cast"
2026-05-01,2026-04-25,"P1D","fcre",NA,"ensemble",104,"ChlorophyllMaximum_depth_sample",2.68888356014504,"fDCMdepth_mp","vera4cast"
2026-05-01,2026-04-25,"P1D","fcre",NA,"ensemble",135,"ChlorophyllMaximum_depth_sample",4.25756163729974,"fDCMdepth_mp","vera4cast"
2026-05-02,2026-04-25,"P1D","fcre",NA,"ensemble",11,"ChlorophyllMaximum_depth_sample",5.25847543049612,"fDCMdepth_mp","vera4cast"
2026-05-02,2026-04-25,"P1D","fcre",NA,"ensemble",42,"ChlorophyllMaximum_depth_sample",2.36795770839477,"fDCMdepth_mp","vera4cast"
2026-05-02,2026-04-25,"P1D","fcre",NA,"ensemble",73,"ChlorophyllMaximum_depth_sample",4.42142711520034,"fDCMdepth_mp","vera4cast"
2026-05-02,2026-04-25,"P1D","fcre",NA,"ensemble",104,"ChlorophyllMaximum_depth_sample",4.4607199549425,"fDCMdepth_mp","vera4cast"
2026-05-02,2026-04-25,"P1D","fcre",NA,"ensemble",135,"ChlorophyllMaximum_depth_sample",7.42321999070291,"fDCMdepth_mp","vera4cast"
2026-05-03,2026-04-25,"P1D","fcre",NA,"ensemble",11,"ChlorophyllMaximum_depth_sample",2.6436769757595,"fDCMdepth_mp","vera4cast"
2026-05-03,2026-04-25,"P1D","fcre",NA,"ensemble",42,"ChlorophyllMaximum_depth_sample",2.9515733145058,"fDCMdepth_mp","vera4cast"
2026-05-03,2026-04-25,"P1D","fcre",NA,"ensemble",73,"ChlorophyllMaximum_depth_sample",4.89228384153048,"fDCMdepth_mp","vera4cast"
2026-05-03,2026-04-25,"P1D","fcre",NA,"ensemble",104,"ChlorophyllMaximum_depth_sample",4.31886192271021,"fDCMdepth_mp","vera4cast"
2026-05-03,2026-04-25,"P1D","fcre",NA,"ensemble",135,"ChlorophyllMaximum_depth_sample",4.87429249848943,"fDCMdepth_mp","vera4cast"
2026-05-04,2026-04-25,"P1D","fcre",NA,"ensemble",11,"ChlorophyllMaximum_depth_sample",2.03727596881378,"fDCMdepth_mp","vera4cast"
2026-05-04,2026-04-25,"P1D","fcre",NA,"ensemble",42,"ChlorophyllMaximum_depth_sample",2.87949296307446,"fDCMdepth_mp","vera4cast"
2026-05-04,2026-04-25,"P1D","fcre",NA,"ensemble",73,"ChlorophyllMaximum_depth_sample",4.49167987737865,"fDCMdepth_mp","vera4cast"
2026-05-04,2026-04-25,"P1D","fcre",NA,"ensemble",104,"ChlorophyllMaximum_depth_sample",3.13099554891201,"fDCMdepth_mp","vera4cast"
2026-05-04,2026-04-25,"P1D","fcre",NA,"ensemble",135,"ChlorophyllMaximum_depth_sample",2.50015037962342,"fDCMdepth_mp","vera4cast"
2026-05-05,2026-04-25,"P1D","fcre",NA,"ensemble",11,"ChlorophyllMaximum_depth_sample",0.8658498540857,"fDCMdepth_mp","vera4cast"
2026-05-05,2026-04-25,"P1D","fcre",NA,"ensemble",42,"ChlorophyllMaximum_depth_sample",1.61358129795546,"fDCMdepth_mp","vera4cast"
2026-05-05,2026-04-25,"P1D","fcre",NA,"ensemble",73,"ChlorophyllMaximum_depth_sample",-0.936718914357478,"fDCMdepth_mp","vera4cast"
2026-05-05,2026-04-25,"P1D","fcre",NA,"ensemble",104,"ChlorophyllMaximum_depth_sample",2.05218006637686,"fDCMdepth_mp","vera4cast"
2026-05-05,2026-04-25,"P1D","fcre",NA,"ensemble",135,"ChlorophyllMaximum_depth_sample",0.372359992019206,"fDCMdepth_mp","vera4cast"
2026-05-06,2026-04-25,"P1D","fcre",NA,"ensemble",11,"ChlorophyllMaximum_depth_sample",3.83337908836301,"fDCMdepth_mp","vera4cast"
2026-05-06,2026-04-25,"P1D","fcre",NA,"ensemble",42,"ChlorophyllMaximum_depth_sample",6.66486804739991,"fDCMdepth_mp","vera4cast"
2026-05-06,2026-04-25,"P1D","fcre",NA,"ensemble",73,"ChlorophyllMaximum_depth_sample",4.85350489245378,"fDCMdepth_mp","vera4cast"
2026-05-06,2026-04-25,"P1D","fcre",NA,"ensemble",104,"ChlorophyllMaximum_depth_sample",1.30219896940544,"fDCMdepth_mp","vera4cast"
2026-05-06,2026-04-25,"P1D","fcre",NA,"ensemble",135,"ChlorophyllMaximum_depth_sample",4.51612511517498,"fDCMdepth_mp","vera4cast"
2026-05-07,2026-04-25,"P1D","fcre",NA,"ensemble",11,"ChlorophyllMaximum_depth_sample",4.24332378984167,"fDCMdepth_mp","vera4cast"
2026-05-07,2026-04-25,"P1D","fcre",NA,"ensemble",42,"ChlorophyllMaximum_depth_sample",1.89292433390857,"fDCMdepth_mp","vera4cast"
2026-05-07,2026-04-25,"P1D","fcre",NA,"ensemble",73,"ChlorophyllMaximum_depth_sample",2.86869866485953,"fDCMdepth_mp","vera4cast"
2026-05-07,2026-04-25,"P1D","fcre",NA,"ensemble",104,"ChlorophyllMaximum_depth_sample",3.42927550885588,"fDCMdepth_mp","vera4cast"
2026-05-07,2026-04-25,"P1D","fcre",NA,"ensemble",135,"ChlorophyllMaximum_depth_sample",2.74456275384136,"fDCMdepth_mp","vera4cast"
2026-05-08,2026-04-25,"P1D","fcre",NA,"ensemble",11,"ChlorophyllMaximum_depth_sample",4.19004219221847,"fDCMdepth_mp","vera4cast"
2026-05-08,2026-04-25,"P1D","fcre",NA,"ensemble",42,"ChlorophyllMaximum_depth_sample",3.95899250654602,"fDCMdepth_mp","vera4cast"
2026-05-08,2026-04-25,"P1D","fcre",NA,"ensemble",73,"ChlorophyllMaximum_depth_sample",1.97897884786453,"fDCMdepth_mp","vera4cast"
2026-05-08,2026-04-25,"P1D","fcre",NA,"ensemble",104,"ChlorophyllMaximum_depth_sample",2.40730919663643,"fDCMdepth_mp","vera4cast"
2026-05-08,2026-04-25,"P1D","fcre",NA,"ensemble",135,"ChlorophyllMaximum_depth_sample",3.43521027011046,"fDCMdepth_mp","vera4cast"
2026-05-09,2026-04-25,"P1D","fcre",NA,"ensemble",11,"ChlorophyllMaximum_depth_sample",2.3172623487193,"fDCMdepth_mp","vera4cast"
2026-05-09,2026-04-25,"P1D","fcre",NA,"ensemble",42,"ChlorophyllMaximum_depth_sample",4.55819578773555,"fDCMdepth_mp","vera4cast"
2026-05-09,2026-04-25,"P1D","fcre",NA,"ensemble",73,"ChlorophyllMaximum_depth_sample",1.97057765698938,"fDCMdepth_mp","vera4cast"
2026-05-09,2026-04-25,"P1D","fcre",NA,"ensemble",104,"ChlorophyllMaximum_depth_sample",7.47409422982118,"fDCMdepth_mp","vera4cast"
2026-05-09,2026-04-25,"P1D","fcre",NA,"ensemble",135,"ChlorophyllMaximum_depth_sample",4.58636562316728,"fDCMdepth_mp","vera4cast"
2026-05-10,2026-04-25,"P1D","fcre",NA,"ensemble",11,"ChlorophyllMaximum_depth_sample",0.716321063238974,"fDCMdepth_mp","vera4cast"
2026-05-10,2026-04-25,"P1D","fcre",NA,"ensemble",42,"ChlorophyllMaximum_depth_sample",5.388328395747,"fDCMdepth_mp","vera4cast"
2026-05-10,2026-04-25,"P1D","fcre",NA,"ensemble",73,"ChlorophyllMaximum_depth_sample",4.84426005697987,"fDCMdepth_mp","vera4cast"
2026-05-10,2026-04-25,"P1D","fcre",NA,"ensemble",104,"ChlorophyllMaximum_depth_sample",2.90854293816237,"fDCMdepth_mp","vera4cast"
2026-05-10,2026-04-25,"P1D","fcre",NA,"ensemble",135,"ChlorophyllMaximum_depth_sample",3.60939881444716,"fDCMdepth_mp","vera4cast"
2026-05-11,2026-04-25,"P1D","fcre",NA,"ensemble",11,"ChlorophyllMaximum_depth_sample",3.29097309092345,"fDCMdepth_mp","vera4cast"
2026-05-11,2026-04-25,"P1D","fcre",NA,"ensemble",42,"ChlorophyllMaximum_depth_sample",6.05019485637525,"fDCMdepth_mp","vera4cast"
2026-05-11,2026-04-25,"P1D","fcre",NA,"ensemble",73,"ChlorophyllMaximum_depth_sample",3.41135092778932,"fDCMdepth_mp","vera4cast"
2026-05-11,2026-04-25,"P1D","fcre",NA,"ensemble",104,"ChlorophyllMaximum_depth_sample",1.80202262379252,"fDCMdepth_mp","vera4cast"
2026-05-11,2026-04-25,"P1D","fcre",NA,"ensemble",135,"ChlorophyllMaximum_depth_sample",4.34107419810093,"fDCMdepth_mp","vera4cast"
2026-05-12,2026-04-25,"P1D","fcre",NA,"ensemble",11,"ChlorophyllMaximum_depth_sample",4.19967811395736,"fDCMdepth_mp","vera4cast"
2026-05-12,2026-04-25,"P1D","fcre",NA,"ensemble",42,"ChlorophyllMaximum_depth_sample",5.24313718687428,"fDCMdepth_mp","vera4cast"
2026-05-12,2026-04-25,"P1D","fcre",NA,"ensemble",73,"ChlorophyllMaximum_depth_sample",2.05433800348752,"fDCMdepth_mp","vera4cast"
2026-05-12,2026-04-25,"P1D","fcre",NA,"ensemble",104,"ChlorophyllMaximum_depth_sample",3.83011008104358,"fDCMdepth_mp","vera4cast"
2026-05-12,2026-04-25,"P1D","fcre",NA,"ensemble",135,"ChlorophyllMaximum_depth_sample",4.41013847483575,"fDCMdepth_mp","vera4cast"
2026-05-13,2026-04-25,"P1D","fcre",NA,"ensemble",11,"ChlorophyllMaximum_depth_sample",4.82492650232273,"fDCMdepth_mp","vera4cast"
2026-05-13,2026-04-25,"P1D","fcre",NA,"ensemble",42,"ChlorophyllMaximum_depth_sample",3.7479666903587,"fDCMdepth_mp","vera4cast"
2026-05-13,2026-04-25,"P1D","fcre",NA,"ensemble",73,"ChlorophyllMaximum_depth_sample",3.98014580330561,"fDCMdepth_mp","vera4cast"
2026-05-13,2026-04-25,"P1D","fcre",NA,"ensemble",104,"ChlorophyllMaximum_depth_sample",4.5979658331245,"fDCMdepth_mp","vera4cast"
2026-05-13,2026-04-25,"P1D","fcre",NA,"ensemble",135,"ChlorophyllMaximum_depth_sample",5.71363788207731,"fDCMdepth_mp","vera4cast"
2026-05-14,2026-04-25,"P1D","fcre",NA,"ensemble",11,"ChlorophyllMaximum_depth_sample",4.41440688995612,"fDCMdepth_mp","vera4cast"
2026-05-14,2026-04-25,"P1D","fcre",NA,"ensemble",42,"ChlorophyllMaximum_depth_sample",1.27323533927313,"fDCMdepth_mp","vera4cast"
2026-05-14,2026-04-25,"P1D","fcre",NA,"ensemble",73,"ChlorophyllMaximum_depth_sample",6.68156993681651,"fDCMdepth_mp","vera4cast"
2026-05-14,2026-04-25,"P1D","fcre",NA,"ensemble",104,"ChlorophyllMaximum_depth_sample",2.89310329918371,"fDCMdepth_mp","vera4cast"
2026-05-14,2026-04-25,"P1D","fcre",NA,"ensemble",135,"ChlorophyllMaximum_depth_sample",2.96423742714658,"fDCMdepth_mp","vera4cast"
2026-05-15,2026-04-25,"P1D","fcre",NA,"ensemble",11,"ChlorophyllMaximum_depth_sample",1.66500153965549,"fDCMdepth_mp","vera4cast"
2026-05-15,2026-04-25,"P1D","fcre",NA,"ensemble",42,"ChlorophyllMaximum_depth_sample",0.438413294993524,"fDCMdepth_mp","vera4cast"
2026-05-15,2026-04-25,"P1D","fcre",NA,"ensemble",73,"ChlorophyllMaximum_depth_sample",4.48760462092904,"fDCMdepth_mp","vera4cast"
2026-05-15,2026-04-25,"P1D","fcre",NA,"ensemble",104,"ChlorophyllMaximum_depth_sample",3.77583687557577,"fDCMdepth_mp","vera4cast"
2026-05-15,2026-04-25,"P1D","fcre",NA,"ensemble",135,"ChlorophyllMaximum_depth_sample",3.40413218233364,"fDCMdepth_mp","vera4cast"
2026-05-16,2026-04-25,"P1D","fcre",NA,"ensemble",11,"ChlorophyllMaximum_depth_sample",2.7535759427769,"fDCMdepth_mp","vera4cast"
2026-05-16,2026-04-25,"P1D","fcre",NA,"ensemble",42,"ChlorophyllMaximum_depth_sample",1.97600077621095,"fDCMdepth_mp","vera4cast"
2026-05-16,2026-04-25,"P1D","fcre",NA,"ensemble",73,"ChlorophyllMaximum_depth_sample",2.89899618752737,"fDCMdepth_mp","vera4cast"
2026-05-16,2026-04-25,"P1D","fcre",NA,"ensemble",104,"ChlorophyllMaximum_depth_sample",3.19717042277437,"fDCMdepth_mp","vera4cast"
2026-05-16,2026-04-25,"P1D","fcre",NA,"ensemble",135,"ChlorophyllMaximum_depth_sample",1.87614050875892,"fDCMdepth_mp","vera4cast"
2026-05-17,2026-04-25,"P1D","fcre",NA,"ensemble",11,"ChlorophyllMaximum_depth_sample",6.35599535446517,"fDCMdepth_mp","vera4cast"
2026-05-17,2026-04-25,"P1D","fcre",NA,"ensemble",42,"ChlorophyllMaximum_depth_sample",5.37292245154072,"fDCMdepth_mp","vera4cast"
2026-05-17,2026-04-25,"P1D","fcre",NA,"ensemble",73,"ChlorophyllMaximum_depth_sample",3.8173763675305,"fDCMdepth_mp","vera4cast"
2026-05-17,2026-04-25,"P1D","fcre",NA,"ensemble",104,"ChlorophyllMaximum_depth_sample",2.26978333758813,"fDCMdepth_mp","vera4cast"
2026-05-17,2026-04-25,"P1D","fcre",NA,"ensemble",135,"ChlorophyllMaximum_depth_sample",5.06147385075125,"fDCMdepth_mp","vera4cast"
2026-05-18,2026-04-25,"P1D","fcre",NA,"ensemble",11,"ChlorophyllMaximum_depth_sample",4.35039260398217,"fDCMdepth_mp","vera4cast"
2026-05-18,2026-04-25,"P1D","fcre",NA,"ensemble",42,"ChlorophyllMaximum_depth_sample",3.63495892566374,"fDCMdepth_mp","vera4cast"
2026-05-18,2026-04-25,"P1D","fcre",NA,"ensemble",73,"ChlorophyllMaximum_depth_sample",2.24041675921747,"fDCMdepth_mp","vera4cast"
2026-05-18,2026-04-25,"P1D","fcre",NA,"ensemble",104,"ChlorophyllMaximum_depth_sample",3.21518519203919,"fDCMdepth_mp","vera4cast"
2026-05-18,2026-04-25,"P1D","fcre",NA,"ensemble",135,"ChlorophyllMaximum_depth_sample",3.27868541547217,"fDCMdepth_mp","vera4cast"
2026-05-19,2026-04-25,"P1D","fcre",NA,"ensemble",11,"ChlorophyllMaximum_depth_sample",1.21684395817463,"fDCMdepth_mp","vera4cast"
2026-05-19,2026-04-25,"P1D","fcre",NA,"ensemble",42,"ChlorophyllMaximum_depth_sample",3.28968114493243,"fDCMdepth_mp","vera4cast"
2026-05-19,2026-04-25,"P1D","fcre",NA,"ensemble",73,"ChlorophyllMaximum_depth_sample",3.847839191263,"fDCMdepth_mp","vera4cast"
2026-05-19,2026-04-25,"P1D","fcre",NA,"ensemble",104,"ChlorophyllMaximum_depth_sample",2.90950810461253,"fDCMdepth_mp","vera4cast"
2026-05-19,2026-04-25,"P1D","fcre",NA,"ensemble",135,"ChlorophyllMaximum_depth_sample",3.19099418978187,"fDCMdepth_mp","vera4cast"
2026-05-20,2026-04-25,"P1D","fcre",NA,"ensemble",11,"ChlorophyllMaximum_depth_sample",3.22370901532661,"fDCMdepth_mp","vera4cast"
2026-05-20,2026-04-25,"P1D","fcre",NA,"ensemble",42,"ChlorophyllMaximum_depth_sample",3.73918804085406,"fDCMdepth_mp","vera4cast"
2026-05-20,2026-04-25,"P1D","fcre",NA,"ensemble",73,"ChlorophyllMaximum_depth_sample",3.19196199930596,"fDCMdepth_mp","vera4cast"
2026-05-20,2026-04-25,"P1D","fcre",NA,"ensemble",104,"ChlorophyllMaximum_depth_sample",2.68256382644571,"fDCMdepth_mp","vera4cast"
2026-05-20,2026-04-25,"P1D","fcre",NA,"ensemble",135,"ChlorophyllMaximum_depth_sample",3.96952154174725,"fDCMdepth_mp","vera4cast"
2026-05-21,2026-04-25,"P1D","fcre",NA,"ensemble",11,"ChlorophyllMaximum_depth_sample",4.30282863194703,"fDCMdepth_mp","vera4cast"
2026-05-21,2026-04-25,"P1D","fcre",NA,"ensemble",42,"ChlorophyllMaximum_depth_sample",3.85116532509654,"fDCMdepth_mp","vera4cast"
2026-05-21,2026-04-25,"P1D","fcre",NA,"ensemble",73,"ChlorophyllMaximum_depth_sample",-0.941447142288288,"fDCMdepth_mp","vera4cast"
2026-05-21,2026-04-25,"P1D","fcre",NA,"ensemble",104,"ChlorophyllMaximum_depth_sample",3.6352342237654,"fDCMdepth_mp","vera4cast"
2026-05-21,2026-04-25,"P1D","fcre",NA,"ensemble",135,"ChlorophyllMaximum_depth_sample",3.66543081686632,"fDCMdepth_mp","vera4cast"
2026-05-22,2026-04-25,"P1D","fcre",NA,"ensemble",11,"ChlorophyllMaximum_depth_sample",3.69013956944619,"fDCMdepth_mp","vera4cast"
2026-05-22,2026-04-25,"P1D","fcre",NA,"ensemble",42,"ChlorophyllMaximum_depth_sample",-1.04605898939874,"fDCMdepth_mp","vera4cast"
2026-05-22,2026-04-25,"P1D","fcre",NA,"ensemble",73,"ChlorophyllMaximum_depth_sample",3.78045581950611,"fDCMdepth_mp","vera4cast"
2026-05-22,2026-04-25,"P1D","fcre",NA,"ensemble",104,"ChlorophyllMaximum_depth_sample",1.74376752957117,"fDCMdepth_mp","vera4cast"
2026-05-22,2026-04-25,"P1D","fcre",NA,"ensemble",135,"ChlorophyllMaximum_depth_sample",5.71367344634408,"fDCMdepth_mp","vera4cast"
2026-05-23,2026-04-25,"P1D","fcre",NA,"ensemble",11,"ChlorophyllMaximum_depth_sample",0.00143128811218629,"fDCMdepth_mp","vera4cast"
2026-05-23,2026-04-25,"P1D","fcre",NA,"ensemble",42,"ChlorophyllMaximum_depth_sample",3.30849797467604,"fDCMdepth_mp","vera4cast"
2026-05-23,2026-04-25,"P1D","fcre",NA,"ensemble",73,"ChlorophyllMaximum_depth_sample",2.42684630560518,"fDCMdepth_mp","vera4cast"
2026-05-23,2026-04-25,"P1D","fcre",NA,"ensemble",104,"ChlorophyllMaximum_depth_sample",3.83447889003261,"fDCMdepth_mp","vera4cast"
2026-05-23,2026-04-25,"P1D","fcre",NA,"ensemble",135,"ChlorophyllMaximum_depth_sample",2.35020279024513,"fDCMdepth_mp","vera4cast"
2026-05-24,2026-04-25,"P1D","fcre",NA,"ensemble",11,"ChlorophyllMaximum_depth_sample",3.28935496787816,"fDCMdepth_mp","vera4cast"
2026-05-24,2026-04-25,"P1D","fcre",NA,"ensemble",42,"ChlorophyllMaximum_depth_sample",3.51909388515169,"fDCMdepth_mp","vera4cast"
2026-05-24,2026-04-25,"P1D","fcre",NA,"ensemble",73,"ChlorophyllMaximum_depth_sample",5.33694351210027,"fDCMdepth_mp","vera4cast"
2026-05-24,2026-04-25,"P1D","fcre",NA,"ensemble",104,"ChlorophyllMaximum_depth_sample",4.69653711151464,"fDCMdepth_mp","vera4cast"
2026-05-24,2026-04-25,"P1D","fcre",NA,"ensemble",135,"ChlorophyllMaximum_depth_sample",3.29018147133007,"fDCMdepth_mp","vera4cast"
2026-05-25,2026-04-25,"P1D","fcre",NA,"ensemble",11,"ChlorophyllMaximum_depth_sample",3.71804018016174,"fDCMdepth_mp","vera4cast"
2026-05-25,2026-04-25,"P1D","fcre",NA,"ensemble",42,"ChlorophyllMaximum_depth_sample",4.72845729560813,"fDCMdepth_mp","vera4cast"
2026-05-25,2026-04-25,"P1D","fcre",NA,"ensemble",73,"ChlorophyllMaximum_depth_sample",2.22008215580682,"fDCMdepth_mp","vera4cast"
2026-05-25,2026-04-25,"P1D","fcre",NA,"ensemble",104,"ChlorophyllMaximum_depth_sample",5.34531663667963,"fDCMdepth_mp","vera4cast"
2026-05-25,2026-04-25,"P1D","fcre",NA,"ensemble",135,"ChlorophyllMaximum_depth_sample",2.82160815364052,"fDCMdepth_mp","vera4cast"
2026-05-26,2026-04-25,"P1D","fcre",NA,"ensemble",11,"ChlorophyllMaximum_depth_sample",2.64257815087616,"fDCMdepth_mp","vera4cast"
2026-05-26,2026-04-25,"P1D","fcre",NA,"ensemble",42,"ChlorophyllMaximum_depth_sample",1.01277703437862,"fDCMdepth_mp","vera4cast"
2026-05-26,2026-04-25,"P1D","fcre",NA,"ensemble",73,"ChlorophyllMaximum_depth_sample",6.21519359818611,"fDCMdepth_mp","vera4cast"
2026-05-26,2026-04-25,"P1D","fcre",NA,"ensemble",104,"ChlorophyllMaximum_depth_sample",3.58812550391217,"fDCMdepth_mp","vera4cast"
2026-05-26,2026-04-25,"P1D","fcre",NA,"ensemble",135,"ChlorophyllMaximum_depth_sample",2.21781460511728,"fDCMdepth_mp","vera4cast"
2026-05-27,2026-04-25,"P1D","fcre",NA,"ensemble",11,"ChlorophyllMaximum_depth_sample",3.83710751535123,"fDCMdepth_mp","vera4cast"
2026-05-27,2026-04-25,"P1D","fcre",NA,"ensemble",42,"ChlorophyllMaximum_depth_sample",1.66498084363856,"fDCMdepth_mp","vera4cast"
2026-05-27,2026-04-25,"P1D","fcre",NA,"ensemble",73,"ChlorophyllMaximum_depth_sample",2.4355216479546,"fDCMdepth_mp","vera4cast"
2026-05-27,2026-04-25,"P1D","fcre",NA,"ensemble",104,"ChlorophyllMaximum_depth_sample",7.33892520448731,"fDCMdepth_mp","vera4cast"
2026-05-27,2026-04-25,"P1D","fcre",NA,"ensemble",135,"ChlorophyllMaximum_depth_sample",5.46012533411247,"fDCMdepth_mp","vera4cast"
2026-05-28,2026-04-25,"P1D","fcre",NA,"ensemble",11,"ChlorophyllMaximum_depth_sample",3.01020680772506,"fDCMdepth_mp","vera4cast"
2026-05-28,2026-04-25,"P1D","fcre",NA,"ensemble",42,"ChlorophyllMaximum_depth_sample",5.50507703756008,"fDCMdepth_mp","vera4cast"
2026-05-28,2026-04-25,"P1D","fcre",NA,"ensemble",73,"ChlorophyllMaximum_depth_sample",-0.147693034203357,"fDCMdepth_mp","vera4cast"
2026-05-28,2026-04-25,"P1D","fcre",NA,"ensemble",104,"ChlorophyllMaximum_depth_sample",3.50171364127325,"fDCMdepth_mp","vera4cast"
2026-05-28,2026-04-25,"P1D","fcre",NA,"ensemble",135,"ChlorophyllMaximum_depth_sample",2.59836599019812,"fDCMdepth_mp","vera4cast"
2026-05-29,2026-04-25,"P1D","fcre",NA,"ensemble",11,"ChlorophyllMaximum_depth_sample",4.06843192178345,"fDCMdepth_mp","vera4cast"
2026-05-29,2026-04-25,"P1D","fcre",NA,"ensemble",42,"ChlorophyllMaximum_depth_sample",3.16997046386065,"fDCMdepth_mp","vera4cast"
2026-05-29,2026-04-25,"P1D","fcre",NA,"ensemble",73,"ChlorophyllMaximum_depth_sample",5.28029041065695,"fDCMdepth_mp","vera4cast"
2026-05-29,2026-04-25,"P1D","fcre",NA,"ensemble",104,"ChlorophyllMaximum_depth_sample",3.28838630906722,"fDCMdepth_mp","vera4cast"
2026-05-29,2026-04-25,"P1D","fcre",NA,"ensemble",135,"ChlorophyllMaximum_depth_sample",-0.473984657825634,"fDCMdepth_mp","vera4cast"
2026-04-26,2026-04-25,"P1D","fcre",NA,"ensemble",12,"ChlorophyllMaximum_depth_sample",3.41607838206221,"fDCMdepth_mp","vera4cast"
2026-04-26,2026-04-25,"P1D","fcre",NA,"ensemble",43,"ChlorophyllMaximum_depth_sample",1.68593171205754,"fDCMdepth_mp","vera4cast"
2026-04-26,2026-04-25,"P1D","fcre",NA,"ensemble",74,"ChlorophyllMaximum_depth_sample",4.04395042381928,"fDCMdepth_mp","vera4cast"
2026-04-26,2026-04-25,"P1D","fcre",NA,"ensemble",105,"ChlorophyllMaximum_depth_sample",2.87927708055184,"fDCMdepth_mp","vera4cast"
2026-04-26,2026-04-25,"P1D","fcre",NA,"ensemble",136,"ChlorophyllMaximum_depth_sample",5.75212503538934,"fDCMdepth_mp","vera4cast"
2026-04-27,2026-04-25,"P1D","fcre",NA,"ensemble",12,"ChlorophyllMaximum_depth_sample",5.7839425683098,"fDCMdepth_mp","vera4cast"
2026-04-27,2026-04-25,"P1D","fcre",NA,"ensemble",43,"ChlorophyllMaximum_depth_sample",1.85802101035602,"fDCMdepth_mp","vera4cast"
2026-04-27,2026-04-25,"P1D","fcre",NA,"ensemble",74,"ChlorophyllMaximum_depth_sample",3.08467831338333,"fDCMdepth_mp","vera4cast"
2026-04-27,2026-04-25,"P1D","fcre",NA,"ensemble",105,"ChlorophyllMaximum_depth_sample",2.52832170485394,"fDCMdepth_mp","vera4cast"
2026-04-27,2026-04-25,"P1D","fcre",NA,"ensemble",136,"ChlorophyllMaximum_depth_sample",1.7533315297912,"fDCMdepth_mp","vera4cast"
2026-04-28,2026-04-25,"P1D","fcre",NA,"ensemble",12,"ChlorophyllMaximum_depth_sample",3.56167063850222,"fDCMdepth_mp","vera4cast"
2026-04-28,2026-04-25,"P1D","fcre",NA,"ensemble",43,"ChlorophyllMaximum_depth_sample",1.81440235066379,"fDCMdepth_mp","vera4cast"
2026-04-28,2026-04-25,"P1D","fcre",NA,"ensemble",74,"ChlorophyllMaximum_depth_sample",4.01580201484673,"fDCMdepth_mp","vera4cast"
2026-04-28,2026-04-25,"P1D","fcre",NA,"ensemble",105,"ChlorophyllMaximum_depth_sample",0.830537198902649,"fDCMdepth_mp","vera4cast"
2026-04-28,2026-04-25,"P1D","fcre",NA,"ensemble",136,"ChlorophyllMaximum_depth_sample",4.89230193725532,"fDCMdepth_mp","vera4cast"
2026-04-29,2026-04-25,"P1D","fcre",NA,"ensemble",12,"ChlorophyllMaximum_depth_sample",2.58089823509311,"fDCMdepth_mp","vera4cast"
2026-04-29,2026-04-25,"P1D","fcre",NA,"ensemble",43,"ChlorophyllMaximum_depth_sample",0.970647853711909,"fDCMdepth_mp","vera4cast"
2026-04-29,2026-04-25,"P1D","fcre",NA,"ensemble",74,"ChlorophyllMaximum_depth_sample",3.61610422220475,"fDCMdepth_mp","vera4cast"
2026-04-29,2026-04-25,"P1D","fcre",NA,"ensemble",105,"ChlorophyllMaximum_depth_sample",5.64032060430829,"fDCMdepth_mp","vera4cast"
2026-04-29,2026-04-25,"P1D","fcre",NA,"ensemble",136,"ChlorophyllMaximum_depth_sample",3.40229599678936,"fDCMdepth_mp","vera4cast"
2026-04-30,2026-04-25,"P1D","fcre",NA,"ensemble",12,"ChlorophyllMaximum_depth_sample",4.48450951395257,"fDCMdepth_mp","vera4cast"
2026-04-30,2026-04-25,"P1D","fcre",NA,"ensemble",43,"ChlorophyllMaximum_depth_sample",3.58405474029872,"fDCMdepth_mp","vera4cast"
2026-04-30,2026-04-25,"P1D","fcre",NA,"ensemble",74,"ChlorophyllMaximum_depth_sample",-0.21789575924462,"fDCMdepth_mp","vera4cast"
2026-04-30,2026-04-25,"P1D","fcre",NA,"ensemble",105,"ChlorophyllMaximum_depth_sample",1.6334891305427,"fDCMdepth_mp","vera4cast"
2026-04-30,2026-04-25,"P1D","fcre",NA,"ensemble",136,"ChlorophyllMaximum_depth_sample",3.48664287403468,"fDCMdepth_mp","vera4cast"
2026-05-01,2026-04-25,"P1D","fcre",NA,"ensemble",12,"ChlorophyllMaximum_depth_sample",2.65989760170838,"fDCMdepth_mp","vera4cast"
2026-05-01,2026-04-25,"P1D","fcre",NA,"ensemble",43,"ChlorophyllMaximum_depth_sample",2.9733418496885,"fDCMdepth_mp","vera4cast"
2026-05-01,2026-04-25,"P1D","fcre",NA,"ensemble",74,"ChlorophyllMaximum_depth_sample",1.0055920754891,"fDCMdepth_mp","vera4cast"
2026-05-01,2026-04-25,"P1D","fcre",NA,"ensemble",105,"ChlorophyllMaximum_depth_sample",2.92196339702023,"fDCMdepth_mp","vera4cast"
2026-05-01,2026-04-25,"P1D","fcre",NA,"ensemble",136,"ChlorophyllMaximum_depth_sample",4.22349915748242,"fDCMdepth_mp","vera4cast"
2026-05-02,2026-04-25,"P1D","fcre",NA,"ensemble",12,"ChlorophyllMaximum_depth_sample",4.02722649734986,"fDCMdepth_mp","vera4cast"
2026-05-02,2026-04-25,"P1D","fcre",NA,"ensemble",43,"ChlorophyllMaximum_depth_sample",4.52122647928507,"fDCMdepth_mp","vera4cast"
2026-05-02,2026-04-25,"P1D","fcre",NA,"ensemble",74,"ChlorophyllMaximum_depth_sample",1.45510490445046,"fDCMdepth_mp","vera4cast"
2026-05-02,2026-04-25,"P1D","fcre",NA,"ensemble",105,"ChlorophyllMaximum_depth_sample",2.12654558159654,"fDCMdepth_mp","vera4cast"
2026-05-02,2026-04-25,"P1D","fcre",NA,"ensemble",136,"ChlorophyllMaximum_depth_sample",3.704063609286,"fDCMdepth_mp","vera4cast"
2026-05-03,2026-04-25,"P1D","fcre",NA,"ensemble",12,"ChlorophyllMaximum_depth_sample",1.21232140991338,"fDCMdepth_mp","vera4cast"
2026-05-03,2026-04-25,"P1D","fcre",NA,"ensemble",43,"ChlorophyllMaximum_depth_sample",4.96531260080962,"fDCMdepth_mp","vera4cast"
2026-05-03,2026-04-25,"P1D","fcre",NA,"ensemble",74,"ChlorophyllMaximum_depth_sample",4.5159410224542,"fDCMdepth_mp","vera4cast"
2026-05-03,2026-04-25,"P1D","fcre",NA,"ensemble",105,"ChlorophyllMaximum_depth_sample",2.22343107582344,"fDCMdepth_mp","vera4cast"
2026-05-03,2026-04-25,"P1D","fcre",NA,"ensemble",136,"ChlorophyllMaximum_depth_sample",2.5892584967271,"fDCMdepth_mp","vera4cast"
2026-05-04,2026-04-25,"P1D","fcre",NA,"ensemble",12,"ChlorophyllMaximum_depth_sample",4.95892891588982,"fDCMdepth_mp","vera4cast"
2026-05-04,2026-04-25,"P1D","fcre",NA,"ensemble",43,"ChlorophyllMaximum_depth_sample",5.31605870511108,"fDCMdepth_mp","vera4cast"
2026-05-04,2026-04-25,"P1D","fcre",NA,"ensemble",74,"ChlorophyllMaximum_depth_sample",3.43325808603049,"fDCMdepth_mp","vera4cast"
2026-05-04,2026-04-25,"P1D","fcre",NA,"ensemble",105,"ChlorophyllMaximum_depth_sample",2.76104356843448,"fDCMdepth_mp","vera4cast"
2026-05-04,2026-04-25,"P1D","fcre",NA,"ensemble",136,"ChlorophyllMaximum_depth_sample",1.74979125808943,"fDCMdepth_mp","vera4cast"
2026-05-05,2026-04-25,"P1D","fcre",NA,"ensemble",12,"ChlorophyllMaximum_depth_sample",3.38863999610712,"fDCMdepth_mp","vera4cast"
2026-05-05,2026-04-25,"P1D","fcre",NA,"ensemble",43,"ChlorophyllMaximum_depth_sample",3.78864438279583,"fDCMdepth_mp","vera4cast"
2026-05-05,2026-04-25,"P1D","fcre",NA,"ensemble",74,"ChlorophyllMaximum_depth_sample",2.1150494478544,"fDCMdepth_mp","vera4cast"
2026-05-05,2026-04-25,"P1D","fcre",NA,"ensemble",105,"ChlorophyllMaximum_depth_sample",3.34307788075818,"fDCMdepth_mp","vera4cast"
2026-05-05,2026-04-25,"P1D","fcre",NA,"ensemble",136,"ChlorophyllMaximum_depth_sample",5.28692511280839,"fDCMdepth_mp","vera4cast"
2026-05-06,2026-04-25,"P1D","fcre",NA,"ensemble",12,"ChlorophyllMaximum_depth_sample",4.1258821132899,"fDCMdepth_mp","vera4cast"
2026-05-06,2026-04-25,"P1D","fcre",NA,"ensemble",43,"ChlorophyllMaximum_depth_sample",0.506712201959208,"fDCMdepth_mp","vera4cast"
2026-05-06,2026-04-25,"P1D","fcre",NA,"ensemble",74,"ChlorophyllMaximum_depth_sample",0.832873837217696,"fDCMdepth_mp","vera4cast"
2026-05-06,2026-04-25,"P1D","fcre",NA,"ensemble",105,"ChlorophyllMaximum_depth_sample",2.58840365989904,"fDCMdepth_mp","vera4cast"
2026-05-06,2026-04-25,"P1D","fcre",NA,"ensemble",136,"ChlorophyllMaximum_depth_sample",4.04058864418338,"fDCMdepth_mp","vera4cast"
2026-05-07,2026-04-25,"P1D","fcre",NA,"ensemble",12,"ChlorophyllMaximum_depth_sample",-0.20127887793669,"fDCMdepth_mp","vera4cast"
2026-05-07,2026-04-25,"P1D","fcre",NA,"ensemble",43,"ChlorophyllMaximum_depth_sample",2.15157134912003,"fDCMdepth_mp","vera4cast"
2026-05-07,2026-04-25,"P1D","fcre",NA,"ensemble",74,"ChlorophyllMaximum_depth_sample",3.98160339615105,"fDCMdepth_mp","vera4cast"
2026-05-07,2026-04-25,"P1D","fcre",NA,"ensemble",105,"ChlorophyllMaximum_depth_sample",4.2568897863796,"fDCMdepth_mp","vera4cast"
2026-05-07,2026-04-25,"P1D","fcre",NA,"ensemble",136,"ChlorophyllMaximum_depth_sample",0.342445279714453,"fDCMdepth_mp","vera4cast"
2026-05-08,2026-04-25,"P1D","fcre",NA,"ensemble",12,"ChlorophyllMaximum_depth_sample",0.241444066895604,"fDCMdepth_mp","vera4cast"
2026-05-08,2026-04-25,"P1D","fcre",NA,"ensemble",43,"ChlorophyllMaximum_depth_sample",1.26064483605692,"fDCMdepth_mp","vera4cast"
2026-05-08,2026-04-25,"P1D","fcre",NA,"ensemble",74,"ChlorophyllMaximum_depth_sample",2.44371615420239,"fDCMdepth_mp","vera4cast"
2026-05-08,2026-04-25,"P1D","fcre",NA,"ensemble",105,"ChlorophyllMaximum_depth_sample",1.87416102692397,"fDCMdepth_mp","vera4cast"
2026-05-08,2026-04-25,"P1D","fcre",NA,"ensemble",136,"ChlorophyllMaximum_depth_sample",3.01460057786093,"fDCMdepth_mp","vera4cast"
2026-05-09,2026-04-25,"P1D","fcre",NA,"ensemble",12,"ChlorophyllMaximum_depth_sample",1.4304611625444,"fDCMdepth_mp","vera4cast"
2026-05-09,2026-04-25,"P1D","fcre",NA,"ensemble",43,"ChlorophyllMaximum_depth_sample",-0.150619623382369,"fDCMdepth_mp","vera4cast"
2026-05-09,2026-04-25,"P1D","fcre",NA,"ensemble",74,"ChlorophyllMaximum_depth_sample",2.27565730993365,"fDCMdepth_mp","vera4cast"
2026-05-09,2026-04-25,"P1D","fcre",NA,"ensemble",105,"ChlorophyllMaximum_depth_sample",1.77028786854915,"fDCMdepth_mp","vera4cast"
2026-05-09,2026-04-25,"P1D","fcre",NA,"ensemble",136,"ChlorophyllMaximum_depth_sample",0.533949321894699,"fDCMdepth_mp","vera4cast"
2026-05-10,2026-04-25,"P1D","fcre",NA,"ensemble",12,"ChlorophyllMaximum_depth_sample",1.08923312711374,"fDCMdepth_mp","vera4cast"
2026-05-10,2026-04-25,"P1D","fcre",NA,"ensemble",43,"ChlorophyllMaximum_depth_sample",3.30018543310247,"fDCMdepth_mp","vera4cast"
2026-05-10,2026-04-25,"P1D","fcre",NA,"ensemble",74,"ChlorophyllMaximum_depth_sample",2.17921606894238,"fDCMdepth_mp","vera4cast"
2026-05-10,2026-04-25,"P1D","fcre",NA,"ensemble",105,"ChlorophyllMaximum_depth_sample",5.0494816733032,"fDCMdepth_mp","vera4cast"
2026-05-10,2026-04-25,"P1D","fcre",NA,"ensemble",136,"ChlorophyllMaximum_depth_sample",4.05576063791682,"fDCMdepth_mp","vera4cast"
2026-05-11,2026-04-25,"P1D","fcre",NA,"ensemble",12,"ChlorophyllMaximum_depth_sample",2.61467754152031,"fDCMdepth_mp","vera4cast"
2026-05-11,2026-04-25,"P1D","fcre",NA,"ensemble",43,"ChlorophyllMaximum_depth_sample",2.04164815050497,"fDCMdepth_mp","vera4cast"
2026-05-11,2026-04-25,"P1D","fcre",NA,"ensemble",74,"ChlorophyllMaximum_depth_sample",4.61047114877024,"fDCMdepth_mp","vera4cast"
2026-05-11,2026-04-25,"P1D","fcre",NA,"ensemble",105,"ChlorophyllMaximum_depth_sample",2.37941808231053,"fDCMdepth_mp","vera4cast"
2026-05-11,2026-04-25,"P1D","fcre",NA,"ensemble",136,"ChlorophyllMaximum_depth_sample",1.69520251381601,"fDCMdepth_mp","vera4cast"
2026-05-12,2026-04-25,"P1D","fcre",NA,"ensemble",12,"ChlorophyllMaximum_depth_sample",2.83720217839814,"fDCMdepth_mp","vera4cast"
2026-05-12,2026-04-25,"P1D","fcre",NA,"ensemble",43,"ChlorophyllMaximum_depth_sample",2.43719594427306,"fDCMdepth_mp","vera4cast"
2026-05-12,2026-04-25,"P1D","fcre",NA,"ensemble",74,"ChlorophyllMaximum_depth_sample",5.65386578202524,"fDCMdepth_mp","vera4cast"
2026-05-12,2026-04-25,"P1D","fcre",NA,"ensemble",105,"ChlorophyllMaximum_depth_sample",3.33834498476007,"fDCMdepth_mp","vera4cast"
2026-05-12,2026-04-25,"P1D","fcre",NA,"ensemble",136,"ChlorophyllMaximum_depth_sample",4.40815139420614,"fDCMdepth_mp","vera4cast"
2026-05-13,2026-04-25,"P1D","fcre",NA,"ensemble",12,"ChlorophyllMaximum_depth_sample",4.07598504758847,"fDCMdepth_mp","vera4cast"
2026-05-13,2026-04-25,"P1D","fcre",NA,"ensemble",43,"ChlorophyllMaximum_depth_sample",2.23282456811129,"fDCMdepth_mp","vera4cast"
2026-05-13,2026-04-25,"P1D","fcre",NA,"ensemble",74,"ChlorophyllMaximum_depth_sample",3.23579313892359,"fDCMdepth_mp","vera4cast"
2026-05-13,2026-04-25,"P1D","fcre",NA,"ensemble",105,"ChlorophyllMaximum_depth_sample",0.867061834755466,"fDCMdepth_mp","vera4cast"
2026-05-13,2026-04-25,"P1D","fcre",NA,"ensemble",136,"ChlorophyllMaximum_depth_sample",6.55262241203274,"fDCMdepth_mp","vera4cast"
2026-05-14,2026-04-25,"P1D","fcre",NA,"ensemble",12,"ChlorophyllMaximum_depth_sample",5.86325653278425,"fDCMdepth_mp","vera4cast"
2026-05-14,2026-04-25,"P1D","fcre",NA,"ensemble",43,"ChlorophyllMaximum_depth_sample",4.77862509895199,"fDCMdepth_mp","vera4cast"
2026-05-14,2026-04-25,"P1D","fcre",NA,"ensemble",74,"ChlorophyllMaximum_depth_sample",3.73406619112939,"fDCMdepth_mp","vera4cast"
2026-05-14,2026-04-25,"P1D","fcre",NA,"ensemble",105,"ChlorophyllMaximum_depth_sample",4.58146455418416,"fDCMdepth_mp","vera4cast"
2026-05-14,2026-04-25,"P1D","fcre",NA,"ensemble",136,"ChlorophyllMaximum_depth_sample",1.93192126679187,"fDCMdepth_mp","vera4cast"
2026-05-15,2026-04-25,"P1D","fcre",NA,"ensemble",12,"ChlorophyllMaximum_depth_sample",4.50183924411169,"fDCMdepth_mp","vera4cast"
2026-05-15,2026-04-25,"P1D","fcre",NA,"ensemble",43,"ChlorophyllMaximum_depth_sample",6.54608641702264,"fDCMdepth_mp","vera4cast"
2026-05-15,2026-04-25,"P1D","fcre",NA,"ensemble",74,"ChlorophyllMaximum_depth_sample",2.61529654521315,"fDCMdepth_mp","vera4cast"
2026-05-15,2026-04-25,"P1D","fcre",NA,"ensemble",105,"ChlorophyllMaximum_depth_sample",4.25680623019924,"fDCMdepth_mp","vera4cast"
2026-05-15,2026-04-25,"P1D","fcre",NA,"ensemble",136,"ChlorophyllMaximum_depth_sample",2.97861917061655,"fDCMdepth_mp","vera4cast"
2026-05-16,2026-04-25,"P1D","fcre",NA,"ensemble",12,"ChlorophyllMaximum_depth_sample",2.67204533722327,"fDCMdepth_mp","vera4cast"
2026-05-16,2026-04-25,"P1D","fcre",NA,"ensemble",43,"ChlorophyllMaximum_depth_sample",2.42818381716122,"fDCMdepth_mp","vera4cast"
2026-05-16,2026-04-25,"P1D","fcre",NA,"ensemble",74,"ChlorophyllMaximum_depth_sample",5.05120722894374,"fDCMdepth_mp","vera4cast"
2026-05-16,2026-04-25,"P1D","fcre",NA,"ensemble",105,"ChlorophyllMaximum_depth_sample",4.60035237889568,"fDCMdepth_mp","vera4cast"
2026-05-16,2026-04-25,"P1D","fcre",NA,"ensemble",136,"ChlorophyllMaximum_depth_sample",6.53586218947081,"fDCMdepth_mp","vera4cast"
2026-05-17,2026-04-25,"P1D","fcre",NA,"ensemble",12,"ChlorophyllMaximum_depth_sample",3.72241688691867,"fDCMdepth_mp","vera4cast"
2026-05-17,2026-04-25,"P1D","fcre",NA,"ensemble",43,"ChlorophyllMaximum_depth_sample",2.936518369555,"fDCMdepth_mp","vera4cast"
2026-05-17,2026-04-25,"P1D","fcre",NA,"ensemble",74,"ChlorophyllMaximum_depth_sample",2.33494948109783,"fDCMdepth_mp","vera4cast"
2026-05-17,2026-04-25,"P1D","fcre",NA,"ensemble",105,"ChlorophyllMaximum_depth_sample",6.27710979087398,"fDCMdepth_mp","vera4cast"
2026-05-17,2026-04-25,"P1D","fcre",NA,"ensemble",136,"ChlorophyllMaximum_depth_sample",1.98797521857353,"fDCMdepth_mp","vera4cast"
2026-05-18,2026-04-25,"P1D","fcre",NA,"ensemble",12,"ChlorophyllMaximum_depth_sample",2.26082847261424,"fDCMdepth_mp","vera4cast"
2026-05-18,2026-04-25,"P1D","fcre",NA,"ensemble",43,"ChlorophyllMaximum_depth_sample",1.66458051933301,"fDCMdepth_mp","vera4cast"
2026-05-18,2026-04-25,"P1D","fcre",NA,"ensemble",74,"ChlorophyllMaximum_depth_sample",3.80307045024698,"fDCMdepth_mp","vera4cast"
2026-05-18,2026-04-25,"P1D","fcre",NA,"ensemble",105,"ChlorophyllMaximum_depth_sample",6.19758357866781,"fDCMdepth_mp","vera4cast"
2026-05-18,2026-04-25,"P1D","fcre",NA,"ensemble",136,"ChlorophyllMaximum_depth_sample",2.38708332113847,"fDCMdepth_mp","vera4cast"
2026-05-19,2026-04-25,"P1D","fcre",NA,"ensemble",12,"ChlorophyllMaximum_depth_sample",4.47759817240138,"fDCMdepth_mp","vera4cast"
2026-05-19,2026-04-25,"P1D","fcre",NA,"ensemble",43,"ChlorophyllMaximum_depth_sample",3.95198738497696,"fDCMdepth_mp","vera4cast"
2026-05-19,2026-04-25,"P1D","fcre",NA,"ensemble",74,"ChlorophyllMaximum_depth_sample",4.68974653284707,"fDCMdepth_mp","vera4cast"
2026-05-19,2026-04-25,"P1D","fcre",NA,"ensemble",105,"ChlorophyllMaximum_depth_sample",5.68956844554195,"fDCMdepth_mp","vera4cast"
2026-05-19,2026-04-25,"P1D","fcre",NA,"ensemble",136,"ChlorophyllMaximum_depth_sample",1.28791780906267,"fDCMdepth_mp","vera4cast"
2026-05-20,2026-04-25,"P1D","fcre",NA,"ensemble",12,"ChlorophyllMaximum_depth_sample",2.46261917885318,"fDCMdepth_mp","vera4cast"
2026-05-20,2026-04-25,"P1D","fcre",NA,"ensemble",43,"ChlorophyllMaximum_depth_sample",1.40050389403565,"fDCMdepth_mp","vera4cast"
2026-05-20,2026-04-25,"P1D","fcre",NA,"ensemble",74,"ChlorophyllMaximum_depth_sample",5.55033231054074,"fDCMdepth_mp","vera4cast"
2026-05-20,2026-04-25,"P1D","fcre",NA,"ensemble",105,"ChlorophyllMaximum_depth_sample",4.93591959062388,"fDCMdepth_mp","vera4cast"
2026-05-20,2026-04-25,"P1D","fcre",NA,"ensemble",136,"ChlorophyllMaximum_depth_sample",5.67891277454917,"fDCMdepth_mp","vera4cast"
2026-05-21,2026-04-25,"P1D","fcre",NA,"ensemble",12,"ChlorophyllMaximum_depth_sample",3.46377145652566,"fDCMdepth_mp","vera4cast"
2026-05-21,2026-04-25,"P1D","fcre",NA,"ensemble",43,"ChlorophyllMaximum_depth_sample",0.880186777090859,"fDCMdepth_mp","vera4cast"
2026-05-21,2026-04-25,"P1D","fcre",NA,"ensemble",74,"ChlorophyllMaximum_depth_sample",2.10288126435676,"fDCMdepth_mp","vera4cast"
2026-05-21,2026-04-25,"P1D","fcre",NA,"ensemble",105,"ChlorophyllMaximum_depth_sample",3.7150114165068,"fDCMdepth_mp","vera4cast"
2026-05-21,2026-04-25,"P1D","fcre",NA,"ensemble",136,"ChlorophyllMaximum_depth_sample",0.877515381432472,"fDCMdepth_mp","vera4cast"
2026-05-22,2026-04-25,"P1D","fcre",NA,"ensemble",12,"ChlorophyllMaximum_depth_sample",3.32964455527104,"fDCMdepth_mp","vera4cast"
2026-05-22,2026-04-25,"P1D","fcre",NA,"ensemble",43,"ChlorophyllMaximum_depth_sample",3.91679154675867,"fDCMdepth_mp","vera4cast"
2026-05-22,2026-04-25,"P1D","fcre",NA,"ensemble",74,"ChlorophyllMaximum_depth_sample",4.81498288542273,"fDCMdepth_mp","vera4cast"
2026-05-22,2026-04-25,"P1D","fcre",NA,"ensemble",105,"ChlorophyllMaximum_depth_sample",2.7905027884025,"fDCMdepth_mp","vera4cast"
2026-05-22,2026-04-25,"P1D","fcre",NA,"ensemble",136,"ChlorophyllMaximum_depth_sample",1.53168755028026,"fDCMdepth_mp","vera4cast"
2026-05-23,2026-04-25,"P1D","fcre",NA,"ensemble",12,"ChlorophyllMaximum_depth_sample",2.83342266135994,"fDCMdepth_mp","vera4cast"
2026-05-23,2026-04-25,"P1D","fcre",NA,"ensemble",43,"ChlorophyllMaximum_depth_sample",4.74119491455859,"fDCMdepth_mp","vera4cast"
2026-05-23,2026-04-25,"P1D","fcre",NA,"ensemble",74,"ChlorophyllMaximum_depth_sample",4.13864113058937,"fDCMdepth_mp","vera4cast"
2026-05-23,2026-04-25,"P1D","fcre",NA,"ensemble",105,"ChlorophyllMaximum_depth_sample",4.19136845151009,"fDCMdepth_mp","vera4cast"
2026-05-23,2026-04-25,"P1D","fcre",NA,"ensemble",136,"ChlorophyllMaximum_depth_sample",2.10649743881721,"fDCMdepth_mp","vera4cast"
2026-05-24,2026-04-25,"P1D","fcre",NA,"ensemble",12,"ChlorophyllMaximum_depth_sample",5.26864480652809,"fDCMdepth_mp","vera4cast"
2026-05-24,2026-04-25,"P1D","fcre",NA,"ensemble",43,"ChlorophyllMaximum_depth_sample",3.99199295171626,"fDCMdepth_mp","vera4cast"
2026-05-24,2026-04-25,"P1D","fcre",NA,"ensemble",74,"ChlorophyllMaximum_depth_sample",3.8316312938074,"fDCMdepth_mp","vera4cast"
2026-05-24,2026-04-25,"P1D","fcre",NA,"ensemble",105,"ChlorophyllMaximum_depth_sample",1.37239137695236,"fDCMdepth_mp","vera4cast"
2026-05-24,2026-04-25,"P1D","fcre",NA,"ensemble",136,"ChlorophyllMaximum_depth_sample",1.33916622075227,"fDCMdepth_mp","vera4cast"
2026-05-25,2026-04-25,"P1D","fcre",NA,"ensemble",12,"ChlorophyllMaximum_depth_sample",1.11224307568497,"fDCMdepth_mp","vera4cast"
2026-05-25,2026-04-25,"P1D","fcre",NA,"ensemble",43,"ChlorophyllMaximum_depth_sample",3.41594550945569,"fDCMdepth_mp","vera4cast"
2026-05-25,2026-04-25,"P1D","fcre",NA,"ensemble",74,"ChlorophyllMaximum_depth_sample",2.31755574811991,"fDCMdepth_mp","vera4cast"
2026-05-25,2026-04-25,"P1D","fcre",NA,"ensemble",105,"ChlorophyllMaximum_depth_sample",2.31314137568732,"fDCMdepth_mp","vera4cast"
2026-05-25,2026-04-25,"P1D","fcre",NA,"ensemble",136,"ChlorophyllMaximum_depth_sample",2.71690120307043,"fDCMdepth_mp","vera4cast"
2026-05-26,2026-04-25,"P1D","fcre",NA,"ensemble",12,"ChlorophyllMaximum_depth_sample",4.59244844562607,"fDCMdepth_mp","vera4cast"
2026-05-26,2026-04-25,"P1D","fcre",NA,"ensemble",43,"ChlorophyllMaximum_depth_sample",3.95489712173466,"fDCMdepth_mp","vera4cast"
2026-05-26,2026-04-25,"P1D","fcre",NA,"ensemble",74,"ChlorophyllMaximum_depth_sample",4.88823546671511,"fDCMdepth_mp","vera4cast"
2026-05-26,2026-04-25,"P1D","fcre",NA,"ensemble",105,"ChlorophyllMaximum_depth_sample",1.21722935183374,"fDCMdepth_mp","vera4cast"
2026-05-26,2026-04-25,"P1D","fcre",NA,"ensemble",136,"ChlorophyllMaximum_depth_sample",2.2690670983933,"fDCMdepth_mp","vera4cast"
2026-05-27,2026-04-25,"P1D","fcre",NA,"ensemble",12,"ChlorophyllMaximum_depth_sample",4.9279038829023,"fDCMdepth_mp","vera4cast"
2026-05-27,2026-04-25,"P1D","fcre",NA,"ensemble",43,"ChlorophyllMaximum_depth_sample",3.92076121993349,"fDCMdepth_mp","vera4cast"
2026-05-27,2026-04-25,"P1D","fcre",NA,"ensemble",74,"ChlorophyllMaximum_depth_sample",4.19422327404109,"fDCMdepth_mp","vera4cast"
2026-05-27,2026-04-25,"P1D","fcre",NA,"ensemble",105,"ChlorophyllMaximum_depth_sample",5.32058883987917,"fDCMdepth_mp","vera4cast"
2026-05-27,2026-04-25,"P1D","fcre",NA,"ensemble",136,"ChlorophyllMaximum_depth_sample",2.59494750210769,"fDCMdepth_mp","vera4cast"
2026-05-28,2026-04-25,"P1D","fcre",NA,"ensemble",12,"ChlorophyllMaximum_depth_sample",3.85729294069777,"fDCMdepth_mp","vera4cast"
2026-05-28,2026-04-25,"P1D","fcre",NA,"ensemble",43,"ChlorophyllMaximum_depth_sample",2.70653343718656,"fDCMdepth_mp","vera4cast"
2026-05-28,2026-04-25,"P1D","fcre",NA,"ensemble",74,"ChlorophyllMaximum_depth_sample",2.80925391716457,"fDCMdepth_mp","vera4cast"
2026-05-28,2026-04-25,"P1D","fcre",NA,"ensemble",105,"ChlorophyllMaximum_depth_sample",1.19903580384043,"fDCMdepth_mp","vera4cast"
2026-05-28,2026-04-25,"P1D","fcre",NA,"ensemble",136,"ChlorophyllMaximum_depth_sample",2.60054368854911,"fDCMdepth_mp","vera4cast"
2026-05-29,2026-04-25,"P1D","fcre",NA,"ensemble",12,"ChlorophyllMaximum_depth_sample",2.99432421379976,"fDCMdepth_mp","vera4cast"
2026-05-29,2026-04-25,"P1D","fcre",NA,"ensemble",43,"ChlorophyllMaximum_depth_sample",2.63489489877664,"fDCMdepth_mp","vera4cast"
2026-05-29,2026-04-25,"P1D","fcre",NA,"ensemble",74,"ChlorophyllMaximum_depth_sample",4.95639150934105,"fDCMdepth_mp","vera4cast"
2026-05-29,2026-04-25,"P1D","fcre",NA,"ensemble",105,"ChlorophyllMaximum_depth_sample",2.33898644895479,"fDCMdepth_mp","vera4cast"
2026-05-29,2026-04-25,"P1D","fcre",NA,"ensemble",136,"ChlorophyllMaximum_depth_sample",1.85583793266732,"fDCMdepth_mp","vera4cast"
2026-04-26,2026-04-25,"P1D","fcre",NA,"ensemble",13,"ChlorophyllMaximum_depth_sample",2.96252029444097,"fDCMdepth_mp","vera4cast"
2026-04-26,2026-04-25,"P1D","fcre",NA,"ensemble",44,"ChlorophyllMaximum_depth_sample",4.12095687379222,"fDCMdepth_mp","vera4cast"
2026-04-26,2026-04-25,"P1D","fcre",NA,"ensemble",75,"ChlorophyllMaximum_depth_sample",2.53805511234869,"fDCMdepth_mp","vera4cast"
2026-04-26,2026-04-25,"P1D","fcre",NA,"ensemble",106,"ChlorophyllMaximum_depth_sample",1.22596518871805,"fDCMdepth_mp","vera4cast"
2026-04-26,2026-04-25,"P1D","fcre",NA,"ensemble",137,"ChlorophyllMaximum_depth_sample",2.41762505955738,"fDCMdepth_mp","vera4cast"
2026-04-27,2026-04-25,"P1D","fcre",NA,"ensemble",13,"ChlorophyllMaximum_depth_sample",4.24208664099001,"fDCMdepth_mp","vera4cast"
2026-04-27,2026-04-25,"P1D","fcre",NA,"ensemble",44,"ChlorophyllMaximum_depth_sample",2.08695750301528,"fDCMdepth_mp","vera4cast"
2026-04-27,2026-04-25,"P1D","fcre",NA,"ensemble",75,"ChlorophyllMaximum_depth_sample",1.88856231042146,"fDCMdepth_mp","vera4cast"
2026-04-27,2026-04-25,"P1D","fcre",NA,"ensemble",106,"ChlorophyllMaximum_depth_sample",2.29456272997869,"fDCMdepth_mp","vera4cast"
2026-04-27,2026-04-25,"P1D","fcre",NA,"ensemble",137,"ChlorophyllMaximum_depth_sample",1.90217116692943,"fDCMdepth_mp","vera4cast"
2026-04-28,2026-04-25,"P1D","fcre",NA,"ensemble",13,"ChlorophyllMaximum_depth_sample",3.06810675013453,"fDCMdepth_mp","vera4cast"
2026-04-28,2026-04-25,"P1D","fcre",NA,"ensemble",44,"ChlorophyllMaximum_depth_sample",1.42084574503026,"fDCMdepth_mp","vera4cast"
2026-04-28,2026-04-25,"P1D","fcre",NA,"ensemble",75,"ChlorophyllMaximum_depth_sample",3.58632689586325,"fDCMdepth_mp","vera4cast"
2026-04-28,2026-04-25,"P1D","fcre",NA,"ensemble",106,"ChlorophyllMaximum_depth_sample",1.52908851886077,"fDCMdepth_mp","vera4cast"
2026-04-28,2026-04-25,"P1D","fcre",NA,"ensemble",137,"ChlorophyllMaximum_depth_sample",1.15422624589433,"fDCMdepth_mp","vera4cast"
2026-04-29,2026-04-25,"P1D","fcre",NA,"ensemble",13,"ChlorophyllMaximum_depth_sample",1.14429667377232,"fDCMdepth_mp","vera4cast"
2026-04-29,2026-04-25,"P1D","fcre",NA,"ensemble",44,"ChlorophyllMaximum_depth_sample",4.63857610217453,"fDCMdepth_mp","vera4cast"
2026-04-29,2026-04-25,"P1D","fcre",NA,"ensemble",75,"ChlorophyllMaximum_depth_sample",2.03493774914724,"fDCMdepth_mp","vera4cast"
2026-04-29,2026-04-25,"P1D","fcre",NA,"ensemble",106,"ChlorophyllMaximum_depth_sample",4.13314368849922,"fDCMdepth_mp","vera4cast"
2026-04-29,2026-04-25,"P1D","fcre",NA,"ensemble",137,"ChlorophyllMaximum_depth_sample",3.36110949091916,"fDCMdepth_mp","vera4cast"
2026-04-30,2026-04-25,"P1D","fcre",NA,"ensemble",13,"ChlorophyllMaximum_depth_sample",2.77590409600372,"fDCMdepth_mp","vera4cast"
2026-04-30,2026-04-25,"P1D","fcre",NA,"ensemble",44,"ChlorophyllMaximum_depth_sample",2.2149158819984,"fDCMdepth_mp","vera4cast"
2026-04-30,2026-04-25,"P1D","fcre",NA,"ensemble",75,"ChlorophyllMaximum_depth_sample",0.600207372279947,"fDCMdepth_mp","vera4cast"
2026-04-30,2026-04-25,"P1D","fcre",NA,"ensemble",106,"ChlorophyllMaximum_depth_sample",1.83416503430406,"fDCMdepth_mp","vera4cast"
2026-04-30,2026-04-25,"P1D","fcre",NA,"ensemble",137,"ChlorophyllMaximum_depth_sample",0.316905162376269,"fDCMdepth_mp","vera4cast"
2026-05-01,2026-04-25,"P1D","fcre",NA,"ensemble",13,"ChlorophyllMaximum_depth_sample",2.56860320699412,"fDCMdepth_mp","vera4cast"
2026-05-01,2026-04-25,"P1D","fcre",NA,"ensemble",44,"ChlorophyllMaximum_depth_sample",1.52115439228113,"fDCMdepth_mp","vera4cast"
2026-05-01,2026-04-25,"P1D","fcre",NA,"ensemble",75,"ChlorophyllMaximum_depth_sample",2.2642892217594,"fDCMdepth_mp","vera4cast"
2026-05-01,2026-04-25,"P1D","fcre",NA,"ensemble",106,"ChlorophyllMaximum_depth_sample",1.4933926234852,"fDCMdepth_mp","vera4cast"
2026-05-01,2026-04-25,"P1D","fcre",NA,"ensemble",137,"ChlorophyllMaximum_depth_sample",1.5677241157705,"fDCMdepth_mp","vera4cast"
2026-05-02,2026-04-25,"P1D","fcre",NA,"ensemble",13,"ChlorophyllMaximum_depth_sample",3.86077353046707,"fDCMdepth_mp","vera4cast"
2026-05-02,2026-04-25,"P1D","fcre",NA,"ensemble",44,"ChlorophyllMaximum_depth_sample",2.64636017487725,"fDCMdepth_mp","vera4cast"
2026-05-02,2026-04-25,"P1D","fcre",NA,"ensemble",75,"ChlorophyllMaximum_depth_sample",3.72244490966936,"fDCMdepth_mp","vera4cast"
2026-05-02,2026-04-25,"P1D","fcre",NA,"ensemble",106,"ChlorophyllMaximum_depth_sample",0.588357129301944,"fDCMdepth_mp","vera4cast"
2026-05-02,2026-04-25,"P1D","fcre",NA,"ensemble",137,"ChlorophyllMaximum_depth_sample",0.830265470161851,"fDCMdepth_mp","vera4cast"
2026-05-03,2026-04-25,"P1D","fcre",NA,"ensemble",13,"ChlorophyllMaximum_depth_sample",2.57274211321858,"fDCMdepth_mp","vera4cast"
2026-05-03,2026-04-25,"P1D","fcre",NA,"ensemble",44,"ChlorophyllMaximum_depth_sample",1.08927004443137,"fDCMdepth_mp","vera4cast"
2026-05-03,2026-04-25,"P1D","fcre",NA,"ensemble",75,"ChlorophyllMaximum_depth_sample",1.72078344085319,"fDCMdepth_mp","vera4cast"
2026-05-03,2026-04-25,"P1D","fcre",NA,"ensemble",106,"ChlorophyllMaximum_depth_sample",5.04366345210238,"fDCMdepth_mp","vera4cast"
2026-05-03,2026-04-25,"P1D","fcre",NA,"ensemble",137,"ChlorophyllMaximum_depth_sample",2.6122660762711,"fDCMdepth_mp","vera4cast"
2026-05-04,2026-04-25,"P1D","fcre",NA,"ensemble",13,"ChlorophyllMaximum_depth_sample",4.35705911778775,"fDCMdepth_mp","vera4cast"
2026-05-04,2026-04-25,"P1D","fcre",NA,"ensemble",44,"ChlorophyllMaximum_depth_sample",2.76803887844663,"fDCMdepth_mp","vera4cast"
2026-05-04,2026-04-25,"P1D","fcre",NA,"ensemble",75,"ChlorophyllMaximum_depth_sample",3.05066527529778,"fDCMdepth_mp","vera4cast"
2026-05-04,2026-04-25,"P1D","fcre",NA,"ensemble",106,"ChlorophyllMaximum_depth_sample",4.56970573123485,"fDCMdepth_mp","vera4cast"
2026-05-04,2026-04-25,"P1D","fcre",NA,"ensemble",137,"ChlorophyllMaximum_depth_sample",3.07677735124868,"fDCMdepth_mp","vera4cast"
2026-05-05,2026-04-25,"P1D","fcre",NA,"ensemble",13,"ChlorophyllMaximum_depth_sample",0.482109898546368,"fDCMdepth_mp","vera4cast"
2026-05-05,2026-04-25,"P1D","fcre",NA,"ensemble",44,"ChlorophyllMaximum_depth_sample",3.45339466715326,"fDCMdepth_mp","vera4cast"
2026-05-05,2026-04-25,"P1D","fcre",NA,"ensemble",75,"ChlorophyllMaximum_depth_sample",1.43142129615642,"fDCMdepth_mp","vera4cast"
2026-05-05,2026-04-25,"P1D","fcre",NA,"ensemble",106,"ChlorophyllMaximum_depth_sample",4.20098276642826,"fDCMdepth_mp","vera4cast"
2026-05-05,2026-04-25,"P1D","fcre",NA,"ensemble",137,"ChlorophyllMaximum_depth_sample",2.744794313243,"fDCMdepth_mp","vera4cast"
2026-05-06,2026-04-25,"P1D","fcre",NA,"ensemble",13,"ChlorophyllMaximum_depth_sample",4.25445429988496,"fDCMdepth_mp","vera4cast"
2026-05-06,2026-04-25,"P1D","fcre",NA,"ensemble",44,"ChlorophyllMaximum_depth_sample",1.28502318527652,"fDCMdepth_mp","vera4cast"
2026-05-06,2026-04-25,"P1D","fcre",NA,"ensemble",75,"ChlorophyllMaximum_depth_sample",2.09641896457555,"fDCMdepth_mp","vera4cast"
2026-05-06,2026-04-25,"P1D","fcre",NA,"ensemble",106,"ChlorophyllMaximum_depth_sample",2.9219965043956,"fDCMdepth_mp","vera4cast"
2026-05-06,2026-04-25,"P1D","fcre",NA,"ensemble",137,"ChlorophyllMaximum_depth_sample",1.9293601149176,"fDCMdepth_mp","vera4cast"
2026-05-07,2026-04-25,"P1D","fcre",NA,"ensemble",13,"ChlorophyllMaximum_depth_sample",2.55133823274793,"fDCMdepth_mp","vera4cast"
2026-05-07,2026-04-25,"P1D","fcre",NA,"ensemble",44,"ChlorophyllMaximum_depth_sample",4.17453755595728,"fDCMdepth_mp","vera4cast"
2026-05-07,2026-04-25,"P1D","fcre",NA,"ensemble",75,"ChlorophyllMaximum_depth_sample",2.18434932788696,"fDCMdepth_mp","vera4cast"
2026-05-07,2026-04-25,"P1D","fcre",NA,"ensemble",106,"ChlorophyllMaximum_depth_sample",3.10778311266654,"fDCMdepth_mp","vera4cast"
2026-05-07,2026-04-25,"P1D","fcre",NA,"ensemble",137,"ChlorophyllMaximum_depth_sample",1.58049889665551,"fDCMdepth_mp","vera4cast"
2026-05-08,2026-04-25,"P1D","fcre",NA,"ensemble",13,"ChlorophyllMaximum_depth_sample",3.65570509664462,"fDCMdepth_mp","vera4cast"
2026-05-08,2026-04-25,"P1D","fcre",NA,"ensemble",44,"ChlorophyllMaximum_depth_sample",2.23402388384396,"fDCMdepth_mp","vera4cast"
2026-05-08,2026-04-25,"P1D","fcre",NA,"ensemble",75,"ChlorophyllMaximum_depth_sample",3.69519434557031,"fDCMdepth_mp","vera4cast"
2026-05-08,2026-04-25,"P1D","fcre",NA,"ensemble",106,"ChlorophyllMaximum_depth_sample",1.13205194387415,"fDCMdepth_mp","vera4cast"
2026-05-08,2026-04-25,"P1D","fcre",NA,"ensemble",137,"ChlorophyllMaximum_depth_sample",-0.0731532125137684,"fDCMdepth_mp","vera4cast"
2026-05-09,2026-04-25,"P1D","fcre",NA,"ensemble",13,"ChlorophyllMaximum_depth_sample",4.21850321387415,"fDCMdepth_mp","vera4cast"
2026-05-09,2026-04-25,"P1D","fcre",NA,"ensemble",44,"ChlorophyllMaximum_depth_sample",2.40733552096467,"fDCMdepth_mp","vera4cast"
2026-05-09,2026-04-25,"P1D","fcre",NA,"ensemble",75,"ChlorophyllMaximum_depth_sample",2.2846819929602,"fDCMdepth_mp","vera4cast"
2026-05-09,2026-04-25,"P1D","fcre",NA,"ensemble",106,"ChlorophyllMaximum_depth_sample",2.29501975709322,"fDCMdepth_mp","vera4cast"
2026-05-09,2026-04-25,"P1D","fcre",NA,"ensemble",137,"ChlorophyllMaximum_depth_sample",3.0698504113723,"fDCMdepth_mp","vera4cast"
2026-05-10,2026-04-25,"P1D","fcre",NA,"ensemble",13,"ChlorophyllMaximum_depth_sample",1.57671944745685,"fDCMdepth_mp","vera4cast"
2026-05-10,2026-04-25,"P1D","fcre",NA,"ensemble",44,"ChlorophyllMaximum_depth_sample",4.200599546901,"fDCMdepth_mp","vera4cast"
2026-05-10,2026-04-25,"P1D","fcre",NA,"ensemble",75,"ChlorophyllMaximum_depth_sample",4.19452245340311,"fDCMdepth_mp","vera4cast"
2026-05-10,2026-04-25,"P1D","fcre",NA,"ensemble",106,"ChlorophyllMaximum_depth_sample",-0.136768189690278,"fDCMdepth_mp","vera4cast"
2026-05-10,2026-04-25,"P1D","fcre",NA,"ensemble",137,"ChlorophyllMaximum_depth_sample",2.62808815608449,"fDCMdepth_mp","vera4cast"
2026-05-11,2026-04-25,"P1D","fcre",NA,"ensemble",13,"ChlorophyllMaximum_depth_sample",4.53078120905565,"fDCMdepth_mp","vera4cast"
2026-05-11,2026-04-25,"P1D","fcre",NA,"ensemble",44,"ChlorophyllMaximum_depth_sample",2.97650141863042,"fDCMdepth_mp","vera4cast"
2026-05-11,2026-04-25,"P1D","fcre",NA,"ensemble",75,"ChlorophyllMaximum_depth_sample",4.6423470405005,"fDCMdepth_mp","vera4cast"
2026-05-11,2026-04-25,"P1D","fcre",NA,"ensemble",106,"ChlorophyllMaximum_depth_sample",3.75349982734995,"fDCMdepth_mp","vera4cast"
2026-05-11,2026-04-25,"P1D","fcre",NA,"ensemble",137,"ChlorophyllMaximum_depth_sample",2.42642717014506,"fDCMdepth_mp","vera4cast"
2026-05-12,2026-04-25,"P1D","fcre",NA,"ensemble",13,"ChlorophyllMaximum_depth_sample",3.69906003855878,"fDCMdepth_mp","vera4cast"
2026-05-12,2026-04-25,"P1D","fcre",NA,"ensemble",44,"ChlorophyllMaximum_depth_sample",1.17299836938101,"fDCMdepth_mp","vera4cast"
2026-05-12,2026-04-25,"P1D","fcre",NA,"ensemble",75,"ChlorophyllMaximum_depth_sample",4.14987305898489,"fDCMdepth_mp","vera4cast"
2026-05-12,2026-04-25,"P1D","fcre",NA,"ensemble",106,"ChlorophyllMaximum_depth_sample",6.122853789115,"fDCMdepth_mp","vera4cast"
2026-05-12,2026-04-25,"P1D","fcre",NA,"ensemble",137,"ChlorophyllMaximum_depth_sample",3.82213806031048,"fDCMdepth_mp","vera4cast"
2026-05-13,2026-04-25,"P1D","fcre",NA,"ensemble",13,"ChlorophyllMaximum_depth_sample",1.47586915461323,"fDCMdepth_mp","vera4cast"
2026-05-13,2026-04-25,"P1D","fcre",NA,"ensemble",44,"ChlorophyllMaximum_depth_sample",4.57606609455344,"fDCMdepth_mp","vera4cast"
2026-05-13,2026-04-25,"P1D","fcre",NA,"ensemble",75,"ChlorophyllMaximum_depth_sample",6.17193430724183,"fDCMdepth_mp","vera4cast"
2026-05-13,2026-04-25,"P1D","fcre",NA,"ensemble",106,"ChlorophyllMaximum_depth_sample",4.08667890371355,"fDCMdepth_mp","vera4cast"
2026-05-13,2026-04-25,"P1D","fcre",NA,"ensemble",137,"ChlorophyllMaximum_depth_sample",4.65877161797525,"fDCMdepth_mp","vera4cast"
2026-05-14,2026-04-25,"P1D","fcre",NA,"ensemble",13,"ChlorophyllMaximum_depth_sample",2.36023930643378,"fDCMdepth_mp","vera4cast"
2026-05-14,2026-04-25,"P1D","fcre",NA,"ensemble",44,"ChlorophyllMaximum_depth_sample",4.45405729622447,"fDCMdepth_mp","vera4cast"
2026-05-14,2026-04-25,"P1D","fcre",NA,"ensemble",75,"ChlorophyllMaximum_depth_sample",3.01692892693771,"fDCMdepth_mp","vera4cast"
2026-05-14,2026-04-25,"P1D","fcre",NA,"ensemble",106,"ChlorophyllMaximum_depth_sample",3.98518261425211,"fDCMdepth_mp","vera4cast"
2026-05-14,2026-04-25,"P1D","fcre",NA,"ensemble",137,"ChlorophyllMaximum_depth_sample",2.28783084683256,"fDCMdepth_mp","vera4cast"
2026-05-15,2026-04-25,"P1D","fcre",NA,"ensemble",13,"ChlorophyllMaximum_depth_sample",4.52988800232817,"fDCMdepth_mp","vera4cast"
2026-05-15,2026-04-25,"P1D","fcre",NA,"ensemble",44,"ChlorophyllMaximum_depth_sample",5.58730602705913,"fDCMdepth_mp","vera4cast"
2026-05-15,2026-04-25,"P1D","fcre",NA,"ensemble",75,"ChlorophyllMaximum_depth_sample",4.52973769052036,"fDCMdepth_mp","vera4cast"
2026-05-15,2026-04-25,"P1D","fcre",NA,"ensemble",106,"ChlorophyllMaximum_depth_sample",5.37350563183222,"fDCMdepth_mp","vera4cast"
2026-05-15,2026-04-25,"P1D","fcre",NA,"ensemble",137,"ChlorophyllMaximum_depth_sample",1.90437536400076,"fDCMdepth_mp","vera4cast"
2026-05-16,2026-04-25,"P1D","fcre",NA,"ensemble",13,"ChlorophyllMaximum_depth_sample",2.32240886163448,"fDCMdepth_mp","vera4cast"
2026-05-16,2026-04-25,"P1D","fcre",NA,"ensemble",44,"ChlorophyllMaximum_depth_sample",0.701717342207475,"fDCMdepth_mp","vera4cast"
2026-05-16,2026-04-25,"P1D","fcre",NA,"ensemble",75,"ChlorophyllMaximum_depth_sample",5.04744780691345,"fDCMdepth_mp","vera4cast"
2026-05-16,2026-04-25,"P1D","fcre",NA,"ensemble",106,"ChlorophyllMaximum_depth_sample",4.40760791376754,"fDCMdepth_mp","vera4cast"
2026-05-16,2026-04-25,"P1D","fcre",NA,"ensemble",137,"ChlorophyllMaximum_depth_sample",2.22640960842432,"fDCMdepth_mp","vera4cast"
2026-05-17,2026-04-25,"P1D","fcre",NA,"ensemble",13,"ChlorophyllMaximum_depth_sample",1.74268770218076,"fDCMdepth_mp","vera4cast"
2026-05-17,2026-04-25,"P1D","fcre",NA,"ensemble",44,"ChlorophyllMaximum_depth_sample",3.36600175754962,"fDCMdepth_mp","vera4cast"
2026-05-17,2026-04-25,"P1D","fcre",NA,"ensemble",75,"ChlorophyllMaximum_depth_sample",3.71575761827618,"fDCMdepth_mp","vera4cast"
2026-05-17,2026-04-25,"P1D","fcre",NA,"ensemble",106,"ChlorophyllMaximum_depth_sample",4.93032627337587,"fDCMdepth_mp","vera4cast"
2026-05-17,2026-04-25,"P1D","fcre",NA,"ensemble",137,"ChlorophyllMaximum_depth_sample",4.44126275931423,"fDCMdepth_mp","vera4cast"
2026-05-18,2026-04-25,"P1D","fcre",NA,"ensemble",13,"ChlorophyllMaximum_depth_sample",6.1633293042583,"fDCMdepth_mp","vera4cast"
2026-05-18,2026-04-25,"P1D","fcre",NA,"ensemble",44,"ChlorophyllMaximum_depth_sample",6.28655504373231,"fDCMdepth_mp","vera4cast"
2026-05-18,2026-04-25,"P1D","fcre",NA,"ensemble",75,"ChlorophyllMaximum_depth_sample",5.81506224157537,"fDCMdepth_mp","vera4cast"
2026-05-18,2026-04-25,"P1D","fcre",NA,"ensemble",106,"ChlorophyllMaximum_depth_sample",4.87519838333715,"fDCMdepth_mp","vera4cast"
2026-05-18,2026-04-25,"P1D","fcre",NA,"ensemble",137,"ChlorophyllMaximum_depth_sample",4.77773700001589,"fDCMdepth_mp","vera4cast"
2026-05-19,2026-04-25,"P1D","fcre",NA,"ensemble",13,"ChlorophyllMaximum_depth_sample",5.53038888570366,"fDCMdepth_mp","vera4cast"
2026-05-19,2026-04-25,"P1D","fcre",NA,"ensemble",44,"ChlorophyllMaximum_depth_sample",5.33003736156791,"fDCMdepth_mp","vera4cast"
2026-05-19,2026-04-25,"P1D","fcre",NA,"ensemble",75,"ChlorophyllMaximum_depth_sample",1.99398381839538,"fDCMdepth_mp","vera4cast"
2026-05-19,2026-04-25,"P1D","fcre",NA,"ensemble",106,"ChlorophyllMaximum_depth_sample",5.00333278464946,"fDCMdepth_mp","vera4cast"
2026-05-19,2026-04-25,"P1D","fcre",NA,"ensemble",137,"ChlorophyllMaximum_depth_sample",2.1792644200741,"fDCMdepth_mp","vera4cast"
2026-05-20,2026-04-25,"P1D","fcre",NA,"ensemble",13,"ChlorophyllMaximum_depth_sample",2.03501272652399,"fDCMdepth_mp","vera4cast"
2026-05-20,2026-04-25,"P1D","fcre",NA,"ensemble",44,"ChlorophyllMaximum_depth_sample",3.57281533555124,"fDCMdepth_mp","vera4cast"
2026-05-20,2026-04-25,"P1D","fcre",NA,"ensemble",75,"ChlorophyllMaximum_depth_sample",2.13288214775155,"fDCMdepth_mp","vera4cast"
2026-05-20,2026-04-25,"P1D","fcre",NA,"ensemble",106,"ChlorophyllMaximum_depth_sample",1.51711592575175,"fDCMdepth_mp","vera4cast"
2026-05-20,2026-04-25,"P1D","fcre",NA,"ensemble",137,"ChlorophyllMaximum_depth_sample",1.45706655292063,"fDCMdepth_mp","vera4cast"
2026-05-21,2026-04-25,"P1D","fcre",NA,"ensemble",13,"ChlorophyllMaximum_depth_sample",4.69949390133619,"fDCMdepth_mp","vera4cast"
2026-05-21,2026-04-25,"P1D","fcre",NA,"ensemble",44,"ChlorophyllMaximum_depth_sample",4.18420860978384,"fDCMdepth_mp","vera4cast"
2026-05-21,2026-04-25,"P1D","fcre",NA,"ensemble",75,"ChlorophyllMaximum_depth_sample",6.02327710014325,"fDCMdepth_mp","vera4cast"
2026-05-21,2026-04-25,"P1D","fcre",NA,"ensemble",106,"ChlorophyllMaximum_depth_sample",2.95905403432248,"fDCMdepth_mp","vera4cast"
2026-05-21,2026-04-25,"P1D","fcre",NA,"ensemble",137,"ChlorophyllMaximum_depth_sample",2.63788089520766,"fDCMdepth_mp","vera4cast"
2026-05-22,2026-04-25,"P1D","fcre",NA,"ensemble",13,"ChlorophyllMaximum_depth_sample",3.74105962367511,"fDCMdepth_mp","vera4cast"
2026-05-22,2026-04-25,"P1D","fcre",NA,"ensemble",44,"ChlorophyllMaximum_depth_sample",2.74583037130234,"fDCMdepth_mp","vera4cast"
2026-05-22,2026-04-25,"P1D","fcre",NA,"ensemble",75,"ChlorophyllMaximum_depth_sample",2.38536482384022,"fDCMdepth_mp","vera4cast"
2026-05-22,2026-04-25,"P1D","fcre",NA,"ensemble",106,"ChlorophyllMaximum_depth_sample",2.523188307289,"fDCMdepth_mp","vera4cast"
2026-05-22,2026-04-25,"P1D","fcre",NA,"ensemble",137,"ChlorophyllMaximum_depth_sample",2.31495295210856,"fDCMdepth_mp","vera4cast"
2026-05-23,2026-04-25,"P1D","fcre",NA,"ensemble",13,"ChlorophyllMaximum_depth_sample",1.89138331781713,"fDCMdepth_mp","vera4cast"
2026-05-23,2026-04-25,"P1D","fcre",NA,"ensemble",44,"ChlorophyllMaximum_depth_sample",5.2234205234583,"fDCMdepth_mp","vera4cast"
2026-05-23,2026-04-25,"P1D","fcre",NA,"ensemble",75,"ChlorophyllMaximum_depth_sample",2.6679616940484,"fDCMdepth_mp","vera4cast"
2026-05-23,2026-04-25,"P1D","fcre",NA,"ensemble",106,"ChlorophyllMaximum_depth_sample",5.5051590143923,"fDCMdepth_mp","vera4cast"
2026-05-23,2026-04-25,"P1D","fcre",NA,"ensemble",137,"ChlorophyllMaximum_depth_sample",1.88641248945902,"fDCMdepth_mp","vera4cast"
2026-05-24,2026-04-25,"P1D","fcre",NA,"ensemble",13,"ChlorophyllMaximum_depth_sample",4.06677434122157,"fDCMdepth_mp","vera4cast"
2026-05-24,2026-04-25,"P1D","fcre",NA,"ensemble",44,"ChlorophyllMaximum_depth_sample",3.13509785096746,"fDCMdepth_mp","vera4cast"
2026-05-24,2026-04-25,"P1D","fcre",NA,"ensemble",75,"ChlorophyllMaximum_depth_sample",3.04824506090265,"fDCMdepth_mp","vera4cast"
2026-05-24,2026-04-25,"P1D","fcre",NA,"ensemble",106,"ChlorophyllMaximum_depth_sample",1.99511600187527,"fDCMdepth_mp","vera4cast"
2026-05-24,2026-04-25,"P1D","fcre",NA,"ensemble",137,"ChlorophyllMaximum_depth_sample",2.53720638789661,"fDCMdepth_mp","vera4cast"
2026-05-25,2026-04-25,"P1D","fcre",NA,"ensemble",13,"ChlorophyllMaximum_depth_sample",4.64341875177756,"fDCMdepth_mp","vera4cast"
2026-05-25,2026-04-25,"P1D","fcre",NA,"ensemble",44,"ChlorophyllMaximum_depth_sample",5.02862590648886,"fDCMdepth_mp","vera4cast"
2026-05-25,2026-04-25,"P1D","fcre",NA,"ensemble",75,"ChlorophyllMaximum_depth_sample",1.40833042783467,"fDCMdepth_mp","vera4cast"
2026-05-25,2026-04-25,"P1D","fcre",NA,"ensemble",106,"ChlorophyllMaximum_depth_sample",2.84809683018006,"fDCMdepth_mp","vera4cast"
2026-05-25,2026-04-25,"P1D","fcre",NA,"ensemble",137,"ChlorophyllMaximum_depth_sample",2.75733322196538,"fDCMdepth_mp","vera4cast"
2026-05-26,2026-04-25,"P1D","fcre",NA,"ensemble",13,"ChlorophyllMaximum_depth_sample",1.49377146580521,"fDCMdepth_mp","vera4cast"
2026-05-26,2026-04-25,"P1D","fcre",NA,"ensemble",44,"ChlorophyllMaximum_depth_sample",2.86799187532057,"fDCMdepth_mp","vera4cast"
2026-05-26,2026-04-25,"P1D","fcre",NA,"ensemble",75,"ChlorophyllMaximum_depth_sample",3.74938137706795,"fDCMdepth_mp","vera4cast"
2026-05-26,2026-04-25,"P1D","fcre",NA,"ensemble",106,"ChlorophyllMaximum_depth_sample",3.68760896492057,"fDCMdepth_mp","vera4cast"
2026-05-26,2026-04-25,"P1D","fcre",NA,"ensemble",137,"ChlorophyllMaximum_depth_sample",5.59551314184334,"fDCMdepth_mp","vera4cast"
2026-05-27,2026-04-25,"P1D","fcre",NA,"ensemble",13,"ChlorophyllMaximum_depth_sample",2.66880219977056,"fDCMdepth_mp","vera4cast"
2026-05-27,2026-04-25,"P1D","fcre",NA,"ensemble",44,"ChlorophyllMaximum_depth_sample",2.71566728213636,"fDCMdepth_mp","vera4cast"
2026-05-27,2026-04-25,"P1D","fcre",NA,"ensemble",75,"ChlorophyllMaximum_depth_sample",3.51663231121187,"fDCMdepth_mp","vera4cast"
2026-05-27,2026-04-25,"P1D","fcre",NA,"ensemble",106,"ChlorophyllMaximum_depth_sample",3.54491242957946,"fDCMdepth_mp","vera4cast"
2026-05-27,2026-04-25,"P1D","fcre",NA,"ensemble",137,"ChlorophyllMaximum_depth_sample",5.72195909840716,"fDCMdepth_mp","vera4cast"
2026-05-28,2026-04-25,"P1D","fcre",NA,"ensemble",13,"ChlorophyllMaximum_depth_sample",4.55585695063249,"fDCMdepth_mp","vera4cast"
2026-05-28,2026-04-25,"P1D","fcre",NA,"ensemble",44,"ChlorophyllMaximum_depth_sample",4.71577318650049,"fDCMdepth_mp","vera4cast"
2026-05-28,2026-04-25,"P1D","fcre",NA,"ensemble",75,"ChlorophyllMaximum_depth_sample",-0.0941373315398706,"fDCMdepth_mp","vera4cast"
2026-05-28,2026-04-25,"P1D","fcre",NA,"ensemble",106,"ChlorophyllMaximum_depth_sample",1.72664434403452,"fDCMdepth_mp","vera4cast"
2026-05-28,2026-04-25,"P1D","fcre",NA,"ensemble",137,"ChlorophyllMaximum_depth_sample",4.38629077335556,"fDCMdepth_mp","vera4cast"
2026-05-29,2026-04-25,"P1D","fcre",NA,"ensemble",13,"ChlorophyllMaximum_depth_sample",5.35942808159661,"fDCMdepth_mp","vera4cast"
2026-05-29,2026-04-25,"P1D","fcre",NA,"ensemble",44,"ChlorophyllMaximum_depth_sample",3.08848561499445,"fDCMdepth_mp","vera4cast"
2026-05-29,2026-04-25,"P1D","fcre",NA,"ensemble",75,"ChlorophyllMaximum_depth_sample",2.01636414690135,"fDCMdepth_mp","vera4cast"
2026-05-29,2026-04-25,"P1D","fcre",NA,"ensemble",106,"ChlorophyllMaximum_depth_sample",3.84443717365934,"fDCMdepth_mp","vera4cast"
2026-05-29,2026-04-25,"P1D","fcre",NA,"ensemble",137,"ChlorophyllMaximum_depth_sample",2.63129553056638,"fDCMdepth_mp","vera4cast"
2026-04-26,2026-04-25,"P1D","fcre",NA,"ensemble",14,"ChlorophyllMaximum_depth_sample",4.69598524842219,"fDCMdepth_mp","vera4cast"
2026-04-26,2026-04-25,"P1D","fcre",NA,"ensemble",45,"ChlorophyllMaximum_depth_sample",1.48259029367784,"fDCMdepth_mp","vera4cast"
2026-04-26,2026-04-25,"P1D","fcre",NA,"ensemble",76,"ChlorophyllMaximum_depth_sample",3.53309779881094,"fDCMdepth_mp","vera4cast"
2026-04-26,2026-04-25,"P1D","fcre",NA,"ensemble",107,"ChlorophyllMaximum_depth_sample",1.90866448562256,"fDCMdepth_mp","vera4cast"
2026-04-26,2026-04-25,"P1D","fcre",NA,"ensemble",138,"ChlorophyllMaximum_depth_sample",5.16813464346276,"fDCMdepth_mp","vera4cast"
2026-04-27,2026-04-25,"P1D","fcre",NA,"ensemble",14,"ChlorophyllMaximum_depth_sample",3.78465575130351,"fDCMdepth_mp","vera4cast"
2026-04-27,2026-04-25,"P1D","fcre",NA,"ensemble",45,"ChlorophyllMaximum_depth_sample",5.25997304424709,"fDCMdepth_mp","vera4cast"
2026-04-27,2026-04-25,"P1D","fcre",NA,"ensemble",76,"ChlorophyllMaximum_depth_sample",6.01047917473659,"fDCMdepth_mp","vera4cast"
2026-04-27,2026-04-25,"P1D","fcre",NA,"ensemble",107,"ChlorophyllMaximum_depth_sample",5.49941062943338,"fDCMdepth_mp","vera4cast"
2026-04-27,2026-04-25,"P1D","fcre",NA,"ensemble",138,"ChlorophyllMaximum_depth_sample",3.92272457439237,"fDCMdepth_mp","vera4cast"
2026-04-28,2026-04-25,"P1D","fcre",NA,"ensemble",14,"ChlorophyllMaximum_depth_sample",5.41279508057892,"fDCMdepth_mp","vera4cast"
2026-04-28,2026-04-25,"P1D","fcre",NA,"ensemble",45,"ChlorophyllMaximum_depth_sample",3.61282616469671,"fDCMdepth_mp","vera4cast"
2026-04-28,2026-04-25,"P1D","fcre",NA,"ensemble",76,"ChlorophyllMaximum_depth_sample",3.58970287379417,"fDCMdepth_mp","vera4cast"
2026-04-28,2026-04-25,"P1D","fcre",NA,"ensemble",107,"ChlorophyllMaximum_depth_sample",2.84976381337087,"fDCMdepth_mp","vera4cast"
2026-04-28,2026-04-25,"P1D","fcre",NA,"ensemble",138,"ChlorophyllMaximum_depth_sample",2.7068457205298,"fDCMdepth_mp","vera4cast"
2026-04-29,2026-04-25,"P1D","fcre",NA,"ensemble",14,"ChlorophyllMaximum_depth_sample",3.95401892618964,"fDCMdepth_mp","vera4cast"
2026-04-29,2026-04-25,"P1D","fcre",NA,"ensemble",45,"ChlorophyllMaximum_depth_sample",3.71208675331451,"fDCMdepth_mp","vera4cast"
2026-04-29,2026-04-25,"P1D","fcre",NA,"ensemble",76,"ChlorophyllMaximum_depth_sample",1.74657061102501,"fDCMdepth_mp","vera4cast"
2026-04-29,2026-04-25,"P1D","fcre",NA,"ensemble",107,"ChlorophyllMaximum_depth_sample",4.25695348803279,"fDCMdepth_mp","vera4cast"
2026-04-29,2026-04-25,"P1D","fcre",NA,"ensemble",138,"ChlorophyllMaximum_depth_sample",2.17325604392428,"fDCMdepth_mp","vera4cast"
2026-04-30,2026-04-25,"P1D","fcre",NA,"ensemble",14,"ChlorophyllMaximum_depth_sample",2.33984483384671,"fDCMdepth_mp","vera4cast"
2026-04-30,2026-04-25,"P1D","fcre",NA,"ensemble",45,"ChlorophyllMaximum_depth_sample",2.57108872212112,"fDCMdepth_mp","vera4cast"
2026-04-30,2026-04-25,"P1D","fcre",NA,"ensemble",76,"ChlorophyllMaximum_depth_sample",4.76724640632158,"fDCMdepth_mp","vera4cast"
2026-04-30,2026-04-25,"P1D","fcre",NA,"ensemble",107,"ChlorophyllMaximum_depth_sample",1.6912284570708,"fDCMdepth_mp","vera4cast"
2026-04-30,2026-04-25,"P1D","fcre",NA,"ensemble",138,"ChlorophyllMaximum_depth_sample",2.40399942639875,"fDCMdepth_mp","vera4cast"
2026-05-01,2026-04-25,"P1D","fcre",NA,"ensemble",14,"ChlorophyllMaximum_depth_sample",2.82015245752223,"fDCMdepth_mp","vera4cast"
2026-05-01,2026-04-25,"P1D","fcre",NA,"ensemble",45,"ChlorophyllMaximum_depth_sample",3.70601157259706,"fDCMdepth_mp","vera4cast"
2026-05-01,2026-04-25,"P1D","fcre",NA,"ensemble",76,"ChlorophyllMaximum_depth_sample",0.602355358715864,"fDCMdepth_mp","vera4cast"
2026-05-01,2026-04-25,"P1D","fcre",NA,"ensemble",107,"ChlorophyllMaximum_depth_sample",2.46294438874576,"fDCMdepth_mp","vera4cast"
2026-05-01,2026-04-25,"P1D","fcre",NA,"ensemble",138,"ChlorophyllMaximum_depth_sample",2.92731925787418,"fDCMdepth_mp","vera4cast"
2026-05-02,2026-04-25,"P1D","fcre",NA,"ensemble",14,"ChlorophyllMaximum_depth_sample",2.29381196251204,"fDCMdepth_mp","vera4cast"
2026-05-02,2026-04-25,"P1D","fcre",NA,"ensemble",45,"ChlorophyllMaximum_depth_sample",2.08994521232451,"fDCMdepth_mp","vera4cast"
2026-05-02,2026-04-25,"P1D","fcre",NA,"ensemble",76,"ChlorophyllMaximum_depth_sample",2.19022807953917,"fDCMdepth_mp","vera4cast"
2026-05-02,2026-04-25,"P1D","fcre",NA,"ensemble",107,"ChlorophyllMaximum_depth_sample",3.23977620655296,"fDCMdepth_mp","vera4cast"
2026-05-02,2026-04-25,"P1D","fcre",NA,"ensemble",138,"ChlorophyllMaximum_depth_sample",0.469165155854904,"fDCMdepth_mp","vera4cast"
2026-05-03,2026-04-25,"P1D","fcre",NA,"ensemble",14,"ChlorophyllMaximum_depth_sample",5.49439483755475,"fDCMdepth_mp","vera4cast"
2026-05-03,2026-04-25,"P1D","fcre",NA,"ensemble",45,"ChlorophyllMaximum_depth_sample",4.04368030059041,"fDCMdepth_mp","vera4cast"
2026-05-03,2026-04-25,"P1D","fcre",NA,"ensemble",76,"ChlorophyllMaximum_depth_sample",4.42569972978199,"fDCMdepth_mp","vera4cast"
2026-05-03,2026-04-25,"P1D","fcre",NA,"ensemble",107,"ChlorophyllMaximum_depth_sample",3.88441890887816,"fDCMdepth_mp","vera4cast"
2026-05-03,2026-04-25,"P1D","fcre",NA,"ensemble",138,"ChlorophyllMaximum_depth_sample",3.93857783845812,"fDCMdepth_mp","vera4cast"
2026-05-04,2026-04-25,"P1D","fcre",NA,"ensemble",14,"ChlorophyllMaximum_depth_sample",1.72966357247124,"fDCMdepth_mp","vera4cast"
2026-05-04,2026-04-25,"P1D","fcre",NA,"ensemble",45,"ChlorophyllMaximum_depth_sample",3.56428340178355,"fDCMdepth_mp","vera4cast"
2026-05-04,2026-04-25,"P1D","fcre",NA,"ensemble",76,"ChlorophyllMaximum_depth_sample",5.88623656900005,"fDCMdepth_mp","vera4cast"
2026-05-04,2026-04-25,"P1D","fcre",NA,"ensemble",107,"ChlorophyllMaximum_depth_sample",5.5411522868201,"fDCMdepth_mp","vera4cast"
2026-05-04,2026-04-25,"P1D","fcre",NA,"ensemble",138,"ChlorophyllMaximum_depth_sample",3.84031383003872,"fDCMdepth_mp","vera4cast"
2026-05-05,2026-04-25,"P1D","fcre",NA,"ensemble",14,"ChlorophyllMaximum_depth_sample",0.400657179196726,"fDCMdepth_mp","vera4cast"
2026-05-05,2026-04-25,"P1D","fcre",NA,"ensemble",45,"ChlorophyllMaximum_depth_sample",3.50498799879745,"fDCMdepth_mp","vera4cast"
2026-05-05,2026-04-25,"P1D","fcre",NA,"ensemble",76,"ChlorophyllMaximum_depth_sample",3.72354931475762,"fDCMdepth_mp","vera4cast"
2026-05-05,2026-04-25,"P1D","fcre",NA,"ensemble",107,"ChlorophyllMaximum_depth_sample",2.39720203519382,"fDCMdepth_mp","vera4cast"
2026-05-05,2026-04-25,"P1D","fcre",NA,"ensemble",138,"ChlorophyllMaximum_depth_sample",3.8070420586778,"fDCMdepth_mp","vera4cast"
2026-05-06,2026-04-25,"P1D","fcre",NA,"ensemble",14,"ChlorophyllMaximum_depth_sample",4.16915823246195,"fDCMdepth_mp","vera4cast"
2026-05-06,2026-04-25,"P1D","fcre",NA,"ensemble",45,"ChlorophyllMaximum_depth_sample",2.46665620661037,"fDCMdepth_mp","vera4cast"
2026-05-06,2026-04-25,"P1D","fcre",NA,"ensemble",76,"ChlorophyllMaximum_depth_sample",2.59508140048793,"fDCMdepth_mp","vera4cast"
2026-05-06,2026-04-25,"P1D","fcre",NA,"ensemble",107,"ChlorophyllMaximum_depth_sample",2.08391062231104,"fDCMdepth_mp","vera4cast"
2026-05-06,2026-04-25,"P1D","fcre",NA,"ensemble",138,"ChlorophyllMaximum_depth_sample",5.83873067844312,"fDCMdepth_mp","vera4cast"
2026-05-07,2026-04-25,"P1D","fcre",NA,"ensemble",14,"ChlorophyllMaximum_depth_sample",4.72049355312417,"fDCMdepth_mp","vera4cast"
2026-05-07,2026-04-25,"P1D","fcre",NA,"ensemble",45,"ChlorophyllMaximum_depth_sample",3.09638338327214,"fDCMdepth_mp","vera4cast"
2026-05-07,2026-04-25,"P1D","fcre",NA,"ensemble",76,"ChlorophyllMaximum_depth_sample",3.94882093559751,"fDCMdepth_mp","vera4cast"
2026-05-07,2026-04-25,"P1D","fcre",NA,"ensemble",107,"ChlorophyllMaximum_depth_sample",3.17924653686706,"fDCMdepth_mp","vera4cast"
2026-05-07,2026-04-25,"P1D","fcre",NA,"ensemble",138,"ChlorophyllMaximum_depth_sample",5.24535209921608,"fDCMdepth_mp","vera4cast"
2026-05-08,2026-04-25,"P1D","fcre",NA,"ensemble",14,"ChlorophyllMaximum_depth_sample",1.41203677894644,"fDCMdepth_mp","vera4cast"
2026-05-08,2026-04-25,"P1D","fcre",NA,"ensemble",45,"ChlorophyllMaximum_depth_sample",5.11962371647668,"fDCMdepth_mp","vera4cast"
2026-05-08,2026-04-25,"P1D","fcre",NA,"ensemble",76,"ChlorophyllMaximum_depth_sample",1.66021534831029,"fDCMdepth_mp","vera4cast"
2026-05-08,2026-04-25,"P1D","fcre",NA,"ensemble",107,"ChlorophyllMaximum_depth_sample",2.61369120571197,"fDCMdepth_mp","vera4cast"
2026-05-08,2026-04-25,"P1D","fcre",NA,"ensemble",138,"ChlorophyllMaximum_depth_sample",3.04725257410375,"fDCMdepth_mp","vera4cast"
2026-05-09,2026-04-25,"P1D","fcre",NA,"ensemble",14,"ChlorophyllMaximum_depth_sample",3.96199917100412,"fDCMdepth_mp","vera4cast"
2026-05-09,2026-04-25,"P1D","fcre",NA,"ensemble",45,"ChlorophyllMaximum_depth_sample",3.55108571298843,"fDCMdepth_mp","vera4cast"
2026-05-09,2026-04-25,"P1D","fcre",NA,"ensemble",76,"ChlorophyllMaximum_depth_sample",4.12589515252143,"fDCMdepth_mp","vera4cast"
2026-05-09,2026-04-25,"P1D","fcre",NA,"ensemble",107,"ChlorophyllMaximum_depth_sample",2.11313760736706,"fDCMdepth_mp","vera4cast"
2026-05-09,2026-04-25,"P1D","fcre",NA,"ensemble",138,"ChlorophyllMaximum_depth_sample",6.04402682744402,"fDCMdepth_mp","vera4cast"
2026-05-10,2026-04-25,"P1D","fcre",NA,"ensemble",14,"ChlorophyllMaximum_depth_sample",2.32902867623768,"fDCMdepth_mp","vera4cast"
2026-05-10,2026-04-25,"P1D","fcre",NA,"ensemble",45,"ChlorophyllMaximum_depth_sample",2.04937300158704,"fDCMdepth_mp","vera4cast"
2026-05-10,2026-04-25,"P1D","fcre",NA,"ensemble",76,"ChlorophyllMaximum_depth_sample",4.01126462152473,"fDCMdepth_mp","vera4cast"
2026-05-10,2026-04-25,"P1D","fcre",NA,"ensemble",107,"ChlorophyllMaximum_depth_sample",3.84104843193837,"fDCMdepth_mp","vera4cast"
2026-05-10,2026-04-25,"P1D","fcre",NA,"ensemble",138,"ChlorophyllMaximum_depth_sample",1.07650466332981,"fDCMdepth_mp","vera4cast"
2026-05-11,2026-04-25,"P1D","fcre",NA,"ensemble",14,"ChlorophyllMaximum_depth_sample",3.95484851303301,"fDCMdepth_mp","vera4cast"
2026-05-11,2026-04-25,"P1D","fcre",NA,"ensemble",45,"ChlorophyllMaximum_depth_sample",2.00079931611676,"fDCMdepth_mp","vera4cast"
2026-05-11,2026-04-25,"P1D","fcre",NA,"ensemble",76,"ChlorophyllMaximum_depth_sample",4.05484622663558,"fDCMdepth_mp","vera4cast"
2026-05-11,2026-04-25,"P1D","fcre",NA,"ensemble",107,"ChlorophyllMaximum_depth_sample",1.80774250210345,"fDCMdepth_mp","vera4cast"
2026-05-11,2026-04-25,"P1D","fcre",NA,"ensemble",138,"ChlorophyllMaximum_depth_sample",3.65386787693535,"fDCMdepth_mp","vera4cast"
2026-05-12,2026-04-25,"P1D","fcre",NA,"ensemble",14,"ChlorophyllMaximum_depth_sample",2.1610714591665,"fDCMdepth_mp","vera4cast"
2026-05-12,2026-04-25,"P1D","fcre",NA,"ensemble",45,"ChlorophyllMaximum_depth_sample",4.25313053916939,"fDCMdepth_mp","vera4cast"
2026-05-12,2026-04-25,"P1D","fcre",NA,"ensemble",76,"ChlorophyllMaximum_depth_sample",2.01509928806322,"fDCMdepth_mp","vera4cast"
2026-05-12,2026-04-25,"P1D","fcre",NA,"ensemble",107,"ChlorophyllMaximum_depth_sample",3.18573056417074,"fDCMdepth_mp","vera4cast"
2026-05-12,2026-04-25,"P1D","fcre",NA,"ensemble",138,"ChlorophyllMaximum_depth_sample",2.36320629137767,"fDCMdepth_mp","vera4cast"
2026-05-13,2026-04-25,"P1D","fcre",NA,"ensemble",14,"ChlorophyllMaximum_depth_sample",3.95128060752387,"fDCMdepth_mp","vera4cast"
2026-05-13,2026-04-25,"P1D","fcre",NA,"ensemble",45,"ChlorophyllMaximum_depth_sample",1.95149932442925,"fDCMdepth_mp","vera4cast"
2026-05-13,2026-04-25,"P1D","fcre",NA,"ensemble",76,"ChlorophyllMaximum_depth_sample",3.50404327762835,"fDCMdepth_mp","vera4cast"
2026-05-13,2026-04-25,"P1D","fcre",NA,"ensemble",107,"ChlorophyllMaximum_depth_sample",3.01694653002165,"fDCMdepth_mp","vera4cast"
2026-05-13,2026-04-25,"P1D","fcre",NA,"ensemble",138,"ChlorophyllMaximum_depth_sample",2.78696720867749,"fDCMdepth_mp","vera4cast"
2026-05-14,2026-04-25,"P1D","fcre",NA,"ensemble",14,"ChlorophyllMaximum_depth_sample",3.90148528664225,"fDCMdepth_mp","vera4cast"
2026-05-14,2026-04-25,"P1D","fcre",NA,"ensemble",45,"ChlorophyllMaximum_depth_sample",3.34688537012913,"fDCMdepth_mp","vera4cast"
2026-05-14,2026-04-25,"P1D","fcre",NA,"ensemble",76,"ChlorophyllMaximum_depth_sample",3.46830263813632,"fDCMdepth_mp","vera4cast"
2026-05-14,2026-04-25,"P1D","fcre",NA,"ensemble",107,"ChlorophyllMaximum_depth_sample",4.10645166816199,"fDCMdepth_mp","vera4cast"
2026-05-14,2026-04-25,"P1D","fcre",NA,"ensemble",138,"ChlorophyllMaximum_depth_sample",4.3166638190008,"fDCMdepth_mp","vera4cast"
2026-05-15,2026-04-25,"P1D","fcre",NA,"ensemble",14,"ChlorophyllMaximum_depth_sample",2.81570246889803,"fDCMdepth_mp","vera4cast"
2026-05-15,2026-04-25,"P1D","fcre",NA,"ensemble",45,"ChlorophyllMaximum_depth_sample",2.60015988673761,"fDCMdepth_mp","vera4cast"
2026-05-15,2026-04-25,"P1D","fcre",NA,"ensemble",76,"ChlorophyllMaximum_depth_sample",4.83879248455514,"fDCMdepth_mp","vera4cast"
2026-05-15,2026-04-25,"P1D","fcre",NA,"ensemble",107,"ChlorophyllMaximum_depth_sample",1.77801151865763,"fDCMdepth_mp","vera4cast"
2026-05-15,2026-04-25,"P1D","fcre",NA,"ensemble",138,"ChlorophyllMaximum_depth_sample",2.43209059674119,"fDCMdepth_mp","vera4cast"
2026-05-16,2026-04-25,"P1D","fcre",NA,"ensemble",14,"ChlorophyllMaximum_depth_sample",2.19053204598938,"fDCMdepth_mp","vera4cast"
2026-05-16,2026-04-25,"P1D","fcre",NA,"ensemble",45,"ChlorophyllMaximum_depth_sample",2.84602348188264,"fDCMdepth_mp","vera4cast"
2026-05-16,2026-04-25,"P1D","fcre",NA,"ensemble",76,"ChlorophyllMaximum_depth_sample",3.02458673861496,"fDCMdepth_mp","vera4cast"
2026-05-16,2026-04-25,"P1D","fcre",NA,"ensemble",107,"ChlorophyllMaximum_depth_sample",4.06903344038623,"fDCMdepth_mp","vera4cast"
2026-05-16,2026-04-25,"P1D","fcre",NA,"ensemble",138,"ChlorophyllMaximum_depth_sample",2.96127729599888,"fDCMdepth_mp","vera4cast"
2026-05-17,2026-04-25,"P1D","fcre",NA,"ensemble",14,"ChlorophyllMaximum_depth_sample",2.90879755763325,"fDCMdepth_mp","vera4cast"
2026-05-17,2026-04-25,"P1D","fcre",NA,"ensemble",45,"ChlorophyllMaximum_depth_sample",2.22363213280053,"fDCMdepth_mp","vera4cast"
2026-05-17,2026-04-25,"P1D","fcre",NA,"ensemble",76,"ChlorophyllMaximum_depth_sample",3.1845757347264,"fDCMdepth_mp","vera4cast"
2026-05-17,2026-04-25,"P1D","fcre",NA,"ensemble",107,"ChlorophyllMaximum_depth_sample",4.91448402494518,"fDCMdepth_mp","vera4cast"
2026-05-17,2026-04-25,"P1D","fcre",NA,"ensemble",138,"ChlorophyllMaximum_depth_sample",4.31252488482269,"fDCMdepth_mp","vera4cast"
2026-05-18,2026-04-25,"P1D","fcre",NA,"ensemble",14,"ChlorophyllMaximum_depth_sample",0.916967067494598,"fDCMdepth_mp","vera4cast"
2026-05-18,2026-04-25,"P1D","fcre",NA,"ensemble",45,"ChlorophyllMaximum_depth_sample",3.14198032018659,"fDCMdepth_mp","vera4cast"
2026-05-18,2026-04-25,"P1D","fcre",NA,"ensemble",76,"ChlorophyllMaximum_depth_sample",3.63152484911977,"fDCMdepth_mp","vera4cast"
2026-05-18,2026-04-25,"P1D","fcre",NA,"ensemble",107,"ChlorophyllMaximum_depth_sample",5.57528115884452,"fDCMdepth_mp","vera4cast"
2026-05-18,2026-04-25,"P1D","fcre",NA,"ensemble",138,"ChlorophyllMaximum_depth_sample",1.66964219700505,"fDCMdepth_mp","vera4cast"
2026-05-19,2026-04-25,"P1D","fcre",NA,"ensemble",14,"ChlorophyllMaximum_depth_sample",5.21927914332834,"fDCMdepth_mp","vera4cast"
2026-05-19,2026-04-25,"P1D","fcre",NA,"ensemble",45,"ChlorophyllMaximum_depth_sample",4.69352941962335,"fDCMdepth_mp","vera4cast"
2026-05-19,2026-04-25,"P1D","fcre",NA,"ensemble",76,"ChlorophyllMaximum_depth_sample",1.9379356618441,"fDCMdepth_mp","vera4cast"
2026-05-19,2026-04-25,"P1D","fcre",NA,"ensemble",107,"ChlorophyllMaximum_depth_sample",1.11251924745652,"fDCMdepth_mp","vera4cast"
2026-05-19,2026-04-25,"P1D","fcre",NA,"ensemble",138,"ChlorophyllMaximum_depth_sample",4.76986685057427,"fDCMdepth_mp","vera4cast"
2026-05-20,2026-04-25,"P1D","fcre",NA,"ensemble",14,"ChlorophyllMaximum_depth_sample",2.43580238390792,"fDCMdepth_mp","vera4cast"
2026-05-20,2026-04-25,"P1D","fcre",NA,"ensemble",45,"ChlorophyllMaximum_depth_sample",2.40579398135776,"fDCMdepth_mp","vera4cast"
2026-05-20,2026-04-25,"P1D","fcre",NA,"ensemble",76,"ChlorophyllMaximum_depth_sample",4.39115291104008,"fDCMdepth_mp","vera4cast"
2026-05-20,2026-04-25,"P1D","fcre",NA,"ensemble",107,"ChlorophyllMaximum_depth_sample",4.48204188219441,"fDCMdepth_mp","vera4cast"
2026-05-20,2026-04-25,"P1D","fcre",NA,"ensemble",138,"ChlorophyllMaximum_depth_sample",4.1526370715223,"fDCMdepth_mp","vera4cast"
2026-05-21,2026-04-25,"P1D","fcre",NA,"ensemble",14,"ChlorophyllMaximum_depth_sample",3.59264925833021,"fDCMdepth_mp","vera4cast"
2026-05-21,2026-04-25,"P1D","fcre",NA,"ensemble",45,"ChlorophyllMaximum_depth_sample",4.97618524573975,"fDCMdepth_mp","vera4cast"
2026-05-21,2026-04-25,"P1D","fcre",NA,"ensemble",76,"ChlorophyllMaximum_depth_sample",2.87952938028526,"fDCMdepth_mp","vera4cast"
2026-05-21,2026-04-25,"P1D","fcre",NA,"ensemble",107,"ChlorophyllMaximum_depth_sample",6.28726164586623,"fDCMdepth_mp","vera4cast"
2026-05-21,2026-04-25,"P1D","fcre",NA,"ensemble",138,"ChlorophyllMaximum_depth_sample",4.95556782479538,"fDCMdepth_mp","vera4cast"
2026-05-22,2026-04-25,"P1D","fcre",NA,"ensemble",14,"ChlorophyllMaximum_depth_sample",3.13084396595983,"fDCMdepth_mp","vera4cast"
2026-05-22,2026-04-25,"P1D","fcre",NA,"ensemble",45,"ChlorophyllMaximum_depth_sample",3.63568602549879,"fDCMdepth_mp","vera4cast"
2026-05-22,2026-04-25,"P1D","fcre",NA,"ensemble",76,"ChlorophyllMaximum_depth_sample",0.757246529937174,"fDCMdepth_mp","vera4cast"
2026-05-22,2026-04-25,"P1D","fcre",NA,"ensemble",107,"ChlorophyllMaximum_depth_sample",2.62915319255837,"fDCMdepth_mp","vera4cast"
2026-05-22,2026-04-25,"P1D","fcre",NA,"ensemble",138,"ChlorophyllMaximum_depth_sample",3.88348407208789,"fDCMdepth_mp","vera4cast"
2026-05-23,2026-04-25,"P1D","fcre",NA,"ensemble",14,"ChlorophyllMaximum_depth_sample",1.65330250425405,"fDCMdepth_mp","vera4cast"
2026-05-23,2026-04-25,"P1D","fcre",NA,"ensemble",45,"ChlorophyllMaximum_depth_sample",2.94704614838117,"fDCMdepth_mp","vera4cast"
2026-05-23,2026-04-25,"P1D","fcre",NA,"ensemble",76,"ChlorophyllMaximum_depth_sample",0.835060158811021,"fDCMdepth_mp","vera4cast"
2026-05-23,2026-04-25,"P1D","fcre",NA,"ensemble",107,"ChlorophyllMaximum_depth_sample",2.79377983316693,"fDCMdepth_mp","vera4cast"
2026-05-23,2026-04-25,"P1D","fcre",NA,"ensemble",138,"ChlorophyllMaximum_depth_sample",2.39419707748392,"fDCMdepth_mp","vera4cast"
2026-05-24,2026-04-25,"P1D","fcre",NA,"ensemble",14,"ChlorophyllMaximum_depth_sample",2.47965447126396,"fDCMdepth_mp","vera4cast"
2026-05-24,2026-04-25,"P1D","fcre",NA,"ensemble",45,"ChlorophyllMaximum_depth_sample",3.42557901585124,"fDCMdepth_mp","vera4cast"
2026-05-24,2026-04-25,"P1D","fcre",NA,"ensemble",76,"ChlorophyllMaximum_depth_sample",2.18619729791893,"fDCMdepth_mp","vera4cast"
2026-05-24,2026-04-25,"P1D","fcre",NA,"ensemble",107,"ChlorophyllMaximum_depth_sample",2.70074659269738,"fDCMdepth_mp","vera4cast"
2026-05-24,2026-04-25,"P1D","fcre",NA,"ensemble",138,"ChlorophyllMaximum_depth_sample",6.11052504627963,"fDCMdepth_mp","vera4cast"
2026-05-25,2026-04-25,"P1D","fcre",NA,"ensemble",14,"ChlorophyllMaximum_depth_sample",3.41518467233711,"fDCMdepth_mp","vera4cast"
2026-05-25,2026-04-25,"P1D","fcre",NA,"ensemble",45,"ChlorophyllMaximum_depth_sample",2.76539061862972,"fDCMdepth_mp","vera4cast"
2026-05-25,2026-04-25,"P1D","fcre",NA,"ensemble",76,"ChlorophyllMaximum_depth_sample",2.77219344192338,"fDCMdepth_mp","vera4cast"
2026-05-25,2026-04-25,"P1D","fcre",NA,"ensemble",107,"ChlorophyllMaximum_depth_sample",4.44455135101389,"fDCMdepth_mp","vera4cast"
2026-05-25,2026-04-25,"P1D","fcre",NA,"ensemble",138,"ChlorophyllMaximum_depth_sample",0.269371376404129,"fDCMdepth_mp","vera4cast"
2026-05-26,2026-04-25,"P1D","fcre",NA,"ensemble",14,"ChlorophyllMaximum_depth_sample",2.36520388237628,"fDCMdepth_mp","vera4cast"
2026-05-26,2026-04-25,"P1D","fcre",NA,"ensemble",45,"ChlorophyllMaximum_depth_sample",5.35753743025854,"fDCMdepth_mp","vera4cast"
2026-05-26,2026-04-25,"P1D","fcre",NA,"ensemble",76,"ChlorophyllMaximum_depth_sample",3.22668068334867,"fDCMdepth_mp","vera4cast"
2026-05-26,2026-04-25,"P1D","fcre",NA,"ensemble",107,"ChlorophyllMaximum_depth_sample",2.43867321511231,"fDCMdepth_mp","vera4cast"
2026-05-26,2026-04-25,"P1D","fcre",NA,"ensemble",138,"ChlorophyllMaximum_depth_sample",2.12029830452849,"fDCMdepth_mp","vera4cast"
2026-05-27,2026-04-25,"P1D","fcre",NA,"ensemble",14,"ChlorophyllMaximum_depth_sample",7.18864505266667,"fDCMdepth_mp","vera4cast"
2026-05-27,2026-04-25,"P1D","fcre",NA,"ensemble",45,"ChlorophyllMaximum_depth_sample",5.68422368969452,"fDCMdepth_mp","vera4cast"
2026-05-27,2026-04-25,"P1D","fcre",NA,"ensemble",76,"ChlorophyllMaximum_depth_sample",3.80669296831787,"fDCMdepth_mp","vera4cast"
2026-05-27,2026-04-25,"P1D","fcre",NA,"ensemble",107,"ChlorophyllMaximum_depth_sample",1.64428113375875,"fDCMdepth_mp","vera4cast"
2026-05-27,2026-04-25,"P1D","fcre",NA,"ensemble",138,"ChlorophyllMaximum_depth_sample",5.19155727538364,"fDCMdepth_mp","vera4cast"
2026-05-28,2026-04-25,"P1D","fcre",NA,"ensemble",14,"ChlorophyllMaximum_depth_sample",4.38910493075146,"fDCMdepth_mp","vera4cast"
2026-05-28,2026-04-25,"P1D","fcre",NA,"ensemble",45,"ChlorophyllMaximum_depth_sample",0.668607715888696,"fDCMdepth_mp","vera4cast"
2026-05-28,2026-04-25,"P1D","fcre",NA,"ensemble",76,"ChlorophyllMaximum_depth_sample",1.84526498465801,"fDCMdepth_mp","vera4cast"
2026-05-28,2026-04-25,"P1D","fcre",NA,"ensemble",107,"ChlorophyllMaximum_depth_sample",3.87495738600455,"fDCMdepth_mp","vera4cast"
2026-05-28,2026-04-25,"P1D","fcre",NA,"ensemble",138,"ChlorophyllMaximum_depth_sample",3.67722983242729,"fDCMdepth_mp","vera4cast"
2026-05-29,2026-04-25,"P1D","fcre",NA,"ensemble",14,"ChlorophyllMaximum_depth_sample",1.95358625761112,"fDCMdepth_mp","vera4cast"
2026-05-29,2026-04-25,"P1D","fcre",NA,"ensemble",45,"ChlorophyllMaximum_depth_sample",2.48391600031539,"fDCMdepth_mp","vera4cast"
2026-05-29,2026-04-25,"P1D","fcre",NA,"ensemble",76,"ChlorophyllMaximum_depth_sample",1.11451235762109,"fDCMdepth_mp","vera4cast"
2026-05-29,2026-04-25,"P1D","fcre",NA,"ensemble",107,"ChlorophyllMaximum_depth_sample",4.34878158814464,"fDCMdepth_mp","vera4cast"
2026-05-29,2026-04-25,"P1D","fcre",NA,"ensemble",138,"ChlorophyllMaximum_depth_sample",2.14127573311955,"fDCMdepth_mp","vera4cast"
2026-04-26,2026-04-25,"P1D","fcre",NA,"ensemble",15,"ChlorophyllMaximum_depth_sample",3.95115851747218,"fDCMdepth_mp","vera4cast"
2026-04-26,2026-04-25,"P1D","fcre",NA,"ensemble",46,"ChlorophyllMaximum_depth_sample",3.0888802271598,"fDCMdepth_mp","vera4cast"
2026-04-26,2026-04-25,"P1D","fcre",NA,"ensemble",77,"ChlorophyllMaximum_depth_sample",2.77047763478467,"fDCMdepth_mp","vera4cast"
2026-04-26,2026-04-25,"P1D","fcre",NA,"ensemble",108,"ChlorophyllMaximum_depth_sample",4.21565792261268,"fDCMdepth_mp","vera4cast"
2026-04-26,2026-04-25,"P1D","fcre",NA,"ensemble",139,"ChlorophyllMaximum_depth_sample",1.15599542427969,"fDCMdepth_mp","vera4cast"
2026-04-27,2026-04-25,"P1D","fcre",NA,"ensemble",15,"ChlorophyllMaximum_depth_sample",4.58388793833229,"fDCMdepth_mp","vera4cast"
2026-04-27,2026-04-25,"P1D","fcre",NA,"ensemble",46,"ChlorophyllMaximum_depth_sample",3.76143534691986,"fDCMdepth_mp","vera4cast"
2026-04-27,2026-04-25,"P1D","fcre",NA,"ensemble",77,"ChlorophyllMaximum_depth_sample",1.41757617736752,"fDCMdepth_mp","vera4cast"
2026-04-27,2026-04-25,"P1D","fcre",NA,"ensemble",108,"ChlorophyllMaximum_depth_sample",0.481374453716976,"fDCMdepth_mp","vera4cast"
2026-04-27,2026-04-25,"P1D","fcre",NA,"ensemble",139,"ChlorophyllMaximum_depth_sample",3.0432537606301,"fDCMdepth_mp","vera4cast"
2026-04-28,2026-04-25,"P1D","fcre",NA,"ensemble",15,"ChlorophyllMaximum_depth_sample",2.04419235811428,"fDCMdepth_mp","vera4cast"
2026-04-28,2026-04-25,"P1D","fcre",NA,"ensemble",46,"ChlorophyllMaximum_depth_sample",4.13746204229229,"fDCMdepth_mp","vera4cast"
2026-04-28,2026-04-25,"P1D","fcre",NA,"ensemble",77,"ChlorophyllMaximum_depth_sample",3.50337173908847,"fDCMdepth_mp","vera4cast"
2026-04-28,2026-04-25,"P1D","fcre",NA,"ensemble",108,"ChlorophyllMaximum_depth_sample",3.44985807469168,"fDCMdepth_mp","vera4cast"
2026-04-28,2026-04-25,"P1D","fcre",NA,"ensemble",139,"ChlorophyllMaximum_depth_sample",2.66503510858449,"fDCMdepth_mp","vera4cast"
2026-04-29,2026-04-25,"P1D","fcre",NA,"ensemble",15,"ChlorophyllMaximum_depth_sample",1.84667123182859,"fDCMdepth_mp","vera4cast"
2026-04-29,2026-04-25,"P1D","fcre",NA,"ensemble",46,"ChlorophyllMaximum_depth_sample",3.40125108733254,"fDCMdepth_mp","vera4cast"
2026-04-29,2026-04-25,"P1D","fcre",NA,"ensemble",77,"ChlorophyllMaximum_depth_sample",3.67888054762773,"fDCMdepth_mp","vera4cast"
2026-04-29,2026-04-25,"P1D","fcre",NA,"ensemble",108,"ChlorophyllMaximum_depth_sample",3.36612657203641,"fDCMdepth_mp","vera4cast"
2026-04-29,2026-04-25,"P1D","fcre",NA,"ensemble",139,"ChlorophyllMaximum_depth_sample",4.00768739559457,"fDCMdepth_mp","vera4cast"
2026-04-30,2026-04-25,"P1D","fcre",NA,"ensemble",15,"ChlorophyllMaximum_depth_sample",4.37889046255636,"fDCMdepth_mp","vera4cast"
2026-04-30,2026-04-25,"P1D","fcre",NA,"ensemble",46,"ChlorophyllMaximum_depth_sample",4.7290856217581,"fDCMdepth_mp","vera4cast"
2026-04-30,2026-04-25,"P1D","fcre",NA,"ensemble",77,"ChlorophyllMaximum_depth_sample",5.06456872824202,"fDCMdepth_mp","vera4cast"
2026-04-30,2026-04-25,"P1D","fcre",NA,"ensemble",108,"ChlorophyllMaximum_depth_sample",2.21168610094362,"fDCMdepth_mp","vera4cast"
2026-04-30,2026-04-25,"P1D","fcre",NA,"ensemble",139,"ChlorophyllMaximum_depth_sample",2.46009769329398,"fDCMdepth_mp","vera4cast"
2026-05-01,2026-04-25,"P1D","fcre",NA,"ensemble",15,"ChlorophyllMaximum_depth_sample",4.96680576499695,"fDCMdepth_mp","vera4cast"
2026-05-01,2026-04-25,"P1D","fcre",NA,"ensemble",46,"ChlorophyllMaximum_depth_sample",5.03126331560414,"fDCMdepth_mp","vera4cast"
2026-05-01,2026-04-25,"P1D","fcre",NA,"ensemble",77,"ChlorophyllMaximum_depth_sample",3.25146355070985,"fDCMdepth_mp","vera4cast"
2026-05-01,2026-04-25,"P1D","fcre",NA,"ensemble",108,"ChlorophyllMaximum_depth_sample",4.3021165233656,"fDCMdepth_mp","vera4cast"
2026-05-01,2026-04-25,"P1D","fcre",NA,"ensemble",139,"ChlorophyllMaximum_depth_sample",2.38366983985177,"fDCMdepth_mp","vera4cast"
2026-05-02,2026-04-25,"P1D","fcre",NA,"ensemble",15,"ChlorophyllMaximum_depth_sample",1.55136623459318,"fDCMdepth_mp","vera4cast"
2026-05-02,2026-04-25,"P1D","fcre",NA,"ensemble",46,"ChlorophyllMaximum_depth_sample",2.26225005448981,"fDCMdepth_mp","vera4cast"
2026-05-02,2026-04-25,"P1D","fcre",NA,"ensemble",77,"ChlorophyllMaximum_depth_sample",1.74029982895397,"fDCMdepth_mp","vera4cast"
2026-05-02,2026-04-25,"P1D","fcre",NA,"ensemble",108,"ChlorophyllMaximum_depth_sample",4.40245425744002,"fDCMdepth_mp","vera4cast"
2026-05-02,2026-04-25,"P1D","fcre",NA,"ensemble",139,"ChlorophyllMaximum_depth_sample",3.86958315234965,"fDCMdepth_mp","vera4cast"
2026-05-03,2026-04-25,"P1D","fcre",NA,"ensemble",15,"ChlorophyllMaximum_depth_sample",3.69653485480111,"fDCMdepth_mp","vera4cast"
2026-05-03,2026-04-25,"P1D","fcre",NA,"ensemble",46,"ChlorophyllMaximum_depth_sample",3.69907019084934,"fDCMdepth_mp","vera4cast"
2026-05-03,2026-04-25,"P1D","fcre",NA,"ensemble",77,"ChlorophyllMaximum_depth_sample",2.33948576079221,"fDCMdepth_mp","vera4cast"
2026-05-03,2026-04-25,"P1D","fcre",NA,"ensemble",108,"ChlorophyllMaximum_depth_sample",5.66036824177387,"fDCMdepth_mp","vera4cast"
2026-05-03,2026-04-25,"P1D","fcre",NA,"ensemble",139,"ChlorophyllMaximum_depth_sample",1.88001054090851,"fDCMdepth_mp","vera4cast"
2026-05-04,2026-04-25,"P1D","fcre",NA,"ensemble",15,"ChlorophyllMaximum_depth_sample",4.23680254791582,"fDCMdepth_mp","vera4cast"
2026-05-04,2026-04-25,"P1D","fcre",NA,"ensemble",46,"ChlorophyllMaximum_depth_sample",3.76074282329535,"fDCMdepth_mp","vera4cast"
2026-05-04,2026-04-25,"P1D","fcre",NA,"ensemble",77,"ChlorophyllMaximum_depth_sample",1.32724728765156,"fDCMdepth_mp","vera4cast"
2026-05-04,2026-04-25,"P1D","fcre",NA,"ensemble",108,"ChlorophyllMaximum_depth_sample",3.68052640746381,"fDCMdepth_mp","vera4cast"
2026-05-04,2026-04-25,"P1D","fcre",NA,"ensemble",139,"ChlorophyllMaximum_depth_sample",3.15477907652257,"fDCMdepth_mp","vera4cast"
2026-05-05,2026-04-25,"P1D","fcre",NA,"ensemble",15,"ChlorophyllMaximum_depth_sample",5.45381580057282,"fDCMdepth_mp","vera4cast"
2026-05-05,2026-04-25,"P1D","fcre",NA,"ensemble",46,"ChlorophyllMaximum_depth_sample",2.55483948494914,"fDCMdepth_mp","vera4cast"
2026-05-05,2026-04-25,"P1D","fcre",NA,"ensemble",77,"ChlorophyllMaximum_depth_sample",2.66132893185447,"fDCMdepth_mp","vera4cast"
2026-05-05,2026-04-25,"P1D","fcre",NA,"ensemble",108,"ChlorophyllMaximum_depth_sample",2.41092050257373,"fDCMdepth_mp","vera4cast"
2026-05-05,2026-04-25,"P1D","fcre",NA,"ensemble",139,"ChlorophyllMaximum_depth_sample",4.43909094278657,"fDCMdepth_mp","vera4cast"
2026-05-06,2026-04-25,"P1D","fcre",NA,"ensemble",15,"ChlorophyllMaximum_depth_sample",3.8648535979941,"fDCMdepth_mp","vera4cast"
2026-05-06,2026-04-25,"P1D","fcre",NA,"ensemble",46,"ChlorophyllMaximum_depth_sample",3.70848508976781,"fDCMdepth_mp","vera4cast"
2026-05-06,2026-04-25,"P1D","fcre",NA,"ensemble",77,"ChlorophyllMaximum_depth_sample",2.76055311031521,"fDCMdepth_mp","vera4cast"
2026-05-06,2026-04-25,"P1D","fcre",NA,"ensemble",108,"ChlorophyllMaximum_depth_sample",-0.0538423166925077,"fDCMdepth_mp","vera4cast"
2026-05-06,2026-04-25,"P1D","fcre",NA,"ensemble",139,"ChlorophyllMaximum_depth_sample",3.84347078450319,"fDCMdepth_mp","vera4cast"
2026-05-07,2026-04-25,"P1D","fcre",NA,"ensemble",15,"ChlorophyllMaximum_depth_sample",3.85397213308104,"fDCMdepth_mp","vera4cast"
2026-05-07,2026-04-25,"P1D","fcre",NA,"ensemble",46,"ChlorophyllMaximum_depth_sample",3.65515790047854,"fDCMdepth_mp","vera4cast"
2026-05-07,2026-04-25,"P1D","fcre",NA,"ensemble",77,"ChlorophyllMaximum_depth_sample",1.99104378079747,"fDCMdepth_mp","vera4cast"
2026-05-07,2026-04-25,"P1D","fcre",NA,"ensemble",108,"ChlorophyllMaximum_depth_sample",2.3823334212032,"fDCMdepth_mp","vera4cast"
2026-05-07,2026-04-25,"P1D","fcre",NA,"ensemble",139,"ChlorophyllMaximum_depth_sample",4.3454591200985,"fDCMdepth_mp","vera4cast"
2026-05-08,2026-04-25,"P1D","fcre",NA,"ensemble",15,"ChlorophyllMaximum_depth_sample",3.68419485305652,"fDCMdepth_mp","vera4cast"
2026-05-08,2026-04-25,"P1D","fcre",NA,"ensemble",46,"ChlorophyllMaximum_depth_sample",3.57226888561347,"fDCMdepth_mp","vera4cast"
2026-05-08,2026-04-25,"P1D","fcre",NA,"ensemble",77,"ChlorophyllMaximum_depth_sample",2.640556198014,"fDCMdepth_mp","vera4cast"
2026-05-08,2026-04-25,"P1D","fcre",NA,"ensemble",108,"ChlorophyllMaximum_depth_sample",4.54923017161908,"fDCMdepth_mp","vera4cast"
2026-05-08,2026-04-25,"P1D","fcre",NA,"ensemble",139,"ChlorophyllMaximum_depth_sample",1.80646370048421,"fDCMdepth_mp","vera4cast"
2026-05-09,2026-04-25,"P1D","fcre",NA,"ensemble",15,"ChlorophyllMaximum_depth_sample",4.03635666492435,"fDCMdepth_mp","vera4cast"
2026-05-09,2026-04-25,"P1D","fcre",NA,"ensemble",46,"ChlorophyllMaximum_depth_sample",3.28441066575351,"fDCMdepth_mp","vera4cast"
2026-05-09,2026-04-25,"P1D","fcre",NA,"ensemble",77,"ChlorophyllMaximum_depth_sample",-0.121317181320969,"fDCMdepth_mp","vera4cast"
2026-05-09,2026-04-25,"P1D","fcre",NA,"ensemble",108,"ChlorophyllMaximum_depth_sample",2.7106729610896,"fDCMdepth_mp","vera4cast"
2026-05-09,2026-04-25,"P1D","fcre",NA,"ensemble",139,"ChlorophyllMaximum_depth_sample",3.93866856444867,"fDCMdepth_mp","vera4cast"
2026-05-10,2026-04-25,"P1D","fcre",NA,"ensemble",15,"ChlorophyllMaximum_depth_sample",5.36160649423164,"fDCMdepth_mp","vera4cast"
2026-05-10,2026-04-25,"P1D","fcre",NA,"ensemble",46,"ChlorophyllMaximum_depth_sample",2.8418239457837,"fDCMdepth_mp","vera4cast"
2026-05-10,2026-04-25,"P1D","fcre",NA,"ensemble",77,"ChlorophyllMaximum_depth_sample",2.562122528304,"fDCMdepth_mp","vera4cast"
2026-05-10,2026-04-25,"P1D","fcre",NA,"ensemble",108,"ChlorophyllMaximum_depth_sample",3.87655918957291,"fDCMdepth_mp","vera4cast"
2026-05-10,2026-04-25,"P1D","fcre",NA,"ensemble",139,"ChlorophyllMaximum_depth_sample",5.07309517244039,"fDCMdepth_mp","vera4cast"
2026-05-11,2026-04-25,"P1D","fcre",NA,"ensemble",15,"ChlorophyllMaximum_depth_sample",1.11133896550181,"fDCMdepth_mp","vera4cast"
2026-05-11,2026-04-25,"P1D","fcre",NA,"ensemble",46,"ChlorophyllMaximum_depth_sample",2.93298275166324,"fDCMdepth_mp","vera4cast"
2026-05-11,2026-04-25,"P1D","fcre",NA,"ensemble",77,"ChlorophyllMaximum_depth_sample",5.62932061648119,"fDCMdepth_mp","vera4cast"
2026-05-11,2026-04-25,"P1D","fcre",NA,"ensemble",108,"ChlorophyllMaximum_depth_sample",3.95200945222715,"fDCMdepth_mp","vera4cast"
2026-05-11,2026-04-25,"P1D","fcre",NA,"ensemble",139,"ChlorophyllMaximum_depth_sample",1.14656444446099,"fDCMdepth_mp","vera4cast"
2026-05-12,2026-04-25,"P1D","fcre",NA,"ensemble",15,"ChlorophyllMaximum_depth_sample",2.93838793008249,"fDCMdepth_mp","vera4cast"
2026-05-12,2026-04-25,"P1D","fcre",NA,"ensemble",46,"ChlorophyllMaximum_depth_sample",2.42582159098023,"fDCMdepth_mp","vera4cast"
2026-05-12,2026-04-25,"P1D","fcre",NA,"ensemble",77,"ChlorophyllMaximum_depth_sample",3.22164304588769,"fDCMdepth_mp","vera4cast"
2026-05-12,2026-04-25,"P1D","fcre",NA,"ensemble",108,"ChlorophyllMaximum_depth_sample",1.69783291619819,"fDCMdepth_mp","vera4cast"
2026-05-12,2026-04-25,"P1D","fcre",NA,"ensemble",139,"ChlorophyllMaximum_depth_sample",2.67864758660504,"fDCMdepth_mp","vera4cast"
2026-05-13,2026-04-25,"P1D","fcre",NA,"ensemble",15,"ChlorophyllMaximum_depth_sample",4.13354427317571,"fDCMdepth_mp","vera4cast"
2026-05-13,2026-04-25,"P1D","fcre",NA,"ensemble",46,"ChlorophyllMaximum_depth_sample",1.55342733073091,"fDCMdepth_mp","vera4cast"
2026-05-13,2026-04-25,"P1D","fcre",NA,"ensemble",77,"ChlorophyllMaximum_depth_sample",3.28728287371683,"fDCMdepth_mp","vera4cast"
2026-05-13,2026-04-25,"P1D","fcre",NA,"ensemble",108,"ChlorophyllMaximum_depth_sample",5.17157236399568,"fDCMdepth_mp","vera4cast"
2026-05-13,2026-04-25,"P1D","fcre",NA,"ensemble",139,"ChlorophyllMaximum_depth_sample",3.9868763515011,"fDCMdepth_mp","vera4cast"
2026-05-14,2026-04-25,"P1D","fcre",NA,"ensemble",15,"ChlorophyllMaximum_depth_sample",0.371986741113788,"fDCMdepth_mp","vera4cast"
2026-05-14,2026-04-25,"P1D","fcre",NA,"ensemble",46,"ChlorophyllMaximum_depth_sample",1.51917701427664,"fDCMdepth_mp","vera4cast"
2026-05-14,2026-04-25,"P1D","fcre",NA,"ensemble",77,"ChlorophyllMaximum_depth_sample",2.49476272473361,"fDCMdepth_mp","vera4cast"
2026-05-14,2026-04-25,"P1D","fcre",NA,"ensemble",108,"ChlorophyllMaximum_depth_sample",1.69446466950642,"fDCMdepth_mp","vera4cast"
2026-05-14,2026-04-25,"P1D","fcre",NA,"ensemble",139,"ChlorophyllMaximum_depth_sample",3.08274627122913,"fDCMdepth_mp","vera4cast"
2026-05-15,2026-04-25,"P1D","fcre",NA,"ensemble",15,"ChlorophyllMaximum_depth_sample",4.65473663683176,"fDCMdepth_mp","vera4cast"
2026-05-15,2026-04-25,"P1D","fcre",NA,"ensemble",46,"ChlorophyllMaximum_depth_sample",2.93892515932862,"fDCMdepth_mp","vera4cast"
2026-05-15,2026-04-25,"P1D","fcre",NA,"ensemble",77,"ChlorophyllMaximum_depth_sample",2.81616584045476,"fDCMdepth_mp","vera4cast"
2026-05-15,2026-04-25,"P1D","fcre",NA,"ensemble",108,"ChlorophyllMaximum_depth_sample",4.45295344309793,"fDCMdepth_mp","vera4cast"
2026-05-15,2026-04-25,"P1D","fcre",NA,"ensemble",139,"ChlorophyllMaximum_depth_sample",1.46803088167672,"fDCMdepth_mp","vera4cast"
2026-05-16,2026-04-25,"P1D","fcre",NA,"ensemble",15,"ChlorophyllMaximum_depth_sample",2.65404441003457,"fDCMdepth_mp","vera4cast"
2026-05-16,2026-04-25,"P1D","fcre",NA,"ensemble",46,"ChlorophyllMaximum_depth_sample",2.87718601933011,"fDCMdepth_mp","vera4cast"
2026-05-16,2026-04-25,"P1D","fcre",NA,"ensemble",77,"ChlorophyllMaximum_depth_sample",5.81761804248908,"fDCMdepth_mp","vera4cast"
2026-05-16,2026-04-25,"P1D","fcre",NA,"ensemble",108,"ChlorophyllMaximum_depth_sample",5.73313828356852,"fDCMdepth_mp","vera4cast"
2026-05-16,2026-04-25,"P1D","fcre",NA,"ensemble",139,"ChlorophyllMaximum_depth_sample",4.89764137098327,"fDCMdepth_mp","vera4cast"
2026-05-17,2026-04-25,"P1D","fcre",NA,"ensemble",15,"ChlorophyllMaximum_depth_sample",4.92458732184942,"fDCMdepth_mp","vera4cast"
2026-05-17,2026-04-25,"P1D","fcre",NA,"ensemble",46,"ChlorophyllMaximum_depth_sample",2.25923546036753,"fDCMdepth_mp","vera4cast"
2026-05-17,2026-04-25,"P1D","fcre",NA,"ensemble",77,"ChlorophyllMaximum_depth_sample",2.97043906806029,"fDCMdepth_mp","vera4cast"
2026-05-17,2026-04-25,"P1D","fcre",NA,"ensemble",108,"ChlorophyllMaximum_depth_sample",3.80207924318485,"fDCMdepth_mp","vera4cast"
2026-05-17,2026-04-25,"P1D","fcre",NA,"ensemble",139,"ChlorophyllMaximum_depth_sample",4.15811899546389,"fDCMdepth_mp","vera4cast"
2026-05-18,2026-04-25,"P1D","fcre",NA,"ensemble",15,"ChlorophyllMaximum_depth_sample",3.33720475056658,"fDCMdepth_mp","vera4cast"
2026-05-18,2026-04-25,"P1D","fcre",NA,"ensemble",46,"ChlorophyllMaximum_depth_sample",2.60265199926496,"fDCMdepth_mp","vera4cast"
2026-05-18,2026-04-25,"P1D","fcre",NA,"ensemble",77,"ChlorophyllMaximum_depth_sample",2.10202128101516,"fDCMdepth_mp","vera4cast"
2026-05-18,2026-04-25,"P1D","fcre",NA,"ensemble",108,"ChlorophyllMaximum_depth_sample",5.01311093846103,"fDCMdepth_mp","vera4cast"
2026-05-18,2026-04-25,"P1D","fcre",NA,"ensemble",139,"ChlorophyllMaximum_depth_sample",2.27024419209976,"fDCMdepth_mp","vera4cast"
2026-05-19,2026-04-25,"P1D","fcre",NA,"ensemble",15,"ChlorophyllMaximum_depth_sample",3.85657256166957,"fDCMdepth_mp","vera4cast"
2026-05-19,2026-04-25,"P1D","fcre",NA,"ensemble",46,"ChlorophyllMaximum_depth_sample",4.41715260058419,"fDCMdepth_mp","vera4cast"
2026-05-19,2026-04-25,"P1D","fcre",NA,"ensemble",77,"ChlorophyllMaximum_depth_sample",2.34846067714928,"fDCMdepth_mp","vera4cast"
2026-05-19,2026-04-25,"P1D","fcre",NA,"ensemble",108,"ChlorophyllMaximum_depth_sample",6.8584071591548,"fDCMdepth_mp","vera4cast"
2026-05-19,2026-04-25,"P1D","fcre",NA,"ensemble",139,"ChlorophyllMaximum_depth_sample",1.45060673038668,"fDCMdepth_mp","vera4cast"
2026-05-20,2026-04-25,"P1D","fcre",NA,"ensemble",15,"ChlorophyllMaximum_depth_sample",3.89376315578003,"fDCMdepth_mp","vera4cast"
2026-05-20,2026-04-25,"P1D","fcre",NA,"ensemble",46,"ChlorophyllMaximum_depth_sample",3.25194805558702,"fDCMdepth_mp","vera4cast"
2026-05-20,2026-04-25,"P1D","fcre",NA,"ensemble",77,"ChlorophyllMaximum_depth_sample",1.84295548729288,"fDCMdepth_mp","vera4cast"
2026-05-20,2026-04-25,"P1D","fcre",NA,"ensemble",108,"ChlorophyllMaximum_depth_sample",4.46947507331389,"fDCMdepth_mp","vera4cast"
2026-05-20,2026-04-25,"P1D","fcre",NA,"ensemble",139,"ChlorophyllMaximum_depth_sample",4.49185917453693,"fDCMdepth_mp","vera4cast"
2026-05-21,2026-04-25,"P1D","fcre",NA,"ensemble",15,"ChlorophyllMaximum_depth_sample",3.55659512026544,"fDCMdepth_mp","vera4cast"
2026-05-21,2026-04-25,"P1D","fcre",NA,"ensemble",46,"ChlorophyllMaximum_depth_sample",5.4948239598218,"fDCMdepth_mp","vera4cast"
2026-05-21,2026-04-25,"P1D","fcre",NA,"ensemble",77,"ChlorophyllMaximum_depth_sample",1.06793229015264,"fDCMdepth_mp","vera4cast"
2026-05-21,2026-04-25,"P1D","fcre",NA,"ensemble",108,"ChlorophyllMaximum_depth_sample",4.8605958925352,"fDCMdepth_mp","vera4cast"
2026-05-21,2026-04-25,"P1D","fcre",NA,"ensemble",139,"ChlorophyllMaximum_depth_sample",1.42766495509867,"fDCMdepth_mp","vera4cast"
2026-05-22,2026-04-25,"P1D","fcre",NA,"ensemble",15,"ChlorophyllMaximum_depth_sample",2.3188856685794,"fDCMdepth_mp","vera4cast"
2026-05-22,2026-04-25,"P1D","fcre",NA,"ensemble",46,"ChlorophyllMaximum_depth_sample",4.41674882635836,"fDCMdepth_mp","vera4cast"
2026-05-22,2026-04-25,"P1D","fcre",NA,"ensemble",77,"ChlorophyllMaximum_depth_sample",3.88989307700917,"fDCMdepth_mp","vera4cast"
2026-05-22,2026-04-25,"P1D","fcre",NA,"ensemble",108,"ChlorophyllMaximum_depth_sample",2.00792985389324,"fDCMdepth_mp","vera4cast"
2026-05-22,2026-04-25,"P1D","fcre",NA,"ensemble",139,"ChlorophyllMaximum_depth_sample",2.78091791623851,"fDCMdepth_mp","vera4cast"
2026-05-23,2026-04-25,"P1D","fcre",NA,"ensemble",15,"ChlorophyllMaximum_depth_sample",4.42912469888732,"fDCMdepth_mp","vera4cast"
2026-05-23,2026-04-25,"P1D","fcre",NA,"ensemble",46,"ChlorophyllMaximum_depth_sample",3.0810702413972,"fDCMdepth_mp","vera4cast"
2026-05-23,2026-04-25,"P1D","fcre",NA,"ensemble",77,"ChlorophyllMaximum_depth_sample",3.66430461205688,"fDCMdepth_mp","vera4cast"
2026-05-23,2026-04-25,"P1D","fcre",NA,"ensemble",108,"ChlorophyllMaximum_depth_sample",2.30819129945877,"fDCMdepth_mp","vera4cast"
2026-05-23,2026-04-25,"P1D","fcre",NA,"ensemble",139,"ChlorophyllMaximum_depth_sample",6.25229224285391,"fDCMdepth_mp","vera4cast"
2026-05-24,2026-04-25,"P1D","fcre",NA,"ensemble",15,"ChlorophyllMaximum_depth_sample",2.20478422412805,"fDCMdepth_mp","vera4cast"
2026-05-24,2026-04-25,"P1D","fcre",NA,"ensemble",46,"ChlorophyllMaximum_depth_sample",2.0676087179586,"fDCMdepth_mp","vera4cast"
2026-05-24,2026-04-25,"P1D","fcre",NA,"ensemble",77,"ChlorophyllMaximum_depth_sample",2.98164950994996,"fDCMdepth_mp","vera4cast"
2026-05-24,2026-04-25,"P1D","fcre",NA,"ensemble",108,"ChlorophyllMaximum_depth_sample",3.00920065279375,"fDCMdepth_mp","vera4cast"
2026-05-24,2026-04-25,"P1D","fcre",NA,"ensemble",139,"ChlorophyllMaximum_depth_sample",5.25873316211547,"fDCMdepth_mp","vera4cast"
2026-05-25,2026-04-25,"P1D","fcre",NA,"ensemble",15,"ChlorophyllMaximum_depth_sample",2.54662717068046,"fDCMdepth_mp","vera4cast"
2026-05-25,2026-04-25,"P1D","fcre",NA,"ensemble",46,"ChlorophyllMaximum_depth_sample",4.07481259852037,"fDCMdepth_mp","vera4cast"
2026-05-25,2026-04-25,"P1D","fcre",NA,"ensemble",77,"ChlorophyllMaximum_depth_sample",2.80713797612047,"fDCMdepth_mp","vera4cast"
2026-05-25,2026-04-25,"P1D","fcre",NA,"ensemble",108,"ChlorophyllMaximum_depth_sample",3.10191106588224,"fDCMdepth_mp","vera4cast"
2026-05-25,2026-04-25,"P1D","fcre",NA,"ensemble",139,"ChlorophyllMaximum_depth_sample",1.82913264288927,"fDCMdepth_mp","vera4cast"
2026-05-26,2026-04-25,"P1D","fcre",NA,"ensemble",15,"ChlorophyllMaximum_depth_sample",3.68248427896731,"fDCMdepth_mp","vera4cast"
2026-05-26,2026-04-25,"P1D","fcre",NA,"ensemble",46,"ChlorophyllMaximum_depth_sample",2.30620409188307,"fDCMdepth_mp","vera4cast"
2026-05-26,2026-04-25,"P1D","fcre",NA,"ensemble",77,"ChlorophyllMaximum_depth_sample",1.2749545800787,"fDCMdepth_mp","vera4cast"
2026-05-26,2026-04-25,"P1D","fcre",NA,"ensemble",108,"ChlorophyllMaximum_depth_sample",5.57378457309185,"fDCMdepth_mp","vera4cast"
2026-05-26,2026-04-25,"P1D","fcre",NA,"ensemble",139,"ChlorophyllMaximum_depth_sample",0.983056946673371,"fDCMdepth_mp","vera4cast"
2026-05-27,2026-04-25,"P1D","fcre",NA,"ensemble",15,"ChlorophyllMaximum_depth_sample",4.63936113589941,"fDCMdepth_mp","vera4cast"
2026-05-27,2026-04-25,"P1D","fcre",NA,"ensemble",46,"ChlorophyllMaximum_depth_sample",5.45519858724098,"fDCMdepth_mp","vera4cast"
2026-05-27,2026-04-25,"P1D","fcre",NA,"ensemble",77,"ChlorophyllMaximum_depth_sample",3.37798795658963,"fDCMdepth_mp","vera4cast"
2026-05-27,2026-04-25,"P1D","fcre",NA,"ensemble",108,"ChlorophyllMaximum_depth_sample",6.14093728118227,"fDCMdepth_mp","vera4cast"
2026-05-27,2026-04-25,"P1D","fcre",NA,"ensemble",139,"ChlorophyllMaximum_depth_sample",0.631101570612469,"fDCMdepth_mp","vera4cast"
2026-05-28,2026-04-25,"P1D","fcre",NA,"ensemble",15,"ChlorophyllMaximum_depth_sample",2.55655134633423,"fDCMdepth_mp","vera4cast"
2026-05-28,2026-04-25,"P1D","fcre",NA,"ensemble",46,"ChlorophyllMaximum_depth_sample",0.0844731726431878,"fDCMdepth_mp","vera4cast"
2026-05-28,2026-04-25,"P1D","fcre",NA,"ensemble",77,"ChlorophyllMaximum_depth_sample",2.42045034492138,"fDCMdepth_mp","vera4cast"
2026-05-28,2026-04-25,"P1D","fcre",NA,"ensemble",108,"ChlorophyllMaximum_depth_sample",2.62348049730938,"fDCMdepth_mp","vera4cast"
2026-05-28,2026-04-25,"P1D","fcre",NA,"ensemble",139,"ChlorophyllMaximum_depth_sample",1.47176396491843,"fDCMdepth_mp","vera4cast"
2026-05-29,2026-04-25,"P1D","fcre",NA,"ensemble",15,"ChlorophyllMaximum_depth_sample",5.35159298761164,"fDCMdepth_mp","vera4cast"
2026-05-29,2026-04-25,"P1D","fcre",NA,"ensemble",46,"ChlorophyllMaximum_depth_sample",3.46107565214619,"fDCMdepth_mp","vera4cast"
2026-05-29,2026-04-25,"P1D","fcre",NA,"ensemble",77,"ChlorophyllMaximum_depth_sample",3.54923005930808,"fDCMdepth_mp","vera4cast"
2026-05-29,2026-04-25,"P1D","fcre",NA,"ensemble",108,"ChlorophyllMaximum_depth_sample",3.55422103152611,"fDCMdepth_mp","vera4cast"
2026-05-29,2026-04-25,"P1D","fcre",NA,"ensemble",139,"ChlorophyllMaximum_depth_sample",2.59190387524359,"fDCMdepth_mp","vera4cast"
2026-04-26,2026-04-25,"P1D","fcre",NA,"ensemble",16,"ChlorophyllMaximum_depth_sample",2.67357745916673,"fDCMdepth_mp","vera4cast"
2026-04-26,2026-04-25,"P1D","fcre",NA,"ensemble",47,"ChlorophyllMaximum_depth_sample",2.89855608902335,"fDCMdepth_mp","vera4cast"
2026-04-26,2026-04-25,"P1D","fcre",NA,"ensemble",78,"ChlorophyllMaximum_depth_sample",6.14116612764244,"fDCMdepth_mp","vera4cast"
2026-04-26,2026-04-25,"P1D","fcre",NA,"ensemble",109,"ChlorophyllMaximum_depth_sample",2.66228085347951,"fDCMdepth_mp","vera4cast"
2026-04-26,2026-04-25,"P1D","fcre",NA,"ensemble",140,"ChlorophyllMaximum_depth_sample",3.7512576420264,"fDCMdepth_mp","vera4cast"
2026-04-27,2026-04-25,"P1D","fcre",NA,"ensemble",16,"ChlorophyllMaximum_depth_sample",1.02314417281397,"fDCMdepth_mp","vera4cast"
2026-04-27,2026-04-25,"P1D","fcre",NA,"ensemble",47,"ChlorophyllMaximum_depth_sample",2.12612135824524,"fDCMdepth_mp","vera4cast"
2026-04-27,2026-04-25,"P1D","fcre",NA,"ensemble",78,"ChlorophyllMaximum_depth_sample",2.37927319579988,"fDCMdepth_mp","vera4cast"
2026-04-27,2026-04-25,"P1D","fcre",NA,"ensemble",109,"ChlorophyllMaximum_depth_sample",5.02921191093362,"fDCMdepth_mp","vera4cast"
2026-04-27,2026-04-25,"P1D","fcre",NA,"ensemble",140,"ChlorophyllMaximum_depth_sample",3.74583322159949,"fDCMdepth_mp","vera4cast"
2026-04-28,2026-04-25,"P1D","fcre",NA,"ensemble",16,"ChlorophyllMaximum_depth_sample",3.1946983795085,"fDCMdepth_mp","vera4cast"
2026-04-28,2026-04-25,"P1D","fcre",NA,"ensemble",47,"ChlorophyllMaximum_depth_sample",3.3291194409222,"fDCMdepth_mp","vera4cast"
2026-04-28,2026-04-25,"P1D","fcre",NA,"ensemble",78,"ChlorophyllMaximum_depth_sample",3.51518702966712,"fDCMdepth_mp","vera4cast"
2026-04-28,2026-04-25,"P1D","fcre",NA,"ensemble",109,"ChlorophyllMaximum_depth_sample",4.72821976758459,"fDCMdepth_mp","vera4cast"
2026-04-28,2026-04-25,"P1D","fcre",NA,"ensemble",140,"ChlorophyllMaximum_depth_sample",3.61019479842273,"fDCMdepth_mp","vera4cast"
2026-04-29,2026-04-25,"P1D","fcre",NA,"ensemble",16,"ChlorophyllMaximum_depth_sample",3.26713131568553,"fDCMdepth_mp","vera4cast"
2026-04-29,2026-04-25,"P1D","fcre",NA,"ensemble",47,"ChlorophyllMaximum_depth_sample",2.66806708127088,"fDCMdepth_mp","vera4cast"
2026-04-29,2026-04-25,"P1D","fcre",NA,"ensemble",78,"ChlorophyllMaximum_depth_sample",3.36549428879725,"fDCMdepth_mp","vera4cast"
2026-04-29,2026-04-25,"P1D","fcre",NA,"ensemble",109,"ChlorophyllMaximum_depth_sample",1.10011440853552,"fDCMdepth_mp","vera4cast"
2026-04-29,2026-04-25,"P1D","fcre",NA,"ensemble",140,"ChlorophyllMaximum_depth_sample",4.6039456218343,"fDCMdepth_mp","vera4cast"
2026-04-30,2026-04-25,"P1D","fcre",NA,"ensemble",16,"ChlorophyllMaximum_depth_sample",2.65389729332562,"fDCMdepth_mp","vera4cast"
2026-04-30,2026-04-25,"P1D","fcre",NA,"ensemble",47,"ChlorophyllMaximum_depth_sample",2.40091765260069,"fDCMdepth_mp","vera4cast"
2026-04-30,2026-04-25,"P1D","fcre",NA,"ensemble",78,"ChlorophyllMaximum_depth_sample",2.064752388547,"fDCMdepth_mp","vera4cast"
2026-04-30,2026-04-25,"P1D","fcre",NA,"ensemble",109,"ChlorophyllMaximum_depth_sample",1.75050163309382,"fDCMdepth_mp","vera4cast"
2026-04-30,2026-04-25,"P1D","fcre",NA,"ensemble",140,"ChlorophyllMaximum_depth_sample",4.56276452900042,"fDCMdepth_mp","vera4cast"
2026-05-01,2026-04-25,"P1D","fcre",NA,"ensemble",16,"ChlorophyllMaximum_depth_sample",0.156938392074365,"fDCMdepth_mp","vera4cast"
2026-05-01,2026-04-25,"P1D","fcre",NA,"ensemble",47,"ChlorophyllMaximum_depth_sample",4.01269719676846,"fDCMdepth_mp","vera4cast"
2026-05-01,2026-04-25,"P1D","fcre",NA,"ensemble",78,"ChlorophyllMaximum_depth_sample",0.0399804085048339,"fDCMdepth_mp","vera4cast"
2026-05-01,2026-04-25,"P1D","fcre",NA,"ensemble",109,"ChlorophyllMaximum_depth_sample",2.86561069781982,"fDCMdepth_mp","vera4cast"
2026-05-01,2026-04-25,"P1D","fcre",NA,"ensemble",140,"ChlorophyllMaximum_depth_sample",5.45029672956741,"fDCMdepth_mp","vera4cast"
2026-05-02,2026-04-25,"P1D","fcre",NA,"ensemble",16,"ChlorophyllMaximum_depth_sample",4.63954796471854,"fDCMdepth_mp","vera4cast"
2026-05-02,2026-04-25,"P1D","fcre",NA,"ensemble",47,"ChlorophyllMaximum_depth_sample",3.68322693832661,"fDCMdepth_mp","vera4cast"
2026-05-02,2026-04-25,"P1D","fcre",NA,"ensemble",78,"ChlorophyllMaximum_depth_sample",3.09992843426413,"fDCMdepth_mp","vera4cast"
2026-05-02,2026-04-25,"P1D","fcre",NA,"ensemble",109,"ChlorophyllMaximum_depth_sample",3.01873949043999,"fDCMdepth_mp","vera4cast"
2026-05-02,2026-04-25,"P1D","fcre",NA,"ensemble",140,"ChlorophyllMaximum_depth_sample",4.16472482647917,"fDCMdepth_mp","vera4cast"
2026-05-03,2026-04-25,"P1D","fcre",NA,"ensemble",16,"ChlorophyllMaximum_depth_sample",5.64246284271032,"fDCMdepth_mp","vera4cast"
2026-05-03,2026-04-25,"P1D","fcre",NA,"ensemble",47,"ChlorophyllMaximum_depth_sample",2.54013758591584,"fDCMdepth_mp","vera4cast"
2026-05-03,2026-04-25,"P1D","fcre",NA,"ensemble",78,"ChlorophyllMaximum_depth_sample",4.72366497208635,"fDCMdepth_mp","vera4cast"
2026-05-03,2026-04-25,"P1D","fcre",NA,"ensemble",109,"ChlorophyllMaximum_depth_sample",3.07151679414761,"fDCMdepth_mp","vera4cast"
2026-05-03,2026-04-25,"P1D","fcre",NA,"ensemble",140,"ChlorophyllMaximum_depth_sample",1.3162322439677,"fDCMdepth_mp","vera4cast"
2026-05-04,2026-04-25,"P1D","fcre",NA,"ensemble",16,"ChlorophyllMaximum_depth_sample",0.58874274718265,"fDCMdepth_mp","vera4cast"
2026-05-04,2026-04-25,"P1D","fcre",NA,"ensemble",47,"ChlorophyllMaximum_depth_sample",1.91810550432086,"fDCMdepth_mp","vera4cast"
2026-05-04,2026-04-25,"P1D","fcre",NA,"ensemble",78,"ChlorophyllMaximum_depth_sample",2.00125930853286,"fDCMdepth_mp","vera4cast"
2026-05-04,2026-04-25,"P1D","fcre",NA,"ensemble",109,"ChlorophyllMaximum_depth_sample",4.26222388948158,"fDCMdepth_mp","vera4cast"
2026-05-04,2026-04-25,"P1D","fcre",NA,"ensemble",140,"ChlorophyllMaximum_depth_sample",2.77525262154405,"fDCMdepth_mp","vera4cast"
2026-05-05,2026-04-25,"P1D","fcre",NA,"ensemble",16,"ChlorophyllMaximum_depth_sample",4.22169548236963,"fDCMdepth_mp","vera4cast"
2026-05-05,2026-04-25,"P1D","fcre",NA,"ensemble",47,"ChlorophyllMaximum_depth_sample",2.77310102847154,"fDCMdepth_mp","vera4cast"
2026-05-05,2026-04-25,"P1D","fcre",NA,"ensemble",78,"ChlorophyllMaximum_depth_sample",3.38773074687472,"fDCMdepth_mp","vera4cast"
2026-05-05,2026-04-25,"P1D","fcre",NA,"ensemble",109,"ChlorophyllMaximum_depth_sample",2.59060872000406,"fDCMdepth_mp","vera4cast"
2026-05-05,2026-04-25,"P1D","fcre",NA,"ensemble",140,"ChlorophyllMaximum_depth_sample",6.09135945867326,"fDCMdepth_mp","vera4cast"
2026-05-06,2026-04-25,"P1D","fcre",NA,"ensemble",16,"ChlorophyllMaximum_depth_sample",2.61551143023235,"fDCMdepth_mp","vera4cast"
2026-05-06,2026-04-25,"P1D","fcre",NA,"ensemble",47,"ChlorophyllMaximum_depth_sample",2.36979850599482,"fDCMdepth_mp","vera4cast"
2026-05-06,2026-04-25,"P1D","fcre",NA,"ensemble",78,"ChlorophyllMaximum_depth_sample",0.960576540505287,"fDCMdepth_mp","vera4cast"
2026-05-06,2026-04-25,"P1D","fcre",NA,"ensemble",109,"ChlorophyllMaximum_depth_sample",2.31220737770989,"fDCMdepth_mp","vera4cast"
2026-05-06,2026-04-25,"P1D","fcre",NA,"ensemble",140,"ChlorophyllMaximum_depth_sample",1.22890152781888,"fDCMdepth_mp","vera4cast"
2026-05-07,2026-04-25,"P1D","fcre",NA,"ensemble",16,"ChlorophyllMaximum_depth_sample",2.57510416156806,"fDCMdepth_mp","vera4cast"
2026-05-07,2026-04-25,"P1D","fcre",NA,"ensemble",47,"ChlorophyllMaximum_depth_sample",5.94926312729252,"fDCMdepth_mp","vera4cast"
2026-05-07,2026-04-25,"P1D","fcre",NA,"ensemble",78,"ChlorophyllMaximum_depth_sample",4.23485241227482,"fDCMdepth_mp","vera4cast"
2026-05-07,2026-04-25,"P1D","fcre",NA,"ensemble",109,"ChlorophyllMaximum_depth_sample",3.05773240824983,"fDCMdepth_mp","vera4cast"
2026-05-07,2026-04-25,"P1D","fcre",NA,"ensemble",140,"ChlorophyllMaximum_depth_sample",2.80953048767207,"fDCMdepth_mp","vera4cast"
2026-05-08,2026-04-25,"P1D","fcre",NA,"ensemble",16,"ChlorophyllMaximum_depth_sample",-1.68888173754676,"fDCMdepth_mp","vera4cast"
2026-05-08,2026-04-25,"P1D","fcre",NA,"ensemble",47,"ChlorophyllMaximum_depth_sample",-0.512703065778187,"fDCMdepth_mp","vera4cast"
2026-05-08,2026-04-25,"P1D","fcre",NA,"ensemble",78,"ChlorophyllMaximum_depth_sample",3.90186505371848,"fDCMdepth_mp","vera4cast"
2026-05-08,2026-04-25,"P1D","fcre",NA,"ensemble",109,"ChlorophyllMaximum_depth_sample",3.76941434350234,"fDCMdepth_mp","vera4cast"
2026-05-08,2026-04-25,"P1D","fcre",NA,"ensemble",140,"ChlorophyllMaximum_depth_sample",3.14526412938677,"fDCMdepth_mp","vera4cast"
2026-05-09,2026-04-25,"P1D","fcre",NA,"ensemble",16,"ChlorophyllMaximum_depth_sample",1.32057009420515,"fDCMdepth_mp","vera4cast"
2026-05-09,2026-04-25,"P1D","fcre",NA,"ensemble",47,"ChlorophyllMaximum_depth_sample",4.57945500906044,"fDCMdepth_mp","vera4cast"
2026-05-09,2026-04-25,"P1D","fcre",NA,"ensemble",78,"ChlorophyllMaximum_depth_sample",3.21227716844758,"fDCMdepth_mp","vera4cast"
2026-05-09,2026-04-25,"P1D","fcre",NA,"ensemble",109,"ChlorophyllMaximum_depth_sample",2.05516112925041,"fDCMdepth_mp","vera4cast"
2026-05-09,2026-04-25,"P1D","fcre",NA,"ensemble",140,"ChlorophyllMaximum_depth_sample",4.60365430804208,"fDCMdepth_mp","vera4cast"
2026-05-10,2026-04-25,"P1D","fcre",NA,"ensemble",16,"ChlorophyllMaximum_depth_sample",2.24562697032573,"fDCMdepth_mp","vera4cast"
2026-05-10,2026-04-25,"P1D","fcre",NA,"ensemble",47,"ChlorophyllMaximum_depth_sample",5.27532718256558,"fDCMdepth_mp","vera4cast"
2026-05-10,2026-04-25,"P1D","fcre",NA,"ensemble",78,"ChlorophyllMaximum_depth_sample",-0.956648006260814,"fDCMdepth_mp","vera4cast"
2026-05-10,2026-04-25,"P1D","fcre",NA,"ensemble",109,"ChlorophyllMaximum_depth_sample",2.09994267740357,"fDCMdepth_mp","vera4cast"
2026-05-10,2026-04-25,"P1D","fcre",NA,"ensemble",140,"ChlorophyllMaximum_depth_sample",3.96925738028871,"fDCMdepth_mp","vera4cast"
2026-05-11,2026-04-25,"P1D","fcre",NA,"ensemble",16,"ChlorophyllMaximum_depth_sample",5.31010031652284,"fDCMdepth_mp","vera4cast"
2026-05-11,2026-04-25,"P1D","fcre",NA,"ensemble",47,"ChlorophyllMaximum_depth_sample",4.10400699689868,"fDCMdepth_mp","vera4cast"
2026-05-11,2026-04-25,"P1D","fcre",NA,"ensemble",78,"ChlorophyllMaximum_depth_sample",3.09606404040586,"fDCMdepth_mp","vera4cast"
2026-05-11,2026-04-25,"P1D","fcre",NA,"ensemble",109,"ChlorophyllMaximum_depth_sample",1.26908902761988,"fDCMdepth_mp","vera4cast"
2026-05-11,2026-04-25,"P1D","fcre",NA,"ensemble",140,"ChlorophyllMaximum_depth_sample",1.87005562744377,"fDCMdepth_mp","vera4cast"
2026-05-12,2026-04-25,"P1D","fcre",NA,"ensemble",16,"ChlorophyllMaximum_depth_sample",2.7464461245731,"fDCMdepth_mp","vera4cast"
2026-05-12,2026-04-25,"P1D","fcre",NA,"ensemble",47,"ChlorophyllMaximum_depth_sample",4.04188080929173,"fDCMdepth_mp","vera4cast"
2026-05-12,2026-04-25,"P1D","fcre",NA,"ensemble",78,"ChlorophyllMaximum_depth_sample",3.06348810863426,"fDCMdepth_mp","vera4cast"
2026-05-12,2026-04-25,"P1D","fcre",NA,"ensemble",109,"ChlorophyllMaximum_depth_sample",3.42900842616751,"fDCMdepth_mp","vera4cast"
2026-05-12,2026-04-25,"P1D","fcre",NA,"ensemble",140,"ChlorophyllMaximum_depth_sample",2.08936205795695,"fDCMdepth_mp","vera4cast"
2026-05-13,2026-04-25,"P1D","fcre",NA,"ensemble",16,"ChlorophyllMaximum_depth_sample",3.96646190335685,"fDCMdepth_mp","vera4cast"
2026-05-13,2026-04-25,"P1D","fcre",NA,"ensemble",47,"ChlorophyllMaximum_depth_sample",3.76999907592056,"fDCMdepth_mp","vera4cast"
2026-05-13,2026-04-25,"P1D","fcre",NA,"ensemble",78,"ChlorophyllMaximum_depth_sample",4.49550866981744,"fDCMdepth_mp","vera4cast"
2026-05-13,2026-04-25,"P1D","fcre",NA,"ensemble",109,"ChlorophyllMaximum_depth_sample",2.05766247846744,"fDCMdepth_mp","vera4cast"
2026-05-13,2026-04-25,"P1D","fcre",NA,"ensemble",140,"ChlorophyllMaximum_depth_sample",2.85673853790683,"fDCMdepth_mp","vera4cast"
2026-05-14,2026-04-25,"P1D","fcre",NA,"ensemble",16,"ChlorophyllMaximum_depth_sample",2.3101300118068,"fDCMdepth_mp","vera4cast"
2026-05-14,2026-04-25,"P1D","fcre",NA,"ensemble",47,"ChlorophyllMaximum_depth_sample",2.76845761872808,"fDCMdepth_mp","vera4cast"
2026-05-14,2026-04-25,"P1D","fcre",NA,"ensemble",78,"ChlorophyllMaximum_depth_sample",2.85216177252577,"fDCMdepth_mp","vera4cast"
2026-05-14,2026-04-25,"P1D","fcre",NA,"ensemble",109,"ChlorophyllMaximum_depth_sample",2.69081631082145,"fDCMdepth_mp","vera4cast"
2026-05-14,2026-04-25,"P1D","fcre",NA,"ensemble",140,"ChlorophyllMaximum_depth_sample",4.82869699278357,"fDCMdepth_mp","vera4cast"
2026-05-15,2026-04-25,"P1D","fcre",NA,"ensemble",16,"ChlorophyllMaximum_depth_sample",7.26402695097368,"fDCMdepth_mp","vera4cast"
2026-05-15,2026-04-25,"P1D","fcre",NA,"ensemble",47,"ChlorophyllMaximum_depth_sample",1.74935340509267,"fDCMdepth_mp","vera4cast"
2026-05-15,2026-04-25,"P1D","fcre",NA,"ensemble",78,"ChlorophyllMaximum_depth_sample",3.40223419377409,"fDCMdepth_mp","vera4cast"
2026-05-15,2026-04-25,"P1D","fcre",NA,"ensemble",109,"ChlorophyllMaximum_depth_sample",5.92028473542556,"fDCMdepth_mp","vera4cast"
2026-05-15,2026-04-25,"P1D","fcre",NA,"ensemble",140,"ChlorophyllMaximum_depth_sample",4.66935523894817,"fDCMdepth_mp","vera4cast"
2026-05-16,2026-04-25,"P1D","fcre",NA,"ensemble",16,"ChlorophyllMaximum_depth_sample",3.85124931218184,"fDCMdepth_mp","vera4cast"
2026-05-16,2026-04-25,"P1D","fcre",NA,"ensemble",47,"ChlorophyllMaximum_depth_sample",5.02870228707807,"fDCMdepth_mp","vera4cast"
2026-05-16,2026-04-25,"P1D","fcre",NA,"ensemble",78,"ChlorophyllMaximum_depth_sample",5.81712710020043,"fDCMdepth_mp","vera4cast"
2026-05-16,2026-04-25,"P1D","fcre",NA,"ensemble",109,"ChlorophyllMaximum_depth_sample",3.75547270877928,"fDCMdepth_mp","vera4cast"
2026-05-16,2026-04-25,"P1D","fcre",NA,"ensemble",140,"ChlorophyllMaximum_depth_sample",1.57193673904064,"fDCMdepth_mp","vera4cast"
2026-05-17,2026-04-25,"P1D","fcre",NA,"ensemble",16,"ChlorophyllMaximum_depth_sample",3.81245441272866,"fDCMdepth_mp","vera4cast"
2026-05-17,2026-04-25,"P1D","fcre",NA,"ensemble",47,"ChlorophyllMaximum_depth_sample",4.12094540195884,"fDCMdepth_mp","vera4cast"
2026-05-17,2026-04-25,"P1D","fcre",NA,"ensemble",78,"ChlorophyllMaximum_depth_sample",3.78209858189691,"fDCMdepth_mp","vera4cast"
2026-05-17,2026-04-25,"P1D","fcre",NA,"ensemble",109,"ChlorophyllMaximum_depth_sample",4.14917379483475,"fDCMdepth_mp","vera4cast"
2026-05-17,2026-04-25,"P1D","fcre",NA,"ensemble",140,"ChlorophyllMaximum_depth_sample",1.31879453424566,"fDCMdepth_mp","vera4cast"
2026-05-18,2026-04-25,"P1D","fcre",NA,"ensemble",16,"ChlorophyllMaximum_depth_sample",5.68838196509385,"fDCMdepth_mp","vera4cast"
2026-05-18,2026-04-25,"P1D","fcre",NA,"ensemble",47,"ChlorophyllMaximum_depth_sample",3.1902027940723,"fDCMdepth_mp","vera4cast"
2026-05-18,2026-04-25,"P1D","fcre",NA,"ensemble",78,"ChlorophyllMaximum_depth_sample",4.52730133303984,"fDCMdepth_mp","vera4cast"
2026-05-18,2026-04-25,"P1D","fcre",NA,"ensemble",109,"ChlorophyllMaximum_depth_sample",4.52480193154791,"fDCMdepth_mp","vera4cast"
2026-05-18,2026-04-25,"P1D","fcre",NA,"ensemble",140,"ChlorophyllMaximum_depth_sample",1.00947113378929,"fDCMdepth_mp","vera4cast"
2026-05-19,2026-04-25,"P1D","fcre",NA,"ensemble",16,"ChlorophyllMaximum_depth_sample",3.64377496855322,"fDCMdepth_mp","vera4cast"
2026-05-19,2026-04-25,"P1D","fcre",NA,"ensemble",47,"ChlorophyllMaximum_depth_sample",2.37859728371853,"fDCMdepth_mp","vera4cast"
2026-05-19,2026-04-25,"P1D","fcre",NA,"ensemble",78,"ChlorophyllMaximum_depth_sample",3.01973877346751,"fDCMdepth_mp","vera4cast"
2026-05-19,2026-04-25,"P1D","fcre",NA,"ensemble",109,"ChlorophyllMaximum_depth_sample",1.78736744014762,"fDCMdepth_mp","vera4cast"
2026-05-19,2026-04-25,"P1D","fcre",NA,"ensemble",140,"ChlorophyllMaximum_depth_sample",2.29476928512385,"fDCMdepth_mp","vera4cast"
2026-05-20,2026-04-25,"P1D","fcre",NA,"ensemble",16,"ChlorophyllMaximum_depth_sample",4.74129861800576,"fDCMdepth_mp","vera4cast"
2026-05-20,2026-04-25,"P1D","fcre",NA,"ensemble",47,"ChlorophyllMaximum_depth_sample",4.35198386965066,"fDCMdepth_mp","vera4cast"
2026-05-20,2026-04-25,"P1D","fcre",NA,"ensemble",78,"ChlorophyllMaximum_depth_sample",3.62896959652999,"fDCMdepth_mp","vera4cast"
2026-05-20,2026-04-25,"P1D","fcre",NA,"ensemble",109,"ChlorophyllMaximum_depth_sample",7.04898199723116,"fDCMdepth_mp","vera4cast"
2026-05-20,2026-04-25,"P1D","fcre",NA,"ensemble",140,"ChlorophyllMaximum_depth_sample",2.33558329851653,"fDCMdepth_mp","vera4cast"
2026-05-21,2026-04-25,"P1D","fcre",NA,"ensemble",16,"ChlorophyllMaximum_depth_sample",4.95112948493719,"fDCMdepth_mp","vera4cast"
2026-05-21,2026-04-25,"P1D","fcre",NA,"ensemble",47,"ChlorophyllMaximum_depth_sample",3.63371294785197,"fDCMdepth_mp","vera4cast"
2026-05-21,2026-04-25,"P1D","fcre",NA,"ensemble",78,"ChlorophyllMaximum_depth_sample",2.85888560273099,"fDCMdepth_mp","vera4cast"
2026-05-21,2026-04-25,"P1D","fcre",NA,"ensemble",109,"ChlorophyllMaximum_depth_sample",2.76805632839065,"fDCMdepth_mp","vera4cast"
2026-05-21,2026-04-25,"P1D","fcre",NA,"ensemble",140,"ChlorophyllMaximum_depth_sample",2.30729672605573,"fDCMdepth_mp","vera4cast"
2026-05-22,2026-04-25,"P1D","fcre",NA,"ensemble",16,"ChlorophyllMaximum_depth_sample",3.33385836325921,"fDCMdepth_mp","vera4cast"
2026-05-22,2026-04-25,"P1D","fcre",NA,"ensemble",47,"ChlorophyllMaximum_depth_sample",4.22627393739458,"fDCMdepth_mp","vera4cast"
2026-05-22,2026-04-25,"P1D","fcre",NA,"ensemble",78,"ChlorophyllMaximum_depth_sample",3.63733953591915,"fDCMdepth_mp","vera4cast"
2026-05-22,2026-04-25,"P1D","fcre",NA,"ensemble",109,"ChlorophyllMaximum_depth_sample",3.91405926278301,"fDCMdepth_mp","vera4cast"
2026-05-22,2026-04-25,"P1D","fcre",NA,"ensemble",140,"ChlorophyllMaximum_depth_sample",4.41937141781707,"fDCMdepth_mp","vera4cast"
2026-05-23,2026-04-25,"P1D","fcre",NA,"ensemble",16,"ChlorophyllMaximum_depth_sample",2.64732454348162,"fDCMdepth_mp","vera4cast"
2026-05-23,2026-04-25,"P1D","fcre",NA,"ensemble",47,"ChlorophyllMaximum_depth_sample",3.06681778777509,"fDCMdepth_mp","vera4cast"
2026-05-23,2026-04-25,"P1D","fcre",NA,"ensemble",78,"ChlorophyllMaximum_depth_sample",3.85732979858235,"fDCMdepth_mp","vera4cast"
2026-05-23,2026-04-25,"P1D","fcre",NA,"ensemble",109,"ChlorophyllMaximum_depth_sample",3.78972774908543,"fDCMdepth_mp","vera4cast"
2026-05-23,2026-04-25,"P1D","fcre",NA,"ensemble",140,"ChlorophyllMaximum_depth_sample",1.16718504198691,"fDCMdepth_mp","vera4cast"
2026-05-24,2026-04-25,"P1D","fcre",NA,"ensemble",16,"ChlorophyllMaximum_depth_sample",4.54813148100915,"fDCMdepth_mp","vera4cast"
2026-05-24,2026-04-25,"P1D","fcre",NA,"ensemble",47,"ChlorophyllMaximum_depth_sample",3.43301286790855,"fDCMdepth_mp","vera4cast"
2026-05-24,2026-04-25,"P1D","fcre",NA,"ensemble",78,"ChlorophyllMaximum_depth_sample",2.86859928591637,"fDCMdepth_mp","vera4cast"
2026-05-24,2026-04-25,"P1D","fcre",NA,"ensemble",109,"ChlorophyllMaximum_depth_sample",2.57945077588249,"fDCMdepth_mp","vera4cast"
2026-05-24,2026-04-25,"P1D","fcre",NA,"ensemble",140,"ChlorophyllMaximum_depth_sample",6.09538466211891,"fDCMdepth_mp","vera4cast"
2026-05-25,2026-04-25,"P1D","fcre",NA,"ensemble",16,"ChlorophyllMaximum_depth_sample",6.15225526791262,"fDCMdepth_mp","vera4cast"
2026-05-25,2026-04-25,"P1D","fcre",NA,"ensemble",47,"ChlorophyllMaximum_depth_sample",2.77378492052427,"fDCMdepth_mp","vera4cast"
2026-05-25,2026-04-25,"P1D","fcre",NA,"ensemble",78,"ChlorophyllMaximum_depth_sample",2.77237140953361,"fDCMdepth_mp","vera4cast"
2026-05-25,2026-04-25,"P1D","fcre",NA,"ensemble",109,"ChlorophyllMaximum_depth_sample",1.97322580391233,"fDCMdepth_mp","vera4cast"
2026-05-25,2026-04-25,"P1D","fcre",NA,"ensemble",140,"ChlorophyllMaximum_depth_sample",6.3248745866625,"fDCMdepth_mp","vera4cast"
2026-05-26,2026-04-25,"P1D","fcre",NA,"ensemble",16,"ChlorophyllMaximum_depth_sample",4.95373300179714,"fDCMdepth_mp","vera4cast"
2026-05-26,2026-04-25,"P1D","fcre",NA,"ensemble",47,"ChlorophyllMaximum_depth_sample",2.28757860442963,"fDCMdepth_mp","vera4cast"
2026-05-26,2026-04-25,"P1D","fcre",NA,"ensemble",78,"ChlorophyllMaximum_depth_sample",1.63868876052643,"fDCMdepth_mp","vera4cast"
2026-05-26,2026-04-25,"P1D","fcre",NA,"ensemble",109,"ChlorophyllMaximum_depth_sample",2.42135457783104,"fDCMdepth_mp","vera4cast"
2026-05-26,2026-04-25,"P1D","fcre",NA,"ensemble",140,"ChlorophyllMaximum_depth_sample",2.53627033438038,"fDCMdepth_mp","vera4cast"
2026-05-27,2026-04-25,"P1D","fcre",NA,"ensemble",16,"ChlorophyllMaximum_depth_sample",2.39296836349915,"fDCMdepth_mp","vera4cast"
2026-05-27,2026-04-25,"P1D","fcre",NA,"ensemble",47,"ChlorophyllMaximum_depth_sample",1.93830674107296,"fDCMdepth_mp","vera4cast"
2026-05-27,2026-04-25,"P1D","fcre",NA,"ensemble",78,"ChlorophyllMaximum_depth_sample",2.25354063871331,"fDCMdepth_mp","vera4cast"
2026-05-27,2026-04-25,"P1D","fcre",NA,"ensemble",109,"ChlorophyllMaximum_depth_sample",3.60906937348888,"fDCMdepth_mp","vera4cast"
2026-05-27,2026-04-25,"P1D","fcre",NA,"ensemble",140,"ChlorophyllMaximum_depth_sample",3.08012919901214,"fDCMdepth_mp","vera4cast"
2026-05-28,2026-04-25,"P1D","fcre",NA,"ensemble",16,"ChlorophyllMaximum_depth_sample",4.57785041603045,"fDCMdepth_mp","vera4cast"
2026-05-28,2026-04-25,"P1D","fcre",NA,"ensemble",47,"ChlorophyllMaximum_depth_sample",2.54623049809375,"fDCMdepth_mp","vera4cast"
2026-05-28,2026-04-25,"P1D","fcre",NA,"ensemble",78,"ChlorophyllMaximum_depth_sample",3.39916323085687,"fDCMdepth_mp","vera4cast"
2026-05-28,2026-04-25,"P1D","fcre",NA,"ensemble",109,"ChlorophyllMaximum_depth_sample",2.22503125238159,"fDCMdepth_mp","vera4cast"
2026-05-28,2026-04-25,"P1D","fcre",NA,"ensemble",140,"ChlorophyllMaximum_depth_sample",3.14158546246838,"fDCMdepth_mp","vera4cast"
2026-05-29,2026-04-25,"P1D","fcre",NA,"ensemble",16,"ChlorophyllMaximum_depth_sample",2.90900107881467,"fDCMdepth_mp","vera4cast"
2026-05-29,2026-04-25,"P1D","fcre",NA,"ensemble",47,"ChlorophyllMaximum_depth_sample",2.80958175639477,"fDCMdepth_mp","vera4cast"
2026-05-29,2026-04-25,"P1D","fcre",NA,"ensemble",78,"ChlorophyllMaximum_depth_sample",4.03603148662234,"fDCMdepth_mp","vera4cast"
2026-05-29,2026-04-25,"P1D","fcre",NA,"ensemble",109,"ChlorophyllMaximum_depth_sample",5.01575690931989,"fDCMdepth_mp","vera4cast"
2026-05-29,2026-04-25,"P1D","fcre",NA,"ensemble",140,"ChlorophyllMaximum_depth_sample",2.63954538998799,"fDCMdepth_mp","vera4cast"
2026-04-26,2026-04-25,"P1D","fcre",NA,"ensemble",17,"ChlorophyllMaximum_depth_sample",1.68433481341356,"fDCMdepth_mp","vera4cast"
2026-04-26,2026-04-25,"P1D","fcre",NA,"ensemble",48,"ChlorophyllMaximum_depth_sample",2.84298519013922,"fDCMdepth_mp","vera4cast"
2026-04-26,2026-04-25,"P1D","fcre",NA,"ensemble",79,"ChlorophyllMaximum_depth_sample",3.59012507662469,"fDCMdepth_mp","vera4cast"
2026-04-26,2026-04-25,"P1D","fcre",NA,"ensemble",110,"ChlorophyllMaximum_depth_sample",3.0612530159599,"fDCMdepth_mp","vera4cast"
2026-04-26,2026-04-25,"P1D","fcre",NA,"ensemble",141,"ChlorophyllMaximum_depth_sample",3.54737531780331,"fDCMdepth_mp","vera4cast"
2026-04-27,2026-04-25,"P1D","fcre",NA,"ensemble",17,"ChlorophyllMaximum_depth_sample",2.3413491108129,"fDCMdepth_mp","vera4cast"
2026-04-27,2026-04-25,"P1D","fcre",NA,"ensemble",48,"ChlorophyllMaximum_depth_sample",2.71020072604827,"fDCMdepth_mp","vera4cast"
2026-04-27,2026-04-25,"P1D","fcre",NA,"ensemble",79,"ChlorophyllMaximum_depth_sample",3.64898993452277,"fDCMdepth_mp","vera4cast"
2026-04-27,2026-04-25,"P1D","fcre",NA,"ensemble",110,"ChlorophyllMaximum_depth_sample",-0.226475875236734,"fDCMdepth_mp","vera4cast"
2026-04-27,2026-04-25,"P1D","fcre",NA,"ensemble",141,"ChlorophyllMaximum_depth_sample",4.7410504542092,"fDCMdepth_mp","vera4cast"
2026-04-28,2026-04-25,"P1D","fcre",NA,"ensemble",17,"ChlorophyllMaximum_depth_sample",3.08027940001021,"fDCMdepth_mp","vera4cast"
2026-04-28,2026-04-25,"P1D","fcre",NA,"ensemble",48,"ChlorophyllMaximum_depth_sample",3.32205706960076,"fDCMdepth_mp","vera4cast"
2026-04-28,2026-04-25,"P1D","fcre",NA,"ensemble",79,"ChlorophyllMaximum_depth_sample",2.72906274606408,"fDCMdepth_mp","vera4cast"
2026-04-28,2026-04-25,"P1D","fcre",NA,"ensemble",110,"ChlorophyllMaximum_depth_sample",1.77121981175922,"fDCMdepth_mp","vera4cast"
2026-04-28,2026-04-25,"P1D","fcre",NA,"ensemble",141,"ChlorophyllMaximum_depth_sample",5.83134148689315,"fDCMdepth_mp","vera4cast"
2026-04-29,2026-04-25,"P1D","fcre",NA,"ensemble",17,"ChlorophyllMaximum_depth_sample",2.01257329381087,"fDCMdepth_mp","vera4cast"
2026-04-29,2026-04-25,"P1D","fcre",NA,"ensemble",48,"ChlorophyllMaximum_depth_sample",4.85873700307624,"fDCMdepth_mp","vera4cast"
2026-04-29,2026-04-25,"P1D","fcre",NA,"ensemble",79,"ChlorophyllMaximum_depth_sample",2.17018693855762,"fDCMdepth_mp","vera4cast"
2026-04-29,2026-04-25,"P1D","fcre",NA,"ensemble",110,"ChlorophyllMaximum_depth_sample",2.8205296002912,"fDCMdepth_mp","vera4cast"
2026-04-29,2026-04-25,"P1D","fcre",NA,"ensemble",141,"ChlorophyllMaximum_depth_sample",3.15237215884974,"fDCMdepth_mp","vera4cast"
2026-04-30,2026-04-25,"P1D","fcre",NA,"ensemble",17,"ChlorophyllMaximum_depth_sample",5.21629675317537,"fDCMdepth_mp","vera4cast"
2026-04-30,2026-04-25,"P1D","fcre",NA,"ensemble",48,"ChlorophyllMaximum_depth_sample",4.2496938275981,"fDCMdepth_mp","vera4cast"
2026-04-30,2026-04-25,"P1D","fcre",NA,"ensemble",79,"ChlorophyllMaximum_depth_sample",2.01973474701391,"fDCMdepth_mp","vera4cast"
2026-04-30,2026-04-25,"P1D","fcre",NA,"ensemble",110,"ChlorophyllMaximum_depth_sample",6.08803158989205,"fDCMdepth_mp","vera4cast"
2026-04-30,2026-04-25,"P1D","fcre",NA,"ensemble",141,"ChlorophyllMaximum_depth_sample",3.58439822030599,"fDCMdepth_mp","vera4cast"
2026-05-01,2026-04-25,"P1D","fcre",NA,"ensemble",17,"ChlorophyllMaximum_depth_sample",1.81323670114387,"fDCMdepth_mp","vera4cast"
2026-05-01,2026-04-25,"P1D","fcre",NA,"ensemble",48,"ChlorophyllMaximum_depth_sample",0.555476961190698,"fDCMdepth_mp","vera4cast"
2026-05-01,2026-04-25,"P1D","fcre",NA,"ensemble",79,"ChlorophyllMaximum_depth_sample",2.79759675516548,"fDCMdepth_mp","vera4cast"
2026-05-01,2026-04-25,"P1D","fcre",NA,"ensemble",110,"ChlorophyllMaximum_depth_sample",3.51293386356065,"fDCMdepth_mp","vera4cast"
2026-05-01,2026-04-25,"P1D","fcre",NA,"ensemble",141,"ChlorophyllMaximum_depth_sample",0.663899790320006,"fDCMdepth_mp","vera4cast"
2026-05-02,2026-04-25,"P1D","fcre",NA,"ensemble",17,"ChlorophyllMaximum_depth_sample",3.07368793342628,"fDCMdepth_mp","vera4cast"
2026-05-02,2026-04-25,"P1D","fcre",NA,"ensemble",48,"ChlorophyllMaximum_depth_sample",2.60213249803407,"fDCMdepth_mp","vera4cast"
2026-05-02,2026-04-25,"P1D","fcre",NA,"ensemble",79,"ChlorophyllMaximum_depth_sample",4.82942336358863,"fDCMdepth_mp","vera4cast"
2026-05-02,2026-04-25,"P1D","fcre",NA,"ensemble",110,"ChlorophyllMaximum_depth_sample",3.03646507880916,"fDCMdepth_mp","vera4cast"
2026-05-02,2026-04-25,"P1D","fcre",NA,"ensemble",141,"ChlorophyllMaximum_depth_sample",1.02169731100823,"fDCMdepth_mp","vera4cast"
2026-05-03,2026-04-25,"P1D","fcre",NA,"ensemble",17,"ChlorophyllMaximum_depth_sample",0.860071330460155,"fDCMdepth_mp","vera4cast"
2026-05-03,2026-04-25,"P1D","fcre",NA,"ensemble",48,"ChlorophyllMaximum_depth_sample",3.02400625105256,"fDCMdepth_mp","vera4cast"
2026-05-03,2026-04-25,"P1D","fcre",NA,"ensemble",79,"ChlorophyllMaximum_depth_sample",2.71954124331932,"fDCMdepth_mp","vera4cast"
2026-05-03,2026-04-25,"P1D","fcre",NA,"ensemble",110,"ChlorophyllMaximum_depth_sample",2.83272253561452,"fDCMdepth_mp","vera4cast"
2026-05-03,2026-04-25,"P1D","fcre",NA,"ensemble",141,"ChlorophyllMaximum_depth_sample",3.89831012885966,"fDCMdepth_mp","vera4cast"
2026-05-04,2026-04-25,"P1D","fcre",NA,"ensemble",17,"ChlorophyllMaximum_depth_sample",2.08958624441875,"fDCMdepth_mp","vera4cast"
2026-05-04,2026-04-25,"P1D","fcre",NA,"ensemble",48,"ChlorophyllMaximum_depth_sample",4.79002639665501,"fDCMdepth_mp","vera4cast"
2026-05-04,2026-04-25,"P1D","fcre",NA,"ensemble",79,"ChlorophyllMaximum_depth_sample",2.20962890725693,"fDCMdepth_mp","vera4cast"
2026-05-04,2026-04-25,"P1D","fcre",NA,"ensemble",110,"ChlorophyllMaximum_depth_sample",2.97654764620068,"fDCMdepth_mp","vera4cast"
2026-05-04,2026-04-25,"P1D","fcre",NA,"ensemble",141,"ChlorophyllMaximum_depth_sample",3.05232451075265,"fDCMdepth_mp","vera4cast"
2026-05-05,2026-04-25,"P1D","fcre",NA,"ensemble",17,"ChlorophyllMaximum_depth_sample",2.57766634043552,"fDCMdepth_mp","vera4cast"
2026-05-05,2026-04-25,"P1D","fcre",NA,"ensemble",48,"ChlorophyllMaximum_depth_sample",2.05078054568936,"fDCMdepth_mp","vera4cast"
2026-05-05,2026-04-25,"P1D","fcre",NA,"ensemble",79,"ChlorophyllMaximum_depth_sample",1.81275290075826,"fDCMdepth_mp","vera4cast"
2026-05-05,2026-04-25,"P1D","fcre",NA,"ensemble",110,"ChlorophyllMaximum_depth_sample",1.45971919809445,"fDCMdepth_mp","vera4cast"
2026-05-05,2026-04-25,"P1D","fcre",NA,"ensemble",141,"ChlorophyllMaximum_depth_sample",1.11967463732898,"fDCMdepth_mp","vera4cast"
2026-05-06,2026-04-25,"P1D","fcre",NA,"ensemble",17,"ChlorophyllMaximum_depth_sample",2.54963690858639,"fDCMdepth_mp","vera4cast"
2026-05-06,2026-04-25,"P1D","fcre",NA,"ensemble",48,"ChlorophyllMaximum_depth_sample",3.91598191397585,"fDCMdepth_mp","vera4cast"
2026-05-06,2026-04-25,"P1D","fcre",NA,"ensemble",79,"ChlorophyllMaximum_depth_sample",2.80127580365833,"fDCMdepth_mp","vera4cast"
2026-05-06,2026-04-25,"P1D","fcre",NA,"ensemble",110,"ChlorophyllMaximum_depth_sample",2.19793692038543,"fDCMdepth_mp","vera4cast"
2026-05-06,2026-04-25,"P1D","fcre",NA,"ensemble",141,"ChlorophyllMaximum_depth_sample",3.88994143813076,"fDCMdepth_mp","vera4cast"
2026-05-07,2026-04-25,"P1D","fcre",NA,"ensemble",17,"ChlorophyllMaximum_depth_sample",3.12736546584513,"fDCMdepth_mp","vera4cast"
2026-05-07,2026-04-25,"P1D","fcre",NA,"ensemble",48,"ChlorophyllMaximum_depth_sample",3.24536034589846,"fDCMdepth_mp","vera4cast"
2026-05-07,2026-04-25,"P1D","fcre",NA,"ensemble",79,"ChlorophyllMaximum_depth_sample",4.27096309617311,"fDCMdepth_mp","vera4cast"
2026-05-07,2026-04-25,"P1D","fcre",NA,"ensemble",110,"ChlorophyllMaximum_depth_sample",0.806765606399526,"fDCMdepth_mp","vera4cast"
2026-05-07,2026-04-25,"P1D","fcre",NA,"ensemble",141,"ChlorophyllMaximum_depth_sample",-0.206916543898704,"fDCMdepth_mp","vera4cast"
2026-05-08,2026-04-25,"P1D","fcre",NA,"ensemble",17,"ChlorophyllMaximum_depth_sample",4.97961146533327,"fDCMdepth_mp","vera4cast"
2026-05-08,2026-04-25,"P1D","fcre",NA,"ensemble",48,"ChlorophyllMaximum_depth_sample",2.12467137586277,"fDCMdepth_mp","vera4cast"
2026-05-08,2026-04-25,"P1D","fcre",NA,"ensemble",79,"ChlorophyllMaximum_depth_sample",2.81764634946945,"fDCMdepth_mp","vera4cast"
2026-05-08,2026-04-25,"P1D","fcre",NA,"ensemble",110,"ChlorophyllMaximum_depth_sample",0.968545997111741,"fDCMdepth_mp","vera4cast"
2026-05-08,2026-04-25,"P1D","fcre",NA,"ensemble",141,"ChlorophyllMaximum_depth_sample",3.97884184505627,"fDCMdepth_mp","vera4cast"
2026-05-09,2026-04-25,"P1D","fcre",NA,"ensemble",17,"ChlorophyllMaximum_depth_sample",1.24743122344899,"fDCMdepth_mp","vera4cast"
2026-05-09,2026-04-25,"P1D","fcre",NA,"ensemble",48,"ChlorophyllMaximum_depth_sample",3.14243511710986,"fDCMdepth_mp","vera4cast"
2026-05-09,2026-04-25,"P1D","fcre",NA,"ensemble",79,"ChlorophyllMaximum_depth_sample",1.8651674932794,"fDCMdepth_mp","vera4cast"
2026-05-09,2026-04-25,"P1D","fcre",NA,"ensemble",110,"ChlorophyllMaximum_depth_sample",1.06418149261311,"fDCMdepth_mp","vera4cast"
2026-05-09,2026-04-25,"P1D","fcre",NA,"ensemble",141,"ChlorophyllMaximum_depth_sample",1.30160863640546,"fDCMdepth_mp","vera4cast"
2026-05-10,2026-04-25,"P1D","fcre",NA,"ensemble",17,"ChlorophyllMaximum_depth_sample",5.54544897682625,"fDCMdepth_mp","vera4cast"
2026-05-10,2026-04-25,"P1D","fcre",NA,"ensemble",48,"ChlorophyllMaximum_depth_sample",2.74814539525285,"fDCMdepth_mp","vera4cast"
2026-05-10,2026-04-25,"P1D","fcre",NA,"ensemble",79,"ChlorophyllMaximum_depth_sample",3.08595872741696,"fDCMdepth_mp","vera4cast"
2026-05-10,2026-04-25,"P1D","fcre",NA,"ensemble",110,"ChlorophyllMaximum_depth_sample",3.05961371270258,"fDCMdepth_mp","vera4cast"
2026-05-10,2026-04-25,"P1D","fcre",NA,"ensemble",141,"ChlorophyllMaximum_depth_sample",2.12892241658827,"fDCMdepth_mp","vera4cast"
2026-05-11,2026-04-25,"P1D","fcre",NA,"ensemble",17,"ChlorophyllMaximum_depth_sample",1.92095120883571,"fDCMdepth_mp","vera4cast"
2026-05-11,2026-04-25,"P1D","fcre",NA,"ensemble",48,"ChlorophyllMaximum_depth_sample",2.37787952541811,"fDCMdepth_mp","vera4cast"
2026-05-11,2026-04-25,"P1D","fcre",NA,"ensemble",79,"ChlorophyllMaximum_depth_sample",1.94088305140605,"fDCMdepth_mp","vera4cast"
2026-05-11,2026-04-25,"P1D","fcre",NA,"ensemble",110,"ChlorophyllMaximum_depth_sample",3.2138986084994,"fDCMdepth_mp","vera4cast"
2026-05-11,2026-04-25,"P1D","fcre",NA,"ensemble",141,"ChlorophyllMaximum_depth_sample",3.03484771360928,"fDCMdepth_mp","vera4cast"
2026-05-12,2026-04-25,"P1D","fcre",NA,"ensemble",17,"ChlorophyllMaximum_depth_sample",2.90340927142903,"fDCMdepth_mp","vera4cast"
2026-05-12,2026-04-25,"P1D","fcre",NA,"ensemble",48,"ChlorophyllMaximum_depth_sample",3.44540241747979,"fDCMdepth_mp","vera4cast"
2026-05-12,2026-04-25,"P1D","fcre",NA,"ensemble",79,"ChlorophyllMaximum_depth_sample",1.99915715916354,"fDCMdepth_mp","vera4cast"
2026-05-12,2026-04-25,"P1D","fcre",NA,"ensemble",110,"ChlorophyllMaximum_depth_sample",5.73996809988866,"fDCMdepth_mp","vera4cast"
2026-05-12,2026-04-25,"P1D","fcre",NA,"ensemble",141,"ChlorophyllMaximum_depth_sample",1.6555154878396,"fDCMdepth_mp","vera4cast"
2026-05-13,2026-04-25,"P1D","fcre",NA,"ensemble",17,"ChlorophyllMaximum_depth_sample",3.5404789277068,"fDCMdepth_mp","vera4cast"
2026-05-13,2026-04-25,"P1D","fcre",NA,"ensemble",48,"ChlorophyllMaximum_depth_sample",1.12972939470438,"fDCMdepth_mp","vera4cast"
2026-05-13,2026-04-25,"P1D","fcre",NA,"ensemble",79,"ChlorophyllMaximum_depth_sample",1.95039865687234,"fDCMdepth_mp","vera4cast"
2026-05-13,2026-04-25,"P1D","fcre",NA,"ensemble",110,"ChlorophyllMaximum_depth_sample",4.6771985751353,"fDCMdepth_mp","vera4cast"
2026-05-13,2026-04-25,"P1D","fcre",NA,"ensemble",141,"ChlorophyllMaximum_depth_sample",5.85372076595577,"fDCMdepth_mp","vera4cast"
2026-05-14,2026-04-25,"P1D","fcre",NA,"ensemble",17,"ChlorophyllMaximum_depth_sample",3.60940933064186,"fDCMdepth_mp","vera4cast"
2026-05-14,2026-04-25,"P1D","fcre",NA,"ensemble",48,"ChlorophyllMaximum_depth_sample",2.81242957547487,"fDCMdepth_mp","vera4cast"
2026-05-14,2026-04-25,"P1D","fcre",NA,"ensemble",79,"ChlorophyllMaximum_depth_sample",5.14722031977571,"fDCMdepth_mp","vera4cast"
2026-05-14,2026-04-25,"P1D","fcre",NA,"ensemble",110,"ChlorophyllMaximum_depth_sample",1.90199280529322,"fDCMdepth_mp","vera4cast"
2026-05-14,2026-04-25,"P1D","fcre",NA,"ensemble",141,"ChlorophyllMaximum_depth_sample",2.5948533076086,"fDCMdepth_mp","vera4cast"
2026-05-15,2026-04-25,"P1D","fcre",NA,"ensemble",17,"ChlorophyllMaximum_depth_sample",3.71470854479291,"fDCMdepth_mp","vera4cast"
2026-05-15,2026-04-25,"P1D","fcre",NA,"ensemble",48,"ChlorophyllMaximum_depth_sample",2.80269623241233,"fDCMdepth_mp","vera4cast"
2026-05-15,2026-04-25,"P1D","fcre",NA,"ensemble",79,"ChlorophyllMaximum_depth_sample",4.68189971875618,"fDCMdepth_mp","vera4cast"
2026-05-15,2026-04-25,"P1D","fcre",NA,"ensemble",110,"ChlorophyllMaximum_depth_sample",3.542764309156,"fDCMdepth_mp","vera4cast"
2026-05-15,2026-04-25,"P1D","fcre",NA,"ensemble",141,"ChlorophyllMaximum_depth_sample",2.59855052342357,"fDCMdepth_mp","vera4cast"
2026-05-16,2026-04-25,"P1D","fcre",NA,"ensemble",17,"ChlorophyllMaximum_depth_sample",1.04063134646247,"fDCMdepth_mp","vera4cast"
2026-05-16,2026-04-25,"P1D","fcre",NA,"ensemble",48,"ChlorophyllMaximum_depth_sample",1.0668870311555,"fDCMdepth_mp","vera4cast"
2026-05-16,2026-04-25,"P1D","fcre",NA,"ensemble",79,"ChlorophyllMaximum_depth_sample",2.91181812801357,"fDCMdepth_mp","vera4cast"
2026-05-16,2026-04-25,"P1D","fcre",NA,"ensemble",110,"ChlorophyllMaximum_depth_sample",4.51282529703306,"fDCMdepth_mp","vera4cast"
2026-05-16,2026-04-25,"P1D","fcre",NA,"ensemble",141,"ChlorophyllMaximum_depth_sample",2.99865224926544,"fDCMdepth_mp","vera4cast"
2026-05-17,2026-04-25,"P1D","fcre",NA,"ensemble",17,"ChlorophyllMaximum_depth_sample",4.48408252993393,"fDCMdepth_mp","vera4cast"
2026-05-17,2026-04-25,"P1D","fcre",NA,"ensemble",48,"ChlorophyllMaximum_depth_sample",3.54479600850311,"fDCMdepth_mp","vera4cast"
2026-05-17,2026-04-25,"P1D","fcre",NA,"ensemble",79,"ChlorophyllMaximum_depth_sample",3.28074134248818,"fDCMdepth_mp","vera4cast"
2026-05-17,2026-04-25,"P1D","fcre",NA,"ensemble",110,"ChlorophyllMaximum_depth_sample",3.57900078237707,"fDCMdepth_mp","vera4cast"
2026-05-17,2026-04-25,"P1D","fcre",NA,"ensemble",141,"ChlorophyllMaximum_depth_sample",3.47348589116569,"fDCMdepth_mp","vera4cast"
2026-05-18,2026-04-25,"P1D","fcre",NA,"ensemble",17,"ChlorophyllMaximum_depth_sample",1.19907795404191,"fDCMdepth_mp","vera4cast"
2026-05-18,2026-04-25,"P1D","fcre",NA,"ensemble",48,"ChlorophyllMaximum_depth_sample",1.51313503263846,"fDCMdepth_mp","vera4cast"
2026-05-18,2026-04-25,"P1D","fcre",NA,"ensemble",79,"ChlorophyllMaximum_depth_sample",1.28453037400073,"fDCMdepth_mp","vera4cast"
2026-05-18,2026-04-25,"P1D","fcre",NA,"ensemble",110,"ChlorophyllMaximum_depth_sample",3.2419717824312,"fDCMdepth_mp","vera4cast"
2026-05-18,2026-04-25,"P1D","fcre",NA,"ensemble",141,"ChlorophyllMaximum_depth_sample",3.72477724147626,"fDCMdepth_mp","vera4cast"
2026-05-19,2026-04-25,"P1D","fcre",NA,"ensemble",17,"ChlorophyllMaximum_depth_sample",4.04305807061146,"fDCMdepth_mp","vera4cast"
2026-05-19,2026-04-25,"P1D","fcre",NA,"ensemble",48,"ChlorophyllMaximum_depth_sample",4.02094614966711,"fDCMdepth_mp","vera4cast"
2026-05-19,2026-04-25,"P1D","fcre",NA,"ensemble",79,"ChlorophyllMaximum_depth_sample",4.67972749614613,"fDCMdepth_mp","vera4cast"
2026-05-19,2026-04-25,"P1D","fcre",NA,"ensemble",110,"ChlorophyllMaximum_depth_sample",3.59480230729579,"fDCMdepth_mp","vera4cast"
2026-05-19,2026-04-25,"P1D","fcre",NA,"ensemble",141,"ChlorophyllMaximum_depth_sample",6.18164892737208,"fDCMdepth_mp","vera4cast"
2026-05-20,2026-04-25,"P1D","fcre",NA,"ensemble",17,"ChlorophyllMaximum_depth_sample",4.20674645122487,"fDCMdepth_mp","vera4cast"
2026-05-20,2026-04-25,"P1D","fcre",NA,"ensemble",48,"ChlorophyllMaximum_depth_sample",2.8397878328181,"fDCMdepth_mp","vera4cast"
2026-05-20,2026-04-25,"P1D","fcre",NA,"ensemble",79,"ChlorophyllMaximum_depth_sample",4.19624967361429,"fDCMdepth_mp","vera4cast"
2026-05-20,2026-04-25,"P1D","fcre",NA,"ensemble",110,"ChlorophyllMaximum_depth_sample",3.30967068893471,"fDCMdepth_mp","vera4cast"
2026-05-20,2026-04-25,"P1D","fcre",NA,"ensemble",141,"ChlorophyllMaximum_depth_sample",5.63313303106512,"fDCMdepth_mp","vera4cast"
2026-05-21,2026-04-25,"P1D","fcre",NA,"ensemble",17,"ChlorophyllMaximum_depth_sample",2.40845328843955,"fDCMdepth_mp","vera4cast"
2026-05-21,2026-04-25,"P1D","fcre",NA,"ensemble",48,"ChlorophyllMaximum_depth_sample",2.95221249906933,"fDCMdepth_mp","vera4cast"
2026-05-21,2026-04-25,"P1D","fcre",NA,"ensemble",79,"ChlorophyllMaximum_depth_sample",3.96507920742003,"fDCMdepth_mp","vera4cast"
2026-05-21,2026-04-25,"P1D","fcre",NA,"ensemble",110,"ChlorophyllMaximum_depth_sample",4.12761859074913,"fDCMdepth_mp","vera4cast"
2026-05-21,2026-04-25,"P1D","fcre",NA,"ensemble",141,"ChlorophyllMaximum_depth_sample",5.02175263458927,"fDCMdepth_mp","vera4cast"
2026-05-22,2026-04-25,"P1D","fcre",NA,"ensemble",17,"ChlorophyllMaximum_depth_sample",6.84551586023071,"fDCMdepth_mp","vera4cast"
2026-05-22,2026-04-25,"P1D","fcre",NA,"ensemble",48,"ChlorophyllMaximum_depth_sample",4.0817184988728,"fDCMdepth_mp","vera4cast"
2026-05-22,2026-04-25,"P1D","fcre",NA,"ensemble",79,"ChlorophyllMaximum_depth_sample",3.23919102444059,"fDCMdepth_mp","vera4cast"
2026-05-22,2026-04-25,"P1D","fcre",NA,"ensemble",110,"ChlorophyllMaximum_depth_sample",3.32095772286975,"fDCMdepth_mp","vera4cast"
2026-05-22,2026-04-25,"P1D","fcre",NA,"ensemble",141,"ChlorophyllMaximum_depth_sample",1.46566551358183,"fDCMdepth_mp","vera4cast"
2026-05-23,2026-04-25,"P1D","fcre",NA,"ensemble",17,"ChlorophyllMaximum_depth_sample",4.66189540304244,"fDCMdepth_mp","vera4cast"
2026-05-23,2026-04-25,"P1D","fcre",NA,"ensemble",48,"ChlorophyllMaximum_depth_sample",4.19742253671767,"fDCMdepth_mp","vera4cast"
2026-05-23,2026-04-25,"P1D","fcre",NA,"ensemble",79,"ChlorophyllMaximum_depth_sample",3.3528295548541,"fDCMdepth_mp","vera4cast"
2026-05-23,2026-04-25,"P1D","fcre",NA,"ensemble",110,"ChlorophyllMaximum_depth_sample",4.39260107780664,"fDCMdepth_mp","vera4cast"
2026-05-23,2026-04-25,"P1D","fcre",NA,"ensemble",141,"ChlorophyllMaximum_depth_sample",4.11657593857095,"fDCMdepth_mp","vera4cast"
2026-05-24,2026-04-25,"P1D","fcre",NA,"ensemble",17,"ChlorophyllMaximum_depth_sample",1.32797307835333,"fDCMdepth_mp","vera4cast"
2026-05-24,2026-04-25,"P1D","fcre",NA,"ensemble",48,"ChlorophyllMaximum_depth_sample",2.31609807766106,"fDCMdepth_mp","vera4cast"
2026-05-24,2026-04-25,"P1D","fcre",NA,"ensemble",79,"ChlorophyllMaximum_depth_sample",1.50188059764757,"fDCMdepth_mp","vera4cast"
2026-05-24,2026-04-25,"P1D","fcre",NA,"ensemble",110,"ChlorophyllMaximum_depth_sample",3.52993707477135,"fDCMdepth_mp","vera4cast"
2026-05-24,2026-04-25,"P1D","fcre",NA,"ensemble",141,"ChlorophyllMaximum_depth_sample",2.39781269699566,"fDCMdepth_mp","vera4cast"
2026-05-25,2026-04-25,"P1D","fcre",NA,"ensemble",17,"ChlorophyllMaximum_depth_sample",4.13902308056543,"fDCMdepth_mp","vera4cast"
2026-05-25,2026-04-25,"P1D","fcre",NA,"ensemble",48,"ChlorophyllMaximum_depth_sample",3.09764505823278,"fDCMdepth_mp","vera4cast"
2026-05-25,2026-04-25,"P1D","fcre",NA,"ensemble",79,"ChlorophyllMaximum_depth_sample",3.25935806429666,"fDCMdepth_mp","vera4cast"
2026-05-25,2026-04-25,"P1D","fcre",NA,"ensemble",110,"ChlorophyllMaximum_depth_sample",3.39784319188304,"fDCMdepth_mp","vera4cast"
2026-05-25,2026-04-25,"P1D","fcre",NA,"ensemble",141,"ChlorophyllMaximum_depth_sample",1.32874605933434,"fDCMdepth_mp","vera4cast"
2026-05-26,2026-04-25,"P1D","fcre",NA,"ensemble",17,"ChlorophyllMaximum_depth_sample",-0.293411405057537,"fDCMdepth_mp","vera4cast"
2026-05-26,2026-04-25,"P1D","fcre",NA,"ensemble",48,"ChlorophyllMaximum_depth_sample",2.84703813707169,"fDCMdepth_mp","vera4cast"
2026-05-26,2026-04-25,"P1D","fcre",NA,"ensemble",79,"ChlorophyllMaximum_depth_sample",4.13394218449017,"fDCMdepth_mp","vera4cast"
2026-05-26,2026-04-25,"P1D","fcre",NA,"ensemble",110,"ChlorophyllMaximum_depth_sample",2.79356435379141,"fDCMdepth_mp","vera4cast"
2026-05-26,2026-04-25,"P1D","fcre",NA,"ensemble",141,"ChlorophyllMaximum_depth_sample",2.38748954866109,"fDCMdepth_mp","vera4cast"
2026-05-27,2026-04-25,"P1D","fcre",NA,"ensemble",17,"ChlorophyllMaximum_depth_sample",2.98732520193344,"fDCMdepth_mp","vera4cast"
2026-05-27,2026-04-25,"P1D","fcre",NA,"ensemble",48,"ChlorophyllMaximum_depth_sample",5.07203603796811,"fDCMdepth_mp","vera4cast"
2026-05-27,2026-04-25,"P1D","fcre",NA,"ensemble",79,"ChlorophyllMaximum_depth_sample",1.94309589251096,"fDCMdepth_mp","vera4cast"
2026-05-27,2026-04-25,"P1D","fcre",NA,"ensemble",110,"ChlorophyllMaximum_depth_sample",3.24477231791603,"fDCMdepth_mp","vera4cast"
2026-05-27,2026-04-25,"P1D","fcre",NA,"ensemble",141,"ChlorophyllMaximum_depth_sample",4.4721516930155,"fDCMdepth_mp","vera4cast"
2026-05-28,2026-04-25,"P1D","fcre",NA,"ensemble",17,"ChlorophyllMaximum_depth_sample",1.59026809844591,"fDCMdepth_mp","vera4cast"
2026-05-28,2026-04-25,"P1D","fcre",NA,"ensemble",48,"ChlorophyllMaximum_depth_sample",1.69043817014069,"fDCMdepth_mp","vera4cast"
2026-05-28,2026-04-25,"P1D","fcre",NA,"ensemble",79,"ChlorophyllMaximum_depth_sample",2.31705843050123,"fDCMdepth_mp","vera4cast"
2026-05-28,2026-04-25,"P1D","fcre",NA,"ensemble",110,"ChlorophyllMaximum_depth_sample",-0.217163738503984,"fDCMdepth_mp","vera4cast"
2026-05-28,2026-04-25,"P1D","fcre",NA,"ensemble",141,"ChlorophyllMaximum_depth_sample",1.27525650451439,"fDCMdepth_mp","vera4cast"
2026-05-29,2026-04-25,"P1D","fcre",NA,"ensemble",17,"ChlorophyllMaximum_depth_sample",2.95019029066195,"fDCMdepth_mp","vera4cast"
2026-05-29,2026-04-25,"P1D","fcre",NA,"ensemble",48,"ChlorophyllMaximum_depth_sample",1.51951678357798,"fDCMdepth_mp","vera4cast"
2026-05-29,2026-04-25,"P1D","fcre",NA,"ensemble",79,"ChlorophyllMaximum_depth_sample",3.58781601605356,"fDCMdepth_mp","vera4cast"
2026-05-29,2026-04-25,"P1D","fcre",NA,"ensemble",110,"ChlorophyllMaximum_depth_sample",1.59710970139055,"fDCMdepth_mp","vera4cast"
2026-05-29,2026-04-25,"P1D","fcre",NA,"ensemble",141,"ChlorophyllMaximum_depth_sample",3.51484829053332,"fDCMdepth_mp","vera4cast"
2026-04-26,2026-04-25,"P1D","fcre",NA,"ensemble",18,"ChlorophyllMaximum_depth_sample",3.54837517850373,"fDCMdepth_mp","vera4cast"
2026-04-26,2026-04-25,"P1D","fcre",NA,"ensemble",49,"ChlorophyllMaximum_depth_sample",4.1523207840887,"fDCMdepth_mp","vera4cast"
2026-04-26,2026-04-25,"P1D","fcre",NA,"ensemble",80,"ChlorophyllMaximum_depth_sample",4.80427846482101,"fDCMdepth_mp","vera4cast"
2026-04-26,2026-04-25,"P1D","fcre",NA,"ensemble",111,"ChlorophyllMaximum_depth_sample",2.40642288239462,"fDCMdepth_mp","vera4cast"
2026-04-26,2026-04-25,"P1D","fcre",NA,"ensemble",142,"ChlorophyllMaximum_depth_sample",4.24069879912366,"fDCMdepth_mp","vera4cast"
2026-04-27,2026-04-25,"P1D","fcre",NA,"ensemble",18,"ChlorophyllMaximum_depth_sample",3.45157125518321,"fDCMdepth_mp","vera4cast"
2026-04-27,2026-04-25,"P1D","fcre",NA,"ensemble",49,"ChlorophyllMaximum_depth_sample",3.68140694609491,"fDCMdepth_mp","vera4cast"
2026-04-27,2026-04-25,"P1D","fcre",NA,"ensemble",80,"ChlorophyllMaximum_depth_sample",0.790299669194404,"fDCMdepth_mp","vera4cast"
2026-04-27,2026-04-25,"P1D","fcre",NA,"ensemble",111,"ChlorophyllMaximum_depth_sample",3.42346660902096,"fDCMdepth_mp","vera4cast"
2026-04-27,2026-04-25,"P1D","fcre",NA,"ensemble",142,"ChlorophyllMaximum_depth_sample",1.67169572528285,"fDCMdepth_mp","vera4cast"
2026-04-28,2026-04-25,"P1D","fcre",NA,"ensemble",18,"ChlorophyllMaximum_depth_sample",4.04167991156119,"fDCMdepth_mp","vera4cast"
2026-04-28,2026-04-25,"P1D","fcre",NA,"ensemble",49,"ChlorophyllMaximum_depth_sample",1.44325138863303,"fDCMdepth_mp","vera4cast"
2026-04-28,2026-04-25,"P1D","fcre",NA,"ensemble",80,"ChlorophyllMaximum_depth_sample",3.69965782831503,"fDCMdepth_mp","vera4cast"
2026-04-28,2026-04-25,"P1D","fcre",NA,"ensemble",111,"ChlorophyllMaximum_depth_sample",3.9644937007124,"fDCMdepth_mp","vera4cast"
2026-04-28,2026-04-25,"P1D","fcre",NA,"ensemble",142,"ChlorophyllMaximum_depth_sample",2.73100912728315,"fDCMdepth_mp","vera4cast"
2026-04-29,2026-04-25,"P1D","fcre",NA,"ensemble",18,"ChlorophyllMaximum_depth_sample",0.53234822738161,"fDCMdepth_mp","vera4cast"
2026-04-29,2026-04-25,"P1D","fcre",NA,"ensemble",49,"ChlorophyllMaximum_depth_sample",4.11699581039895,"fDCMdepth_mp","vera4cast"
2026-04-29,2026-04-25,"P1D","fcre",NA,"ensemble",80,"ChlorophyllMaximum_depth_sample",-0.0811829710040164,"fDCMdepth_mp","vera4cast"
2026-04-29,2026-04-25,"P1D","fcre",NA,"ensemble",111,"ChlorophyllMaximum_depth_sample",2.9773383561143,"fDCMdepth_mp","vera4cast"
2026-04-29,2026-04-25,"P1D","fcre",NA,"ensemble",142,"ChlorophyllMaximum_depth_sample",3.26825994578733,"fDCMdepth_mp","vera4cast"
2026-04-30,2026-04-25,"P1D","fcre",NA,"ensemble",18,"ChlorophyllMaximum_depth_sample",-0.751675484874699,"fDCMdepth_mp","vera4cast"
2026-04-30,2026-04-25,"P1D","fcre",NA,"ensemble",49,"ChlorophyllMaximum_depth_sample",1.86196326856476,"fDCMdepth_mp","vera4cast"
2026-04-30,2026-04-25,"P1D","fcre",NA,"ensemble",80,"ChlorophyllMaximum_depth_sample",1.77314477711809,"fDCMdepth_mp","vera4cast"
2026-04-30,2026-04-25,"P1D","fcre",NA,"ensemble",111,"ChlorophyllMaximum_depth_sample",3.40209605634071,"fDCMdepth_mp","vera4cast"
2026-04-30,2026-04-25,"P1D","fcre",NA,"ensemble",142,"ChlorophyllMaximum_depth_sample",3.47482881692757,"fDCMdepth_mp","vera4cast"
2026-05-01,2026-04-25,"P1D","fcre",NA,"ensemble",18,"ChlorophyllMaximum_depth_sample",2.54053735738656,"fDCMdepth_mp","vera4cast"
2026-05-01,2026-04-25,"P1D","fcre",NA,"ensemble",49,"ChlorophyllMaximum_depth_sample",2.18838925257709,"fDCMdepth_mp","vera4cast"
2026-05-01,2026-04-25,"P1D","fcre",NA,"ensemble",80,"ChlorophyllMaximum_depth_sample",2.5870267973304,"fDCMdepth_mp","vera4cast"
2026-05-01,2026-04-25,"P1D","fcre",NA,"ensemble",111,"ChlorophyllMaximum_depth_sample",4.44222306608089,"fDCMdepth_mp","vera4cast"
2026-05-01,2026-04-25,"P1D","fcre",NA,"ensemble",142,"ChlorophyllMaximum_depth_sample",1.15947083101198,"fDCMdepth_mp","vera4cast"
2026-05-02,2026-04-25,"P1D","fcre",NA,"ensemble",18,"ChlorophyllMaximum_depth_sample",3.77399248760024,"fDCMdepth_mp","vera4cast"
2026-05-02,2026-04-25,"P1D","fcre",NA,"ensemble",49,"ChlorophyllMaximum_depth_sample",1.51950731037499,"fDCMdepth_mp","vera4cast"
2026-05-02,2026-04-25,"P1D","fcre",NA,"ensemble",80,"ChlorophyllMaximum_depth_sample",4.89712891032358,"fDCMdepth_mp","vera4cast"
2026-05-02,2026-04-25,"P1D","fcre",NA,"ensemble",111,"ChlorophyllMaximum_depth_sample",1.06928920004796,"fDCMdepth_mp","vera4cast"
2026-05-02,2026-04-25,"P1D","fcre",NA,"ensemble",142,"ChlorophyllMaximum_depth_sample",2.51915445015097,"fDCMdepth_mp","vera4cast"
2026-05-03,2026-04-25,"P1D","fcre",NA,"ensemble",18,"ChlorophyllMaximum_depth_sample",4.79290841724389,"fDCMdepth_mp","vera4cast"
2026-05-03,2026-04-25,"P1D","fcre",NA,"ensemble",49,"ChlorophyllMaximum_depth_sample",3.52226343811941,"fDCMdepth_mp","vera4cast"
2026-05-03,2026-04-25,"P1D","fcre",NA,"ensemble",80,"ChlorophyllMaximum_depth_sample",2.59695424839002,"fDCMdepth_mp","vera4cast"
2026-05-03,2026-04-25,"P1D","fcre",NA,"ensemble",111,"ChlorophyllMaximum_depth_sample",3.88590999556168,"fDCMdepth_mp","vera4cast"
2026-05-03,2026-04-25,"P1D","fcre",NA,"ensemble",142,"ChlorophyllMaximum_depth_sample",2.94544453218342,"fDCMdepth_mp","vera4cast"
2026-05-04,2026-04-25,"P1D","fcre",NA,"ensemble",18,"ChlorophyllMaximum_depth_sample",2.25009322239617,"fDCMdepth_mp","vera4cast"
2026-05-04,2026-04-25,"P1D","fcre",NA,"ensemble",49,"ChlorophyllMaximum_depth_sample",2.70541298595203,"fDCMdepth_mp","vera4cast"
2026-05-04,2026-04-25,"P1D","fcre",NA,"ensemble",80,"ChlorophyllMaximum_depth_sample",1.10235936623987,"fDCMdepth_mp","vera4cast"
2026-05-04,2026-04-25,"P1D","fcre",NA,"ensemble",111,"ChlorophyllMaximum_depth_sample",3.00865213948295,"fDCMdepth_mp","vera4cast"
2026-05-04,2026-04-25,"P1D","fcre",NA,"ensemble",142,"ChlorophyllMaximum_depth_sample",4.04980225081425,"fDCMdepth_mp","vera4cast"
2026-05-05,2026-04-25,"P1D","fcre",NA,"ensemble",18,"ChlorophyllMaximum_depth_sample",2.15951311640088,"fDCMdepth_mp","vera4cast"
2026-05-05,2026-04-25,"P1D","fcre",NA,"ensemble",49,"ChlorophyllMaximum_depth_sample",4.46256656995438,"fDCMdepth_mp","vera4cast"
2026-05-05,2026-04-25,"P1D","fcre",NA,"ensemble",80,"ChlorophyllMaximum_depth_sample",2.0242399913492,"fDCMdepth_mp","vera4cast"
2026-05-05,2026-04-25,"P1D","fcre",NA,"ensemble",111,"ChlorophyllMaximum_depth_sample",1.44478734679811,"fDCMdepth_mp","vera4cast"
2026-05-05,2026-04-25,"P1D","fcre",NA,"ensemble",142,"ChlorophyllMaximum_depth_sample",3.0845926775293,"fDCMdepth_mp","vera4cast"
2026-05-06,2026-04-25,"P1D","fcre",NA,"ensemble",18,"ChlorophyllMaximum_depth_sample",4.16801793891188,"fDCMdepth_mp","vera4cast"
2026-05-06,2026-04-25,"P1D","fcre",NA,"ensemble",49,"ChlorophyllMaximum_depth_sample",2.94927419061959,"fDCMdepth_mp","vera4cast"
2026-05-06,2026-04-25,"P1D","fcre",NA,"ensemble",80,"ChlorophyllMaximum_depth_sample",3.83571067545643,"fDCMdepth_mp","vera4cast"
2026-05-06,2026-04-25,"P1D","fcre",NA,"ensemble",111,"ChlorophyllMaximum_depth_sample",1.41998235872941,"fDCMdepth_mp","vera4cast"
2026-05-06,2026-04-25,"P1D","fcre",NA,"ensemble",142,"ChlorophyllMaximum_depth_sample",1.34030543959672,"fDCMdepth_mp","vera4cast"
2026-05-07,2026-04-25,"P1D","fcre",NA,"ensemble",18,"ChlorophyllMaximum_depth_sample",0.910643048745213,"fDCMdepth_mp","vera4cast"
2026-05-07,2026-04-25,"P1D","fcre",NA,"ensemble",49,"ChlorophyllMaximum_depth_sample",1.35529194800181,"fDCMdepth_mp","vera4cast"
2026-05-07,2026-04-25,"P1D","fcre",NA,"ensemble",80,"ChlorophyllMaximum_depth_sample",3.00778721404272,"fDCMdepth_mp","vera4cast"
2026-05-07,2026-04-25,"P1D","fcre",NA,"ensemble",111,"ChlorophyllMaximum_depth_sample",1.2754727459524,"fDCMdepth_mp","vera4cast"
2026-05-07,2026-04-25,"P1D","fcre",NA,"ensemble",142,"ChlorophyllMaximum_depth_sample",3.53176142546035,"fDCMdepth_mp","vera4cast"
2026-05-08,2026-04-25,"P1D","fcre",NA,"ensemble",18,"ChlorophyllMaximum_depth_sample",0.666914348391617,"fDCMdepth_mp","vera4cast"
2026-05-08,2026-04-25,"P1D","fcre",NA,"ensemble",49,"ChlorophyllMaximum_depth_sample",0.756547545216077,"fDCMdepth_mp","vera4cast"
2026-05-08,2026-04-25,"P1D","fcre",NA,"ensemble",80,"ChlorophyllMaximum_depth_sample",2.43618872908679,"fDCMdepth_mp","vera4cast"
2026-05-08,2026-04-25,"P1D","fcre",NA,"ensemble",111,"ChlorophyllMaximum_depth_sample",1.11093968886998,"fDCMdepth_mp","vera4cast"
2026-05-08,2026-04-25,"P1D","fcre",NA,"ensemble",142,"ChlorophyllMaximum_depth_sample",0.387925977599404,"fDCMdepth_mp","vera4cast"
2026-05-09,2026-04-25,"P1D","fcre",NA,"ensemble",18,"ChlorophyllMaximum_depth_sample",2.25541642638312,"fDCMdepth_mp","vera4cast"
2026-05-09,2026-04-25,"P1D","fcre",NA,"ensemble",49,"ChlorophyllMaximum_depth_sample",4.54222310433345,"fDCMdepth_mp","vera4cast"
2026-05-09,2026-04-25,"P1D","fcre",NA,"ensemble",80,"ChlorophyllMaximum_depth_sample",1.63115754818422,"fDCMdepth_mp","vera4cast"
2026-05-09,2026-04-25,"P1D","fcre",NA,"ensemble",111,"ChlorophyllMaximum_depth_sample",2.53663528417632,"fDCMdepth_mp","vera4cast"
2026-05-09,2026-04-25,"P1D","fcre",NA,"ensemble",142,"ChlorophyllMaximum_depth_sample",4.39341261236818,"fDCMdepth_mp","vera4cast"
2026-05-10,2026-04-25,"P1D","fcre",NA,"ensemble",18,"ChlorophyllMaximum_depth_sample",3.0946672877859,"fDCMdepth_mp","vera4cast"
2026-05-10,2026-04-25,"P1D","fcre",NA,"ensemble",49,"ChlorophyllMaximum_depth_sample",3.18255931743656,"fDCMdepth_mp","vera4cast"
2026-05-10,2026-04-25,"P1D","fcre",NA,"ensemble",80,"ChlorophyllMaximum_depth_sample",3.95970476575272,"fDCMdepth_mp","vera4cast"
2026-05-10,2026-04-25,"P1D","fcre",NA,"ensemble",111,"ChlorophyllMaximum_depth_sample",3.25741269351742,"fDCMdepth_mp","vera4cast"
2026-05-10,2026-04-25,"P1D","fcre",NA,"ensemble",142,"ChlorophyllMaximum_depth_sample",1.92422932378966,"fDCMdepth_mp","vera4cast"
2026-05-11,2026-04-25,"P1D","fcre",NA,"ensemble",18,"ChlorophyllMaximum_depth_sample",1.76196762843312,"fDCMdepth_mp","vera4cast"
2026-05-11,2026-04-25,"P1D","fcre",NA,"ensemble",49,"ChlorophyllMaximum_depth_sample",4.12535461473571,"fDCMdepth_mp","vera4cast"
2026-05-11,2026-04-25,"P1D","fcre",NA,"ensemble",80,"ChlorophyllMaximum_depth_sample",3.05858289693049,"fDCMdepth_mp","vera4cast"
2026-05-11,2026-04-25,"P1D","fcre",NA,"ensemble",111,"ChlorophyllMaximum_depth_sample",2.29905472784598,"fDCMdepth_mp","vera4cast"
2026-05-11,2026-04-25,"P1D","fcre",NA,"ensemble",142,"ChlorophyllMaximum_depth_sample",1.70992769756811,"fDCMdepth_mp","vera4cast"
2026-05-12,2026-04-25,"P1D","fcre",NA,"ensemble",18,"ChlorophyllMaximum_depth_sample",3.10740045479251,"fDCMdepth_mp","vera4cast"
2026-05-12,2026-04-25,"P1D","fcre",NA,"ensemble",49,"ChlorophyllMaximum_depth_sample",4.79449410426831,"fDCMdepth_mp","vera4cast"
2026-05-12,2026-04-25,"P1D","fcre",NA,"ensemble",80,"ChlorophyllMaximum_depth_sample",3.7027745045939,"fDCMdepth_mp","vera4cast"
2026-05-12,2026-04-25,"P1D","fcre",NA,"ensemble",111,"ChlorophyllMaximum_depth_sample",2.74465433992486,"fDCMdepth_mp","vera4cast"
2026-05-12,2026-04-25,"P1D","fcre",NA,"ensemble",142,"ChlorophyllMaximum_depth_sample",3.2941657902026,"fDCMdepth_mp","vera4cast"
2026-05-13,2026-04-25,"P1D","fcre",NA,"ensemble",18,"ChlorophyllMaximum_depth_sample",3.61303836554469,"fDCMdepth_mp","vera4cast"
2026-05-13,2026-04-25,"P1D","fcre",NA,"ensemble",49,"ChlorophyllMaximum_depth_sample",2.24308217295077,"fDCMdepth_mp","vera4cast"
2026-05-13,2026-04-25,"P1D","fcre",NA,"ensemble",80,"ChlorophyllMaximum_depth_sample",2.75878372531425,"fDCMdepth_mp","vera4cast"
2026-05-13,2026-04-25,"P1D","fcre",NA,"ensemble",111,"ChlorophyllMaximum_depth_sample",4.18277851769133,"fDCMdepth_mp","vera4cast"
2026-05-13,2026-04-25,"P1D","fcre",NA,"ensemble",142,"ChlorophyllMaximum_depth_sample",2.47240830722943,"fDCMdepth_mp","vera4cast"
2026-05-14,2026-04-25,"P1D","fcre",NA,"ensemble",18,"ChlorophyllMaximum_depth_sample",1.98973371466382,"fDCMdepth_mp","vera4cast"
2026-05-14,2026-04-25,"P1D","fcre",NA,"ensemble",49,"ChlorophyllMaximum_depth_sample",2.91734464268499,"fDCMdepth_mp","vera4cast"
2026-05-14,2026-04-25,"P1D","fcre",NA,"ensemble",80,"ChlorophyllMaximum_depth_sample",3.90542765132724,"fDCMdepth_mp","vera4cast"
2026-05-14,2026-04-25,"P1D","fcre",NA,"ensemble",111,"ChlorophyllMaximum_depth_sample",5.16546535745778,"fDCMdepth_mp","vera4cast"
2026-05-14,2026-04-25,"P1D","fcre",NA,"ensemble",142,"ChlorophyllMaximum_depth_sample",4.29068046790148,"fDCMdepth_mp","vera4cast"
2026-05-15,2026-04-25,"P1D","fcre",NA,"ensemble",18,"ChlorophyllMaximum_depth_sample",2.76949847971479,"fDCMdepth_mp","vera4cast"
2026-05-15,2026-04-25,"P1D","fcre",NA,"ensemble",49,"ChlorophyllMaximum_depth_sample",4.00565860899456,"fDCMdepth_mp","vera4cast"
2026-05-15,2026-04-25,"P1D","fcre",NA,"ensemble",80,"ChlorophyllMaximum_depth_sample",3.73869496348618,"fDCMdepth_mp","vera4cast"
2026-05-15,2026-04-25,"P1D","fcre",NA,"ensemble",111,"ChlorophyllMaximum_depth_sample",3.90952002781326,"fDCMdepth_mp","vera4cast"
2026-05-15,2026-04-25,"P1D","fcre",NA,"ensemble",142,"ChlorophyllMaximum_depth_sample",3.08868777830849,"fDCMdepth_mp","vera4cast"
2026-05-16,2026-04-25,"P1D","fcre",NA,"ensemble",18,"ChlorophyllMaximum_depth_sample",3.89785006948935,"fDCMdepth_mp","vera4cast"
2026-05-16,2026-04-25,"P1D","fcre",NA,"ensemble",49,"ChlorophyllMaximum_depth_sample",3.39425586427737,"fDCMdepth_mp","vera4cast"
2026-05-16,2026-04-25,"P1D","fcre",NA,"ensemble",80,"ChlorophyllMaximum_depth_sample",3.77963944019536,"fDCMdepth_mp","vera4cast"
2026-05-16,2026-04-25,"P1D","fcre",NA,"ensemble",111,"ChlorophyllMaximum_depth_sample",2.01593378192774,"fDCMdepth_mp","vera4cast"
2026-05-16,2026-04-25,"P1D","fcre",NA,"ensemble",142,"ChlorophyllMaximum_depth_sample",4.44890045496853,"fDCMdepth_mp","vera4cast"
2026-05-17,2026-04-25,"P1D","fcre",NA,"ensemble",18,"ChlorophyllMaximum_depth_sample",1.2580067365412,"fDCMdepth_mp","vera4cast"
2026-05-17,2026-04-25,"P1D","fcre",NA,"ensemble",49,"ChlorophyllMaximum_depth_sample",0.876965505206974,"fDCMdepth_mp","vera4cast"
2026-05-17,2026-04-25,"P1D","fcre",NA,"ensemble",80,"ChlorophyllMaximum_depth_sample",-1.35668157701907,"fDCMdepth_mp","vera4cast"
2026-05-17,2026-04-25,"P1D","fcre",NA,"ensemble",111,"ChlorophyllMaximum_depth_sample",2.99966760975225,"fDCMdepth_mp","vera4cast"
2026-05-17,2026-04-25,"P1D","fcre",NA,"ensemble",142,"ChlorophyllMaximum_depth_sample",2.09173457990119,"fDCMdepth_mp","vera4cast"
2026-05-18,2026-04-25,"P1D","fcre",NA,"ensemble",18,"ChlorophyllMaximum_depth_sample",1.79805378303347,"fDCMdepth_mp","vera4cast"
2026-05-18,2026-04-25,"P1D","fcre",NA,"ensemble",49,"ChlorophyllMaximum_depth_sample",2.26436409555559,"fDCMdepth_mp","vera4cast"
2026-05-18,2026-04-25,"P1D","fcre",NA,"ensemble",80,"ChlorophyllMaximum_depth_sample",3.24877924167027,"fDCMdepth_mp","vera4cast"
2026-05-18,2026-04-25,"P1D","fcre",NA,"ensemble",111,"ChlorophyllMaximum_depth_sample",2.28845368839352,"fDCMdepth_mp","vera4cast"
2026-05-18,2026-04-25,"P1D","fcre",NA,"ensemble",142,"ChlorophyllMaximum_depth_sample",4.31118355105889,"fDCMdepth_mp","vera4cast"
2026-05-19,2026-04-25,"P1D","fcre",NA,"ensemble",18,"ChlorophyllMaximum_depth_sample",2.98981891404303,"fDCMdepth_mp","vera4cast"
2026-05-19,2026-04-25,"P1D","fcre",NA,"ensemble",49,"ChlorophyllMaximum_depth_sample",3.62341407243964,"fDCMdepth_mp","vera4cast"
2026-05-19,2026-04-25,"P1D","fcre",NA,"ensemble",80,"ChlorophyllMaximum_depth_sample",4.96814020655989,"fDCMdepth_mp","vera4cast"
2026-05-19,2026-04-25,"P1D","fcre",NA,"ensemble",111,"ChlorophyllMaximum_depth_sample",1.86580740523361,"fDCMdepth_mp","vera4cast"
2026-05-19,2026-04-25,"P1D","fcre",NA,"ensemble",142,"ChlorophyllMaximum_depth_sample",3.05342052454201,"fDCMdepth_mp","vera4cast"
2026-05-20,2026-04-25,"P1D","fcre",NA,"ensemble",18,"ChlorophyllMaximum_depth_sample",3.23328284158638,"fDCMdepth_mp","vera4cast"
2026-05-20,2026-04-25,"P1D","fcre",NA,"ensemble",49,"ChlorophyllMaximum_depth_sample",2.75776649026798,"fDCMdepth_mp","vera4cast"
2026-05-20,2026-04-25,"P1D","fcre",NA,"ensemble",80,"ChlorophyllMaximum_depth_sample",3.75643557999921,"fDCMdepth_mp","vera4cast"
2026-05-20,2026-04-25,"P1D","fcre",NA,"ensemble",111,"ChlorophyllMaximum_depth_sample",4.80500330049416,"fDCMdepth_mp","vera4cast"
2026-05-20,2026-04-25,"P1D","fcre",NA,"ensemble",142,"ChlorophyllMaximum_depth_sample",3.51844604131595,"fDCMdepth_mp","vera4cast"
2026-05-21,2026-04-25,"P1D","fcre",NA,"ensemble",18,"ChlorophyllMaximum_depth_sample",3.25636720215329,"fDCMdepth_mp","vera4cast"
2026-05-21,2026-04-25,"P1D","fcre",NA,"ensemble",49,"ChlorophyllMaximum_depth_sample",1.52835452803221,"fDCMdepth_mp","vera4cast"
2026-05-21,2026-04-25,"P1D","fcre",NA,"ensemble",80,"ChlorophyllMaximum_depth_sample",3.55465391508071,"fDCMdepth_mp","vera4cast"
2026-05-21,2026-04-25,"P1D","fcre",NA,"ensemble",111,"ChlorophyllMaximum_depth_sample",5.44754208861481,"fDCMdepth_mp","vera4cast"
2026-05-21,2026-04-25,"P1D","fcre",NA,"ensemble",142,"ChlorophyllMaximum_depth_sample",3.11980559815218,"fDCMdepth_mp","vera4cast"
2026-05-22,2026-04-25,"P1D","fcre",NA,"ensemble",18,"ChlorophyllMaximum_depth_sample",3.90997847305567,"fDCMdepth_mp","vera4cast"
2026-05-22,2026-04-25,"P1D","fcre",NA,"ensemble",49,"ChlorophyllMaximum_depth_sample",3.51461341538036,"fDCMdepth_mp","vera4cast"
2026-05-22,2026-04-25,"P1D","fcre",NA,"ensemble",80,"ChlorophyllMaximum_depth_sample",1.79106411634639,"fDCMdepth_mp","vera4cast"
2026-05-22,2026-04-25,"P1D","fcre",NA,"ensemble",111,"ChlorophyllMaximum_depth_sample",3.25284635297292,"fDCMdepth_mp","vera4cast"
2026-05-22,2026-04-25,"P1D","fcre",NA,"ensemble",142,"ChlorophyllMaximum_depth_sample",2.00075382640142,"fDCMdepth_mp","vera4cast"
2026-05-23,2026-04-25,"P1D","fcre",NA,"ensemble",18,"ChlorophyllMaximum_depth_sample",-0.46390527840901,"fDCMdepth_mp","vera4cast"
2026-05-23,2026-04-25,"P1D","fcre",NA,"ensemble",49,"ChlorophyllMaximum_depth_sample",4.47979412960246,"fDCMdepth_mp","vera4cast"
2026-05-23,2026-04-25,"P1D","fcre",NA,"ensemble",80,"ChlorophyllMaximum_depth_sample",4.19516650694982,"fDCMdepth_mp","vera4cast"
2026-05-23,2026-04-25,"P1D","fcre",NA,"ensemble",111,"ChlorophyllMaximum_depth_sample",3.70259665765424,"fDCMdepth_mp","vera4cast"
2026-05-23,2026-04-25,"P1D","fcre",NA,"ensemble",142,"ChlorophyllMaximum_depth_sample",2.58323400961041,"fDCMdepth_mp","vera4cast"
2026-05-24,2026-04-25,"P1D","fcre",NA,"ensemble",18,"ChlorophyllMaximum_depth_sample",5.21040516404966,"fDCMdepth_mp","vera4cast"
2026-05-24,2026-04-25,"P1D","fcre",NA,"ensemble",49,"ChlorophyllMaximum_depth_sample",2.49078263182766,"fDCMdepth_mp","vera4cast"
2026-05-24,2026-04-25,"P1D","fcre",NA,"ensemble",80,"ChlorophyllMaximum_depth_sample",3.1564902808084,"fDCMdepth_mp","vera4cast"
2026-05-24,2026-04-25,"P1D","fcre",NA,"ensemble",111,"ChlorophyllMaximum_depth_sample",0.976039752237469,"fDCMdepth_mp","vera4cast"
2026-05-24,2026-04-25,"P1D","fcre",NA,"ensemble",142,"ChlorophyllMaximum_depth_sample",2.05288616183775,"fDCMdepth_mp","vera4cast"
2026-05-25,2026-04-25,"P1D","fcre",NA,"ensemble",18,"ChlorophyllMaximum_depth_sample",1.8671853741957,"fDCMdepth_mp","vera4cast"
2026-05-25,2026-04-25,"P1D","fcre",NA,"ensemble",49,"ChlorophyllMaximum_depth_sample",3.26231387697346,"fDCMdepth_mp","vera4cast"
2026-05-25,2026-04-25,"P1D","fcre",NA,"ensemble",80,"ChlorophyllMaximum_depth_sample",4.44322713513087,"fDCMdepth_mp","vera4cast"
2026-05-25,2026-04-25,"P1D","fcre",NA,"ensemble",111,"ChlorophyllMaximum_depth_sample",2.02687043496136,"fDCMdepth_mp","vera4cast"
2026-05-25,2026-04-25,"P1D","fcre",NA,"ensemble",142,"ChlorophyllMaximum_depth_sample",1.12804353828465,"fDCMdepth_mp","vera4cast"
2026-05-26,2026-04-25,"P1D","fcre",NA,"ensemble",18,"ChlorophyllMaximum_depth_sample",1.42930200584872,"fDCMdepth_mp","vera4cast"
2026-05-26,2026-04-25,"P1D","fcre",NA,"ensemble",49,"ChlorophyllMaximum_depth_sample",3.56443940643571,"fDCMdepth_mp","vera4cast"
2026-05-26,2026-04-25,"P1D","fcre",NA,"ensemble",80,"ChlorophyllMaximum_depth_sample",2.30712821772767,"fDCMdepth_mp","vera4cast"
2026-05-26,2026-04-25,"P1D","fcre",NA,"ensemble",111,"ChlorophyllMaximum_depth_sample",-0.259889936867391,"fDCMdepth_mp","vera4cast"
2026-05-26,2026-04-25,"P1D","fcre",NA,"ensemble",142,"ChlorophyllMaximum_depth_sample",4.03624928806942,"fDCMdepth_mp","vera4cast"
2026-05-27,2026-04-25,"P1D","fcre",NA,"ensemble",18,"ChlorophyllMaximum_depth_sample",4.05297237177605,"fDCMdepth_mp","vera4cast"
2026-05-27,2026-04-25,"P1D","fcre",NA,"ensemble",49,"ChlorophyllMaximum_depth_sample",4.67369569239585,"fDCMdepth_mp","vera4cast"
2026-05-27,2026-04-25,"P1D","fcre",NA,"ensemble",80,"ChlorophyllMaximum_depth_sample",2.66972733626259,"fDCMdepth_mp","vera4cast"
2026-05-27,2026-04-25,"P1D","fcre",NA,"ensemble",111,"ChlorophyllMaximum_depth_sample",1.57015392901277,"fDCMdepth_mp","vera4cast"
2026-05-27,2026-04-25,"P1D","fcre",NA,"ensemble",142,"ChlorophyllMaximum_depth_sample",2.61472720161596,"fDCMdepth_mp","vera4cast"
2026-05-28,2026-04-25,"P1D","fcre",NA,"ensemble",18,"ChlorophyllMaximum_depth_sample",4.65835147852428,"fDCMdepth_mp","vera4cast"
2026-05-28,2026-04-25,"P1D","fcre",NA,"ensemble",49,"ChlorophyllMaximum_depth_sample",3.83332357134889,"fDCMdepth_mp","vera4cast"
2026-05-28,2026-04-25,"P1D","fcre",NA,"ensemble",80,"ChlorophyllMaximum_depth_sample",4.5889394551386,"fDCMdepth_mp","vera4cast"
2026-05-28,2026-04-25,"P1D","fcre",NA,"ensemble",111,"ChlorophyllMaximum_depth_sample",2.16777710530156,"fDCMdepth_mp","vera4cast"
2026-05-28,2026-04-25,"P1D","fcre",NA,"ensemble",142,"ChlorophyllMaximum_depth_sample",2.98120899070717,"fDCMdepth_mp","vera4cast"
2026-05-29,2026-04-25,"P1D","fcre",NA,"ensemble",18,"ChlorophyllMaximum_depth_sample",4.50664533881379,"fDCMdepth_mp","vera4cast"
2026-05-29,2026-04-25,"P1D","fcre",NA,"ensemble",49,"ChlorophyllMaximum_depth_sample",0.972393927060655,"fDCMdepth_mp","vera4cast"
2026-05-29,2026-04-25,"P1D","fcre",NA,"ensemble",80,"ChlorophyllMaximum_depth_sample",3.33341674066762,"fDCMdepth_mp","vera4cast"
2026-05-29,2026-04-25,"P1D","fcre",NA,"ensemble",111,"ChlorophyllMaximum_depth_sample",2.75587556221153,"fDCMdepth_mp","vera4cast"
2026-05-29,2026-04-25,"P1D","fcre",NA,"ensemble",142,"ChlorophyllMaximum_depth_sample",5.12687326864259,"fDCMdepth_mp","vera4cast"
2026-04-26,2026-04-25,"P1D","fcre",NA,"ensemble",19,"ChlorophyllMaximum_depth_sample",2.98048477129309,"fDCMdepth_mp","vera4cast"
2026-04-26,2026-04-25,"P1D","fcre",NA,"ensemble",50,"ChlorophyllMaximum_depth_sample",1.93682055658691,"fDCMdepth_mp","vera4cast"
2026-04-26,2026-04-25,"P1D","fcre",NA,"ensemble",81,"ChlorophyllMaximum_depth_sample",5.76298087747171,"fDCMdepth_mp","vera4cast"
2026-04-26,2026-04-25,"P1D","fcre",NA,"ensemble",112,"ChlorophyllMaximum_depth_sample",2.67914579430402,"fDCMdepth_mp","vera4cast"
2026-04-26,2026-04-25,"P1D","fcre",NA,"ensemble",143,"ChlorophyllMaximum_depth_sample",2.90633000540781,"fDCMdepth_mp","vera4cast"
2026-04-27,2026-04-25,"P1D","fcre",NA,"ensemble",19,"ChlorophyllMaximum_depth_sample",5.22540605437075,"fDCMdepth_mp","vera4cast"
2026-04-27,2026-04-25,"P1D","fcre",NA,"ensemble",50,"ChlorophyllMaximum_depth_sample",4.13747553544099,"fDCMdepth_mp","vera4cast"
2026-04-27,2026-04-25,"P1D","fcre",NA,"ensemble",81,"ChlorophyllMaximum_depth_sample",4.67609399423836,"fDCMdepth_mp","vera4cast"
2026-04-27,2026-04-25,"P1D","fcre",NA,"ensemble",112,"ChlorophyllMaximum_depth_sample",2.19573401151743,"fDCMdepth_mp","vera4cast"
2026-04-27,2026-04-25,"P1D","fcre",NA,"ensemble",143,"ChlorophyllMaximum_depth_sample",2.37461515576466,"fDCMdepth_mp","vera4cast"
2026-04-28,2026-04-25,"P1D","fcre",NA,"ensemble",19,"ChlorophyllMaximum_depth_sample",4.55425622865497,"fDCMdepth_mp","vera4cast"
2026-04-28,2026-04-25,"P1D","fcre",NA,"ensemble",50,"ChlorophyllMaximum_depth_sample",3.2932646228869,"fDCMdepth_mp","vera4cast"
2026-04-28,2026-04-25,"P1D","fcre",NA,"ensemble",81,"ChlorophyllMaximum_depth_sample",5.18798956663528,"fDCMdepth_mp","vera4cast"
2026-04-28,2026-04-25,"P1D","fcre",NA,"ensemble",112,"ChlorophyllMaximum_depth_sample",4.42271557655862,"fDCMdepth_mp","vera4cast"
2026-04-28,2026-04-25,"P1D","fcre",NA,"ensemble",143,"ChlorophyllMaximum_depth_sample",2.18196486954671,"fDCMdepth_mp","vera4cast"
2026-04-29,2026-04-25,"P1D","fcre",NA,"ensemble",19,"ChlorophyllMaximum_depth_sample",1.4832541788882,"fDCMdepth_mp","vera4cast"
2026-04-29,2026-04-25,"P1D","fcre",NA,"ensemble",50,"ChlorophyllMaximum_depth_sample",1.38277490614417,"fDCMdepth_mp","vera4cast"
2026-04-29,2026-04-25,"P1D","fcre",NA,"ensemble",81,"ChlorophyllMaximum_depth_sample",2.92680862267062,"fDCMdepth_mp","vera4cast"
2026-04-29,2026-04-25,"P1D","fcre",NA,"ensemble",112,"ChlorophyllMaximum_depth_sample",2.40328021818625,"fDCMdepth_mp","vera4cast"
2026-04-29,2026-04-25,"P1D","fcre",NA,"ensemble",143,"ChlorophyllMaximum_depth_sample",1.2424769758493,"fDCMdepth_mp","vera4cast"
2026-04-30,2026-04-25,"P1D","fcre",NA,"ensemble",19,"ChlorophyllMaximum_depth_sample",5.17062259739547,"fDCMdepth_mp","vera4cast"
2026-04-30,2026-04-25,"P1D","fcre",NA,"ensemble",50,"ChlorophyllMaximum_depth_sample",3.98668578370473,"fDCMdepth_mp","vera4cast"
2026-04-30,2026-04-25,"P1D","fcre",NA,"ensemble",81,"ChlorophyllMaximum_depth_sample",2.11377039116726,"fDCMdepth_mp","vera4cast"
2026-04-30,2026-04-25,"P1D","fcre",NA,"ensemble",112,"ChlorophyllMaximum_depth_sample",4.20822739809507,"fDCMdepth_mp","vera4cast"
2026-04-30,2026-04-25,"P1D","fcre",NA,"ensemble",143,"ChlorophyllMaximum_depth_sample",2.17093442992802,"fDCMdepth_mp","vera4cast"
2026-05-01,2026-04-25,"P1D","fcre",NA,"ensemble",19,"ChlorophyllMaximum_depth_sample",2.26151722600552,"fDCMdepth_mp","vera4cast"
2026-05-01,2026-04-25,"P1D","fcre",NA,"ensemble",50,"ChlorophyllMaximum_depth_sample",2.23460727770658,"fDCMdepth_mp","vera4cast"
2026-05-01,2026-04-25,"P1D","fcre",NA,"ensemble",81,"ChlorophyllMaximum_depth_sample",2.87694001033542,"fDCMdepth_mp","vera4cast"
2026-05-01,2026-04-25,"P1D","fcre",NA,"ensemble",112,"ChlorophyllMaximum_depth_sample",1.89637558678224,"fDCMdepth_mp","vera4cast"
2026-05-01,2026-04-25,"P1D","fcre",NA,"ensemble",143,"ChlorophyllMaximum_depth_sample",0.958481689629214,"fDCMdepth_mp","vera4cast"
2026-05-02,2026-04-25,"P1D","fcre",NA,"ensemble",19,"ChlorophyllMaximum_depth_sample",6.55162497754999,"fDCMdepth_mp","vera4cast"
2026-05-02,2026-04-25,"P1D","fcre",NA,"ensemble",50,"ChlorophyllMaximum_depth_sample",4.34435695304506,"fDCMdepth_mp","vera4cast"
2026-05-02,2026-04-25,"P1D","fcre",NA,"ensemble",81,"ChlorophyllMaximum_depth_sample",3.12970489724503,"fDCMdepth_mp","vera4cast"
2026-05-02,2026-04-25,"P1D","fcre",NA,"ensemble",112,"ChlorophyllMaximum_depth_sample",5.12767676801144,"fDCMdepth_mp","vera4cast"
2026-05-02,2026-04-25,"P1D","fcre",NA,"ensemble",143,"ChlorophyllMaximum_depth_sample",3.73483162192204,"fDCMdepth_mp","vera4cast"
2026-05-03,2026-04-25,"P1D","fcre",NA,"ensemble",19,"ChlorophyllMaximum_depth_sample",4.04918935246493,"fDCMdepth_mp","vera4cast"
2026-05-03,2026-04-25,"P1D","fcre",NA,"ensemble",50,"ChlorophyllMaximum_depth_sample",2.91908083820172,"fDCMdepth_mp","vera4cast"
2026-05-03,2026-04-25,"P1D","fcre",NA,"ensemble",81,"ChlorophyllMaximum_depth_sample",2.87029101396231,"fDCMdepth_mp","vera4cast"
2026-05-03,2026-04-25,"P1D","fcre",NA,"ensemble",112,"ChlorophyllMaximum_depth_sample",2.10352497596852,"fDCMdepth_mp","vera4cast"
2026-05-03,2026-04-25,"P1D","fcre",NA,"ensemble",143,"ChlorophyllMaximum_depth_sample",4.55093125408678,"fDCMdepth_mp","vera4cast"
2026-05-04,2026-04-25,"P1D","fcre",NA,"ensemble",19,"ChlorophyllMaximum_depth_sample",3.18632403405963,"fDCMdepth_mp","vera4cast"
2026-05-04,2026-04-25,"P1D","fcre",NA,"ensemble",50,"ChlorophyllMaximum_depth_sample",3.33366750814046,"fDCMdepth_mp","vera4cast"
2026-05-04,2026-04-25,"P1D","fcre",NA,"ensemble",81,"ChlorophyllMaximum_depth_sample",0.805786871111369,"fDCMdepth_mp","vera4cast"
2026-05-04,2026-04-25,"P1D","fcre",NA,"ensemble",112,"ChlorophyllMaximum_depth_sample",1.35410649474947,"fDCMdepth_mp","vera4cast"
2026-05-04,2026-04-25,"P1D","fcre",NA,"ensemble",143,"ChlorophyllMaximum_depth_sample",2.54483089042071,"fDCMdepth_mp","vera4cast"
2026-05-05,2026-04-25,"P1D","fcre",NA,"ensemble",19,"ChlorophyllMaximum_depth_sample",7.25558731542935,"fDCMdepth_mp","vera4cast"
2026-05-05,2026-04-25,"P1D","fcre",NA,"ensemble",50,"ChlorophyllMaximum_depth_sample",1.46115791986704,"fDCMdepth_mp","vera4cast"
2026-05-05,2026-04-25,"P1D","fcre",NA,"ensemble",81,"ChlorophyllMaximum_depth_sample",2.69155537996341,"fDCMdepth_mp","vera4cast"
2026-05-05,2026-04-25,"P1D","fcre",NA,"ensemble",112,"ChlorophyllMaximum_depth_sample",3.56328529450179,"fDCMdepth_mp","vera4cast"
2026-05-05,2026-04-25,"P1D","fcre",NA,"ensemble",143,"ChlorophyllMaximum_depth_sample",5.85335283926552,"fDCMdepth_mp","vera4cast"
2026-05-06,2026-04-25,"P1D","fcre",NA,"ensemble",19,"ChlorophyllMaximum_depth_sample",3.26680426117604,"fDCMdepth_mp","vera4cast"
2026-05-06,2026-04-25,"P1D","fcre",NA,"ensemble",50,"ChlorophyllMaximum_depth_sample",4.86610600208624,"fDCMdepth_mp","vera4cast"
2026-05-06,2026-04-25,"P1D","fcre",NA,"ensemble",81,"ChlorophyllMaximum_depth_sample",1.66706113968723,"fDCMdepth_mp","vera4cast"
2026-05-06,2026-04-25,"P1D","fcre",NA,"ensemble",112,"ChlorophyllMaximum_depth_sample",3.94367589501752,"fDCMdepth_mp","vera4cast"
2026-05-06,2026-04-25,"P1D","fcre",NA,"ensemble",143,"ChlorophyllMaximum_depth_sample",3.91774252527426,"fDCMdepth_mp","vera4cast"
2026-05-07,2026-04-25,"P1D","fcre",NA,"ensemble",19,"ChlorophyllMaximum_depth_sample",6.15325091265409,"fDCMdepth_mp","vera4cast"
2026-05-07,2026-04-25,"P1D","fcre",NA,"ensemble",50,"ChlorophyllMaximum_depth_sample",3.65280663148536,"fDCMdepth_mp","vera4cast"
2026-05-07,2026-04-25,"P1D","fcre",NA,"ensemble",81,"ChlorophyllMaximum_depth_sample",0.615100794987135,"fDCMdepth_mp","vera4cast"
2026-05-07,2026-04-25,"P1D","fcre",NA,"ensemble",112,"ChlorophyllMaximum_depth_sample",-1.18251516317033,"fDCMdepth_mp","vera4cast"
2026-05-07,2026-04-25,"P1D","fcre",NA,"ensemble",143,"ChlorophyllMaximum_depth_sample",3.73469357004167,"fDCMdepth_mp","vera4cast"
2026-05-08,2026-04-25,"P1D","fcre",NA,"ensemble",19,"ChlorophyllMaximum_depth_sample",4.54289286477114,"fDCMdepth_mp","vera4cast"
2026-05-08,2026-04-25,"P1D","fcre",NA,"ensemble",50,"ChlorophyllMaximum_depth_sample",4.21350175073265,"fDCMdepth_mp","vera4cast"
2026-05-08,2026-04-25,"P1D","fcre",NA,"ensemble",81,"ChlorophyllMaximum_depth_sample",3.14056053323616,"fDCMdepth_mp","vera4cast"
2026-05-08,2026-04-25,"P1D","fcre",NA,"ensemble",112,"ChlorophyllMaximum_depth_sample",3.37381692077099,"fDCMdepth_mp","vera4cast"
2026-05-08,2026-04-25,"P1D","fcre",NA,"ensemble",143,"ChlorophyllMaximum_depth_sample",2.32013559474839,"fDCMdepth_mp","vera4cast"
2026-05-09,2026-04-25,"P1D","fcre",NA,"ensemble",19,"ChlorophyllMaximum_depth_sample",1.26061686523121,"fDCMdepth_mp","vera4cast"
2026-05-09,2026-04-25,"P1D","fcre",NA,"ensemble",50,"ChlorophyllMaximum_depth_sample",3.01332200043827,"fDCMdepth_mp","vera4cast"
2026-05-09,2026-04-25,"P1D","fcre",NA,"ensemble",81,"ChlorophyllMaximum_depth_sample",3.14526811642506,"fDCMdepth_mp","vera4cast"
2026-05-09,2026-04-25,"P1D","fcre",NA,"ensemble",112,"ChlorophyllMaximum_depth_sample",3.3039922606012,"fDCMdepth_mp","vera4cast"
2026-05-09,2026-04-25,"P1D","fcre",NA,"ensemble",143,"ChlorophyllMaximum_depth_sample",3.11551239896042,"fDCMdepth_mp","vera4cast"
2026-05-10,2026-04-25,"P1D","fcre",NA,"ensemble",19,"ChlorophyllMaximum_depth_sample",0.38891527785918,"fDCMdepth_mp","vera4cast"
2026-05-10,2026-04-25,"P1D","fcre",NA,"ensemble",50,"ChlorophyllMaximum_depth_sample",3.88719679709926,"fDCMdepth_mp","vera4cast"
2026-05-10,2026-04-25,"P1D","fcre",NA,"ensemble",81,"ChlorophyllMaximum_depth_sample",4.37864464539363,"fDCMdepth_mp","vera4cast"
2026-05-10,2026-04-25,"P1D","fcre",NA,"ensemble",112,"ChlorophyllMaximum_depth_sample",3.65132837307144,"fDCMdepth_mp","vera4cast"
2026-05-10,2026-04-25,"P1D","fcre",NA,"ensemble",143,"ChlorophyllMaximum_depth_sample",3.23814802104416,"fDCMdepth_mp","vera4cast"
2026-05-11,2026-04-25,"P1D","fcre",NA,"ensemble",19,"ChlorophyllMaximum_depth_sample",2.33811388695145,"fDCMdepth_mp","vera4cast"
2026-05-11,2026-04-25,"P1D","fcre",NA,"ensemble",50,"ChlorophyllMaximum_depth_sample",3.80080221214827,"fDCMdepth_mp","vera4cast"
2026-05-11,2026-04-25,"P1D","fcre",NA,"ensemble",81,"ChlorophyllMaximum_depth_sample",5.50201062001367,"fDCMdepth_mp","vera4cast"
2026-05-11,2026-04-25,"P1D","fcre",NA,"ensemble",112,"ChlorophyllMaximum_depth_sample",4.1847880855055,"fDCMdepth_mp","vera4cast"
2026-05-11,2026-04-25,"P1D","fcre",NA,"ensemble",143,"ChlorophyllMaximum_depth_sample",1.08863628093597,"fDCMdepth_mp","vera4cast"
2026-05-12,2026-04-25,"P1D","fcre",NA,"ensemble",19,"ChlorophyllMaximum_depth_sample",2.51061903784606,"fDCMdepth_mp","vera4cast"
2026-05-12,2026-04-25,"P1D","fcre",NA,"ensemble",50,"ChlorophyllMaximum_depth_sample",4.77445615719785,"fDCMdepth_mp","vera4cast"
2026-05-12,2026-04-25,"P1D","fcre",NA,"ensemble",81,"ChlorophyllMaximum_depth_sample",0.276492254348142,"fDCMdepth_mp","vera4cast"
2026-05-12,2026-04-25,"P1D","fcre",NA,"ensemble",112,"ChlorophyllMaximum_depth_sample",2.96926840656032,"fDCMdepth_mp","vera4cast"
2026-05-12,2026-04-25,"P1D","fcre",NA,"ensemble",143,"ChlorophyllMaximum_depth_sample",1.52573954863993,"fDCMdepth_mp","vera4cast"
2026-05-13,2026-04-25,"P1D","fcre",NA,"ensemble",19,"ChlorophyllMaximum_depth_sample",4.62563804515872,"fDCMdepth_mp","vera4cast"
2026-05-13,2026-04-25,"P1D","fcre",NA,"ensemble",50,"ChlorophyllMaximum_depth_sample",3.01774549279398,"fDCMdepth_mp","vera4cast"
2026-05-13,2026-04-25,"P1D","fcre",NA,"ensemble",81,"ChlorophyllMaximum_depth_sample",3.50510703403764,"fDCMdepth_mp","vera4cast"
2026-05-13,2026-04-25,"P1D","fcre",NA,"ensemble",112,"ChlorophyllMaximum_depth_sample",2.68490873275716,"fDCMdepth_mp","vera4cast"
2026-05-13,2026-04-25,"P1D","fcre",NA,"ensemble",143,"ChlorophyllMaximum_depth_sample",5.71503486676715,"fDCMdepth_mp","vera4cast"
2026-05-14,2026-04-25,"P1D","fcre",NA,"ensemble",19,"ChlorophyllMaximum_depth_sample",1.89364706644721,"fDCMdepth_mp","vera4cast"
2026-05-14,2026-04-25,"P1D","fcre",NA,"ensemble",50,"ChlorophyllMaximum_depth_sample",0.764456571676071,"fDCMdepth_mp","vera4cast"
2026-05-14,2026-04-25,"P1D","fcre",NA,"ensemble",81,"ChlorophyllMaximum_depth_sample",2.50481381513993,"fDCMdepth_mp","vera4cast"
2026-05-14,2026-04-25,"P1D","fcre",NA,"ensemble",112,"ChlorophyllMaximum_depth_sample",1.52684567730341,"fDCMdepth_mp","vera4cast"
2026-05-14,2026-04-25,"P1D","fcre",NA,"ensemble",143,"ChlorophyllMaximum_depth_sample",2.65581685871689,"fDCMdepth_mp","vera4cast"
2026-05-15,2026-04-25,"P1D","fcre",NA,"ensemble",19,"ChlorophyllMaximum_depth_sample",3.86472194850569,"fDCMdepth_mp","vera4cast"
2026-05-15,2026-04-25,"P1D","fcre",NA,"ensemble",50,"ChlorophyllMaximum_depth_sample",4.21920828990238,"fDCMdepth_mp","vera4cast"
2026-05-15,2026-04-25,"P1D","fcre",NA,"ensemble",81,"ChlorophyllMaximum_depth_sample",4.26606238215876,"fDCMdepth_mp","vera4cast"
2026-05-15,2026-04-25,"P1D","fcre",NA,"ensemble",112,"ChlorophyllMaximum_depth_sample",4.85331679749212,"fDCMdepth_mp","vera4cast"
2026-05-15,2026-04-25,"P1D","fcre",NA,"ensemble",143,"ChlorophyllMaximum_depth_sample",1.77065637440417,"fDCMdepth_mp","vera4cast"
2026-05-16,2026-04-25,"P1D","fcre",NA,"ensemble",19,"ChlorophyllMaximum_depth_sample",4.05236185219034,"fDCMdepth_mp","vera4cast"
2026-05-16,2026-04-25,"P1D","fcre",NA,"ensemble",50,"ChlorophyllMaximum_depth_sample",4.09065382551543,"fDCMdepth_mp","vera4cast"
2026-05-16,2026-04-25,"P1D","fcre",NA,"ensemble",81,"ChlorophyllMaximum_depth_sample",3.729113009168,"fDCMdepth_mp","vera4cast"
2026-05-16,2026-04-25,"P1D","fcre",NA,"ensemble",112,"ChlorophyllMaximum_depth_sample",3.49055645596109,"fDCMdepth_mp","vera4cast"
2026-05-16,2026-04-25,"P1D","fcre",NA,"ensemble",143,"ChlorophyllMaximum_depth_sample",2.41724962796962,"fDCMdepth_mp","vera4cast"
2026-05-17,2026-04-25,"P1D","fcre",NA,"ensemble",19,"ChlorophyllMaximum_depth_sample",4.15316088736689,"fDCMdepth_mp","vera4cast"
2026-05-17,2026-04-25,"P1D","fcre",NA,"ensemble",50,"ChlorophyllMaximum_depth_sample",2.04634402412883,"fDCMdepth_mp","vera4cast"
2026-05-17,2026-04-25,"P1D","fcre",NA,"ensemble",81,"ChlorophyllMaximum_depth_sample",3.9394389845413,"fDCMdepth_mp","vera4cast"
2026-05-17,2026-04-25,"P1D","fcre",NA,"ensemble",112,"ChlorophyllMaximum_depth_sample",0.021836866637746,"fDCMdepth_mp","vera4cast"
2026-05-17,2026-04-25,"P1D","fcre",NA,"ensemble",143,"ChlorophyllMaximum_depth_sample",2.77139517238912,"fDCMdepth_mp","vera4cast"
2026-05-18,2026-04-25,"P1D","fcre",NA,"ensemble",19,"ChlorophyllMaximum_depth_sample",3.19427029005729,"fDCMdepth_mp","vera4cast"
2026-05-18,2026-04-25,"P1D","fcre",NA,"ensemble",50,"ChlorophyllMaximum_depth_sample",4.51920654764071,"fDCMdepth_mp","vera4cast"
2026-05-18,2026-04-25,"P1D","fcre",NA,"ensemble",81,"ChlorophyllMaximum_depth_sample",3.20269840101598,"fDCMdepth_mp","vera4cast"
2026-05-18,2026-04-25,"P1D","fcre",NA,"ensemble",112,"ChlorophyllMaximum_depth_sample",2.11187885329711,"fDCMdepth_mp","vera4cast"
2026-05-18,2026-04-25,"P1D","fcre",NA,"ensemble",143,"ChlorophyllMaximum_depth_sample",2.51108278333532,"fDCMdepth_mp","vera4cast"
2026-05-19,2026-04-25,"P1D","fcre",NA,"ensemble",19,"ChlorophyllMaximum_depth_sample",0.231535201219686,"fDCMdepth_mp","vera4cast"
2026-05-19,2026-04-25,"P1D","fcre",NA,"ensemble",50,"ChlorophyllMaximum_depth_sample",4.49922016690628,"fDCMdepth_mp","vera4cast"
2026-05-19,2026-04-25,"P1D","fcre",NA,"ensemble",81,"ChlorophyllMaximum_depth_sample",4.16427778655675,"fDCMdepth_mp","vera4cast"
2026-05-19,2026-04-25,"P1D","fcre",NA,"ensemble",112,"ChlorophyllMaximum_depth_sample",2.68838150209402,"fDCMdepth_mp","vera4cast"
2026-05-19,2026-04-25,"P1D","fcre",NA,"ensemble",143,"ChlorophyllMaximum_depth_sample",3.88899650505758,"fDCMdepth_mp","vera4cast"
2026-05-20,2026-04-25,"P1D","fcre",NA,"ensemble",19,"ChlorophyllMaximum_depth_sample",1.93573772526774,"fDCMdepth_mp","vera4cast"
2026-05-20,2026-04-25,"P1D","fcre",NA,"ensemble",50,"ChlorophyllMaximum_depth_sample",3.07452443293115,"fDCMdepth_mp","vera4cast"
2026-05-20,2026-04-25,"P1D","fcre",NA,"ensemble",81,"ChlorophyllMaximum_depth_sample",3.0937166386738,"fDCMdepth_mp","vera4cast"
2026-05-20,2026-04-25,"P1D","fcre",NA,"ensemble",112,"ChlorophyllMaximum_depth_sample",3.95071708764029,"fDCMdepth_mp","vera4cast"
2026-05-20,2026-04-25,"P1D","fcre",NA,"ensemble",143,"ChlorophyllMaximum_depth_sample",2.88068854719266,"fDCMdepth_mp","vera4cast"
2026-05-21,2026-04-25,"P1D","fcre",NA,"ensemble",19,"ChlorophyllMaximum_depth_sample",4.24573331787737,"fDCMdepth_mp","vera4cast"
2026-05-21,2026-04-25,"P1D","fcre",NA,"ensemble",50,"ChlorophyllMaximum_depth_sample",0.584884276607444,"fDCMdepth_mp","vera4cast"
2026-05-21,2026-04-25,"P1D","fcre",NA,"ensemble",81,"ChlorophyllMaximum_depth_sample",3.38360506270184,"fDCMdepth_mp","vera4cast"
2026-05-21,2026-04-25,"P1D","fcre",NA,"ensemble",112,"ChlorophyllMaximum_depth_sample",6.06787471063024,"fDCMdepth_mp","vera4cast"
2026-05-21,2026-04-25,"P1D","fcre",NA,"ensemble",143,"ChlorophyllMaximum_depth_sample",4.89318396232232,"fDCMdepth_mp","vera4cast"
2026-05-22,2026-04-25,"P1D","fcre",NA,"ensemble",19,"ChlorophyllMaximum_depth_sample",1.74972514869557,"fDCMdepth_mp","vera4cast"
2026-05-22,2026-04-25,"P1D","fcre",NA,"ensemble",50,"ChlorophyllMaximum_depth_sample",2.26350543856789,"fDCMdepth_mp","vera4cast"
2026-05-22,2026-04-25,"P1D","fcre",NA,"ensemble",81,"ChlorophyllMaximum_depth_sample",5.53209159937116,"fDCMdepth_mp","vera4cast"
2026-05-22,2026-04-25,"P1D","fcre",NA,"ensemble",112,"ChlorophyllMaximum_depth_sample",3.06619197842989,"fDCMdepth_mp","vera4cast"
2026-05-22,2026-04-25,"P1D","fcre",NA,"ensemble",143,"ChlorophyllMaximum_depth_sample",2.03529309600111,"fDCMdepth_mp","vera4cast"
2026-05-23,2026-04-25,"P1D","fcre",NA,"ensemble",19,"ChlorophyllMaximum_depth_sample",4.56563034379405,"fDCMdepth_mp","vera4cast"
2026-05-23,2026-04-25,"P1D","fcre",NA,"ensemble",50,"ChlorophyllMaximum_depth_sample",2.2054812759435,"fDCMdepth_mp","vera4cast"
2026-05-23,2026-04-25,"P1D","fcre",NA,"ensemble",81,"ChlorophyllMaximum_depth_sample",2.48600538415332,"fDCMdepth_mp","vera4cast"
2026-05-23,2026-04-25,"P1D","fcre",NA,"ensemble",112,"ChlorophyllMaximum_depth_sample",4.66408945499159,"fDCMdepth_mp","vera4cast"
2026-05-23,2026-04-25,"P1D","fcre",NA,"ensemble",143,"ChlorophyllMaximum_depth_sample",2.96080134579838,"fDCMdepth_mp","vera4cast"
2026-05-24,2026-04-25,"P1D","fcre",NA,"ensemble",19,"ChlorophyllMaximum_depth_sample",2.30392590448906,"fDCMdepth_mp","vera4cast"
2026-05-24,2026-04-25,"P1D","fcre",NA,"ensemble",50,"ChlorophyllMaximum_depth_sample",1.90086475947759,"fDCMdepth_mp","vera4cast"
2026-05-24,2026-04-25,"P1D","fcre",NA,"ensemble",81,"ChlorophyllMaximum_depth_sample",2.39994233625792,"fDCMdepth_mp","vera4cast"
2026-05-24,2026-04-25,"P1D","fcre",NA,"ensemble",112,"ChlorophyllMaximum_depth_sample",2.87163763671667,"fDCMdepth_mp","vera4cast"
2026-05-24,2026-04-25,"P1D","fcre",NA,"ensemble",143,"ChlorophyllMaximum_depth_sample",1.43326703635653,"fDCMdepth_mp","vera4cast"
2026-05-25,2026-04-25,"P1D","fcre",NA,"ensemble",19,"ChlorophyllMaximum_depth_sample",3.78598768717677,"fDCMdepth_mp","vera4cast"
2026-05-25,2026-04-25,"P1D","fcre",NA,"ensemble",50,"ChlorophyllMaximum_depth_sample",3.68979309743846,"fDCMdepth_mp","vera4cast"
2026-05-25,2026-04-25,"P1D","fcre",NA,"ensemble",81,"ChlorophyllMaximum_depth_sample",6.18278174820207,"fDCMdepth_mp","vera4cast"
2026-05-25,2026-04-25,"P1D","fcre",NA,"ensemble",112,"ChlorophyllMaximum_depth_sample",1.32992689005108,"fDCMdepth_mp","vera4cast"
2026-05-25,2026-04-25,"P1D","fcre",NA,"ensemble",143,"ChlorophyllMaximum_depth_sample",3.18611106784345,"fDCMdepth_mp","vera4cast"
2026-05-26,2026-04-25,"P1D","fcre",NA,"ensemble",19,"ChlorophyllMaximum_depth_sample",4.76900658691803,"fDCMdepth_mp","vera4cast"
2026-05-26,2026-04-25,"P1D","fcre",NA,"ensemble",50,"ChlorophyllMaximum_depth_sample",3.1656952592627,"fDCMdepth_mp","vera4cast"
2026-05-26,2026-04-25,"P1D","fcre",NA,"ensemble",81,"ChlorophyllMaximum_depth_sample",2.75739482024382,"fDCMdepth_mp","vera4cast"
2026-05-26,2026-04-25,"P1D","fcre",NA,"ensemble",112,"ChlorophyllMaximum_depth_sample",2.67993579757949,"fDCMdepth_mp","vera4cast"
2026-05-26,2026-04-25,"P1D","fcre",NA,"ensemble",143,"ChlorophyllMaximum_depth_sample",5.16119116819696,"fDCMdepth_mp","vera4cast"
2026-05-27,2026-04-25,"P1D","fcre",NA,"ensemble",19,"ChlorophyllMaximum_depth_sample",1.62613034840969,"fDCMdepth_mp","vera4cast"
2026-05-27,2026-04-25,"P1D","fcre",NA,"ensemble",50,"ChlorophyllMaximum_depth_sample",3.03480274147274,"fDCMdepth_mp","vera4cast"
2026-05-27,2026-04-25,"P1D","fcre",NA,"ensemble",81,"ChlorophyllMaximum_depth_sample",2.4553013821638,"fDCMdepth_mp","vera4cast"
2026-05-27,2026-04-25,"P1D","fcre",NA,"ensemble",112,"ChlorophyllMaximum_depth_sample",3.09363769320571,"fDCMdepth_mp","vera4cast"
2026-05-27,2026-04-25,"P1D","fcre",NA,"ensemble",143,"ChlorophyllMaximum_depth_sample",3.69010069499654,"fDCMdepth_mp","vera4cast"
2026-05-28,2026-04-25,"P1D","fcre",NA,"ensemble",19,"ChlorophyllMaximum_depth_sample",3.93168747354213,"fDCMdepth_mp","vera4cast"
2026-05-28,2026-04-25,"P1D","fcre",NA,"ensemble",50,"ChlorophyllMaximum_depth_sample",4.85449988192684,"fDCMdepth_mp","vera4cast"
2026-05-28,2026-04-25,"P1D","fcre",NA,"ensemble",81,"ChlorophyllMaximum_depth_sample",4.13361824084945,"fDCMdepth_mp","vera4cast"
2026-05-28,2026-04-25,"P1D","fcre",NA,"ensemble",112,"ChlorophyllMaximum_depth_sample",2.40911641340064,"fDCMdepth_mp","vera4cast"
2026-05-28,2026-04-25,"P1D","fcre",NA,"ensemble",143,"ChlorophyllMaximum_depth_sample",6.12196237267479,"fDCMdepth_mp","vera4cast"
2026-05-29,2026-04-25,"P1D","fcre",NA,"ensemble",19,"ChlorophyllMaximum_depth_sample",2.84043151111069,"fDCMdepth_mp","vera4cast"
2026-05-29,2026-04-25,"P1D","fcre",NA,"ensemble",50,"ChlorophyllMaximum_depth_sample",3.25492418459976,"fDCMdepth_mp","vera4cast"
2026-05-29,2026-04-25,"P1D","fcre",NA,"ensemble",81,"ChlorophyllMaximum_depth_sample",1.08008508028373,"fDCMdepth_mp","vera4cast"
2026-05-29,2026-04-25,"P1D","fcre",NA,"ensemble",112,"ChlorophyllMaximum_depth_sample",4.79883261171654,"fDCMdepth_mp","vera4cast"
2026-05-29,2026-04-25,"P1D","fcre",NA,"ensemble",143,"ChlorophyllMaximum_depth_sample",3.55400933177899,"fDCMdepth_mp","vera4cast"
2026-04-26,2026-04-25,"P1D","fcre",NA,"ensemble",20,"ChlorophyllMaximum_depth_sample",2.67594672853422,"fDCMdepth_mp","vera4cast"
2026-04-26,2026-04-25,"P1D","fcre",NA,"ensemble",51,"ChlorophyllMaximum_depth_sample",3.72960299593383,"fDCMdepth_mp","vera4cast"
2026-04-26,2026-04-25,"P1D","fcre",NA,"ensemble",82,"ChlorophyllMaximum_depth_sample",3.72938209946102,"fDCMdepth_mp","vera4cast"
2026-04-26,2026-04-25,"P1D","fcre",NA,"ensemble",113,"ChlorophyllMaximum_depth_sample",3.5116567832911,"fDCMdepth_mp","vera4cast"
2026-04-26,2026-04-25,"P1D","fcre",NA,"ensemble",144,"ChlorophyllMaximum_depth_sample",2.70100980683646,"fDCMdepth_mp","vera4cast"
2026-04-27,2026-04-25,"P1D","fcre",NA,"ensemble",20,"ChlorophyllMaximum_depth_sample",2.89904350962792,"fDCMdepth_mp","vera4cast"
2026-04-27,2026-04-25,"P1D","fcre",NA,"ensemble",51,"ChlorophyllMaximum_depth_sample",5.21232171998936,"fDCMdepth_mp","vera4cast"
2026-04-27,2026-04-25,"P1D","fcre",NA,"ensemble",82,"ChlorophyllMaximum_depth_sample",5.29878461432646,"fDCMdepth_mp","vera4cast"
2026-04-27,2026-04-25,"P1D","fcre",NA,"ensemble",113,"ChlorophyllMaximum_depth_sample",4.65500864405251,"fDCMdepth_mp","vera4cast"
2026-04-27,2026-04-25,"P1D","fcre",NA,"ensemble",144,"ChlorophyllMaximum_depth_sample",0.523782315970108,"fDCMdepth_mp","vera4cast"
2026-04-28,2026-04-25,"P1D","fcre",NA,"ensemble",20,"ChlorophyllMaximum_depth_sample",3.13534299782413,"fDCMdepth_mp","vera4cast"
2026-04-28,2026-04-25,"P1D","fcre",NA,"ensemble",51,"ChlorophyllMaximum_depth_sample",2.38512412592185,"fDCMdepth_mp","vera4cast"
2026-04-28,2026-04-25,"P1D","fcre",NA,"ensemble",82,"ChlorophyllMaximum_depth_sample",3.88255921977117,"fDCMdepth_mp","vera4cast"
2026-04-28,2026-04-25,"P1D","fcre",NA,"ensemble",113,"ChlorophyllMaximum_depth_sample",0.161307305932981,"fDCMdepth_mp","vera4cast"
2026-04-28,2026-04-25,"P1D","fcre",NA,"ensemble",144,"ChlorophyllMaximum_depth_sample",4.18118457777943,"fDCMdepth_mp","vera4cast"
2026-04-29,2026-04-25,"P1D","fcre",NA,"ensemble",20,"ChlorophyllMaximum_depth_sample",2.77951379061981,"fDCMdepth_mp","vera4cast"
2026-04-29,2026-04-25,"P1D","fcre",NA,"ensemble",51,"ChlorophyllMaximum_depth_sample",2.65486103746993,"fDCMdepth_mp","vera4cast"
2026-04-29,2026-04-25,"P1D","fcre",NA,"ensemble",82,"ChlorophyllMaximum_depth_sample",4.15123174327726,"fDCMdepth_mp","vera4cast"
2026-04-29,2026-04-25,"P1D","fcre",NA,"ensemble",113,"ChlorophyllMaximum_depth_sample",2.74097341997352,"fDCMdepth_mp","vera4cast"
2026-04-29,2026-04-25,"P1D","fcre",NA,"ensemble",144,"ChlorophyllMaximum_depth_sample",3.62952706128602,"fDCMdepth_mp","vera4cast"
2026-04-30,2026-04-25,"P1D","fcre",NA,"ensemble",20,"ChlorophyllMaximum_depth_sample",6.08531694637127,"fDCMdepth_mp","vera4cast"
2026-04-30,2026-04-25,"P1D","fcre",NA,"ensemble",51,"ChlorophyllMaximum_depth_sample",3.38452168413678,"fDCMdepth_mp","vera4cast"
2026-04-30,2026-04-25,"P1D","fcre",NA,"ensemble",82,"ChlorophyllMaximum_depth_sample",4.47527768402766,"fDCMdepth_mp","vera4cast"
2026-04-30,2026-04-25,"P1D","fcre",NA,"ensemble",113,"ChlorophyllMaximum_depth_sample",2.90518077316421,"fDCMdepth_mp","vera4cast"
2026-04-30,2026-04-25,"P1D","fcre",NA,"ensemble",144,"ChlorophyllMaximum_depth_sample",3.77624458336022,"fDCMdepth_mp","vera4cast"
2026-05-01,2026-04-25,"P1D","fcre",NA,"ensemble",20,"ChlorophyllMaximum_depth_sample",0.139405811156749,"fDCMdepth_mp","vera4cast"
2026-05-01,2026-04-25,"P1D","fcre",NA,"ensemble",51,"ChlorophyllMaximum_depth_sample",3.55797902169662,"fDCMdepth_mp","vera4cast"
2026-05-01,2026-04-25,"P1D","fcre",NA,"ensemble",82,"ChlorophyllMaximum_depth_sample",3.12250125776143,"fDCMdepth_mp","vera4cast"
2026-05-01,2026-04-25,"P1D","fcre",NA,"ensemble",113,"ChlorophyllMaximum_depth_sample",2.76955543673752,"fDCMdepth_mp","vera4cast"
2026-05-01,2026-04-25,"P1D","fcre",NA,"ensemble",144,"ChlorophyllMaximum_depth_sample",7.27857737152947,"fDCMdepth_mp","vera4cast"
2026-05-02,2026-04-25,"P1D","fcre",NA,"ensemble",20,"ChlorophyllMaximum_depth_sample",2.89019896563511,"fDCMdepth_mp","vera4cast"
2026-05-02,2026-04-25,"P1D","fcre",NA,"ensemble",51,"ChlorophyllMaximum_depth_sample",1.93649808903583,"fDCMdepth_mp","vera4cast"
2026-05-02,2026-04-25,"P1D","fcre",NA,"ensemble",82,"ChlorophyllMaximum_depth_sample",2.05041132139447,"fDCMdepth_mp","vera4cast"
2026-05-02,2026-04-25,"P1D","fcre",NA,"ensemble",113,"ChlorophyllMaximum_depth_sample",3.17582331925593,"fDCMdepth_mp","vera4cast"
2026-05-02,2026-04-25,"P1D","fcre",NA,"ensemble",144,"ChlorophyllMaximum_depth_sample",3.57708052833634,"fDCMdepth_mp","vera4cast"
2026-05-03,2026-04-25,"P1D","fcre",NA,"ensemble",20,"ChlorophyllMaximum_depth_sample",2.3069254306055,"fDCMdepth_mp","vera4cast"
2026-05-03,2026-04-25,"P1D","fcre",NA,"ensemble",51,"ChlorophyllMaximum_depth_sample",0.881575230277871,"fDCMdepth_mp","vera4cast"
2026-05-03,2026-04-25,"P1D","fcre",NA,"ensemble",82,"ChlorophyllMaximum_depth_sample",2.49576907589883,"fDCMdepth_mp","vera4cast"
2026-05-03,2026-04-25,"P1D","fcre",NA,"ensemble",113,"ChlorophyllMaximum_depth_sample",0.635682627481371,"fDCMdepth_mp","vera4cast"
2026-05-03,2026-04-25,"P1D","fcre",NA,"ensemble",144,"ChlorophyllMaximum_depth_sample",1.70366340753225,"fDCMdepth_mp","vera4cast"
2026-05-04,2026-04-25,"P1D","fcre",NA,"ensemble",20,"ChlorophyllMaximum_depth_sample",4.37317541217132,"fDCMdepth_mp","vera4cast"
2026-05-04,2026-04-25,"P1D","fcre",NA,"ensemble",51,"ChlorophyllMaximum_depth_sample",4.00226957456301,"fDCMdepth_mp","vera4cast"
2026-05-04,2026-04-25,"P1D","fcre",NA,"ensemble",82,"ChlorophyllMaximum_depth_sample",6.0252181702484,"fDCMdepth_mp","vera4cast"
2026-05-04,2026-04-25,"P1D","fcre",NA,"ensemble",113,"ChlorophyllMaximum_depth_sample",4.44949916247061,"fDCMdepth_mp","vera4cast"
2026-05-04,2026-04-25,"P1D","fcre",NA,"ensemble",144,"ChlorophyllMaximum_depth_sample",5.54086564922408,"fDCMdepth_mp","vera4cast"
2026-05-05,2026-04-25,"P1D","fcre",NA,"ensemble",20,"ChlorophyllMaximum_depth_sample",4.65760205953331,"fDCMdepth_mp","vera4cast"
2026-05-05,2026-04-25,"P1D","fcre",NA,"ensemble",51,"ChlorophyllMaximum_depth_sample",2.83352089778234,"fDCMdepth_mp","vera4cast"
2026-05-05,2026-04-25,"P1D","fcre",NA,"ensemble",82,"ChlorophyllMaximum_depth_sample",5.54650639440138,"fDCMdepth_mp","vera4cast"
2026-05-05,2026-04-25,"P1D","fcre",NA,"ensemble",113,"ChlorophyllMaximum_depth_sample",3.70000603321804,"fDCMdepth_mp","vera4cast"
2026-05-05,2026-04-25,"P1D","fcre",NA,"ensemble",144,"ChlorophyllMaximum_depth_sample",1.9380149893891,"fDCMdepth_mp","vera4cast"
2026-05-06,2026-04-25,"P1D","fcre",NA,"ensemble",20,"ChlorophyllMaximum_depth_sample",4.06779339778035,"fDCMdepth_mp","vera4cast"
2026-05-06,2026-04-25,"P1D","fcre",NA,"ensemble",51,"ChlorophyllMaximum_depth_sample",3.22303306517512,"fDCMdepth_mp","vera4cast"
2026-05-06,2026-04-25,"P1D","fcre",NA,"ensemble",82,"ChlorophyllMaximum_depth_sample",2.55129054295682,"fDCMdepth_mp","vera4cast"
2026-05-06,2026-04-25,"P1D","fcre",NA,"ensemble",113,"ChlorophyllMaximum_depth_sample",5.04289724405724,"fDCMdepth_mp","vera4cast"
2026-05-06,2026-04-25,"P1D","fcre",NA,"ensemble",144,"ChlorophyllMaximum_depth_sample",3.03136776354457,"fDCMdepth_mp","vera4cast"
2026-05-07,2026-04-25,"P1D","fcre",NA,"ensemble",20,"ChlorophyllMaximum_depth_sample",1.50108477114496,"fDCMdepth_mp","vera4cast"
2026-05-07,2026-04-25,"P1D","fcre",NA,"ensemble",51,"ChlorophyllMaximum_depth_sample",4.23352034669159,"fDCMdepth_mp","vera4cast"
2026-05-07,2026-04-25,"P1D","fcre",NA,"ensemble",82,"ChlorophyllMaximum_depth_sample",0.860804203622904,"fDCMdepth_mp","vera4cast"
2026-05-07,2026-04-25,"P1D","fcre",NA,"ensemble",113,"ChlorophyllMaximum_depth_sample",4.24211305863207,"fDCMdepth_mp","vera4cast"
2026-05-07,2026-04-25,"P1D","fcre",NA,"ensemble",144,"ChlorophyllMaximum_depth_sample",2.83842257664865,"fDCMdepth_mp","vera4cast"
2026-05-08,2026-04-25,"P1D","fcre",NA,"ensemble",20,"ChlorophyllMaximum_depth_sample",3.31625955832204,"fDCMdepth_mp","vera4cast"
2026-05-08,2026-04-25,"P1D","fcre",NA,"ensemble",51,"ChlorophyllMaximum_depth_sample",2.90909704628751,"fDCMdepth_mp","vera4cast"
2026-05-08,2026-04-25,"P1D","fcre",NA,"ensemble",82,"ChlorophyllMaximum_depth_sample",2.80892030128167,"fDCMdepth_mp","vera4cast"
2026-05-08,2026-04-25,"P1D","fcre",NA,"ensemble",113,"ChlorophyllMaximum_depth_sample",3.0250543853289,"fDCMdepth_mp","vera4cast"
2026-05-08,2026-04-25,"P1D","fcre",NA,"ensemble",144,"ChlorophyllMaximum_depth_sample",2.54348242282636,"fDCMdepth_mp","vera4cast"
2026-05-09,2026-04-25,"P1D","fcre",NA,"ensemble",20,"ChlorophyllMaximum_depth_sample",0.923998096867498,"fDCMdepth_mp","vera4cast"
2026-05-09,2026-04-25,"P1D","fcre",NA,"ensemble",51,"ChlorophyllMaximum_depth_sample",1.9602628420147,"fDCMdepth_mp","vera4cast"
2026-05-09,2026-04-25,"P1D","fcre",NA,"ensemble",82,"ChlorophyllMaximum_depth_sample",3.40982752645165,"fDCMdepth_mp","vera4cast"
2026-05-09,2026-04-25,"P1D","fcre",NA,"ensemble",113,"ChlorophyllMaximum_depth_sample",0.750055610298666,"fDCMdepth_mp","vera4cast"
2026-05-09,2026-04-25,"P1D","fcre",NA,"ensemble",144,"ChlorophyllMaximum_depth_sample",6.73910319532062,"fDCMdepth_mp","vera4cast"
2026-05-10,2026-04-25,"P1D","fcre",NA,"ensemble",20,"ChlorophyllMaximum_depth_sample",2.2792365566413,"fDCMdepth_mp","vera4cast"
2026-05-10,2026-04-25,"P1D","fcre",NA,"ensemble",51,"ChlorophyllMaximum_depth_sample",0.780154846092246,"fDCMdepth_mp","vera4cast"
2026-05-10,2026-04-25,"P1D","fcre",NA,"ensemble",82,"ChlorophyllMaximum_depth_sample",3.84175748505091,"fDCMdepth_mp","vera4cast"
2026-05-10,2026-04-25,"P1D","fcre",NA,"ensemble",113,"ChlorophyllMaximum_depth_sample",2.73648362612332,"fDCMdepth_mp","vera4cast"
2026-05-10,2026-04-25,"P1D","fcre",NA,"ensemble",144,"ChlorophyllMaximum_depth_sample",2.40860642994818,"fDCMdepth_mp","vera4cast"
2026-05-11,2026-04-25,"P1D","fcre",NA,"ensemble",20,"ChlorophyllMaximum_depth_sample",1.88624659065047,"fDCMdepth_mp","vera4cast"
2026-05-11,2026-04-25,"P1D","fcre",NA,"ensemble",51,"ChlorophyllMaximum_depth_sample",1.38445746035774,"fDCMdepth_mp","vera4cast"
2026-05-11,2026-04-25,"P1D","fcre",NA,"ensemble",82,"ChlorophyllMaximum_depth_sample",3.31129063865543,"fDCMdepth_mp","vera4cast"
2026-05-11,2026-04-25,"P1D","fcre",NA,"ensemble",113,"ChlorophyllMaximum_depth_sample",4.12273675471893,"fDCMdepth_mp","vera4cast"
2026-05-11,2026-04-25,"P1D","fcre",NA,"ensemble",144,"ChlorophyllMaximum_depth_sample",2.83141841174459,"fDCMdepth_mp","vera4cast"
2026-05-12,2026-04-25,"P1D","fcre",NA,"ensemble",20,"ChlorophyllMaximum_depth_sample",2.06642263926877,"fDCMdepth_mp","vera4cast"
2026-05-12,2026-04-25,"P1D","fcre",NA,"ensemble",51,"ChlorophyllMaximum_depth_sample",3.20327462903065,"fDCMdepth_mp","vera4cast"
2026-05-12,2026-04-25,"P1D","fcre",NA,"ensemble",82,"ChlorophyllMaximum_depth_sample",2.59669137686561,"fDCMdepth_mp","vera4cast"
2026-05-12,2026-04-25,"P1D","fcre",NA,"ensemble",113,"ChlorophyllMaximum_depth_sample",1.4919691200388,"fDCMdepth_mp","vera4cast"
2026-05-12,2026-04-25,"P1D","fcre",NA,"ensemble",144,"ChlorophyllMaximum_depth_sample",1.90248633511079,"fDCMdepth_mp","vera4cast"
2026-05-13,2026-04-25,"P1D","fcre",NA,"ensemble",20,"ChlorophyllMaximum_depth_sample",4.14396197106232,"fDCMdepth_mp","vera4cast"
2026-05-13,2026-04-25,"P1D","fcre",NA,"ensemble",51,"ChlorophyllMaximum_depth_sample",4.50438652253239,"fDCMdepth_mp","vera4cast"
2026-05-13,2026-04-25,"P1D","fcre",NA,"ensemble",82,"ChlorophyllMaximum_depth_sample",-0.0399086805028728,"fDCMdepth_mp","vera4cast"
2026-05-13,2026-04-25,"P1D","fcre",NA,"ensemble",113,"ChlorophyllMaximum_depth_sample",2.3807531782171,"fDCMdepth_mp","vera4cast"
2026-05-13,2026-04-25,"P1D","fcre",NA,"ensemble",144,"ChlorophyllMaximum_depth_sample",5.71364655757025,"fDCMdepth_mp","vera4cast"
2026-05-14,2026-04-25,"P1D","fcre",NA,"ensemble",20,"ChlorophyllMaximum_depth_sample",3.97205919579065,"fDCMdepth_mp","vera4cast"
2026-05-14,2026-04-25,"P1D","fcre",NA,"ensemble",51,"ChlorophyllMaximum_depth_sample",2.27303720792748,"fDCMdepth_mp","vera4cast"
2026-05-14,2026-04-25,"P1D","fcre",NA,"ensemble",82,"ChlorophyllMaximum_depth_sample",3.62805105404737,"fDCMdepth_mp","vera4cast"
2026-05-14,2026-04-25,"P1D","fcre",NA,"ensemble",113,"ChlorophyllMaximum_depth_sample",1.64886008859085,"fDCMdepth_mp","vera4cast"
2026-05-14,2026-04-25,"P1D","fcre",NA,"ensemble",144,"ChlorophyllMaximum_depth_sample",3.88551256351161,"fDCMdepth_mp","vera4cast"
2026-05-15,2026-04-25,"P1D","fcre",NA,"ensemble",20,"ChlorophyllMaximum_depth_sample",4.46034422752016,"fDCMdepth_mp","vera4cast"
2026-05-15,2026-04-25,"P1D","fcre",NA,"ensemble",51,"ChlorophyllMaximum_depth_sample",2.80756814652069,"fDCMdepth_mp","vera4cast"
2026-05-15,2026-04-25,"P1D","fcre",NA,"ensemble",82,"ChlorophyllMaximum_depth_sample",1.98217900065996,"fDCMdepth_mp","vera4cast"
2026-05-15,2026-04-25,"P1D","fcre",NA,"ensemble",113,"ChlorophyllMaximum_depth_sample",2.6054516927358,"fDCMdepth_mp","vera4cast"
2026-05-15,2026-04-25,"P1D","fcre",NA,"ensemble",144,"ChlorophyllMaximum_depth_sample",5.64554452600095,"fDCMdepth_mp","vera4cast"
2026-05-16,2026-04-25,"P1D","fcre",NA,"ensemble",20,"ChlorophyllMaximum_depth_sample",2.9775342072498,"fDCMdepth_mp","vera4cast"
2026-05-16,2026-04-25,"P1D","fcre",NA,"ensemble",51,"ChlorophyllMaximum_depth_sample",4.40324069888746,"fDCMdepth_mp","vera4cast"
2026-05-16,2026-04-25,"P1D","fcre",NA,"ensemble",82,"ChlorophyllMaximum_depth_sample",4.0086052056533,"fDCMdepth_mp","vera4cast"
2026-05-16,2026-04-25,"P1D","fcre",NA,"ensemble",113,"ChlorophyllMaximum_depth_sample",3.48449218621179,"fDCMdepth_mp","vera4cast"
2026-05-16,2026-04-25,"P1D","fcre",NA,"ensemble",144,"ChlorophyllMaximum_depth_sample",6.34820899621583,"fDCMdepth_mp","vera4cast"
2026-05-17,2026-04-25,"P1D","fcre",NA,"ensemble",20,"ChlorophyllMaximum_depth_sample",6.19492185154853,"fDCMdepth_mp","vera4cast"
2026-05-17,2026-04-25,"P1D","fcre",NA,"ensemble",51,"ChlorophyllMaximum_depth_sample",3.40403373261918,"fDCMdepth_mp","vera4cast"
2026-05-17,2026-04-25,"P1D","fcre",NA,"ensemble",82,"ChlorophyllMaximum_depth_sample",3.25687173933369,"fDCMdepth_mp","vera4cast"
2026-05-17,2026-04-25,"P1D","fcre",NA,"ensemble",113,"ChlorophyllMaximum_depth_sample",4.29089538207417,"fDCMdepth_mp","vera4cast"
2026-05-17,2026-04-25,"P1D","fcre",NA,"ensemble",144,"ChlorophyllMaximum_depth_sample",4.43520100776735,"fDCMdepth_mp","vera4cast"
2026-05-18,2026-04-25,"P1D","fcre",NA,"ensemble",20,"ChlorophyllMaximum_depth_sample",5.10908039996782,"fDCMdepth_mp","vera4cast"
2026-05-18,2026-04-25,"P1D","fcre",NA,"ensemble",51,"ChlorophyllMaximum_depth_sample",4.33170256521992,"fDCMdepth_mp","vera4cast"
2026-05-18,2026-04-25,"P1D","fcre",NA,"ensemble",82,"ChlorophyllMaximum_depth_sample",4.0737711085309,"fDCMdepth_mp","vera4cast"
2026-05-18,2026-04-25,"P1D","fcre",NA,"ensemble",113,"ChlorophyllMaximum_depth_sample",1.94719633831517,"fDCMdepth_mp","vera4cast"
2026-05-18,2026-04-25,"P1D","fcre",NA,"ensemble",144,"ChlorophyllMaximum_depth_sample",5.7168986333523,"fDCMdepth_mp","vera4cast"
2026-05-19,2026-04-25,"P1D","fcre",NA,"ensemble",20,"ChlorophyllMaximum_depth_sample",3.64754478380209,"fDCMdepth_mp","vera4cast"
2026-05-19,2026-04-25,"P1D","fcre",NA,"ensemble",51,"ChlorophyllMaximum_depth_sample",2.93158177195226,"fDCMdepth_mp","vera4cast"
2026-05-19,2026-04-25,"P1D","fcre",NA,"ensemble",82,"ChlorophyllMaximum_depth_sample",2.50950058770665,"fDCMdepth_mp","vera4cast"
2026-05-19,2026-04-25,"P1D","fcre",NA,"ensemble",113,"ChlorophyllMaximum_depth_sample",2.63558698204156,"fDCMdepth_mp","vera4cast"
2026-05-19,2026-04-25,"P1D","fcre",NA,"ensemble",144,"ChlorophyllMaximum_depth_sample",4.33933571205583,"fDCMdepth_mp","vera4cast"
2026-05-20,2026-04-25,"P1D","fcre",NA,"ensemble",20,"ChlorophyllMaximum_depth_sample",3.08283259718777,"fDCMdepth_mp","vera4cast"
2026-05-20,2026-04-25,"P1D","fcre",NA,"ensemble",51,"ChlorophyllMaximum_depth_sample",3.13005848888624,"fDCMdepth_mp","vera4cast"
2026-05-20,2026-04-25,"P1D","fcre",NA,"ensemble",82,"ChlorophyllMaximum_depth_sample",2.94131604138229,"fDCMdepth_mp","vera4cast"
2026-05-20,2026-04-25,"P1D","fcre",NA,"ensemble",113,"ChlorophyllMaximum_depth_sample",1.74365850554205,"fDCMdepth_mp","vera4cast"
2026-05-20,2026-04-25,"P1D","fcre",NA,"ensemble",144,"ChlorophyllMaximum_depth_sample",3.70881775564623,"fDCMdepth_mp","vera4cast"
2026-05-21,2026-04-25,"P1D","fcre",NA,"ensemble",20,"ChlorophyllMaximum_depth_sample",3.80379535765242,"fDCMdepth_mp","vera4cast"
2026-05-21,2026-04-25,"P1D","fcre",NA,"ensemble",51,"ChlorophyllMaximum_depth_sample",3.43636560042968,"fDCMdepth_mp","vera4cast"
2026-05-21,2026-04-25,"P1D","fcre",NA,"ensemble",82,"ChlorophyllMaximum_depth_sample",6.04881911866454,"fDCMdepth_mp","vera4cast"
2026-05-21,2026-04-25,"P1D","fcre",NA,"ensemble",113,"ChlorophyllMaximum_depth_sample",1.06206464717359,"fDCMdepth_mp","vera4cast"
2026-05-21,2026-04-25,"P1D","fcre",NA,"ensemble",144,"ChlorophyllMaximum_depth_sample",3.16882373876667,"fDCMdepth_mp","vera4cast"
2026-05-22,2026-04-25,"P1D","fcre",NA,"ensemble",20,"ChlorophyllMaximum_depth_sample",1.10271621508939,"fDCMdepth_mp","vera4cast"
2026-05-22,2026-04-25,"P1D","fcre",NA,"ensemble",51,"ChlorophyllMaximum_depth_sample",3.21443043074534,"fDCMdepth_mp","vera4cast"
2026-05-22,2026-04-25,"P1D","fcre",NA,"ensemble",82,"ChlorophyllMaximum_depth_sample",4.91549157706181,"fDCMdepth_mp","vera4cast"
2026-05-22,2026-04-25,"P1D","fcre",NA,"ensemble",113,"ChlorophyllMaximum_depth_sample",3.89849034391737,"fDCMdepth_mp","vera4cast"
2026-05-22,2026-04-25,"P1D","fcre",NA,"ensemble",144,"ChlorophyllMaximum_depth_sample",4.31083153318492,"fDCMdepth_mp","vera4cast"
2026-05-23,2026-04-25,"P1D","fcre",NA,"ensemble",20,"ChlorophyllMaximum_depth_sample",4.4822476951298,"fDCMdepth_mp","vera4cast"
2026-05-23,2026-04-25,"P1D","fcre",NA,"ensemble",51,"ChlorophyllMaximum_depth_sample",3.65239628535876,"fDCMdepth_mp","vera4cast"
2026-05-23,2026-04-25,"P1D","fcre",NA,"ensemble",82,"ChlorophyllMaximum_depth_sample",2.02692247816857,"fDCMdepth_mp","vera4cast"
2026-05-23,2026-04-25,"P1D","fcre",NA,"ensemble",113,"ChlorophyllMaximum_depth_sample",4.15733206957709,"fDCMdepth_mp","vera4cast"
2026-05-23,2026-04-25,"P1D","fcre",NA,"ensemble",144,"ChlorophyllMaximum_depth_sample",4.99010711228182,"fDCMdepth_mp","vera4cast"
2026-05-24,2026-04-25,"P1D","fcre",NA,"ensemble",20,"ChlorophyllMaximum_depth_sample",4.27959059640482,"fDCMdepth_mp","vera4cast"
2026-05-24,2026-04-25,"P1D","fcre",NA,"ensemble",51,"ChlorophyllMaximum_depth_sample",2.38277888152752,"fDCMdepth_mp","vera4cast"
2026-05-24,2026-04-25,"P1D","fcre",NA,"ensemble",82,"ChlorophyllMaximum_depth_sample",1.56283741735488,"fDCMdepth_mp","vera4cast"
2026-05-24,2026-04-25,"P1D","fcre",NA,"ensemble",113,"ChlorophyllMaximum_depth_sample",4.37744127982974,"fDCMdepth_mp","vera4cast"
2026-05-24,2026-04-25,"P1D","fcre",NA,"ensemble",144,"ChlorophyllMaximum_depth_sample",4.39236934530832,"fDCMdepth_mp","vera4cast"
2026-05-25,2026-04-25,"P1D","fcre",NA,"ensemble",20,"ChlorophyllMaximum_depth_sample",3.85783254336452,"fDCMdepth_mp","vera4cast"
2026-05-25,2026-04-25,"P1D","fcre",NA,"ensemble",51,"ChlorophyllMaximum_depth_sample",1.53821007112035,"fDCMdepth_mp","vera4cast"
2026-05-25,2026-04-25,"P1D","fcre",NA,"ensemble",82,"ChlorophyllMaximum_depth_sample",3.05720089450868,"fDCMdepth_mp","vera4cast"
2026-05-25,2026-04-25,"P1D","fcre",NA,"ensemble",113,"ChlorophyllMaximum_depth_sample",3.20573471791201,"fDCMdepth_mp","vera4cast"
2026-05-25,2026-04-25,"P1D","fcre",NA,"ensemble",144,"ChlorophyllMaximum_depth_sample",2.95900311563458,"fDCMdepth_mp","vera4cast"
2026-05-26,2026-04-25,"P1D","fcre",NA,"ensemble",20,"ChlorophyllMaximum_depth_sample",0.112981836931139,"fDCMdepth_mp","vera4cast"
2026-05-26,2026-04-25,"P1D","fcre",NA,"ensemble",51,"ChlorophyllMaximum_depth_sample",1.78423047439938,"fDCMdepth_mp","vera4cast"
2026-05-26,2026-04-25,"P1D","fcre",NA,"ensemble",82,"ChlorophyllMaximum_depth_sample",3.65807089438883,"fDCMdepth_mp","vera4cast"
2026-05-26,2026-04-25,"P1D","fcre",NA,"ensemble",113,"ChlorophyllMaximum_depth_sample",3.53416940549977,"fDCMdepth_mp","vera4cast"
2026-05-26,2026-04-25,"P1D","fcre",NA,"ensemble",144,"ChlorophyllMaximum_depth_sample",4.4863350825366,"fDCMdepth_mp","vera4cast"
2026-05-27,2026-04-25,"P1D","fcre",NA,"ensemble",20,"ChlorophyllMaximum_depth_sample",4.16845661063778,"fDCMdepth_mp","vera4cast"
2026-05-27,2026-04-25,"P1D","fcre",NA,"ensemble",51,"ChlorophyllMaximum_depth_sample",3.12934128243264,"fDCMdepth_mp","vera4cast"
2026-05-27,2026-04-25,"P1D","fcre",NA,"ensemble",82,"ChlorophyllMaximum_depth_sample",3.56788870917971,"fDCMdepth_mp","vera4cast"
2026-05-27,2026-04-25,"P1D","fcre",NA,"ensemble",113,"ChlorophyllMaximum_depth_sample",4.16212506539194,"fDCMdepth_mp","vera4cast"
2026-05-27,2026-04-25,"P1D","fcre",NA,"ensemble",144,"ChlorophyllMaximum_depth_sample",3.21498999506698,"fDCMdepth_mp","vera4cast"
2026-05-28,2026-04-25,"P1D","fcre",NA,"ensemble",20,"ChlorophyllMaximum_depth_sample",4.89947504656015,"fDCMdepth_mp","vera4cast"
2026-05-28,2026-04-25,"P1D","fcre",NA,"ensemble",51,"ChlorophyllMaximum_depth_sample",1.68512914877471,"fDCMdepth_mp","vera4cast"
2026-05-28,2026-04-25,"P1D","fcre",NA,"ensemble",82,"ChlorophyllMaximum_depth_sample",5.05410521719644,"fDCMdepth_mp","vera4cast"
2026-05-28,2026-04-25,"P1D","fcre",NA,"ensemble",113,"ChlorophyllMaximum_depth_sample",1.79135249484312,"fDCMdepth_mp","vera4cast"
2026-05-28,2026-04-25,"P1D","fcre",NA,"ensemble",144,"ChlorophyllMaximum_depth_sample",1.7974768163181,"fDCMdepth_mp","vera4cast"
2026-05-29,2026-04-25,"P1D","fcre",NA,"ensemble",20,"ChlorophyllMaximum_depth_sample",2.57130794376058,"fDCMdepth_mp","vera4cast"
2026-05-29,2026-04-25,"P1D","fcre",NA,"ensemble",51,"ChlorophyllMaximum_depth_sample",4.91311492137372,"fDCMdepth_mp","vera4cast"
2026-05-29,2026-04-25,"P1D","fcre",NA,"ensemble",82,"ChlorophyllMaximum_depth_sample",6.41667981176615,"fDCMdepth_mp","vera4cast"
2026-05-29,2026-04-25,"P1D","fcre",NA,"ensemble",113,"ChlorophyllMaximum_depth_sample",1.55730187849877,"fDCMdepth_mp","vera4cast"
2026-05-29,2026-04-25,"P1D","fcre",NA,"ensemble",144,"ChlorophyllMaximum_depth_sample",3.8677707729937,"fDCMdepth_mp","vera4cast"
2026-04-26,2026-04-25,"P1D","fcre",NA,"ensemble",21,"ChlorophyllMaximum_depth_sample",2.52460532744316,"fDCMdepth_mp","vera4cast"
2026-04-26,2026-04-25,"P1D","fcre",NA,"ensemble",52,"ChlorophyllMaximum_depth_sample",1.46707276790187,"fDCMdepth_mp","vera4cast"
2026-04-26,2026-04-25,"P1D","fcre",NA,"ensemble",83,"ChlorophyllMaximum_depth_sample",4.11788151370369,"fDCMdepth_mp","vera4cast"
2026-04-26,2026-04-25,"P1D","fcre",NA,"ensemble",114,"ChlorophyllMaximum_depth_sample",4.28564024775105,"fDCMdepth_mp","vera4cast"
2026-04-26,2026-04-25,"P1D","fcre",NA,"ensemble",145,"ChlorophyllMaximum_depth_sample",3.91078858567268,"fDCMdepth_mp","vera4cast"
2026-04-27,2026-04-25,"P1D","fcre",NA,"ensemble",21,"ChlorophyllMaximum_depth_sample",5.2169764401436,"fDCMdepth_mp","vera4cast"
2026-04-27,2026-04-25,"P1D","fcre",NA,"ensemble",52,"ChlorophyllMaximum_depth_sample",2.86628586994159,"fDCMdepth_mp","vera4cast"
2026-04-27,2026-04-25,"P1D","fcre",NA,"ensemble",83,"ChlorophyllMaximum_depth_sample",3.84903211079772,"fDCMdepth_mp","vera4cast"
2026-04-27,2026-04-25,"P1D","fcre",NA,"ensemble",114,"ChlorophyllMaximum_depth_sample",2.07153954337026,"fDCMdepth_mp","vera4cast"
2026-04-27,2026-04-25,"P1D","fcre",NA,"ensemble",145,"ChlorophyllMaximum_depth_sample",2.50506521333658,"fDCMdepth_mp","vera4cast"
2026-04-28,2026-04-25,"P1D","fcre",NA,"ensemble",21,"ChlorophyllMaximum_depth_sample",3.54208157291216,"fDCMdepth_mp","vera4cast"
2026-04-28,2026-04-25,"P1D","fcre",NA,"ensemble",52,"ChlorophyllMaximum_depth_sample",4.52226421238537,"fDCMdepth_mp","vera4cast"
2026-04-28,2026-04-25,"P1D","fcre",NA,"ensemble",83,"ChlorophyllMaximum_depth_sample",2.277136218046,"fDCMdepth_mp","vera4cast"
2026-04-28,2026-04-25,"P1D","fcre",NA,"ensemble",114,"ChlorophyllMaximum_depth_sample",2.713641738117,"fDCMdepth_mp","vera4cast"
2026-04-28,2026-04-25,"P1D","fcre",NA,"ensemble",145,"ChlorophyllMaximum_depth_sample",3.532515067742,"fDCMdepth_mp","vera4cast"
2026-04-29,2026-04-25,"P1D","fcre",NA,"ensemble",21,"ChlorophyllMaximum_depth_sample",2.55704533846448,"fDCMdepth_mp","vera4cast"
2026-04-29,2026-04-25,"P1D","fcre",NA,"ensemble",52,"ChlorophyllMaximum_depth_sample",3.79789348605529,"fDCMdepth_mp","vera4cast"
2026-04-29,2026-04-25,"P1D","fcre",NA,"ensemble",83,"ChlorophyllMaximum_depth_sample",1.71246554420318,"fDCMdepth_mp","vera4cast"
2026-04-29,2026-04-25,"P1D","fcre",NA,"ensemble",114,"ChlorophyllMaximum_depth_sample",3.06902856772425,"fDCMdepth_mp","vera4cast"
2026-04-29,2026-04-25,"P1D","fcre",NA,"ensemble",145,"ChlorophyllMaximum_depth_sample",4.67302429623518,"fDCMdepth_mp","vera4cast"
2026-04-30,2026-04-25,"P1D","fcre",NA,"ensemble",21,"ChlorophyllMaximum_depth_sample",1.19511645081919,"fDCMdepth_mp","vera4cast"
2026-04-30,2026-04-25,"P1D","fcre",NA,"ensemble",52,"ChlorophyllMaximum_depth_sample",3.80103373667103,"fDCMdepth_mp","vera4cast"
2026-04-30,2026-04-25,"P1D","fcre",NA,"ensemble",83,"ChlorophyllMaximum_depth_sample",3.6747888237041,"fDCMdepth_mp","vera4cast"
2026-04-30,2026-04-25,"P1D","fcre",NA,"ensemble",114,"ChlorophyllMaximum_depth_sample",6.71656352353635,"fDCMdepth_mp","vera4cast"
2026-04-30,2026-04-25,"P1D","fcre",NA,"ensemble",145,"ChlorophyllMaximum_depth_sample",3.50431251975043,"fDCMdepth_mp","vera4cast"
2026-05-01,2026-04-25,"P1D","fcre",NA,"ensemble",21,"ChlorophyllMaximum_depth_sample",2.1376846436515,"fDCMdepth_mp","vera4cast"
2026-05-01,2026-04-25,"P1D","fcre",NA,"ensemble",52,"ChlorophyllMaximum_depth_sample",2.80119198051452,"fDCMdepth_mp","vera4cast"
2026-05-01,2026-04-25,"P1D","fcre",NA,"ensemble",83,"ChlorophyllMaximum_depth_sample",2.27667525560719,"fDCMdepth_mp","vera4cast"
2026-05-01,2026-04-25,"P1D","fcre",NA,"ensemble",114,"ChlorophyllMaximum_depth_sample",2.53666755422981,"fDCMdepth_mp","vera4cast"
2026-05-01,2026-04-25,"P1D","fcre",NA,"ensemble",145,"ChlorophyllMaximum_depth_sample",2.63376380099527,"fDCMdepth_mp","vera4cast"
2026-05-02,2026-04-25,"P1D","fcre",NA,"ensemble",21,"ChlorophyllMaximum_depth_sample",4.83041180995419,"fDCMdepth_mp","vera4cast"
2026-05-02,2026-04-25,"P1D","fcre",NA,"ensemble",52,"ChlorophyllMaximum_depth_sample",4.2707589579635,"fDCMdepth_mp","vera4cast"
2026-05-02,2026-04-25,"P1D","fcre",NA,"ensemble",83,"ChlorophyllMaximum_depth_sample",5.35357479187781,"fDCMdepth_mp","vera4cast"
2026-05-02,2026-04-25,"P1D","fcre",NA,"ensemble",114,"ChlorophyllMaximum_depth_sample",2.04814764315048,"fDCMdepth_mp","vera4cast"
2026-05-02,2026-04-25,"P1D","fcre",NA,"ensemble",145,"ChlorophyllMaximum_depth_sample",2.01537290543145,"fDCMdepth_mp","vera4cast"
2026-05-03,2026-04-25,"P1D","fcre",NA,"ensemble",21,"ChlorophyllMaximum_depth_sample",4.34173386000658,"fDCMdepth_mp","vera4cast"
2026-05-03,2026-04-25,"P1D","fcre",NA,"ensemble",52,"ChlorophyllMaximum_depth_sample",2.07897302720223,"fDCMdepth_mp","vera4cast"
2026-05-03,2026-04-25,"P1D","fcre",NA,"ensemble",83,"ChlorophyllMaximum_depth_sample",2.89987960801983,"fDCMdepth_mp","vera4cast"
2026-05-03,2026-04-25,"P1D","fcre",NA,"ensemble",114,"ChlorophyllMaximum_depth_sample",3.33602025583766,"fDCMdepth_mp","vera4cast"
2026-05-03,2026-04-25,"P1D","fcre",NA,"ensemble",145,"ChlorophyllMaximum_depth_sample",3.26721213568838,"fDCMdepth_mp","vera4cast"
2026-05-04,2026-04-25,"P1D","fcre",NA,"ensemble",21,"ChlorophyllMaximum_depth_sample",5.02342769367553,"fDCMdepth_mp","vera4cast"
2026-05-04,2026-04-25,"P1D","fcre",NA,"ensemble",52,"ChlorophyllMaximum_depth_sample",4.1304074950131,"fDCMdepth_mp","vera4cast"
2026-05-04,2026-04-25,"P1D","fcre",NA,"ensemble",83,"ChlorophyllMaximum_depth_sample",4.90848814676553,"fDCMdepth_mp","vera4cast"
2026-05-04,2026-04-25,"P1D","fcre",NA,"ensemble",114,"ChlorophyllMaximum_depth_sample",3.26595466072279,"fDCMdepth_mp","vera4cast"
2026-05-04,2026-04-25,"P1D","fcre",NA,"ensemble",145,"ChlorophyllMaximum_depth_sample",2.34191782511069,"fDCMdepth_mp","vera4cast"
2026-05-05,2026-04-25,"P1D","fcre",NA,"ensemble",21,"ChlorophyllMaximum_depth_sample",3.17227306754987,"fDCMdepth_mp","vera4cast"
2026-05-05,2026-04-25,"P1D","fcre",NA,"ensemble",52,"ChlorophyllMaximum_depth_sample",4.12589432155484,"fDCMdepth_mp","vera4cast"
2026-05-05,2026-04-25,"P1D","fcre",NA,"ensemble",83,"ChlorophyllMaximum_depth_sample",3.89333198804555,"fDCMdepth_mp","vera4cast"
2026-05-05,2026-04-25,"P1D","fcre",NA,"ensemble",114,"ChlorophyllMaximum_depth_sample",3.66828104952649,"fDCMdepth_mp","vera4cast"
2026-05-05,2026-04-25,"P1D","fcre",NA,"ensemble",145,"ChlorophyllMaximum_depth_sample",1.95778311253646,"fDCMdepth_mp","vera4cast"
2026-05-06,2026-04-25,"P1D","fcre",NA,"ensemble",21,"ChlorophyllMaximum_depth_sample",3.65856433814614,"fDCMdepth_mp","vera4cast"
2026-05-06,2026-04-25,"P1D","fcre",NA,"ensemble",52,"ChlorophyllMaximum_depth_sample",4.31194272378506,"fDCMdepth_mp","vera4cast"
2026-05-06,2026-04-25,"P1D","fcre",NA,"ensemble",83,"ChlorophyllMaximum_depth_sample",5.14795064940881,"fDCMdepth_mp","vera4cast"
2026-05-06,2026-04-25,"P1D","fcre",NA,"ensemble",114,"ChlorophyllMaximum_depth_sample",2.27898192980176,"fDCMdepth_mp","vera4cast"
2026-05-06,2026-04-25,"P1D","fcre",NA,"ensemble",145,"ChlorophyllMaximum_depth_sample",2.58630663864601,"fDCMdepth_mp","vera4cast"
2026-05-07,2026-04-25,"P1D","fcre",NA,"ensemble",21,"ChlorophyllMaximum_depth_sample",4.91206365180597,"fDCMdepth_mp","vera4cast"
2026-05-07,2026-04-25,"P1D","fcre",NA,"ensemble",52,"ChlorophyllMaximum_depth_sample",2.97867255702522,"fDCMdepth_mp","vera4cast"
2026-05-07,2026-04-25,"P1D","fcre",NA,"ensemble",83,"ChlorophyllMaximum_depth_sample",1.82158769322904,"fDCMdepth_mp","vera4cast"
2026-05-07,2026-04-25,"P1D","fcre",NA,"ensemble",114,"ChlorophyllMaximum_depth_sample",1.28768359277875,"fDCMdepth_mp","vera4cast"
2026-05-07,2026-04-25,"P1D","fcre",NA,"ensemble",145,"ChlorophyllMaximum_depth_sample",4.72837463367972,"fDCMdepth_mp","vera4cast"
2026-05-08,2026-04-25,"P1D","fcre",NA,"ensemble",21,"ChlorophyllMaximum_depth_sample",3.81775532803038,"fDCMdepth_mp","vera4cast"
2026-05-08,2026-04-25,"P1D","fcre",NA,"ensemble",52,"ChlorophyllMaximum_depth_sample",3.24009294645985,"fDCMdepth_mp","vera4cast"
2026-05-08,2026-04-25,"P1D","fcre",NA,"ensemble",83,"ChlorophyllMaximum_depth_sample",3.27427407191436,"fDCMdepth_mp","vera4cast"
2026-05-08,2026-04-25,"P1D","fcre",NA,"ensemble",114,"ChlorophyllMaximum_depth_sample",2.87246909243788,"fDCMdepth_mp","vera4cast"
2026-05-08,2026-04-25,"P1D","fcre",NA,"ensemble",145,"ChlorophyllMaximum_depth_sample",1.72425892906385,"fDCMdepth_mp","vera4cast"
2026-05-09,2026-04-25,"P1D","fcre",NA,"ensemble",21,"ChlorophyllMaximum_depth_sample",1.60532196086598,"fDCMdepth_mp","vera4cast"
2026-05-09,2026-04-25,"P1D","fcre",NA,"ensemble",52,"ChlorophyllMaximum_depth_sample",2.77188485322239,"fDCMdepth_mp","vera4cast"
2026-05-09,2026-04-25,"P1D","fcre",NA,"ensemble",83,"ChlorophyllMaximum_depth_sample",2.4270159726415,"fDCMdepth_mp","vera4cast"
2026-05-09,2026-04-25,"P1D","fcre",NA,"ensemble",114,"ChlorophyllMaximum_depth_sample",6.38302528714169,"fDCMdepth_mp","vera4cast"
2026-05-09,2026-04-25,"P1D","fcre",NA,"ensemble",145,"ChlorophyllMaximum_depth_sample",4.48334975844936,"fDCMdepth_mp","vera4cast"
2026-05-10,2026-04-25,"P1D","fcre",NA,"ensemble",21,"ChlorophyllMaximum_depth_sample",3.98245191367643,"fDCMdepth_mp","vera4cast"
2026-05-10,2026-04-25,"P1D","fcre",NA,"ensemble",52,"ChlorophyllMaximum_depth_sample",7.75855715504103,"fDCMdepth_mp","vera4cast"
2026-05-10,2026-04-25,"P1D","fcre",NA,"ensemble",83,"ChlorophyllMaximum_depth_sample",4.1959671025175,"fDCMdepth_mp","vera4cast"
2026-05-10,2026-04-25,"P1D","fcre",NA,"ensemble",114,"ChlorophyllMaximum_depth_sample",2.04178530877334,"fDCMdepth_mp","vera4cast"
2026-05-10,2026-04-25,"P1D","fcre",NA,"ensemble",145,"ChlorophyllMaximum_depth_sample",6.52365284045318,"fDCMdepth_mp","vera4cast"
2026-05-11,2026-04-25,"P1D","fcre",NA,"ensemble",21,"ChlorophyllMaximum_depth_sample",4.44073432002516,"fDCMdepth_mp","vera4cast"
2026-05-11,2026-04-25,"P1D","fcre",NA,"ensemble",52,"ChlorophyllMaximum_depth_sample",2.10335399862311,"fDCMdepth_mp","vera4cast"
2026-05-11,2026-04-25,"P1D","fcre",NA,"ensemble",83,"ChlorophyllMaximum_depth_sample",6.41168740742296,"fDCMdepth_mp","vera4cast"
2026-05-11,2026-04-25,"P1D","fcre",NA,"ensemble",114,"ChlorophyllMaximum_depth_sample",2.30551696726971,"fDCMdepth_mp","vera4cast"
2026-05-11,2026-04-25,"P1D","fcre",NA,"ensemble",145,"ChlorophyllMaximum_depth_sample",3.3095795014861,"fDCMdepth_mp","vera4cast"
2026-05-12,2026-04-25,"P1D","fcre",NA,"ensemble",21,"ChlorophyllMaximum_depth_sample",2.83558798806944,"fDCMdepth_mp","vera4cast"
2026-05-12,2026-04-25,"P1D","fcre",NA,"ensemble",52,"ChlorophyllMaximum_depth_sample",1.88843798174709,"fDCMdepth_mp","vera4cast"
2026-05-12,2026-04-25,"P1D","fcre",NA,"ensemble",83,"ChlorophyllMaximum_depth_sample",3.79174993142417,"fDCMdepth_mp","vera4cast"
2026-05-12,2026-04-25,"P1D","fcre",NA,"ensemble",114,"ChlorophyllMaximum_depth_sample",3.91608575882016,"fDCMdepth_mp","vera4cast"
2026-05-12,2026-04-25,"P1D","fcre",NA,"ensemble",145,"ChlorophyllMaximum_depth_sample",4.92775694481368,"fDCMdepth_mp","vera4cast"
2026-05-13,2026-04-25,"P1D","fcre",NA,"ensemble",21,"ChlorophyllMaximum_depth_sample",2.88184963903247,"fDCMdepth_mp","vera4cast"
2026-05-13,2026-04-25,"P1D","fcre",NA,"ensemble",52,"ChlorophyllMaximum_depth_sample",3.03234678235394,"fDCMdepth_mp","vera4cast"
2026-05-13,2026-04-25,"P1D","fcre",NA,"ensemble",83,"ChlorophyllMaximum_depth_sample",2.86817891569659,"fDCMdepth_mp","vera4cast"
2026-05-13,2026-04-25,"P1D","fcre",NA,"ensemble",114,"ChlorophyllMaximum_depth_sample",3.30322218216934,"fDCMdepth_mp","vera4cast"
2026-05-13,2026-04-25,"P1D","fcre",NA,"ensemble",145,"ChlorophyllMaximum_depth_sample",2.82413946997625,"fDCMdepth_mp","vera4cast"
2026-05-14,2026-04-25,"P1D","fcre",NA,"ensemble",21,"ChlorophyllMaximum_depth_sample",-0.376736187260852,"fDCMdepth_mp","vera4cast"
2026-05-14,2026-04-25,"P1D","fcre",NA,"ensemble",52,"ChlorophyllMaximum_depth_sample",4.07160915714759,"fDCMdepth_mp","vera4cast"
2026-05-14,2026-04-25,"P1D","fcre",NA,"ensemble",83,"ChlorophyllMaximum_depth_sample",3.06490427570193,"fDCMdepth_mp","vera4cast"
2026-05-14,2026-04-25,"P1D","fcre",NA,"ensemble",114,"ChlorophyllMaximum_depth_sample",5.10038107792772,"fDCMdepth_mp","vera4cast"
2026-05-14,2026-04-25,"P1D","fcre",NA,"ensemble",145,"ChlorophyllMaximum_depth_sample",2.714110217977,"fDCMdepth_mp","vera4cast"
2026-05-15,2026-04-25,"P1D","fcre",NA,"ensemble",21,"ChlorophyllMaximum_depth_sample",2.73933189367577,"fDCMdepth_mp","vera4cast"
2026-05-15,2026-04-25,"P1D","fcre",NA,"ensemble",52,"ChlorophyllMaximum_depth_sample",3.40942888168857,"fDCMdepth_mp","vera4cast"
2026-05-15,2026-04-25,"P1D","fcre",NA,"ensemble",83,"ChlorophyllMaximum_depth_sample",2.85910832937963,"fDCMdepth_mp","vera4cast"
2026-05-15,2026-04-25,"P1D","fcre",NA,"ensemble",114,"ChlorophyllMaximum_depth_sample",2.8005839957097,"fDCMdepth_mp","vera4cast"
2026-05-15,2026-04-25,"P1D","fcre",NA,"ensemble",145,"ChlorophyllMaximum_depth_sample",5.93504607476334,"fDCMdepth_mp","vera4cast"
2026-05-16,2026-04-25,"P1D","fcre",NA,"ensemble",21,"ChlorophyllMaximum_depth_sample",4.66438964243583,"fDCMdepth_mp","vera4cast"
2026-05-16,2026-04-25,"P1D","fcre",NA,"ensemble",52,"ChlorophyllMaximum_depth_sample",1.68225512738257,"fDCMdepth_mp","vera4cast"
2026-05-16,2026-04-25,"P1D","fcre",NA,"ensemble",83,"ChlorophyllMaximum_depth_sample",5.9948223694104,"fDCMdepth_mp","vera4cast"
2026-05-16,2026-04-25,"P1D","fcre",NA,"ensemble",114,"ChlorophyllMaximum_depth_sample",1.75317362248993,"fDCMdepth_mp","vera4cast"
2026-05-16,2026-04-25,"P1D","fcre",NA,"ensemble",145,"ChlorophyllMaximum_depth_sample",4.06652310098045,"fDCMdepth_mp","vera4cast"
2026-05-17,2026-04-25,"P1D","fcre",NA,"ensemble",21,"ChlorophyllMaximum_depth_sample",4.12727305292537,"fDCMdepth_mp","vera4cast"
2026-05-17,2026-04-25,"P1D","fcre",NA,"ensemble",52,"ChlorophyllMaximum_depth_sample",2.59990860957243,"fDCMdepth_mp","vera4cast"
2026-05-17,2026-04-25,"P1D","fcre",NA,"ensemble",83,"ChlorophyllMaximum_depth_sample",1.13998470894138,"fDCMdepth_mp","vera4cast"
2026-05-17,2026-04-25,"P1D","fcre",NA,"ensemble",114,"ChlorophyllMaximum_depth_sample",3.42513600014566,"fDCMdepth_mp","vera4cast"
2026-05-17,2026-04-25,"P1D","fcre",NA,"ensemble",145,"ChlorophyllMaximum_depth_sample",1.78179684898532,"fDCMdepth_mp","vera4cast"
2026-05-18,2026-04-25,"P1D","fcre",NA,"ensemble",21,"ChlorophyllMaximum_depth_sample",4.74645038608646,"fDCMdepth_mp","vera4cast"
2026-05-18,2026-04-25,"P1D","fcre",NA,"ensemble",52,"ChlorophyllMaximum_depth_sample",1.64654414625523,"fDCMdepth_mp","vera4cast"
2026-05-18,2026-04-25,"P1D","fcre",NA,"ensemble",83,"ChlorophyllMaximum_depth_sample",2.71993767619253,"fDCMdepth_mp","vera4cast"
2026-05-18,2026-04-25,"P1D","fcre",NA,"ensemble",114,"ChlorophyllMaximum_depth_sample",2.79947318928873,"fDCMdepth_mp","vera4cast"
2026-05-18,2026-04-25,"P1D","fcre",NA,"ensemble",145,"ChlorophyllMaximum_depth_sample",3.23908333566394,"fDCMdepth_mp","vera4cast"
2026-05-19,2026-04-25,"P1D","fcre",NA,"ensemble",21,"ChlorophyllMaximum_depth_sample",3.31996765930303,"fDCMdepth_mp","vera4cast"
2026-05-19,2026-04-25,"P1D","fcre",NA,"ensemble",52,"ChlorophyllMaximum_depth_sample",3.15003073511091,"fDCMdepth_mp","vera4cast"
2026-05-19,2026-04-25,"P1D","fcre",NA,"ensemble",83,"ChlorophyllMaximum_depth_sample",5.95600699106821,"fDCMdepth_mp","vera4cast"
2026-05-19,2026-04-25,"P1D","fcre",NA,"ensemble",114,"ChlorophyllMaximum_depth_sample",5.44930584301415,"fDCMdepth_mp","vera4cast"
2026-05-19,2026-04-25,"P1D","fcre",NA,"ensemble",145,"ChlorophyllMaximum_depth_sample",3.10288917539493,"fDCMdepth_mp","vera4cast"
2026-05-20,2026-04-25,"P1D","fcre",NA,"ensemble",21,"ChlorophyllMaximum_depth_sample",1.85611363941887,"fDCMdepth_mp","vera4cast"
2026-05-20,2026-04-25,"P1D","fcre",NA,"ensemble",52,"ChlorophyllMaximum_depth_sample",3.3067899582758,"fDCMdepth_mp","vera4cast"
2026-05-20,2026-04-25,"P1D","fcre",NA,"ensemble",83,"ChlorophyllMaximum_depth_sample",2.72783768823994,"fDCMdepth_mp","vera4cast"
2026-05-20,2026-04-25,"P1D","fcre",NA,"ensemble",114,"ChlorophyllMaximum_depth_sample",4.3763242528338,"fDCMdepth_mp","vera4cast"
2026-05-20,2026-04-25,"P1D","fcre",NA,"ensemble",145,"ChlorophyllMaximum_depth_sample",5.27844491643192,"fDCMdepth_mp","vera4cast"
2026-05-21,2026-04-25,"P1D","fcre",NA,"ensemble",21,"ChlorophyllMaximum_depth_sample",3.42140133218046,"fDCMdepth_mp","vera4cast"
2026-05-21,2026-04-25,"P1D","fcre",NA,"ensemble",52,"ChlorophyllMaximum_depth_sample",1.66302177201162,"fDCMdepth_mp","vera4cast"
2026-05-21,2026-04-25,"P1D","fcre",NA,"ensemble",83,"ChlorophyllMaximum_depth_sample",2.46307907986593,"fDCMdepth_mp","vera4cast"
2026-05-21,2026-04-25,"P1D","fcre",NA,"ensemble",114,"ChlorophyllMaximum_depth_sample",3.45508394294658,"fDCMdepth_mp","vera4cast"
2026-05-21,2026-04-25,"P1D","fcre",NA,"ensemble",145,"ChlorophyllMaximum_depth_sample",1.39149569674379,"fDCMdepth_mp","vera4cast"
2026-05-22,2026-04-25,"P1D","fcre",NA,"ensemble",21,"ChlorophyllMaximum_depth_sample",0.928657137579962,"fDCMdepth_mp","vera4cast"
2026-05-22,2026-04-25,"P1D","fcre",NA,"ensemble",52,"ChlorophyllMaximum_depth_sample",1.49978954717315,"fDCMdepth_mp","vera4cast"
2026-05-22,2026-04-25,"P1D","fcre",NA,"ensemble",83,"ChlorophyllMaximum_depth_sample",3.33662026004413,"fDCMdepth_mp","vera4cast"
2026-05-22,2026-04-25,"P1D","fcre",NA,"ensemble",114,"ChlorophyllMaximum_depth_sample",4.71535815692644,"fDCMdepth_mp","vera4cast"
2026-05-22,2026-04-25,"P1D","fcre",NA,"ensemble",145,"ChlorophyllMaximum_depth_sample",1.5593137888774,"fDCMdepth_mp","vera4cast"
2026-05-23,2026-04-25,"P1D","fcre",NA,"ensemble",21,"ChlorophyllMaximum_depth_sample",3.74706523481927,"fDCMdepth_mp","vera4cast"
2026-05-23,2026-04-25,"P1D","fcre",NA,"ensemble",52,"ChlorophyllMaximum_depth_sample",0.19642171091038,"fDCMdepth_mp","vera4cast"
2026-05-23,2026-04-25,"P1D","fcre",NA,"ensemble",83,"ChlorophyllMaximum_depth_sample",4.13953167832482,"fDCMdepth_mp","vera4cast"
2026-05-23,2026-04-25,"P1D","fcre",NA,"ensemble",114,"ChlorophyllMaximum_depth_sample",4.07442806356877,"fDCMdepth_mp","vera4cast"
2026-05-23,2026-04-25,"P1D","fcre",NA,"ensemble",145,"ChlorophyllMaximum_depth_sample",4.78859313025796,"fDCMdepth_mp","vera4cast"
2026-05-24,2026-04-25,"P1D","fcre",NA,"ensemble",21,"ChlorophyllMaximum_depth_sample",1.92408177152075,"fDCMdepth_mp","vera4cast"
2026-05-24,2026-04-25,"P1D","fcre",NA,"ensemble",52,"ChlorophyllMaximum_depth_sample",3.31930749291521,"fDCMdepth_mp","vera4cast"
2026-05-24,2026-04-25,"P1D","fcre",NA,"ensemble",83,"ChlorophyllMaximum_depth_sample",2.68386588460104,"fDCMdepth_mp","vera4cast"
2026-05-24,2026-04-25,"P1D","fcre",NA,"ensemble",114,"ChlorophyllMaximum_depth_sample",2.83486776604365,"fDCMdepth_mp","vera4cast"
2026-05-24,2026-04-25,"P1D","fcre",NA,"ensemble",145,"ChlorophyllMaximum_depth_sample",2.53507780668539,"fDCMdepth_mp","vera4cast"
2026-05-25,2026-04-25,"P1D","fcre",NA,"ensemble",21,"ChlorophyllMaximum_depth_sample",4.61288829010418,"fDCMdepth_mp","vera4cast"
2026-05-25,2026-04-25,"P1D","fcre",NA,"ensemble",52,"ChlorophyllMaximum_depth_sample",3.81098267438466,"fDCMdepth_mp","vera4cast"
2026-05-25,2026-04-25,"P1D","fcre",NA,"ensemble",83,"ChlorophyllMaximum_depth_sample",0.0520202942331092,"fDCMdepth_mp","vera4cast"
2026-05-25,2026-04-25,"P1D","fcre",NA,"ensemble",114,"ChlorophyllMaximum_depth_sample",1.97189031400204,"fDCMdepth_mp","vera4cast"
2026-05-25,2026-04-25,"P1D","fcre",NA,"ensemble",145,"ChlorophyllMaximum_depth_sample",0.768153060459623,"fDCMdepth_mp","vera4cast"
2026-05-26,2026-04-25,"P1D","fcre",NA,"ensemble",21,"ChlorophyllMaximum_depth_sample",3.27157450557192,"fDCMdepth_mp","vera4cast"
2026-05-26,2026-04-25,"P1D","fcre",NA,"ensemble",52,"ChlorophyllMaximum_depth_sample",4.29945045373734,"fDCMdepth_mp","vera4cast"
2026-05-26,2026-04-25,"P1D","fcre",NA,"ensemble",83,"ChlorophyllMaximum_depth_sample",1.96089872124253,"fDCMdepth_mp","vera4cast"
2026-05-26,2026-04-25,"P1D","fcre",NA,"ensemble",114,"ChlorophyllMaximum_depth_sample",1.82489574439134,"fDCMdepth_mp","vera4cast"
2026-05-26,2026-04-25,"P1D","fcre",NA,"ensemble",145,"ChlorophyllMaximum_depth_sample",2.40528515288489,"fDCMdepth_mp","vera4cast"
2026-05-27,2026-04-25,"P1D","fcre",NA,"ensemble",21,"ChlorophyllMaximum_depth_sample",5.18892560772978,"fDCMdepth_mp","vera4cast"
2026-05-27,2026-04-25,"P1D","fcre",NA,"ensemble",52,"ChlorophyllMaximum_depth_sample",2.35483800550073,"fDCMdepth_mp","vera4cast"
2026-05-27,2026-04-25,"P1D","fcre",NA,"ensemble",83,"ChlorophyllMaximum_depth_sample",1.80748145720909,"fDCMdepth_mp","vera4cast"
2026-05-27,2026-04-25,"P1D","fcre",NA,"ensemble",114,"ChlorophyllMaximum_depth_sample",4.88821083956703,"fDCMdepth_mp","vera4cast"
2026-05-27,2026-04-25,"P1D","fcre",NA,"ensemble",145,"ChlorophyllMaximum_depth_sample",2.80497533902496,"fDCMdepth_mp","vera4cast"
2026-05-28,2026-04-25,"P1D","fcre",NA,"ensemble",21,"ChlorophyllMaximum_depth_sample",2.82587564616717,"fDCMdepth_mp","vera4cast"
2026-05-28,2026-04-25,"P1D","fcre",NA,"ensemble",52,"ChlorophyllMaximum_depth_sample",5.04528168932585,"fDCMdepth_mp","vera4cast"
2026-05-28,2026-04-25,"P1D","fcre",NA,"ensemble",83,"ChlorophyllMaximum_depth_sample",4.22880481257577,"fDCMdepth_mp","vera4cast"
2026-05-28,2026-04-25,"P1D","fcre",NA,"ensemble",114,"ChlorophyllMaximum_depth_sample",1.06727151742804,"fDCMdepth_mp","vera4cast"
2026-05-28,2026-04-25,"P1D","fcre",NA,"ensemble",145,"ChlorophyllMaximum_depth_sample",0.643080004309331,"fDCMdepth_mp","vera4cast"
2026-05-29,2026-04-25,"P1D","fcre",NA,"ensemble",21,"ChlorophyllMaximum_depth_sample",1.60170354509444,"fDCMdepth_mp","vera4cast"
2026-05-29,2026-04-25,"P1D","fcre",NA,"ensemble",52,"ChlorophyllMaximum_depth_sample",3.52607029642606,"fDCMdepth_mp","vera4cast"
2026-05-29,2026-04-25,"P1D","fcre",NA,"ensemble",83,"ChlorophyllMaximum_depth_sample",0.85525896483677,"fDCMdepth_mp","vera4cast"
2026-05-29,2026-04-25,"P1D","fcre",NA,"ensemble",114,"ChlorophyllMaximum_depth_sample",2.52187738460197,"fDCMdepth_mp","vera4cast"
2026-05-29,2026-04-25,"P1D","fcre",NA,"ensemble",145,"ChlorophyllMaximum_depth_sample",3.76840388698648,"fDCMdepth_mp","vera4cast"
2026-04-26,2026-04-25,"P1D","fcre",NA,"ensemble",22,"ChlorophyllMaximum_depth_sample",3.74329447162046,"fDCMdepth_mp","vera4cast"
2026-04-26,2026-04-25,"P1D","fcre",NA,"ensemble",53,"ChlorophyllMaximum_depth_sample",3.03819757459755,"fDCMdepth_mp","vera4cast"
2026-04-26,2026-04-25,"P1D","fcre",NA,"ensemble",84,"ChlorophyllMaximum_depth_sample",3.16286092973604,"fDCMdepth_mp","vera4cast"
2026-04-26,2026-04-25,"P1D","fcre",NA,"ensemble",115,"ChlorophyllMaximum_depth_sample",3.45350952631645,"fDCMdepth_mp","vera4cast"
2026-04-26,2026-04-25,"P1D","fcre",NA,"ensemble",146,"ChlorophyllMaximum_depth_sample",0.974509624671688,"fDCMdepth_mp","vera4cast"
2026-04-27,2026-04-25,"P1D","fcre",NA,"ensemble",22,"ChlorophyllMaximum_depth_sample",5.58338840229987,"fDCMdepth_mp","vera4cast"
2026-04-27,2026-04-25,"P1D","fcre",NA,"ensemble",53,"ChlorophyllMaximum_depth_sample",3.24172285975372,"fDCMdepth_mp","vera4cast"
2026-04-27,2026-04-25,"P1D","fcre",NA,"ensemble",84,"ChlorophyllMaximum_depth_sample",1.52145998471298,"fDCMdepth_mp","vera4cast"
2026-04-27,2026-04-25,"P1D","fcre",NA,"ensemble",115,"ChlorophyllMaximum_depth_sample",2.31723994616072,"fDCMdepth_mp","vera4cast"
2026-04-27,2026-04-25,"P1D","fcre",NA,"ensemble",146,"ChlorophyllMaximum_depth_sample",2.14132927514312,"fDCMdepth_mp","vera4cast"
2026-04-28,2026-04-25,"P1D","fcre",NA,"ensemble",22,"ChlorophyllMaximum_depth_sample",3.74369761160194,"fDCMdepth_mp","vera4cast"
2026-04-28,2026-04-25,"P1D","fcre",NA,"ensemble",53,"ChlorophyllMaximum_depth_sample",3.03210183737271,"fDCMdepth_mp","vera4cast"
2026-04-28,2026-04-25,"P1D","fcre",NA,"ensemble",84,"ChlorophyllMaximum_depth_sample",3.5645566174271,"fDCMdepth_mp","vera4cast"
2026-04-28,2026-04-25,"P1D","fcre",NA,"ensemble",115,"ChlorophyllMaximum_depth_sample",6.15007929111128,"fDCMdepth_mp","vera4cast"
2026-04-28,2026-04-25,"P1D","fcre",NA,"ensemble",146,"ChlorophyllMaximum_depth_sample",3.85225854780998,"fDCMdepth_mp","vera4cast"
2026-04-29,2026-04-25,"P1D","fcre",NA,"ensemble",22,"ChlorophyllMaximum_depth_sample",5.49248187094768,"fDCMdepth_mp","vera4cast"
2026-04-29,2026-04-25,"P1D","fcre",NA,"ensemble",53,"ChlorophyllMaximum_depth_sample",1.88199580794959,"fDCMdepth_mp","vera4cast"
2026-04-29,2026-04-25,"P1D","fcre",NA,"ensemble",84,"ChlorophyllMaximum_depth_sample",3.03615726173983,"fDCMdepth_mp","vera4cast"
2026-04-29,2026-04-25,"P1D","fcre",NA,"ensemble",115,"ChlorophyllMaximum_depth_sample",0.230742643379476,"fDCMdepth_mp","vera4cast"
2026-04-29,2026-04-25,"P1D","fcre",NA,"ensemble",146,"ChlorophyllMaximum_depth_sample",2.87084194646129,"fDCMdepth_mp","vera4cast"
2026-04-30,2026-04-25,"P1D","fcre",NA,"ensemble",22,"ChlorophyllMaximum_depth_sample",3.48489405053036,"fDCMdepth_mp","vera4cast"
2026-04-30,2026-04-25,"P1D","fcre",NA,"ensemble",53,"ChlorophyllMaximum_depth_sample",1.21629507885226,"fDCMdepth_mp","vera4cast"
2026-04-30,2026-04-25,"P1D","fcre",NA,"ensemble",84,"ChlorophyllMaximum_depth_sample",2.57649104603898,"fDCMdepth_mp","vera4cast"
2026-04-30,2026-04-25,"P1D","fcre",NA,"ensemble",115,"ChlorophyllMaximum_depth_sample",3.26002606256494,"fDCMdepth_mp","vera4cast"
2026-04-30,2026-04-25,"P1D","fcre",NA,"ensemble",146,"ChlorophyllMaximum_depth_sample",5.11680136836843,"fDCMdepth_mp","vera4cast"
2026-05-01,2026-04-25,"P1D","fcre",NA,"ensemble",22,"ChlorophyllMaximum_depth_sample",7.32800663296501,"fDCMdepth_mp","vera4cast"
2026-05-01,2026-04-25,"P1D","fcre",NA,"ensemble",53,"ChlorophyllMaximum_depth_sample",1.24112516627075,"fDCMdepth_mp","vera4cast"
2026-05-01,2026-04-25,"P1D","fcre",NA,"ensemble",84,"ChlorophyllMaximum_depth_sample",3.52688268655707,"fDCMdepth_mp","vera4cast"
2026-05-01,2026-04-25,"P1D","fcre",NA,"ensemble",115,"ChlorophyllMaximum_depth_sample",5.33169020179511,"fDCMdepth_mp","vera4cast"
2026-05-01,2026-04-25,"P1D","fcre",NA,"ensemble",146,"ChlorophyllMaximum_depth_sample",3.46515074899722,"fDCMdepth_mp","vera4cast"
2026-05-02,2026-04-25,"P1D","fcre",NA,"ensemble",22,"ChlorophyllMaximum_depth_sample",1.28693631605248,"fDCMdepth_mp","vera4cast"
2026-05-02,2026-04-25,"P1D","fcre",NA,"ensemble",53,"ChlorophyllMaximum_depth_sample",4.59807000977627,"fDCMdepth_mp","vera4cast"
2026-05-02,2026-04-25,"P1D","fcre",NA,"ensemble",84,"ChlorophyllMaximum_depth_sample",3.83775332789436,"fDCMdepth_mp","vera4cast"
2026-05-02,2026-04-25,"P1D","fcre",NA,"ensemble",115,"ChlorophyllMaximum_depth_sample",1.05636080484357,"fDCMdepth_mp","vera4cast"
2026-05-02,2026-04-25,"P1D","fcre",NA,"ensemble",146,"ChlorophyllMaximum_depth_sample",2.04512797255248,"fDCMdepth_mp","vera4cast"
2026-05-03,2026-04-25,"P1D","fcre",NA,"ensemble",22,"ChlorophyllMaximum_depth_sample",3.15885847088298,"fDCMdepth_mp","vera4cast"
2026-05-03,2026-04-25,"P1D","fcre",NA,"ensemble",53,"ChlorophyllMaximum_depth_sample",4.23799167398554,"fDCMdepth_mp","vera4cast"
2026-05-03,2026-04-25,"P1D","fcre",NA,"ensemble",84,"ChlorophyllMaximum_depth_sample",2.60661662394708,"fDCMdepth_mp","vera4cast"
2026-05-03,2026-04-25,"P1D","fcre",NA,"ensemble",115,"ChlorophyllMaximum_depth_sample",4.04900405032577,"fDCMdepth_mp","vera4cast"
2026-05-03,2026-04-25,"P1D","fcre",NA,"ensemble",146,"ChlorophyllMaximum_depth_sample",2.7103493944748,"fDCMdepth_mp","vera4cast"
2026-05-04,2026-04-25,"P1D","fcre",NA,"ensemble",22,"ChlorophyllMaximum_depth_sample",1.79639492407751,"fDCMdepth_mp","vera4cast"
2026-05-04,2026-04-25,"P1D","fcre",NA,"ensemble",53,"ChlorophyllMaximum_depth_sample",3.68249488913736,"fDCMdepth_mp","vera4cast"
2026-05-04,2026-04-25,"P1D","fcre",NA,"ensemble",84,"ChlorophyllMaximum_depth_sample",1.81093240593077,"fDCMdepth_mp","vera4cast"
2026-05-04,2026-04-25,"P1D","fcre",NA,"ensemble",115,"ChlorophyllMaximum_depth_sample",2.04922999195998,"fDCMdepth_mp","vera4cast"
2026-05-04,2026-04-25,"P1D","fcre",NA,"ensemble",146,"ChlorophyllMaximum_depth_sample",0.979680330334674,"fDCMdepth_mp","vera4cast"
2026-05-05,2026-04-25,"P1D","fcre",NA,"ensemble",22,"ChlorophyllMaximum_depth_sample",2.7666559717525,"fDCMdepth_mp","vera4cast"
2026-05-05,2026-04-25,"P1D","fcre",NA,"ensemble",53,"ChlorophyllMaximum_depth_sample",3.19539662599922,"fDCMdepth_mp","vera4cast"
2026-05-05,2026-04-25,"P1D","fcre",NA,"ensemble",84,"ChlorophyllMaximum_depth_sample",0.695638952927545,"fDCMdepth_mp","vera4cast"
2026-05-05,2026-04-25,"P1D","fcre",NA,"ensemble",115,"ChlorophyllMaximum_depth_sample",3.2068967471219,"fDCMdepth_mp","vera4cast"
2026-05-05,2026-04-25,"P1D","fcre",NA,"ensemble",146,"ChlorophyllMaximum_depth_sample",3.36807256172391,"fDCMdepth_mp","vera4cast"
2026-05-06,2026-04-25,"P1D","fcre",NA,"ensemble",22,"ChlorophyllMaximum_depth_sample",2.02352475071684,"fDCMdepth_mp","vera4cast"
2026-05-06,2026-04-25,"P1D","fcre",NA,"ensemble",53,"ChlorophyllMaximum_depth_sample",1.54369489349382,"fDCMdepth_mp","vera4cast"
2026-05-06,2026-04-25,"P1D","fcre",NA,"ensemble",84,"ChlorophyllMaximum_depth_sample",3.30323619070344,"fDCMdepth_mp","vera4cast"
2026-05-06,2026-04-25,"P1D","fcre",NA,"ensemble",115,"ChlorophyllMaximum_depth_sample",3.04879090408476,"fDCMdepth_mp","vera4cast"
2026-05-06,2026-04-25,"P1D","fcre",NA,"ensemble",146,"ChlorophyllMaximum_depth_sample",2.30805822475826,"fDCMdepth_mp","vera4cast"
2026-05-07,2026-04-25,"P1D","fcre",NA,"ensemble",22,"ChlorophyllMaximum_depth_sample",3.06543471802029,"fDCMdepth_mp","vera4cast"
2026-05-07,2026-04-25,"P1D","fcre",NA,"ensemble",53,"ChlorophyllMaximum_depth_sample",0.188552284680318,"fDCMdepth_mp","vera4cast"
2026-05-07,2026-04-25,"P1D","fcre",NA,"ensemble",84,"ChlorophyllMaximum_depth_sample",1.65422337458825,"fDCMdepth_mp","vera4cast"
2026-05-07,2026-04-25,"P1D","fcre",NA,"ensemble",115,"ChlorophyllMaximum_depth_sample",3.25601932545359,"fDCMdepth_mp","vera4cast"
2026-05-07,2026-04-25,"P1D","fcre",NA,"ensemble",146,"ChlorophyllMaximum_depth_sample",2.13597630627504,"fDCMdepth_mp","vera4cast"
2026-05-08,2026-04-25,"P1D","fcre",NA,"ensemble",22,"ChlorophyllMaximum_depth_sample",4.01171555740982,"fDCMdepth_mp","vera4cast"
2026-05-08,2026-04-25,"P1D","fcre",NA,"ensemble",53,"ChlorophyllMaximum_depth_sample",0.972462389266276,"fDCMdepth_mp","vera4cast"
2026-05-08,2026-04-25,"P1D","fcre",NA,"ensemble",84,"ChlorophyllMaximum_depth_sample",0.627841028866616,"fDCMdepth_mp","vera4cast"
2026-05-08,2026-04-25,"P1D","fcre",NA,"ensemble",115,"ChlorophyllMaximum_depth_sample",-0.346074069164515,"fDCMdepth_mp","vera4cast"
2026-05-08,2026-04-25,"P1D","fcre",NA,"ensemble",146,"ChlorophyllMaximum_depth_sample",2.02618651168372,"fDCMdepth_mp","vera4cast"
2026-05-09,2026-04-25,"P1D","fcre",NA,"ensemble",22,"ChlorophyllMaximum_depth_sample",2.81850344271299,"fDCMdepth_mp","vera4cast"
2026-05-09,2026-04-25,"P1D","fcre",NA,"ensemble",53,"ChlorophyllMaximum_depth_sample",3.98557439133258,"fDCMdepth_mp","vera4cast"
2026-05-09,2026-04-25,"P1D","fcre",NA,"ensemble",84,"ChlorophyllMaximum_depth_sample",1.42945707765041,"fDCMdepth_mp","vera4cast"
2026-05-09,2026-04-25,"P1D","fcre",NA,"ensemble",115,"ChlorophyllMaximum_depth_sample",2.51682529273234,"fDCMdepth_mp","vera4cast"
2026-05-09,2026-04-25,"P1D","fcre",NA,"ensemble",146,"ChlorophyllMaximum_depth_sample",1.19236462877041,"fDCMdepth_mp","vera4cast"
2026-05-10,2026-04-25,"P1D","fcre",NA,"ensemble",22,"ChlorophyllMaximum_depth_sample",4.46059570697999,"fDCMdepth_mp","vera4cast"
2026-05-10,2026-04-25,"P1D","fcre",NA,"ensemble",53,"ChlorophyllMaximum_depth_sample",2.9566148389591,"fDCMdepth_mp","vera4cast"
2026-05-10,2026-04-25,"P1D","fcre",NA,"ensemble",84,"ChlorophyllMaximum_depth_sample",4.82692141677395,"fDCMdepth_mp","vera4cast"
2026-05-10,2026-04-25,"P1D","fcre",NA,"ensemble",115,"ChlorophyllMaximum_depth_sample",3.15582686967962,"fDCMdepth_mp","vera4cast"
2026-05-10,2026-04-25,"P1D","fcre",NA,"ensemble",146,"ChlorophyllMaximum_depth_sample",4.04969657739731,"fDCMdepth_mp","vera4cast"
2026-05-11,2026-04-25,"P1D","fcre",NA,"ensemble",22,"ChlorophyllMaximum_depth_sample",2.57577501287616,"fDCMdepth_mp","vera4cast"
2026-05-11,2026-04-25,"P1D","fcre",NA,"ensemble",53,"ChlorophyllMaximum_depth_sample",3.22503170704253,"fDCMdepth_mp","vera4cast"
2026-05-11,2026-04-25,"P1D","fcre",NA,"ensemble",84,"ChlorophyllMaximum_depth_sample",3.92368166075191,"fDCMdepth_mp","vera4cast"
2026-05-11,2026-04-25,"P1D","fcre",NA,"ensemble",115,"ChlorophyllMaximum_depth_sample",1.46577697965441,"fDCMdepth_mp","vera4cast"
2026-05-11,2026-04-25,"P1D","fcre",NA,"ensemble",146,"ChlorophyllMaximum_depth_sample",1.99395713766198,"fDCMdepth_mp","vera4cast"
2026-05-12,2026-04-25,"P1D","fcre",NA,"ensemble",22,"ChlorophyllMaximum_depth_sample",2.71025302129854,"fDCMdepth_mp","vera4cast"
2026-05-12,2026-04-25,"P1D","fcre",NA,"ensemble",53,"ChlorophyllMaximum_depth_sample",2.81205919939425,"fDCMdepth_mp","vera4cast"
2026-05-12,2026-04-25,"P1D","fcre",NA,"ensemble",84,"ChlorophyllMaximum_depth_sample",1.09691512503041,"fDCMdepth_mp","vera4cast"
2026-05-12,2026-04-25,"P1D","fcre",NA,"ensemble",115,"ChlorophyllMaximum_depth_sample",3.38242029504369,"fDCMdepth_mp","vera4cast"
2026-05-12,2026-04-25,"P1D","fcre",NA,"ensemble",146,"ChlorophyllMaximum_depth_sample",1.06419621961458,"fDCMdepth_mp","vera4cast"
2026-05-13,2026-04-25,"P1D","fcre",NA,"ensemble",22,"ChlorophyllMaximum_depth_sample",2.60963721374903,"fDCMdepth_mp","vera4cast"
2026-05-13,2026-04-25,"P1D","fcre",NA,"ensemble",53,"ChlorophyllMaximum_depth_sample",2.20473501310547,"fDCMdepth_mp","vera4cast"
2026-05-13,2026-04-25,"P1D","fcre",NA,"ensemble",84,"ChlorophyllMaximum_depth_sample",1.26614684801342,"fDCMdepth_mp","vera4cast"
2026-05-13,2026-04-25,"P1D","fcre",NA,"ensemble",115,"ChlorophyllMaximum_depth_sample",5.99860442582537,"fDCMdepth_mp","vera4cast"
2026-05-13,2026-04-25,"P1D","fcre",NA,"ensemble",146,"ChlorophyllMaximum_depth_sample",5.1044207057163,"fDCMdepth_mp","vera4cast"
2026-05-14,2026-04-25,"P1D","fcre",NA,"ensemble",22,"ChlorophyllMaximum_depth_sample",2.69945181695538,"fDCMdepth_mp","vera4cast"
2026-05-14,2026-04-25,"P1D","fcre",NA,"ensemble",53,"ChlorophyllMaximum_depth_sample",5.05665042904701,"fDCMdepth_mp","vera4cast"
2026-05-14,2026-04-25,"P1D","fcre",NA,"ensemble",84,"ChlorophyllMaximum_depth_sample",1.54807608948343,"fDCMdepth_mp","vera4cast"
2026-05-14,2026-04-25,"P1D","fcre",NA,"ensemble",115,"ChlorophyllMaximum_depth_sample",6.18308190971725,"fDCMdepth_mp","vera4cast"
2026-05-14,2026-04-25,"P1D","fcre",NA,"ensemble",146,"ChlorophyllMaximum_depth_sample",3.17685918572449,"fDCMdepth_mp","vera4cast"
2026-05-15,2026-04-25,"P1D","fcre",NA,"ensemble",22,"ChlorophyllMaximum_depth_sample",1.5504884701098,"fDCMdepth_mp","vera4cast"
2026-05-15,2026-04-25,"P1D","fcre",NA,"ensemble",53,"ChlorophyllMaximum_depth_sample",5.29772421483614,"fDCMdepth_mp","vera4cast"
2026-05-15,2026-04-25,"P1D","fcre",NA,"ensemble",84,"ChlorophyllMaximum_depth_sample",3.37081700632611,"fDCMdepth_mp","vera4cast"
2026-05-15,2026-04-25,"P1D","fcre",NA,"ensemble",115,"ChlorophyllMaximum_depth_sample",3.57416524709085,"fDCMdepth_mp","vera4cast"
2026-05-15,2026-04-25,"P1D","fcre",NA,"ensemble",146,"ChlorophyllMaximum_depth_sample",6.19272690977714,"fDCMdepth_mp","vera4cast"
2026-05-16,2026-04-25,"P1D","fcre",NA,"ensemble",22,"ChlorophyllMaximum_depth_sample",1.24453964654384,"fDCMdepth_mp","vera4cast"
2026-05-16,2026-04-25,"P1D","fcre",NA,"ensemble",53,"ChlorophyllMaximum_depth_sample",3.61045226911583,"fDCMdepth_mp","vera4cast"
2026-05-16,2026-04-25,"P1D","fcre",NA,"ensemble",84,"ChlorophyllMaximum_depth_sample",2.9659526434193,"fDCMdepth_mp","vera4cast"
2026-05-16,2026-04-25,"P1D","fcre",NA,"ensemble",115,"ChlorophyllMaximum_depth_sample",3.78993060151698,"fDCMdepth_mp","vera4cast"
2026-05-16,2026-04-25,"P1D","fcre",NA,"ensemble",146,"ChlorophyllMaximum_depth_sample",2.11953916491763,"fDCMdepth_mp","vera4cast"
2026-05-17,2026-04-25,"P1D","fcre",NA,"ensemble",22,"ChlorophyllMaximum_depth_sample",3.6367417474359,"fDCMdepth_mp","vera4cast"
2026-05-17,2026-04-25,"P1D","fcre",NA,"ensemble",53,"ChlorophyllMaximum_depth_sample",1.88622470065539,"fDCMdepth_mp","vera4cast"
2026-05-17,2026-04-25,"P1D","fcre",NA,"ensemble",84,"ChlorophyllMaximum_depth_sample",2.53547708672267,"fDCMdepth_mp","vera4cast"
2026-05-17,2026-04-25,"P1D","fcre",NA,"ensemble",115,"ChlorophyllMaximum_depth_sample",3.74892135732147,"fDCMdepth_mp","vera4cast"
2026-05-17,2026-04-25,"P1D","fcre",NA,"ensemble",146,"ChlorophyllMaximum_depth_sample",3.58756558443002,"fDCMdepth_mp","vera4cast"
2026-05-18,2026-04-25,"P1D","fcre",NA,"ensemble",22,"ChlorophyllMaximum_depth_sample",3.20435406554688,"fDCMdepth_mp","vera4cast"
2026-05-18,2026-04-25,"P1D","fcre",NA,"ensemble",53,"ChlorophyllMaximum_depth_sample",5.53014627924486,"fDCMdepth_mp","vera4cast"
2026-05-18,2026-04-25,"P1D","fcre",NA,"ensemble",84,"ChlorophyllMaximum_depth_sample",5.35997452219745,"fDCMdepth_mp","vera4cast"
2026-05-18,2026-04-25,"P1D","fcre",NA,"ensemble",115,"ChlorophyllMaximum_depth_sample",5.85515761231743,"fDCMdepth_mp","vera4cast"
2026-05-18,2026-04-25,"P1D","fcre",NA,"ensemble",146,"ChlorophyllMaximum_depth_sample",4.23537016614122,"fDCMdepth_mp","vera4cast"
2026-05-19,2026-04-25,"P1D","fcre",NA,"ensemble",22,"ChlorophyllMaximum_depth_sample",3.78129015890773,"fDCMdepth_mp","vera4cast"
2026-05-19,2026-04-25,"P1D","fcre",NA,"ensemble",53,"ChlorophyllMaximum_depth_sample",3.94548041507814,"fDCMdepth_mp","vera4cast"
2026-05-19,2026-04-25,"P1D","fcre",NA,"ensemble",84,"ChlorophyllMaximum_depth_sample",4.8783689881229,"fDCMdepth_mp","vera4cast"
2026-05-19,2026-04-25,"P1D","fcre",NA,"ensemble",115,"ChlorophyllMaximum_depth_sample",1.54725740896299,"fDCMdepth_mp","vera4cast"
2026-05-19,2026-04-25,"P1D","fcre",NA,"ensemble",146,"ChlorophyllMaximum_depth_sample",4.82292519804807,"fDCMdepth_mp","vera4cast"
2026-05-20,2026-04-25,"P1D","fcre",NA,"ensemble",22,"ChlorophyllMaximum_depth_sample",3.44687745531357,"fDCMdepth_mp","vera4cast"
2026-05-20,2026-04-25,"P1D","fcre",NA,"ensemble",53,"ChlorophyllMaximum_depth_sample",4.23001193336586,"fDCMdepth_mp","vera4cast"
2026-05-20,2026-04-25,"P1D","fcre",NA,"ensemble",84,"ChlorophyllMaximum_depth_sample",2.25842928217984,"fDCMdepth_mp","vera4cast"
2026-05-20,2026-04-25,"P1D","fcre",NA,"ensemble",115,"ChlorophyllMaximum_depth_sample",3.65799889264786,"fDCMdepth_mp","vera4cast"
2026-05-20,2026-04-25,"P1D","fcre",NA,"ensemble",146,"ChlorophyllMaximum_depth_sample",3.79729010172163,"fDCMdepth_mp","vera4cast"
2026-05-21,2026-04-25,"P1D","fcre",NA,"ensemble",22,"ChlorophyllMaximum_depth_sample",3.65241900439964,"fDCMdepth_mp","vera4cast"
2026-05-21,2026-04-25,"P1D","fcre",NA,"ensemble",53,"ChlorophyllMaximum_depth_sample",1.97563999226611,"fDCMdepth_mp","vera4cast"
2026-05-21,2026-04-25,"P1D","fcre",NA,"ensemble",84,"ChlorophyllMaximum_depth_sample",2.44940717429975,"fDCMdepth_mp","vera4cast"
2026-05-21,2026-04-25,"P1D","fcre",NA,"ensemble",115,"ChlorophyllMaximum_depth_sample",2.34204261858973,"fDCMdepth_mp","vera4cast"
2026-05-21,2026-04-25,"P1D","fcre",NA,"ensemble",146,"ChlorophyllMaximum_depth_sample",-0.628350600371148,"fDCMdepth_mp","vera4cast"
2026-05-22,2026-04-25,"P1D","fcre",NA,"ensemble",22,"ChlorophyllMaximum_depth_sample",1.1943762882287,"fDCMdepth_mp","vera4cast"
2026-05-22,2026-04-25,"P1D","fcre",NA,"ensemble",53,"ChlorophyllMaximum_depth_sample",3.83346158751755,"fDCMdepth_mp","vera4cast"
2026-05-22,2026-04-25,"P1D","fcre",NA,"ensemble",84,"ChlorophyllMaximum_depth_sample",6.19877975258435,"fDCMdepth_mp","vera4cast"
2026-05-22,2026-04-25,"P1D","fcre",NA,"ensemble",115,"ChlorophyllMaximum_depth_sample",3.87661280139639,"fDCMdepth_mp","vera4cast"
2026-05-22,2026-04-25,"P1D","fcre",NA,"ensemble",146,"ChlorophyllMaximum_depth_sample",2.00522937864464,"fDCMdepth_mp","vera4cast"
2026-05-23,2026-04-25,"P1D","fcre",NA,"ensemble",22,"ChlorophyllMaximum_depth_sample",3.66161263442349,"fDCMdepth_mp","vera4cast"
2026-05-23,2026-04-25,"P1D","fcre",NA,"ensemble",53,"ChlorophyllMaximum_depth_sample",4.0367406570898,"fDCMdepth_mp","vera4cast"
2026-05-23,2026-04-25,"P1D","fcre",NA,"ensemble",84,"ChlorophyllMaximum_depth_sample",3.68765977617199,"fDCMdepth_mp","vera4cast"
2026-05-23,2026-04-25,"P1D","fcre",NA,"ensemble",115,"ChlorophyllMaximum_depth_sample",3.02669612704671,"fDCMdepth_mp","vera4cast"
2026-05-23,2026-04-25,"P1D","fcre",NA,"ensemble",146,"ChlorophyllMaximum_depth_sample",-0.150873047853535,"fDCMdepth_mp","vera4cast"
2026-05-24,2026-04-25,"P1D","fcre",NA,"ensemble",22,"ChlorophyllMaximum_depth_sample",2.25895934092511,"fDCMdepth_mp","vera4cast"
2026-05-24,2026-04-25,"P1D","fcre",NA,"ensemble",53,"ChlorophyllMaximum_depth_sample",2.16290972727033,"fDCMdepth_mp","vera4cast"
2026-05-24,2026-04-25,"P1D","fcre",NA,"ensemble",84,"ChlorophyllMaximum_depth_sample",1.96168963022865,"fDCMdepth_mp","vera4cast"
2026-05-24,2026-04-25,"P1D","fcre",NA,"ensemble",115,"ChlorophyllMaximum_depth_sample",2.13170896385634,"fDCMdepth_mp","vera4cast"
2026-05-24,2026-04-25,"P1D","fcre",NA,"ensemble",146,"ChlorophyllMaximum_depth_sample",1.51675049778625,"fDCMdepth_mp","vera4cast"
2026-05-25,2026-04-25,"P1D","fcre",NA,"ensemble",22,"ChlorophyllMaximum_depth_sample",2.37407075937849,"fDCMdepth_mp","vera4cast"
2026-05-25,2026-04-25,"P1D","fcre",NA,"ensemble",53,"ChlorophyllMaximum_depth_sample",4.36787432187122,"fDCMdepth_mp","vera4cast"
2026-05-25,2026-04-25,"P1D","fcre",NA,"ensemble",84,"ChlorophyllMaximum_depth_sample",3.11526438225086,"fDCMdepth_mp","vera4cast"
2026-05-25,2026-04-25,"P1D","fcre",NA,"ensemble",115,"ChlorophyllMaximum_depth_sample",1.03929674257643,"fDCMdepth_mp","vera4cast"
2026-05-25,2026-04-25,"P1D","fcre",NA,"ensemble",146,"ChlorophyllMaximum_depth_sample",5.29958717174373,"fDCMdepth_mp","vera4cast"
2026-05-26,2026-04-25,"P1D","fcre",NA,"ensemble",22,"ChlorophyllMaximum_depth_sample",2.5838599136164,"fDCMdepth_mp","vera4cast"
2026-05-26,2026-04-25,"P1D","fcre",NA,"ensemble",53,"ChlorophyllMaximum_depth_sample",-0.350412155954945,"fDCMdepth_mp","vera4cast"
2026-05-26,2026-04-25,"P1D","fcre",NA,"ensemble",84,"ChlorophyllMaximum_depth_sample",3.45470875991966,"fDCMdepth_mp","vera4cast"
2026-05-26,2026-04-25,"P1D","fcre",NA,"ensemble",115,"ChlorophyllMaximum_depth_sample",4.55285169402862,"fDCMdepth_mp","vera4cast"
2026-05-26,2026-04-25,"P1D","fcre",NA,"ensemble",146,"ChlorophyllMaximum_depth_sample",2.6708030764347,"fDCMdepth_mp","vera4cast"
2026-05-27,2026-04-25,"P1D","fcre",NA,"ensemble",22,"ChlorophyllMaximum_depth_sample",3.45267490291392,"fDCMdepth_mp","vera4cast"
2026-05-27,2026-04-25,"P1D","fcre",NA,"ensemble",53,"ChlorophyllMaximum_depth_sample",0.440525674197115,"fDCMdepth_mp","vera4cast"
2026-05-27,2026-04-25,"P1D","fcre",NA,"ensemble",84,"ChlorophyllMaximum_depth_sample",4.24228723601652,"fDCMdepth_mp","vera4cast"
2026-05-27,2026-04-25,"P1D","fcre",NA,"ensemble",115,"ChlorophyllMaximum_depth_sample",4.08645729001855,"fDCMdepth_mp","vera4cast"
2026-05-27,2026-04-25,"P1D","fcre",NA,"ensemble",146,"ChlorophyllMaximum_depth_sample",2.93765467413842,"fDCMdepth_mp","vera4cast"
2026-05-28,2026-04-25,"P1D","fcre",NA,"ensemble",22,"ChlorophyllMaximum_depth_sample",2.15094025079297,"fDCMdepth_mp","vera4cast"
2026-05-28,2026-04-25,"P1D","fcre",NA,"ensemble",53,"ChlorophyllMaximum_depth_sample",5.58723110684671,"fDCMdepth_mp","vera4cast"
2026-05-28,2026-04-25,"P1D","fcre",NA,"ensemble",84,"ChlorophyllMaximum_depth_sample",2.40096561887718,"fDCMdepth_mp","vera4cast"
2026-05-28,2026-04-25,"P1D","fcre",NA,"ensemble",115,"ChlorophyllMaximum_depth_sample",1.29653927719711,"fDCMdepth_mp","vera4cast"
2026-05-28,2026-04-25,"P1D","fcre",NA,"ensemble",146,"ChlorophyllMaximum_depth_sample",2.80003418002846,"fDCMdepth_mp","vera4cast"
2026-05-29,2026-04-25,"P1D","fcre",NA,"ensemble",22,"ChlorophyllMaximum_depth_sample",1.87140282546912,"fDCMdepth_mp","vera4cast"
2026-05-29,2026-04-25,"P1D","fcre",NA,"ensemble",53,"ChlorophyllMaximum_depth_sample",2.31259778509745,"fDCMdepth_mp","vera4cast"
2026-05-29,2026-04-25,"P1D","fcre",NA,"ensemble",84,"ChlorophyllMaximum_depth_sample",4.42338172524854,"fDCMdepth_mp","vera4cast"
2026-05-29,2026-04-25,"P1D","fcre",NA,"ensemble",115,"ChlorophyllMaximum_depth_sample",3.6404667921357,"fDCMdepth_mp","vera4cast"
2026-05-29,2026-04-25,"P1D","fcre",NA,"ensemble",146,"ChlorophyllMaximum_depth_sample",4.32773536291283,"fDCMdepth_mp","vera4cast"
2026-04-26,2026-04-25,"P1D","fcre",NA,"ensemble",23,"ChlorophyllMaximum_depth_sample",2.13697043350512,"fDCMdepth_mp","vera4cast"
2026-04-26,2026-04-25,"P1D","fcre",NA,"ensemble",54,"ChlorophyllMaximum_depth_sample",3.12378152361628,"fDCMdepth_mp","vera4cast"
2026-04-26,2026-04-25,"P1D","fcre",NA,"ensemble",85,"ChlorophyllMaximum_depth_sample",2.44559974508949,"fDCMdepth_mp","vera4cast"
2026-04-26,2026-04-25,"P1D","fcre",NA,"ensemble",116,"ChlorophyllMaximum_depth_sample",2.50989941200929,"fDCMdepth_mp","vera4cast"
2026-04-26,2026-04-25,"P1D","fcre",NA,"ensemble",147,"ChlorophyllMaximum_depth_sample",4.10094382809182,"fDCMdepth_mp","vera4cast"
2026-04-27,2026-04-25,"P1D","fcre",NA,"ensemble",23,"ChlorophyllMaximum_depth_sample",5.4244714557133,"fDCMdepth_mp","vera4cast"
2026-04-27,2026-04-25,"P1D","fcre",NA,"ensemble",54,"ChlorophyllMaximum_depth_sample",1.335409674398,"fDCMdepth_mp","vera4cast"
2026-04-27,2026-04-25,"P1D","fcre",NA,"ensemble",85,"ChlorophyllMaximum_depth_sample",3.90061607326835,"fDCMdepth_mp","vera4cast"
2026-04-27,2026-04-25,"P1D","fcre",NA,"ensemble",116,"ChlorophyllMaximum_depth_sample",2.98256908353663,"fDCMdepth_mp","vera4cast"
2026-04-27,2026-04-25,"P1D","fcre",NA,"ensemble",147,"ChlorophyllMaximum_depth_sample",2.60787744683947,"fDCMdepth_mp","vera4cast"
2026-04-28,2026-04-25,"P1D","fcre",NA,"ensemble",23,"ChlorophyllMaximum_depth_sample",4.43452266368296,"fDCMdepth_mp","vera4cast"
2026-04-28,2026-04-25,"P1D","fcre",NA,"ensemble",54,"ChlorophyllMaximum_depth_sample",2.81898215832362,"fDCMdepth_mp","vera4cast"
2026-04-28,2026-04-25,"P1D","fcre",NA,"ensemble",85,"ChlorophyllMaximum_depth_sample",2.58604127924536,"fDCMdepth_mp","vera4cast"
2026-04-28,2026-04-25,"P1D","fcre",NA,"ensemble",116,"ChlorophyllMaximum_depth_sample",4.06148175271755,"fDCMdepth_mp","vera4cast"
2026-04-28,2026-04-25,"P1D","fcre",NA,"ensemble",147,"ChlorophyllMaximum_depth_sample",3.43113161553655,"fDCMdepth_mp","vera4cast"
2026-04-29,2026-04-25,"P1D","fcre",NA,"ensemble",23,"ChlorophyllMaximum_depth_sample",3.48669416086929,"fDCMdepth_mp","vera4cast"
2026-04-29,2026-04-25,"P1D","fcre",NA,"ensemble",54,"ChlorophyllMaximum_depth_sample",2.89427828880604,"fDCMdepth_mp","vera4cast"
2026-04-29,2026-04-25,"P1D","fcre",NA,"ensemble",85,"ChlorophyllMaximum_depth_sample",4.65332340009829,"fDCMdepth_mp","vera4cast"
2026-04-29,2026-04-25,"P1D","fcre",NA,"ensemble",116,"ChlorophyllMaximum_depth_sample",2.36275511523616,"fDCMdepth_mp","vera4cast"
2026-04-29,2026-04-25,"P1D","fcre",NA,"ensemble",147,"ChlorophyllMaximum_depth_sample",2.26912916791939,"fDCMdepth_mp","vera4cast"
2026-04-30,2026-04-25,"P1D","fcre",NA,"ensemble",23,"ChlorophyllMaximum_depth_sample",3.65048870532103,"fDCMdepth_mp","vera4cast"
2026-04-30,2026-04-25,"P1D","fcre",NA,"ensemble",54,"ChlorophyllMaximum_depth_sample",5.28780065063145,"fDCMdepth_mp","vera4cast"
2026-04-30,2026-04-25,"P1D","fcre",NA,"ensemble",85,"ChlorophyllMaximum_depth_sample",3.95855155911934,"fDCMdepth_mp","vera4cast"
2026-04-30,2026-04-25,"P1D","fcre",NA,"ensemble",116,"ChlorophyllMaximum_depth_sample",2.77019910496308,"fDCMdepth_mp","vera4cast"
2026-04-30,2026-04-25,"P1D","fcre",NA,"ensemble",147,"ChlorophyllMaximum_depth_sample",0.880899005639007,"fDCMdepth_mp","vera4cast"
2026-05-01,2026-04-25,"P1D","fcre",NA,"ensemble",23,"ChlorophyllMaximum_depth_sample",4.65423301480432,"fDCMdepth_mp","vera4cast"
2026-05-01,2026-04-25,"P1D","fcre",NA,"ensemble",54,"ChlorophyllMaximum_depth_sample",2.8389933184247,"fDCMdepth_mp","vera4cast"
2026-05-01,2026-04-25,"P1D","fcre",NA,"ensemble",85,"ChlorophyllMaximum_depth_sample",4.12343936867985,"fDCMdepth_mp","vera4cast"
2026-05-01,2026-04-25,"P1D","fcre",NA,"ensemble",116,"ChlorophyllMaximum_depth_sample",2.29690175724605,"fDCMdepth_mp","vera4cast"
2026-05-01,2026-04-25,"P1D","fcre",NA,"ensemble",147,"ChlorophyllMaximum_depth_sample",1.4703102824311,"fDCMdepth_mp","vera4cast"
2026-05-02,2026-04-25,"P1D","fcre",NA,"ensemble",23,"ChlorophyllMaximum_depth_sample",2.60900966994343,"fDCMdepth_mp","vera4cast"
2026-05-02,2026-04-25,"P1D","fcre",NA,"ensemble",54,"ChlorophyllMaximum_depth_sample",4.02253693268194,"fDCMdepth_mp","vera4cast"
2026-05-02,2026-04-25,"P1D","fcre",NA,"ensemble",85,"ChlorophyllMaximum_depth_sample",6.46910186942879,"fDCMdepth_mp","vera4cast"
2026-05-02,2026-04-25,"P1D","fcre",NA,"ensemble",116,"ChlorophyllMaximum_depth_sample",2.78026585825497,"fDCMdepth_mp","vera4cast"
2026-05-02,2026-04-25,"P1D","fcre",NA,"ensemble",147,"ChlorophyllMaximum_depth_sample",2.89504072804259,"fDCMdepth_mp","vera4cast"
2026-05-03,2026-04-25,"P1D","fcre",NA,"ensemble",23,"ChlorophyllMaximum_depth_sample",3.83451656376518,"fDCMdepth_mp","vera4cast"
2026-05-03,2026-04-25,"P1D","fcre",NA,"ensemble",54,"ChlorophyllMaximum_depth_sample",3.79235500063437,"fDCMdepth_mp","vera4cast"
2026-05-03,2026-04-25,"P1D","fcre",NA,"ensemble",85,"ChlorophyllMaximum_depth_sample",1.14092591249767,"fDCMdepth_mp","vera4cast"
2026-05-03,2026-04-25,"P1D","fcre",NA,"ensemble",116,"ChlorophyllMaximum_depth_sample",3.97698290360477,"fDCMdepth_mp","vera4cast"
2026-05-03,2026-04-25,"P1D","fcre",NA,"ensemble",147,"ChlorophyllMaximum_depth_sample",0.928222741170702,"fDCMdepth_mp","vera4cast"
2026-05-04,2026-04-25,"P1D","fcre",NA,"ensemble",23,"ChlorophyllMaximum_depth_sample",2.70215600661234,"fDCMdepth_mp","vera4cast"
2026-05-04,2026-04-25,"P1D","fcre",NA,"ensemble",54,"ChlorophyllMaximum_depth_sample",3.10472365087625,"fDCMdepth_mp","vera4cast"
2026-05-04,2026-04-25,"P1D","fcre",NA,"ensemble",85,"ChlorophyllMaximum_depth_sample",5.21064296317941,"fDCMdepth_mp","vera4cast"
2026-05-04,2026-04-25,"P1D","fcre",NA,"ensemble",116,"ChlorophyllMaximum_depth_sample",1.71166420403445,"fDCMdepth_mp","vera4cast"
2026-05-04,2026-04-25,"P1D","fcre",NA,"ensemble",147,"ChlorophyllMaximum_depth_sample",2.77575973169284,"fDCMdepth_mp","vera4cast"
2026-05-05,2026-04-25,"P1D","fcre",NA,"ensemble",23,"ChlorophyllMaximum_depth_sample",3.57911489278792,"fDCMdepth_mp","vera4cast"
2026-05-05,2026-04-25,"P1D","fcre",NA,"ensemble",54,"ChlorophyllMaximum_depth_sample",5.20275903223257,"fDCMdepth_mp","vera4cast"
2026-05-05,2026-04-25,"P1D","fcre",NA,"ensemble",85,"ChlorophyllMaximum_depth_sample",0.857252123489888,"fDCMdepth_mp","vera4cast"
2026-05-05,2026-04-25,"P1D","fcre",NA,"ensemble",116,"ChlorophyllMaximum_depth_sample",3.72323212012488,"fDCMdepth_mp","vera4cast"
2026-05-05,2026-04-25,"P1D","fcre",NA,"ensemble",147,"ChlorophyllMaximum_depth_sample",2.81665127416511,"fDCMdepth_mp","vera4cast"
2026-05-06,2026-04-25,"P1D","fcre",NA,"ensemble",23,"ChlorophyllMaximum_depth_sample",2.85941955609717,"fDCMdepth_mp","vera4cast"
2026-05-06,2026-04-25,"P1D","fcre",NA,"ensemble",54,"ChlorophyllMaximum_depth_sample",2.10833734533738,"fDCMdepth_mp","vera4cast"
2026-05-06,2026-04-25,"P1D","fcre",NA,"ensemble",85,"ChlorophyllMaximum_depth_sample",1.4236261582824,"fDCMdepth_mp","vera4cast"
2026-05-06,2026-04-25,"P1D","fcre",NA,"ensemble",116,"ChlorophyllMaximum_depth_sample",4.58751191313448,"fDCMdepth_mp","vera4cast"
2026-05-06,2026-04-25,"P1D","fcre",NA,"ensemble",147,"ChlorophyllMaximum_depth_sample",1.05853317973466,"fDCMdepth_mp","vera4cast"
2026-05-07,2026-04-25,"P1D","fcre",NA,"ensemble",23,"ChlorophyllMaximum_depth_sample",3.48327018117951,"fDCMdepth_mp","vera4cast"
2026-05-07,2026-04-25,"P1D","fcre",NA,"ensemble",54,"ChlorophyllMaximum_depth_sample",1.56782034722922,"fDCMdepth_mp","vera4cast"
2026-05-07,2026-04-25,"P1D","fcre",NA,"ensemble",85,"ChlorophyllMaximum_depth_sample",1.50355905578679,"fDCMdepth_mp","vera4cast"
2026-05-07,2026-04-25,"P1D","fcre",NA,"ensemble",116,"ChlorophyllMaximum_depth_sample",3.93320624289461,"fDCMdepth_mp","vera4cast"
2026-05-07,2026-04-25,"P1D","fcre",NA,"ensemble",147,"ChlorophyllMaximum_depth_sample",2.33734370113513,"fDCMdepth_mp","vera4cast"
2026-05-08,2026-04-25,"P1D","fcre",NA,"ensemble",23,"ChlorophyllMaximum_depth_sample",1.93200902370059,"fDCMdepth_mp","vera4cast"
2026-05-08,2026-04-25,"P1D","fcre",NA,"ensemble",54,"ChlorophyllMaximum_depth_sample",0.714732036657459,"fDCMdepth_mp","vera4cast"
2026-05-08,2026-04-25,"P1D","fcre",NA,"ensemble",85,"ChlorophyllMaximum_depth_sample",1.84591656695121,"fDCMdepth_mp","vera4cast"
2026-05-08,2026-04-25,"P1D","fcre",NA,"ensemble",116,"ChlorophyllMaximum_depth_sample",1.22349970750253,"fDCMdepth_mp","vera4cast"
2026-05-08,2026-04-25,"P1D","fcre",NA,"ensemble",147,"ChlorophyllMaximum_depth_sample",2.05582040777052,"fDCMdepth_mp","vera4cast"
2026-05-09,2026-04-25,"P1D","fcre",NA,"ensemble",23,"ChlorophyllMaximum_depth_sample",3.60779474673915,"fDCMdepth_mp","vera4cast"
2026-05-09,2026-04-25,"P1D","fcre",NA,"ensemble",54,"ChlorophyllMaximum_depth_sample",0.787824386180382,"fDCMdepth_mp","vera4cast"
2026-05-09,2026-04-25,"P1D","fcre",NA,"ensemble",85,"ChlorophyllMaximum_depth_sample",1.89660082182285,"fDCMdepth_mp","vera4cast"
2026-05-09,2026-04-25,"P1D","fcre",NA,"ensemble",116,"ChlorophyllMaximum_depth_sample",2.45403088419938,"fDCMdepth_mp","vera4cast"
2026-05-09,2026-04-25,"P1D","fcre",NA,"ensemble",147,"ChlorophyllMaximum_depth_sample",-0.0205027924713082,"fDCMdepth_mp","vera4cast"
2026-05-10,2026-04-25,"P1D","fcre",NA,"ensemble",23,"ChlorophyllMaximum_depth_sample",3.29229091841977,"fDCMdepth_mp","vera4cast"
2026-05-10,2026-04-25,"P1D","fcre",NA,"ensemble",54,"ChlorophyllMaximum_depth_sample",6.19506299631726,"fDCMdepth_mp","vera4cast"
2026-05-10,2026-04-25,"P1D","fcre",NA,"ensemble",85,"ChlorophyllMaximum_depth_sample",3.9874267222241,"fDCMdepth_mp","vera4cast"
2026-05-10,2026-04-25,"P1D","fcre",NA,"ensemble",116,"ChlorophyllMaximum_depth_sample",2.83929527685091,"fDCMdepth_mp","vera4cast"
2026-05-10,2026-04-25,"P1D","fcre",NA,"ensemble",147,"ChlorophyllMaximum_depth_sample",3.95282912676859,"fDCMdepth_mp","vera4cast"
2026-05-11,2026-04-25,"P1D","fcre",NA,"ensemble",23,"ChlorophyllMaximum_depth_sample",3.27149851916651,"fDCMdepth_mp","vera4cast"
2026-05-11,2026-04-25,"P1D","fcre",NA,"ensemble",54,"ChlorophyllMaximum_depth_sample",4.75064335848306,"fDCMdepth_mp","vera4cast"
2026-05-11,2026-04-25,"P1D","fcre",NA,"ensemble",85,"ChlorophyllMaximum_depth_sample",3.87071634677112,"fDCMdepth_mp","vera4cast"
2026-05-11,2026-04-25,"P1D","fcre",NA,"ensemble",116,"ChlorophyllMaximum_depth_sample",2.29812319737454,"fDCMdepth_mp","vera4cast"
2026-05-11,2026-04-25,"P1D","fcre",NA,"ensemble",147,"ChlorophyllMaximum_depth_sample",2.48380725304666,"fDCMdepth_mp","vera4cast"
2026-05-12,2026-04-25,"P1D","fcre",NA,"ensemble",23,"ChlorophyllMaximum_depth_sample",4.38454090023193,"fDCMdepth_mp","vera4cast"
2026-05-12,2026-04-25,"P1D","fcre",NA,"ensemble",54,"ChlorophyllMaximum_depth_sample",5.79026464737525,"fDCMdepth_mp","vera4cast"
2026-05-12,2026-04-25,"P1D","fcre",NA,"ensemble",85,"ChlorophyllMaximum_depth_sample",0.652039579884502,"fDCMdepth_mp","vera4cast"
2026-05-12,2026-04-25,"P1D","fcre",NA,"ensemble",116,"ChlorophyllMaximum_depth_sample",4.84694092134989,"fDCMdepth_mp","vera4cast"
2026-05-12,2026-04-25,"P1D","fcre",NA,"ensemble",147,"ChlorophyllMaximum_depth_sample",1.75498972681101,"fDCMdepth_mp","vera4cast"
2026-05-13,2026-04-25,"P1D","fcre",NA,"ensemble",23,"ChlorophyllMaximum_depth_sample",5.85997223819481,"fDCMdepth_mp","vera4cast"
2026-05-13,2026-04-25,"P1D","fcre",NA,"ensemble",54,"ChlorophyllMaximum_depth_sample",3.33609148621399,"fDCMdepth_mp","vera4cast"
2026-05-13,2026-04-25,"P1D","fcre",NA,"ensemble",85,"ChlorophyllMaximum_depth_sample",5.77764779589057,"fDCMdepth_mp","vera4cast"
2026-05-13,2026-04-25,"P1D","fcre",NA,"ensemble",116,"ChlorophyllMaximum_depth_sample",2.40131339300833,"fDCMdepth_mp","vera4cast"
2026-05-13,2026-04-25,"P1D","fcre",NA,"ensemble",147,"ChlorophyllMaximum_depth_sample",4.707804912729,"fDCMdepth_mp","vera4cast"
2026-05-14,2026-04-25,"P1D","fcre",NA,"ensemble",23,"ChlorophyllMaximum_depth_sample",2.86686775952655,"fDCMdepth_mp","vera4cast"
2026-05-14,2026-04-25,"P1D","fcre",NA,"ensemble",54,"ChlorophyllMaximum_depth_sample",0.759913831046773,"fDCMdepth_mp","vera4cast"
2026-05-14,2026-04-25,"P1D","fcre",NA,"ensemble",85,"ChlorophyllMaximum_depth_sample",3.88809775913088,"fDCMdepth_mp","vera4cast"
2026-05-14,2026-04-25,"P1D","fcre",NA,"ensemble",116,"ChlorophyllMaximum_depth_sample",5.09756712334214,"fDCMdepth_mp","vera4cast"
2026-05-14,2026-04-25,"P1D","fcre",NA,"ensemble",147,"ChlorophyllMaximum_depth_sample",4.70943960321126,"fDCMdepth_mp","vera4cast"
2026-05-15,2026-04-25,"P1D","fcre",NA,"ensemble",23,"ChlorophyllMaximum_depth_sample",5.20260800977089,"fDCMdepth_mp","vera4cast"
2026-05-15,2026-04-25,"P1D","fcre",NA,"ensemble",54,"ChlorophyllMaximum_depth_sample",5.03759882862487,"fDCMdepth_mp","vera4cast"
2026-05-15,2026-04-25,"P1D","fcre",NA,"ensemble",85,"ChlorophyllMaximum_depth_sample",2.43646311622597,"fDCMdepth_mp","vera4cast"
2026-05-15,2026-04-25,"P1D","fcre",NA,"ensemble",116,"ChlorophyllMaximum_depth_sample",2.33552402257194,"fDCMdepth_mp","vera4cast"
2026-05-15,2026-04-25,"P1D","fcre",NA,"ensemble",147,"ChlorophyllMaximum_depth_sample",1.80089668730336,"fDCMdepth_mp","vera4cast"
2026-05-16,2026-04-25,"P1D","fcre",NA,"ensemble",23,"ChlorophyllMaximum_depth_sample",3.44356082345453,"fDCMdepth_mp","vera4cast"
2026-05-16,2026-04-25,"P1D","fcre",NA,"ensemble",54,"ChlorophyllMaximum_depth_sample",3.49320395756023,"fDCMdepth_mp","vera4cast"
2026-05-16,2026-04-25,"P1D","fcre",NA,"ensemble",85,"ChlorophyllMaximum_depth_sample",4.98421629323665,"fDCMdepth_mp","vera4cast"
2026-05-16,2026-04-25,"P1D","fcre",NA,"ensemble",116,"ChlorophyllMaximum_depth_sample",5.64024584116883,"fDCMdepth_mp","vera4cast"
2026-05-16,2026-04-25,"P1D","fcre",NA,"ensemble",147,"ChlorophyllMaximum_depth_sample",2.77971190773742,"fDCMdepth_mp","vera4cast"
2026-05-17,2026-04-25,"P1D","fcre",NA,"ensemble",23,"ChlorophyllMaximum_depth_sample",2.87832409066321,"fDCMdepth_mp","vera4cast"
2026-05-17,2026-04-25,"P1D","fcre",NA,"ensemble",54,"ChlorophyllMaximum_depth_sample",3.34953373966837,"fDCMdepth_mp","vera4cast"
2026-05-17,2026-04-25,"P1D","fcre",NA,"ensemble",85,"ChlorophyllMaximum_depth_sample",3.65548601060342,"fDCMdepth_mp","vera4cast"
2026-05-17,2026-04-25,"P1D","fcre",NA,"ensemble",116,"ChlorophyllMaximum_depth_sample",4.27313778417621,"fDCMdepth_mp","vera4cast"
2026-05-17,2026-04-25,"P1D","fcre",NA,"ensemble",147,"ChlorophyllMaximum_depth_sample",3.96270345418298,"fDCMdepth_mp","vera4cast"
2026-05-18,2026-04-25,"P1D","fcre",NA,"ensemble",23,"ChlorophyllMaximum_depth_sample",3.7155098320549,"fDCMdepth_mp","vera4cast"
2026-05-18,2026-04-25,"P1D","fcre",NA,"ensemble",54,"ChlorophyllMaximum_depth_sample",2.30358128618255,"fDCMdepth_mp","vera4cast"
2026-05-18,2026-04-25,"P1D","fcre",NA,"ensemble",85,"ChlorophyllMaximum_depth_sample",5.49810299777277,"fDCMdepth_mp","vera4cast"
2026-05-18,2026-04-25,"P1D","fcre",NA,"ensemble",116,"ChlorophyllMaximum_depth_sample",1.17669437668621,"fDCMdepth_mp","vera4cast"
2026-05-18,2026-04-25,"P1D","fcre",NA,"ensemble",147,"ChlorophyllMaximum_depth_sample",5.03190482943198,"fDCMdepth_mp","vera4cast"
2026-05-19,2026-04-25,"P1D","fcre",NA,"ensemble",23,"ChlorophyllMaximum_depth_sample",2.42711908321647,"fDCMdepth_mp","vera4cast"
2026-05-19,2026-04-25,"P1D","fcre",NA,"ensemble",54,"ChlorophyllMaximum_depth_sample",5.34558577712034,"fDCMdepth_mp","vera4cast"
2026-05-19,2026-04-25,"P1D","fcre",NA,"ensemble",85,"ChlorophyllMaximum_depth_sample",5.28533611940794,"fDCMdepth_mp","vera4cast"
2026-05-19,2026-04-25,"P1D","fcre",NA,"ensemble",116,"ChlorophyllMaximum_depth_sample",3.37575869744505,"fDCMdepth_mp","vera4cast"
2026-05-19,2026-04-25,"P1D","fcre",NA,"ensemble",147,"ChlorophyllMaximum_depth_sample",2.62378097356063,"fDCMdepth_mp","vera4cast"
2026-05-20,2026-04-25,"P1D","fcre",NA,"ensemble",23,"ChlorophyllMaximum_depth_sample",3.87125631621456,"fDCMdepth_mp","vera4cast"
2026-05-20,2026-04-25,"P1D","fcre",NA,"ensemble",54,"ChlorophyllMaximum_depth_sample",5.17586144247068,"fDCMdepth_mp","vera4cast"
2026-05-20,2026-04-25,"P1D","fcre",NA,"ensemble",85,"ChlorophyllMaximum_depth_sample",5.28279428595099,"fDCMdepth_mp","vera4cast"
2026-05-20,2026-04-25,"P1D","fcre",NA,"ensemble",116,"ChlorophyllMaximum_depth_sample",3.14592473847136,"fDCMdepth_mp","vera4cast"
2026-05-20,2026-04-25,"P1D","fcre",NA,"ensemble",147,"ChlorophyllMaximum_depth_sample",4.14197389051666,"fDCMdepth_mp","vera4cast"
2026-05-21,2026-04-25,"P1D","fcre",NA,"ensemble",23,"ChlorophyllMaximum_depth_sample",5.03058010460255,"fDCMdepth_mp","vera4cast"
2026-05-21,2026-04-25,"P1D","fcre",NA,"ensemble",54,"ChlorophyllMaximum_depth_sample",5.54661212894048,"fDCMdepth_mp","vera4cast"
2026-05-21,2026-04-25,"P1D","fcre",NA,"ensemble",85,"ChlorophyllMaximum_depth_sample",2.06539606130245,"fDCMdepth_mp","vera4cast"
2026-05-21,2026-04-25,"P1D","fcre",NA,"ensemble",116,"ChlorophyllMaximum_depth_sample",4.92379977668001,"fDCMdepth_mp","vera4cast"
2026-05-21,2026-04-25,"P1D","fcre",NA,"ensemble",147,"ChlorophyllMaximum_depth_sample",3.0841252934361,"fDCMdepth_mp","vera4cast"
2026-05-22,2026-04-25,"P1D","fcre",NA,"ensemble",23,"ChlorophyllMaximum_depth_sample",1.17106982746178,"fDCMdepth_mp","vera4cast"
2026-05-22,2026-04-25,"P1D","fcre",NA,"ensemble",54,"ChlorophyllMaximum_depth_sample",2.44807123000857,"fDCMdepth_mp","vera4cast"
2026-05-22,2026-04-25,"P1D","fcre",NA,"ensemble",85,"ChlorophyllMaximum_depth_sample",4.57509433111546,"fDCMdepth_mp","vera4cast"
2026-05-22,2026-04-25,"P1D","fcre",NA,"ensemble",116,"ChlorophyllMaximum_depth_sample",3.85183959880867,"fDCMdepth_mp","vera4cast"
2026-05-22,2026-04-25,"P1D","fcre",NA,"ensemble",147,"ChlorophyllMaximum_depth_sample",-0.869407850328656,"fDCMdepth_mp","vera4cast"
2026-05-23,2026-04-25,"P1D","fcre",NA,"ensemble",23,"ChlorophyllMaximum_depth_sample",2.4857989409739,"fDCMdepth_mp","vera4cast"
2026-05-23,2026-04-25,"P1D","fcre",NA,"ensemble",54,"ChlorophyllMaximum_depth_sample",2.6745308247812,"fDCMdepth_mp","vera4cast"
2026-05-23,2026-04-25,"P1D","fcre",NA,"ensemble",85,"ChlorophyllMaximum_depth_sample",3.19738561213226,"fDCMdepth_mp","vera4cast"
2026-05-23,2026-04-25,"P1D","fcre",NA,"ensemble",116,"ChlorophyllMaximum_depth_sample",2.8499990812886,"fDCMdepth_mp","vera4cast"
2026-05-23,2026-04-25,"P1D","fcre",NA,"ensemble",147,"ChlorophyllMaximum_depth_sample",4.41391140624746,"fDCMdepth_mp","vera4cast"
2026-05-24,2026-04-25,"P1D","fcre",NA,"ensemble",23,"ChlorophyllMaximum_depth_sample",3.83541028821811,"fDCMdepth_mp","vera4cast"
2026-05-24,2026-04-25,"P1D","fcre",NA,"ensemble",54,"ChlorophyllMaximum_depth_sample",4.57722464901625,"fDCMdepth_mp","vera4cast"
2026-05-24,2026-04-25,"P1D","fcre",NA,"ensemble",85,"ChlorophyllMaximum_depth_sample",2.90635310239825,"fDCMdepth_mp","vera4cast"
2026-05-24,2026-04-25,"P1D","fcre",NA,"ensemble",116,"ChlorophyllMaximum_depth_sample",2.56499278493868,"fDCMdepth_mp","vera4cast"
2026-05-24,2026-04-25,"P1D","fcre",NA,"ensemble",147,"ChlorophyllMaximum_depth_sample",2.54963639866689,"fDCMdepth_mp","vera4cast"
2026-05-25,2026-04-25,"P1D","fcre",NA,"ensemble",23,"ChlorophyllMaximum_depth_sample",0.956657342414862,"fDCMdepth_mp","vera4cast"
2026-05-25,2026-04-25,"P1D","fcre",NA,"ensemble",54,"ChlorophyllMaximum_depth_sample",5.05271123176363,"fDCMdepth_mp","vera4cast"
2026-05-25,2026-04-25,"P1D","fcre",NA,"ensemble",85,"ChlorophyllMaximum_depth_sample",6.34594446903701,"fDCMdepth_mp","vera4cast"
2026-05-25,2026-04-25,"P1D","fcre",NA,"ensemble",116,"ChlorophyllMaximum_depth_sample",4.41814866577302,"fDCMdepth_mp","vera4cast"
2026-05-25,2026-04-25,"P1D","fcre",NA,"ensemble",147,"ChlorophyllMaximum_depth_sample",5.10579252355791,"fDCMdepth_mp","vera4cast"
2026-05-26,2026-04-25,"P1D","fcre",NA,"ensemble",23,"ChlorophyllMaximum_depth_sample",4.26708227848346,"fDCMdepth_mp","vera4cast"
2026-05-26,2026-04-25,"P1D","fcre",NA,"ensemble",54,"ChlorophyllMaximum_depth_sample",3.45773358695497,"fDCMdepth_mp","vera4cast"
2026-05-26,2026-04-25,"P1D","fcre",NA,"ensemble",85,"ChlorophyllMaximum_depth_sample",3.5472073705024,"fDCMdepth_mp","vera4cast"
2026-05-26,2026-04-25,"P1D","fcre",NA,"ensemble",116,"ChlorophyllMaximum_depth_sample",4.17645621175002,"fDCMdepth_mp","vera4cast"
2026-05-26,2026-04-25,"P1D","fcre",NA,"ensemble",147,"ChlorophyllMaximum_depth_sample",3.07330304838919,"fDCMdepth_mp","vera4cast"
2026-05-27,2026-04-25,"P1D","fcre",NA,"ensemble",23,"ChlorophyllMaximum_depth_sample",4.1170517359826,"fDCMdepth_mp","vera4cast"
2026-05-27,2026-04-25,"P1D","fcre",NA,"ensemble",54,"ChlorophyllMaximum_depth_sample",1.07673987274281,"fDCMdepth_mp","vera4cast"
2026-05-27,2026-04-25,"P1D","fcre",NA,"ensemble",85,"ChlorophyllMaximum_depth_sample",4.25395228233802,"fDCMdepth_mp","vera4cast"
2026-05-27,2026-04-25,"P1D","fcre",NA,"ensemble",116,"ChlorophyllMaximum_depth_sample",3.87564787380562,"fDCMdepth_mp","vera4cast"
2026-05-27,2026-04-25,"P1D","fcre",NA,"ensemble",147,"ChlorophyllMaximum_depth_sample",3.79132569300078,"fDCMdepth_mp","vera4cast"
2026-05-28,2026-04-25,"P1D","fcre",NA,"ensemble",23,"ChlorophyllMaximum_depth_sample",4.09758365502777,"fDCMdepth_mp","vera4cast"
2026-05-28,2026-04-25,"P1D","fcre",NA,"ensemble",54,"ChlorophyllMaximum_depth_sample",2.19069929733131,"fDCMdepth_mp","vera4cast"
2026-05-28,2026-04-25,"P1D","fcre",NA,"ensemble",85,"ChlorophyllMaximum_depth_sample",4.32703534716804,"fDCMdepth_mp","vera4cast"
2026-05-28,2026-04-25,"P1D","fcre",NA,"ensemble",116,"ChlorophyllMaximum_depth_sample",1.32037441760211,"fDCMdepth_mp","vera4cast"
2026-05-28,2026-04-25,"P1D","fcre",NA,"ensemble",147,"ChlorophyllMaximum_depth_sample",5.01600920356563,"fDCMdepth_mp","vera4cast"
2026-05-29,2026-04-25,"P1D","fcre",NA,"ensemble",23,"ChlorophyllMaximum_depth_sample",2.93587443711444,"fDCMdepth_mp","vera4cast"
2026-05-29,2026-04-25,"P1D","fcre",NA,"ensemble",54,"ChlorophyllMaximum_depth_sample",2.09608199445333,"fDCMdepth_mp","vera4cast"
2026-05-29,2026-04-25,"P1D","fcre",NA,"ensemble",85,"ChlorophyllMaximum_depth_sample",2.82960456049182,"fDCMdepth_mp","vera4cast"
2026-05-29,2026-04-25,"P1D","fcre",NA,"ensemble",116,"ChlorophyllMaximum_depth_sample",1.84993089512754,"fDCMdepth_mp","vera4cast"
2026-05-29,2026-04-25,"P1D","fcre",NA,"ensemble",147,"ChlorophyllMaximum_depth_sample",3.41325897984227,"fDCMdepth_mp","vera4cast"
2026-04-26,2026-04-25,"P1D","fcre",NA,"ensemble",24,"ChlorophyllMaximum_depth_sample",1.32116077443443,"fDCMdepth_mp","vera4cast"
2026-04-26,2026-04-25,"P1D","fcre",NA,"ensemble",55,"ChlorophyllMaximum_depth_sample",3.65771977063134,"fDCMdepth_mp","vera4cast"
2026-04-26,2026-04-25,"P1D","fcre",NA,"ensemble",86,"ChlorophyllMaximum_depth_sample",3.23314711666074,"fDCMdepth_mp","vera4cast"
2026-04-26,2026-04-25,"P1D","fcre",NA,"ensemble",117,"ChlorophyllMaximum_depth_sample",2.12815085451658,"fDCMdepth_mp","vera4cast"
2026-04-26,2026-04-25,"P1D","fcre",NA,"ensemble",148,"ChlorophyllMaximum_depth_sample",2.13174403009208,"fDCMdepth_mp","vera4cast"
2026-04-27,2026-04-25,"P1D","fcre",NA,"ensemble",24,"ChlorophyllMaximum_depth_sample",4.03450388604632,"fDCMdepth_mp","vera4cast"
2026-04-27,2026-04-25,"P1D","fcre",NA,"ensemble",55,"ChlorophyllMaximum_depth_sample",2.94188462615006,"fDCMdepth_mp","vera4cast"
2026-04-27,2026-04-25,"P1D","fcre",NA,"ensemble",86,"ChlorophyllMaximum_depth_sample",1.33165569072832,"fDCMdepth_mp","vera4cast"
2026-04-27,2026-04-25,"P1D","fcre",NA,"ensemble",117,"ChlorophyllMaximum_depth_sample",2.44196828894409,"fDCMdepth_mp","vera4cast"
2026-04-27,2026-04-25,"P1D","fcre",NA,"ensemble",148,"ChlorophyllMaximum_depth_sample",5.63753224001609,"fDCMdepth_mp","vera4cast"
2026-04-28,2026-04-25,"P1D","fcre",NA,"ensemble",24,"ChlorophyllMaximum_depth_sample",2.26781552378278,"fDCMdepth_mp","vera4cast"
2026-04-28,2026-04-25,"P1D","fcre",NA,"ensemble",55,"ChlorophyllMaximum_depth_sample",0.791280699835367,"fDCMdepth_mp","vera4cast"
2026-04-28,2026-04-25,"P1D","fcre",NA,"ensemble",86,"ChlorophyllMaximum_depth_sample",3.35950943305245,"fDCMdepth_mp","vera4cast"
2026-04-28,2026-04-25,"P1D","fcre",NA,"ensemble",117,"ChlorophyllMaximum_depth_sample",3.90682538292346,"fDCMdepth_mp","vera4cast"
2026-04-28,2026-04-25,"P1D","fcre",NA,"ensemble",148,"ChlorophyllMaximum_depth_sample",5.51920589644315,"fDCMdepth_mp","vera4cast"
2026-04-29,2026-04-25,"P1D","fcre",NA,"ensemble",24,"ChlorophyllMaximum_depth_sample",2.15180182616334,"fDCMdepth_mp","vera4cast"
2026-04-29,2026-04-25,"P1D","fcre",NA,"ensemble",55,"ChlorophyllMaximum_depth_sample",4.4326849598653,"fDCMdepth_mp","vera4cast"
2026-04-29,2026-04-25,"P1D","fcre",NA,"ensemble",86,"ChlorophyllMaximum_depth_sample",0.696065371221719,"fDCMdepth_mp","vera4cast"
2026-04-29,2026-04-25,"P1D","fcre",NA,"ensemble",117,"ChlorophyllMaximum_depth_sample",2.99103885115335,"fDCMdepth_mp","vera4cast"
2026-04-29,2026-04-25,"P1D","fcre",NA,"ensemble",148,"ChlorophyllMaximum_depth_sample",5.5125480113587,"fDCMdepth_mp","vera4cast"
2026-04-30,2026-04-25,"P1D","fcre",NA,"ensemble",24,"ChlorophyllMaximum_depth_sample",2.90834234946601,"fDCMdepth_mp","vera4cast"
2026-04-30,2026-04-25,"P1D","fcre",NA,"ensemble",55,"ChlorophyllMaximum_depth_sample",2.48915451615564,"fDCMdepth_mp","vera4cast"
2026-04-30,2026-04-25,"P1D","fcre",NA,"ensemble",86,"ChlorophyllMaximum_depth_sample",1.65646238745835,"fDCMdepth_mp","vera4cast"
2026-04-30,2026-04-25,"P1D","fcre",NA,"ensemble",117,"ChlorophyllMaximum_depth_sample",1.6707310973658,"fDCMdepth_mp","vera4cast"
2026-04-30,2026-04-25,"P1D","fcre",NA,"ensemble",148,"ChlorophyllMaximum_depth_sample",3.53153986310258,"fDCMdepth_mp","vera4cast"
2026-05-01,2026-04-25,"P1D","fcre",NA,"ensemble",24,"ChlorophyllMaximum_depth_sample",1.3863004644295,"fDCMdepth_mp","vera4cast"
2026-05-01,2026-04-25,"P1D","fcre",NA,"ensemble",55,"ChlorophyllMaximum_depth_sample",5.09630301406992,"fDCMdepth_mp","vera4cast"
2026-05-01,2026-04-25,"P1D","fcre",NA,"ensemble",86,"ChlorophyllMaximum_depth_sample",2.63893732016464,"fDCMdepth_mp","vera4cast"
2026-05-01,2026-04-25,"P1D","fcre",NA,"ensemble",117,"ChlorophyllMaximum_depth_sample",2.37190492476526,"fDCMdepth_mp","vera4cast"
2026-05-01,2026-04-25,"P1D","fcre",NA,"ensemble",148,"ChlorophyllMaximum_depth_sample",4.86963141953047,"fDCMdepth_mp","vera4cast"
2026-05-02,2026-04-25,"P1D","fcre",NA,"ensemble",24,"ChlorophyllMaximum_depth_sample",5.14823949773311,"fDCMdepth_mp","vera4cast"
2026-05-02,2026-04-25,"P1D","fcre",NA,"ensemble",55,"ChlorophyllMaximum_depth_sample",4.8944950842472,"fDCMdepth_mp","vera4cast"
2026-05-02,2026-04-25,"P1D","fcre",NA,"ensemble",86,"ChlorophyllMaximum_depth_sample",1.78464675397621,"fDCMdepth_mp","vera4cast"
2026-05-02,2026-04-25,"P1D","fcre",NA,"ensemble",117,"ChlorophyllMaximum_depth_sample",3.20550882044335,"fDCMdepth_mp","vera4cast"
2026-05-02,2026-04-25,"P1D","fcre",NA,"ensemble",148,"ChlorophyllMaximum_depth_sample",2.91390256928747,"fDCMdepth_mp","vera4cast"
2026-05-03,2026-04-25,"P1D","fcre",NA,"ensemble",24,"ChlorophyllMaximum_depth_sample",3.15455607143857,"fDCMdepth_mp","vera4cast"
2026-05-03,2026-04-25,"P1D","fcre",NA,"ensemble",55,"ChlorophyllMaximum_depth_sample",3.54092089408527,"fDCMdepth_mp","vera4cast"
2026-05-03,2026-04-25,"P1D","fcre",NA,"ensemble",86,"ChlorophyllMaximum_depth_sample",1.10033469747834,"fDCMdepth_mp","vera4cast"
2026-05-03,2026-04-25,"P1D","fcre",NA,"ensemble",117,"ChlorophyllMaximum_depth_sample",3.61368090641636,"fDCMdepth_mp","vera4cast"
2026-05-03,2026-04-25,"P1D","fcre",NA,"ensemble",148,"ChlorophyllMaximum_depth_sample",3.3710226125398,"fDCMdepth_mp","vera4cast"
2026-05-04,2026-04-25,"P1D","fcre",NA,"ensemble",24,"ChlorophyllMaximum_depth_sample",2.89078483403475,"fDCMdepth_mp","vera4cast"
2026-05-04,2026-04-25,"P1D","fcre",NA,"ensemble",55,"ChlorophyllMaximum_depth_sample",0.516532156226809,"fDCMdepth_mp","vera4cast"
2026-05-04,2026-04-25,"P1D","fcre",NA,"ensemble",86,"ChlorophyllMaximum_depth_sample",3.11982993056442,"fDCMdepth_mp","vera4cast"
2026-05-04,2026-04-25,"P1D","fcre",NA,"ensemble",117,"ChlorophyllMaximum_depth_sample",2.40543727556022,"fDCMdepth_mp","vera4cast"
2026-05-04,2026-04-25,"P1D","fcre",NA,"ensemble",148,"ChlorophyllMaximum_depth_sample",3.29813908306762,"fDCMdepth_mp","vera4cast"
2026-05-05,2026-04-25,"P1D","fcre",NA,"ensemble",24,"ChlorophyllMaximum_depth_sample",2.54597913579121,"fDCMdepth_mp","vera4cast"
2026-05-05,2026-04-25,"P1D","fcre",NA,"ensemble",55,"ChlorophyllMaximum_depth_sample",1.82869910648602,"fDCMdepth_mp","vera4cast"
2026-05-05,2026-04-25,"P1D","fcre",NA,"ensemble",86,"ChlorophyllMaximum_depth_sample",4.27488557139374,"fDCMdepth_mp","vera4cast"
2026-05-05,2026-04-25,"P1D","fcre",NA,"ensemble",117,"ChlorophyllMaximum_depth_sample",1.12213647181978,"fDCMdepth_mp","vera4cast"
2026-05-05,2026-04-25,"P1D","fcre",NA,"ensemble",148,"ChlorophyllMaximum_depth_sample",2.40974412243231,"fDCMdepth_mp","vera4cast"
2026-05-06,2026-04-25,"P1D","fcre",NA,"ensemble",24,"ChlorophyllMaximum_depth_sample",1.0822935725233,"fDCMdepth_mp","vera4cast"
2026-05-06,2026-04-25,"P1D","fcre",NA,"ensemble",55,"ChlorophyllMaximum_depth_sample",2.4492461044835,"fDCMdepth_mp","vera4cast"
2026-05-06,2026-04-25,"P1D","fcre",NA,"ensemble",86,"ChlorophyllMaximum_depth_sample",3.72439653017983,"fDCMdepth_mp","vera4cast"
2026-05-06,2026-04-25,"P1D","fcre",NA,"ensemble",117,"ChlorophyllMaximum_depth_sample",3.49493926089812,"fDCMdepth_mp","vera4cast"
2026-05-06,2026-04-25,"P1D","fcre",NA,"ensemble",148,"ChlorophyllMaximum_depth_sample",2.2827678024917,"fDCMdepth_mp","vera4cast"
2026-05-07,2026-04-25,"P1D","fcre",NA,"ensemble",24,"ChlorophyllMaximum_depth_sample",2.75567637284341,"fDCMdepth_mp","vera4cast"
2026-05-07,2026-04-25,"P1D","fcre",NA,"ensemble",55,"ChlorophyllMaximum_depth_sample",2.33801791844144,"fDCMdepth_mp","vera4cast"
2026-05-07,2026-04-25,"P1D","fcre",NA,"ensemble",86,"ChlorophyllMaximum_depth_sample",3.8791737927549,"fDCMdepth_mp","vera4cast"
2026-05-07,2026-04-25,"P1D","fcre",NA,"ensemble",117,"ChlorophyllMaximum_depth_sample",3.26899954034918,"fDCMdepth_mp","vera4cast"
2026-05-07,2026-04-25,"P1D","fcre",NA,"ensemble",148,"ChlorophyllMaximum_depth_sample",3.30500380177141,"fDCMdepth_mp","vera4cast"
2026-05-08,2026-04-25,"P1D","fcre",NA,"ensemble",24,"ChlorophyllMaximum_depth_sample",3.30349636349067,"fDCMdepth_mp","vera4cast"
2026-05-08,2026-04-25,"P1D","fcre",NA,"ensemble",55,"ChlorophyllMaximum_depth_sample",2.73605959960495,"fDCMdepth_mp","vera4cast"
2026-05-08,2026-04-25,"P1D","fcre",NA,"ensemble",86,"ChlorophyllMaximum_depth_sample",1.64840644419378,"fDCMdepth_mp","vera4cast"
2026-05-08,2026-04-25,"P1D","fcre",NA,"ensemble",117,"ChlorophyllMaximum_depth_sample",3.82342321136826,"fDCMdepth_mp","vera4cast"
2026-05-08,2026-04-25,"P1D","fcre",NA,"ensemble",148,"ChlorophyllMaximum_depth_sample",2.04319884158237,"fDCMdepth_mp","vera4cast"
2026-05-09,2026-04-25,"P1D","fcre",NA,"ensemble",24,"ChlorophyllMaximum_depth_sample",-0.321772226521669,"fDCMdepth_mp","vera4cast"
2026-05-09,2026-04-25,"P1D","fcre",NA,"ensemble",55,"ChlorophyllMaximum_depth_sample",3.89090283985486,"fDCMdepth_mp","vera4cast"
2026-05-09,2026-04-25,"P1D","fcre",NA,"ensemble",86,"ChlorophyllMaximum_depth_sample",2.86225432321641,"fDCMdepth_mp","vera4cast"
2026-05-09,2026-04-25,"P1D","fcre",NA,"ensemble",117,"ChlorophyllMaximum_depth_sample",2.69071020874367,"fDCMdepth_mp","vera4cast"
2026-05-09,2026-04-25,"P1D","fcre",NA,"ensemble",148,"ChlorophyllMaximum_depth_sample",3.07223720465189,"fDCMdepth_mp","vera4cast"
2026-05-10,2026-04-25,"P1D","fcre",NA,"ensemble",24,"ChlorophyllMaximum_depth_sample",2.32351834377666,"fDCMdepth_mp","vera4cast"
2026-05-10,2026-04-25,"P1D","fcre",NA,"ensemble",55,"ChlorophyllMaximum_depth_sample",3.18819336512164,"fDCMdepth_mp","vera4cast"
2026-05-10,2026-04-25,"P1D","fcre",NA,"ensemble",86,"ChlorophyllMaximum_depth_sample",1.47009793269032,"fDCMdepth_mp","vera4cast"
2026-05-10,2026-04-25,"P1D","fcre",NA,"ensemble",117,"ChlorophyllMaximum_depth_sample",1.15131791383131,"fDCMdepth_mp","vera4cast"
2026-05-10,2026-04-25,"P1D","fcre",NA,"ensemble",148,"ChlorophyllMaximum_depth_sample",2.09711174823739,"fDCMdepth_mp","vera4cast"
2026-05-11,2026-04-25,"P1D","fcre",NA,"ensemble",24,"ChlorophyllMaximum_depth_sample",5.56595679184315,"fDCMdepth_mp","vera4cast"
2026-05-11,2026-04-25,"P1D","fcre",NA,"ensemble",55,"ChlorophyllMaximum_depth_sample",1.21097173127591,"fDCMdepth_mp","vera4cast"
2026-05-11,2026-04-25,"P1D","fcre",NA,"ensemble",86,"ChlorophyllMaximum_depth_sample",3.76340240231724,"fDCMdepth_mp","vera4cast"
2026-05-11,2026-04-25,"P1D","fcre",NA,"ensemble",117,"ChlorophyllMaximum_depth_sample",2.91802672032129,"fDCMdepth_mp","vera4cast"
2026-05-11,2026-04-25,"P1D","fcre",NA,"ensemble",148,"ChlorophyllMaximum_depth_sample",1.8047822346658,"fDCMdepth_mp","vera4cast"
2026-05-12,2026-04-25,"P1D","fcre",NA,"ensemble",24,"ChlorophyllMaximum_depth_sample",2.84612286331684,"fDCMdepth_mp","vera4cast"
2026-05-12,2026-04-25,"P1D","fcre",NA,"ensemble",55,"ChlorophyllMaximum_depth_sample",5.25812961671964,"fDCMdepth_mp","vera4cast"
2026-05-12,2026-04-25,"P1D","fcre",NA,"ensemble",86,"ChlorophyllMaximum_depth_sample",0.725551050502066,"fDCMdepth_mp","vera4cast"
2026-05-12,2026-04-25,"P1D","fcre",NA,"ensemble",117,"ChlorophyllMaximum_depth_sample",2.24560409022698,"fDCMdepth_mp","vera4cast"
2026-05-12,2026-04-25,"P1D","fcre",NA,"ensemble",148,"ChlorophyllMaximum_depth_sample",3.473584444136,"fDCMdepth_mp","vera4cast"
2026-05-13,2026-04-25,"P1D","fcre",NA,"ensemble",24,"ChlorophyllMaximum_depth_sample",2.43715766730998,"fDCMdepth_mp","vera4cast"
2026-05-13,2026-04-25,"P1D","fcre",NA,"ensemble",55,"ChlorophyllMaximum_depth_sample",4.7371637273568,"fDCMdepth_mp","vera4cast"
2026-05-13,2026-04-25,"P1D","fcre",NA,"ensemble",86,"ChlorophyllMaximum_depth_sample",6.61152546685303,"fDCMdepth_mp","vera4cast"
2026-05-13,2026-04-25,"P1D","fcre",NA,"ensemble",117,"ChlorophyllMaximum_depth_sample",4.58322291060424,"fDCMdepth_mp","vera4cast"
2026-05-13,2026-04-25,"P1D","fcre",NA,"ensemble",148,"ChlorophyllMaximum_depth_sample",1.29395378705193,"fDCMdepth_mp","vera4cast"
2026-05-14,2026-04-25,"P1D","fcre",NA,"ensemble",24,"ChlorophyllMaximum_depth_sample",0.829316614523493,"fDCMdepth_mp","vera4cast"
2026-05-14,2026-04-25,"P1D","fcre",NA,"ensemble",55,"ChlorophyllMaximum_depth_sample",5.04152245966838,"fDCMdepth_mp","vera4cast"
2026-05-14,2026-04-25,"P1D","fcre",NA,"ensemble",86,"ChlorophyllMaximum_depth_sample",3.56395774680489,"fDCMdepth_mp","vera4cast"
2026-05-14,2026-04-25,"P1D","fcre",NA,"ensemble",117,"ChlorophyllMaximum_depth_sample",2.90010555464623,"fDCMdepth_mp","vera4cast"
2026-05-14,2026-04-25,"P1D","fcre",NA,"ensemble",148,"ChlorophyllMaximum_depth_sample",3.35300752211402,"fDCMdepth_mp","vera4cast"
2026-05-15,2026-04-25,"P1D","fcre",NA,"ensemble",24,"ChlorophyllMaximum_depth_sample",2.80314361489949,"fDCMdepth_mp","vera4cast"
2026-05-15,2026-04-25,"P1D","fcre",NA,"ensemble",55,"ChlorophyllMaximum_depth_sample",0.0574874975953441,"fDCMdepth_mp","vera4cast"
2026-05-15,2026-04-25,"P1D","fcre",NA,"ensemble",86,"ChlorophyllMaximum_depth_sample",6.14986265987277,"fDCMdepth_mp","vera4cast"
2026-05-15,2026-04-25,"P1D","fcre",NA,"ensemble",117,"ChlorophyllMaximum_depth_sample",2.25587476724976,"fDCMdepth_mp","vera4cast"
2026-05-15,2026-04-25,"P1D","fcre",NA,"ensemble",148,"ChlorophyllMaximum_depth_sample",5.44275970640785,"fDCMdepth_mp","vera4cast"
2026-05-16,2026-04-25,"P1D","fcre",NA,"ensemble",24,"ChlorophyllMaximum_depth_sample",1.77234042703648,"fDCMdepth_mp","vera4cast"
2026-05-16,2026-04-25,"P1D","fcre",NA,"ensemble",55,"ChlorophyllMaximum_depth_sample",4.17500060918606,"fDCMdepth_mp","vera4cast"
2026-05-16,2026-04-25,"P1D","fcre",NA,"ensemble",86,"ChlorophyllMaximum_depth_sample",5.51349463064962,"fDCMdepth_mp","vera4cast"
2026-05-16,2026-04-25,"P1D","fcre",NA,"ensemble",117,"ChlorophyllMaximum_depth_sample",4.18206108598567,"fDCMdepth_mp","vera4cast"
2026-05-16,2026-04-25,"P1D","fcre",NA,"ensemble",148,"ChlorophyllMaximum_depth_sample",4.63043237674417,"fDCMdepth_mp","vera4cast"
2026-05-17,2026-04-25,"P1D","fcre",NA,"ensemble",24,"ChlorophyllMaximum_depth_sample",4.2190752723717,"fDCMdepth_mp","vera4cast"
2026-05-17,2026-04-25,"P1D","fcre",NA,"ensemble",55,"ChlorophyllMaximum_depth_sample",4.99734999595906,"fDCMdepth_mp","vera4cast"
2026-05-17,2026-04-25,"P1D","fcre",NA,"ensemble",86,"ChlorophyllMaximum_depth_sample",1.61066889017463,"fDCMdepth_mp","vera4cast"
2026-05-17,2026-04-25,"P1D","fcre",NA,"ensemble",117,"ChlorophyllMaximum_depth_sample",4.89427457893747,"fDCMdepth_mp","vera4cast"
2026-05-17,2026-04-25,"P1D","fcre",NA,"ensemble",148,"ChlorophyllMaximum_depth_sample",3.86374793903906,"fDCMdepth_mp","vera4cast"
2026-05-18,2026-04-25,"P1D","fcre",NA,"ensemble",24,"ChlorophyllMaximum_depth_sample",4.30675317528513,"fDCMdepth_mp","vera4cast"
2026-05-18,2026-04-25,"P1D","fcre",NA,"ensemble",55,"ChlorophyllMaximum_depth_sample",2.01668266890685,"fDCMdepth_mp","vera4cast"
2026-05-18,2026-04-25,"P1D","fcre",NA,"ensemble",86,"ChlorophyllMaximum_depth_sample",3.8037566117964,"fDCMdepth_mp","vera4cast"
2026-05-18,2026-04-25,"P1D","fcre",NA,"ensemble",117,"ChlorophyllMaximum_depth_sample",1.12376815912346,"fDCMdepth_mp","vera4cast"
2026-05-18,2026-04-25,"P1D","fcre",NA,"ensemble",148,"ChlorophyllMaximum_depth_sample",3.32863397483151,"fDCMdepth_mp","vera4cast"
2026-05-19,2026-04-25,"P1D","fcre",NA,"ensemble",24,"ChlorophyllMaximum_depth_sample",0.855319537294596,"fDCMdepth_mp","vera4cast"
2026-05-19,2026-04-25,"P1D","fcre",NA,"ensemble",55,"ChlorophyllMaximum_depth_sample",4.26975323505544,"fDCMdepth_mp","vera4cast"
2026-05-19,2026-04-25,"P1D","fcre",NA,"ensemble",86,"ChlorophyllMaximum_depth_sample",3.0614423978281,"fDCMdepth_mp","vera4cast"
2026-05-19,2026-04-25,"P1D","fcre",NA,"ensemble",117,"ChlorophyllMaximum_depth_sample",3.16103521905585,"fDCMdepth_mp","vera4cast"
2026-05-19,2026-04-25,"P1D","fcre",NA,"ensemble",148,"ChlorophyllMaximum_depth_sample",4.30220631862669,"fDCMdepth_mp","vera4cast"
2026-05-20,2026-04-25,"P1D","fcre",NA,"ensemble",24,"ChlorophyllMaximum_depth_sample",-0.57351383069057,"fDCMdepth_mp","vera4cast"
2026-05-20,2026-04-25,"P1D","fcre",NA,"ensemble",55,"ChlorophyllMaximum_depth_sample",2.77767422587772,"fDCMdepth_mp","vera4cast"
2026-05-20,2026-04-25,"P1D","fcre",NA,"ensemble",86,"ChlorophyllMaximum_depth_sample",3.23735605105224,"fDCMdepth_mp","vera4cast"
2026-05-20,2026-04-25,"P1D","fcre",NA,"ensemble",117,"ChlorophyllMaximum_depth_sample",3.69495984091978,"fDCMdepth_mp","vera4cast"
2026-05-20,2026-04-25,"P1D","fcre",NA,"ensemble",148,"ChlorophyllMaximum_depth_sample",4.01217830394585,"fDCMdepth_mp","vera4cast"
2026-05-21,2026-04-25,"P1D","fcre",NA,"ensemble",24,"ChlorophyllMaximum_depth_sample",2.49235419399346,"fDCMdepth_mp","vera4cast"
2026-05-21,2026-04-25,"P1D","fcre",NA,"ensemble",55,"ChlorophyllMaximum_depth_sample",3.2181922319649,"fDCMdepth_mp","vera4cast"
2026-05-21,2026-04-25,"P1D","fcre",NA,"ensemble",86,"ChlorophyllMaximum_depth_sample",4.88735408786955,"fDCMdepth_mp","vera4cast"
2026-05-21,2026-04-25,"P1D","fcre",NA,"ensemble",117,"ChlorophyllMaximum_depth_sample",3.00057514538965,"fDCMdepth_mp","vera4cast"
2026-05-21,2026-04-25,"P1D","fcre",NA,"ensemble",148,"ChlorophyllMaximum_depth_sample",4.67523505329588,"fDCMdepth_mp","vera4cast"
2026-05-22,2026-04-25,"P1D","fcre",NA,"ensemble",24,"ChlorophyllMaximum_depth_sample",3.43218594715318,"fDCMdepth_mp","vera4cast"
2026-05-22,2026-04-25,"P1D","fcre",NA,"ensemble",55,"ChlorophyllMaximum_depth_sample",3.02465930024966,"fDCMdepth_mp","vera4cast"
2026-05-22,2026-04-25,"P1D","fcre",NA,"ensemble",86,"ChlorophyllMaximum_depth_sample",4.1788242793857,"fDCMdepth_mp","vera4cast"
2026-05-22,2026-04-25,"P1D","fcre",NA,"ensemble",117,"ChlorophyllMaximum_depth_sample",4.18816561156554,"fDCMdepth_mp","vera4cast"
2026-05-22,2026-04-25,"P1D","fcre",NA,"ensemble",148,"ChlorophyllMaximum_depth_sample",2.82943649357252,"fDCMdepth_mp","vera4cast"
2026-05-23,2026-04-25,"P1D","fcre",NA,"ensemble",24,"ChlorophyllMaximum_depth_sample",4.97118974307476,"fDCMdepth_mp","vera4cast"
2026-05-23,2026-04-25,"P1D","fcre",NA,"ensemble",55,"ChlorophyllMaximum_depth_sample",0.970873777448323,"fDCMdepth_mp","vera4cast"
2026-05-23,2026-04-25,"P1D","fcre",NA,"ensemble",86,"ChlorophyllMaximum_depth_sample",4.94848297743684,"fDCMdepth_mp","vera4cast"
2026-05-23,2026-04-25,"P1D","fcre",NA,"ensemble",117,"ChlorophyllMaximum_depth_sample",1.19678683211876,"fDCMdepth_mp","vera4cast"
2026-05-23,2026-04-25,"P1D","fcre",NA,"ensemble",148,"ChlorophyllMaximum_depth_sample",3.67487800928216,"fDCMdepth_mp","vera4cast"
2026-05-24,2026-04-25,"P1D","fcre",NA,"ensemble",24,"ChlorophyllMaximum_depth_sample",4.10567872293637,"fDCMdepth_mp","vera4cast"
2026-05-24,2026-04-25,"P1D","fcre",NA,"ensemble",55,"ChlorophyllMaximum_depth_sample",3.69348356358692,"fDCMdepth_mp","vera4cast"
2026-05-24,2026-04-25,"P1D","fcre",NA,"ensemble",86,"ChlorophyllMaximum_depth_sample",5.752453131483,"fDCMdepth_mp","vera4cast"
2026-05-24,2026-04-25,"P1D","fcre",NA,"ensemble",117,"ChlorophyllMaximum_depth_sample",4.64515689262771,"fDCMdepth_mp","vera4cast"
2026-05-24,2026-04-25,"P1D","fcre",NA,"ensemble",148,"ChlorophyllMaximum_depth_sample",2.10778541459975,"fDCMdepth_mp","vera4cast"
2026-05-25,2026-04-25,"P1D","fcre",NA,"ensemble",24,"ChlorophyllMaximum_depth_sample",1.93254444890375,"fDCMdepth_mp","vera4cast"
2026-05-25,2026-04-25,"P1D","fcre",NA,"ensemble",55,"ChlorophyllMaximum_depth_sample",2.74508203370695,"fDCMdepth_mp","vera4cast"
2026-05-25,2026-04-25,"P1D","fcre",NA,"ensemble",86,"ChlorophyllMaximum_depth_sample",5.71203508881381,"fDCMdepth_mp","vera4cast"
2026-05-25,2026-04-25,"P1D","fcre",NA,"ensemble",117,"ChlorophyllMaximum_depth_sample",-0.316605677602779,"fDCMdepth_mp","vera4cast"
2026-05-25,2026-04-25,"P1D","fcre",NA,"ensemble",148,"ChlorophyllMaximum_depth_sample",6.84955631203285,"fDCMdepth_mp","vera4cast"
2026-05-26,2026-04-25,"P1D","fcre",NA,"ensemble",24,"ChlorophyllMaximum_depth_sample",4.7810773167309,"fDCMdepth_mp","vera4cast"
2026-05-26,2026-04-25,"P1D","fcre",NA,"ensemble",55,"ChlorophyllMaximum_depth_sample",1.97952745060261,"fDCMdepth_mp","vera4cast"
2026-05-26,2026-04-25,"P1D","fcre",NA,"ensemble",86,"ChlorophyllMaximum_depth_sample",3.35302865188027,"fDCMdepth_mp","vera4cast"
2026-05-26,2026-04-25,"P1D","fcre",NA,"ensemble",117,"ChlorophyllMaximum_depth_sample",3.37875337303046,"fDCMdepth_mp","vera4cast"
2026-05-26,2026-04-25,"P1D","fcre",NA,"ensemble",148,"ChlorophyllMaximum_depth_sample",4.25581429804425,"fDCMdepth_mp","vera4cast"
2026-05-27,2026-04-25,"P1D","fcre",NA,"ensemble",24,"ChlorophyllMaximum_depth_sample",0.532531431151377,"fDCMdepth_mp","vera4cast"
2026-05-27,2026-04-25,"P1D","fcre",NA,"ensemble",55,"ChlorophyllMaximum_depth_sample",2.66383858700146,"fDCMdepth_mp","vera4cast"
2026-05-27,2026-04-25,"P1D","fcre",NA,"ensemble",86,"ChlorophyllMaximum_depth_sample",2.01735223604893,"fDCMdepth_mp","vera4cast"
2026-05-27,2026-04-25,"P1D","fcre",NA,"ensemble",117,"ChlorophyllMaximum_depth_sample",0.608340838028314,"fDCMdepth_mp","vera4cast"
2026-05-27,2026-04-25,"P1D","fcre",NA,"ensemble",148,"ChlorophyllMaximum_depth_sample",2.12312151574013,"fDCMdepth_mp","vera4cast"
2026-05-28,2026-04-25,"P1D","fcre",NA,"ensemble",24,"ChlorophyllMaximum_depth_sample",3.73223623087967,"fDCMdepth_mp","vera4cast"
2026-05-28,2026-04-25,"P1D","fcre",NA,"ensemble",55,"ChlorophyllMaximum_depth_sample",4.14009034356176,"fDCMdepth_mp","vera4cast"
2026-05-28,2026-04-25,"P1D","fcre",NA,"ensemble",86,"ChlorophyllMaximum_depth_sample",4.62120289861384,"fDCMdepth_mp","vera4cast"
2026-05-28,2026-04-25,"P1D","fcre",NA,"ensemble",117,"ChlorophyllMaximum_depth_sample",3.53924437992213,"fDCMdepth_mp","vera4cast"
2026-05-28,2026-04-25,"P1D","fcre",NA,"ensemble",148,"ChlorophyllMaximum_depth_sample",1.87266940416006,"fDCMdepth_mp","vera4cast"
2026-05-29,2026-04-25,"P1D","fcre",NA,"ensemble",24,"ChlorophyllMaximum_depth_sample",3.0053584423633,"fDCMdepth_mp","vera4cast"
2026-05-29,2026-04-25,"P1D","fcre",NA,"ensemble",55,"ChlorophyllMaximum_depth_sample",3.02597417178319,"fDCMdepth_mp","vera4cast"
2026-05-29,2026-04-25,"P1D","fcre",NA,"ensemble",86,"ChlorophyllMaximum_depth_sample",7.05939707610933,"fDCMdepth_mp","vera4cast"
2026-05-29,2026-04-25,"P1D","fcre",NA,"ensemble",117,"ChlorophyllMaximum_depth_sample",3.20362202457257,"fDCMdepth_mp","vera4cast"
2026-05-29,2026-04-25,"P1D","fcre",NA,"ensemble",148,"ChlorophyllMaximum_depth_sample",3.13162045046075,"fDCMdepth_mp","vera4cast"
2026-04-26,2026-04-25,"P1D","fcre",NA,"ensemble",25,"ChlorophyllMaximum_depth_sample",3.51776757223165,"fDCMdepth_mp","vera4cast"
2026-04-26,2026-04-25,"P1D","fcre",NA,"ensemble",56,"ChlorophyllMaximum_depth_sample",4.16503758725681,"fDCMdepth_mp","vera4cast"
2026-04-26,2026-04-25,"P1D","fcre",NA,"ensemble",87,"ChlorophyllMaximum_depth_sample",5.58911055444965,"fDCMdepth_mp","vera4cast"
2026-04-26,2026-04-25,"P1D","fcre",NA,"ensemble",118,"ChlorophyllMaximum_depth_sample",1.61234251675958,"fDCMdepth_mp","vera4cast"
2026-04-26,2026-04-25,"P1D","fcre",NA,"ensemble",149,"ChlorophyllMaximum_depth_sample",1.77647391770268,"fDCMdepth_mp","vera4cast"
2026-04-27,2026-04-25,"P1D","fcre",NA,"ensemble",25,"ChlorophyllMaximum_depth_sample",1.73658133527498,"fDCMdepth_mp","vera4cast"
2026-04-27,2026-04-25,"P1D","fcre",NA,"ensemble",56,"ChlorophyllMaximum_depth_sample",4.17033235984353,"fDCMdepth_mp","vera4cast"
2026-04-27,2026-04-25,"P1D","fcre",NA,"ensemble",87,"ChlorophyllMaximum_depth_sample",3.0640272392676,"fDCMdepth_mp","vera4cast"
2026-04-27,2026-04-25,"P1D","fcre",NA,"ensemble",118,"ChlorophyllMaximum_depth_sample",1.28423662758816,"fDCMdepth_mp","vera4cast"
2026-04-27,2026-04-25,"P1D","fcre",NA,"ensemble",149,"ChlorophyllMaximum_depth_sample",0.776704012159817,"fDCMdepth_mp","vera4cast"
2026-04-28,2026-04-25,"P1D","fcre",NA,"ensemble",25,"ChlorophyllMaximum_depth_sample",4.45334675212649,"fDCMdepth_mp","vera4cast"
2026-04-28,2026-04-25,"P1D","fcre",NA,"ensemble",56,"ChlorophyllMaximum_depth_sample",4.55873692044135,"fDCMdepth_mp","vera4cast"
2026-04-28,2026-04-25,"P1D","fcre",NA,"ensemble",87,"ChlorophyllMaximum_depth_sample",3.59052578558469,"fDCMdepth_mp","vera4cast"
2026-04-28,2026-04-25,"P1D","fcre",NA,"ensemble",118,"ChlorophyllMaximum_depth_sample",2.4011668666768,"fDCMdepth_mp","vera4cast"
2026-04-28,2026-04-25,"P1D","fcre",NA,"ensemble",149,"ChlorophyllMaximum_depth_sample",1.56912652096773,"fDCMdepth_mp","vera4cast"
2026-04-29,2026-04-25,"P1D","fcre",NA,"ensemble",25,"ChlorophyllMaximum_depth_sample",2.38863810410567,"fDCMdepth_mp","vera4cast"
2026-04-29,2026-04-25,"P1D","fcre",NA,"ensemble",56,"ChlorophyllMaximum_depth_sample",2.3225994123377,"fDCMdepth_mp","vera4cast"
2026-04-29,2026-04-25,"P1D","fcre",NA,"ensemble",87,"ChlorophyllMaximum_depth_sample",3.08992198302654,"fDCMdepth_mp","vera4cast"
2026-04-29,2026-04-25,"P1D","fcre",NA,"ensemble",118,"ChlorophyllMaximum_depth_sample",2.10069077056642,"fDCMdepth_mp","vera4cast"
2026-04-29,2026-04-25,"P1D","fcre",NA,"ensemble",149,"ChlorophyllMaximum_depth_sample",4.47585464725431,"fDCMdepth_mp","vera4cast"
2026-04-30,2026-04-25,"P1D","fcre",NA,"ensemble",25,"ChlorophyllMaximum_depth_sample",3.10024161436618,"fDCMdepth_mp","vera4cast"
2026-04-30,2026-04-25,"P1D","fcre",NA,"ensemble",56,"ChlorophyllMaximum_depth_sample",4.93344868247326,"fDCMdepth_mp","vera4cast"
2026-04-30,2026-04-25,"P1D","fcre",NA,"ensemble",87,"ChlorophyllMaximum_depth_sample",3.97107032604711,"fDCMdepth_mp","vera4cast"
2026-04-30,2026-04-25,"P1D","fcre",NA,"ensemble",118,"ChlorophyllMaximum_depth_sample",2.14491607369603,"fDCMdepth_mp","vera4cast"
2026-04-30,2026-04-25,"P1D","fcre",NA,"ensemble",149,"ChlorophyllMaximum_depth_sample",3.14031706397629,"fDCMdepth_mp","vera4cast"
2026-05-01,2026-04-25,"P1D","fcre",NA,"ensemble",25,"ChlorophyllMaximum_depth_sample",3.70098610051109,"fDCMdepth_mp","vera4cast"
2026-05-01,2026-04-25,"P1D","fcre",NA,"ensemble",56,"ChlorophyllMaximum_depth_sample",2.61560517314956,"fDCMdepth_mp","vera4cast"
2026-05-01,2026-04-25,"P1D","fcre",NA,"ensemble",87,"ChlorophyllMaximum_depth_sample",4.49977203593753,"fDCMdepth_mp","vera4cast"
2026-05-01,2026-04-25,"P1D","fcre",NA,"ensemble",118,"ChlorophyllMaximum_depth_sample",-0.65231890470099,"fDCMdepth_mp","vera4cast"
2026-05-01,2026-04-25,"P1D","fcre",NA,"ensemble",149,"ChlorophyllMaximum_depth_sample",2.029745120642,"fDCMdepth_mp","vera4cast"
2026-05-02,2026-04-25,"P1D","fcre",NA,"ensemble",25,"ChlorophyllMaximum_depth_sample",1.44436437396006,"fDCMdepth_mp","vera4cast"
2026-05-02,2026-04-25,"P1D","fcre",NA,"ensemble",56,"ChlorophyllMaximum_depth_sample",1.93400435551084,"fDCMdepth_mp","vera4cast"
2026-05-02,2026-04-25,"P1D","fcre",NA,"ensemble",87,"ChlorophyllMaximum_depth_sample",2.76979103717818,"fDCMdepth_mp","vera4cast"
2026-05-02,2026-04-25,"P1D","fcre",NA,"ensemble",118,"ChlorophyllMaximum_depth_sample",2.198671551697,"fDCMdepth_mp","vera4cast"
2026-05-02,2026-04-25,"P1D","fcre",NA,"ensemble",149,"ChlorophyllMaximum_depth_sample",1.82167661303418,"fDCMdepth_mp","vera4cast"
2026-05-03,2026-04-25,"P1D","fcre",NA,"ensemble",25,"ChlorophyllMaximum_depth_sample",3.38300690260054,"fDCMdepth_mp","vera4cast"
2026-05-03,2026-04-25,"P1D","fcre",NA,"ensemble",56,"ChlorophyllMaximum_depth_sample",1.78198133964279,"fDCMdepth_mp","vera4cast"
2026-05-03,2026-04-25,"P1D","fcre",NA,"ensemble",87,"ChlorophyllMaximum_depth_sample",0.952385560699516,"fDCMdepth_mp","vera4cast"
2026-05-03,2026-04-25,"P1D","fcre",NA,"ensemble",118,"ChlorophyllMaximum_depth_sample",4.20786017224873,"fDCMdepth_mp","vera4cast"
2026-05-03,2026-04-25,"P1D","fcre",NA,"ensemble",149,"ChlorophyllMaximum_depth_sample",3.34647316264323,"fDCMdepth_mp","vera4cast"
2026-05-04,2026-04-25,"P1D","fcre",NA,"ensemble",25,"ChlorophyllMaximum_depth_sample",3.40482173698525,"fDCMdepth_mp","vera4cast"
2026-05-04,2026-04-25,"P1D","fcre",NA,"ensemble",56,"ChlorophyllMaximum_depth_sample",3.14144570796063,"fDCMdepth_mp","vera4cast"
2026-05-04,2026-04-25,"P1D","fcre",NA,"ensemble",87,"ChlorophyllMaximum_depth_sample",3.6483184655122,"fDCMdepth_mp","vera4cast"
2026-05-04,2026-04-25,"P1D","fcre",NA,"ensemble",118,"ChlorophyllMaximum_depth_sample",2.17886639258544,"fDCMdepth_mp","vera4cast"
2026-05-04,2026-04-25,"P1D","fcre",NA,"ensemble",149,"ChlorophyllMaximum_depth_sample",3.28214565274339,"fDCMdepth_mp","vera4cast"
2026-05-05,2026-04-25,"P1D","fcre",NA,"ensemble",25,"ChlorophyllMaximum_depth_sample",0.636724610459619,"fDCMdepth_mp","vera4cast"
2026-05-05,2026-04-25,"P1D","fcre",NA,"ensemble",56,"ChlorophyllMaximum_depth_sample",5.38301407583841,"fDCMdepth_mp","vera4cast"
2026-05-05,2026-04-25,"P1D","fcre",NA,"ensemble",87,"ChlorophyllMaximum_depth_sample",2.95280148300384,"fDCMdepth_mp","vera4cast"
2026-05-05,2026-04-25,"P1D","fcre",NA,"ensemble",118,"ChlorophyllMaximum_depth_sample",3.73510703472438,"fDCMdepth_mp","vera4cast"
2026-05-05,2026-04-25,"P1D","fcre",NA,"ensemble",149,"ChlorophyllMaximum_depth_sample",3.48599158360429,"fDCMdepth_mp","vera4cast"
2026-05-06,2026-04-25,"P1D","fcre",NA,"ensemble",25,"ChlorophyllMaximum_depth_sample",3.73417581460586,"fDCMdepth_mp","vera4cast"
2026-05-06,2026-04-25,"P1D","fcre",NA,"ensemble",56,"ChlorophyllMaximum_depth_sample",2.54698409879842,"fDCMdepth_mp","vera4cast"
2026-05-06,2026-04-25,"P1D","fcre",NA,"ensemble",87,"ChlorophyllMaximum_depth_sample",3.24012573936214,"fDCMdepth_mp","vera4cast"
2026-05-06,2026-04-25,"P1D","fcre",NA,"ensemble",118,"ChlorophyllMaximum_depth_sample",3.53961280220969,"fDCMdepth_mp","vera4cast"
2026-05-06,2026-04-25,"P1D","fcre",NA,"ensemble",149,"ChlorophyllMaximum_depth_sample",3.82753811555493,"fDCMdepth_mp","vera4cast"
2026-05-07,2026-04-25,"P1D","fcre",NA,"ensemble",25,"ChlorophyllMaximum_depth_sample",4.41931935480851,"fDCMdepth_mp","vera4cast"
2026-05-07,2026-04-25,"P1D","fcre",NA,"ensemble",56,"ChlorophyllMaximum_depth_sample",3.06234613633645,"fDCMdepth_mp","vera4cast"
2026-05-07,2026-04-25,"P1D","fcre",NA,"ensemble",87,"ChlorophyllMaximum_depth_sample",3.60141538777565,"fDCMdepth_mp","vera4cast"
2026-05-07,2026-04-25,"P1D","fcre",NA,"ensemble",118,"ChlorophyllMaximum_depth_sample",2.98650084157048,"fDCMdepth_mp","vera4cast"
2026-05-07,2026-04-25,"P1D","fcre",NA,"ensemble",149,"ChlorophyllMaximum_depth_sample",3.36271472727783,"fDCMdepth_mp","vera4cast"
2026-05-08,2026-04-25,"P1D","fcre",NA,"ensemble",25,"ChlorophyllMaximum_depth_sample",3.26657308161409,"fDCMdepth_mp","vera4cast"
2026-05-08,2026-04-25,"P1D","fcre",NA,"ensemble",56,"ChlorophyllMaximum_depth_sample",2.92949242258562,"fDCMdepth_mp","vera4cast"
2026-05-08,2026-04-25,"P1D","fcre",NA,"ensemble",87,"ChlorophyllMaximum_depth_sample",3.0232821037594,"fDCMdepth_mp","vera4cast"
2026-05-08,2026-04-25,"P1D","fcre",NA,"ensemble",118,"ChlorophyllMaximum_depth_sample",0.889297326280244,"fDCMdepth_mp","vera4cast"
2026-05-08,2026-04-25,"P1D","fcre",NA,"ensemble",149,"ChlorophyllMaximum_depth_sample",3.39097606070859,"fDCMdepth_mp","vera4cast"
2026-05-09,2026-04-25,"P1D","fcre",NA,"ensemble",25,"ChlorophyllMaximum_depth_sample",3.753093208223,"fDCMdepth_mp","vera4cast"
2026-05-09,2026-04-25,"P1D","fcre",NA,"ensemble",56,"ChlorophyllMaximum_depth_sample",3.44935378883629,"fDCMdepth_mp","vera4cast"
2026-05-09,2026-04-25,"P1D","fcre",NA,"ensemble",87,"ChlorophyllMaximum_depth_sample",1.71167627150792,"fDCMdepth_mp","vera4cast"
2026-05-09,2026-04-25,"P1D","fcre",NA,"ensemble",118,"ChlorophyllMaximum_depth_sample",4.64689158498715,"fDCMdepth_mp","vera4cast"
2026-05-09,2026-04-25,"P1D","fcre",NA,"ensemble",149,"ChlorophyllMaximum_depth_sample",1.42639168474923,"fDCMdepth_mp","vera4cast"
2026-05-10,2026-04-25,"P1D","fcre",NA,"ensemble",25,"ChlorophyllMaximum_depth_sample",5.54374269648063,"fDCMdepth_mp","vera4cast"
2026-05-10,2026-04-25,"P1D","fcre",NA,"ensemble",56,"ChlorophyllMaximum_depth_sample",2.15348280228363,"fDCMdepth_mp","vera4cast"
2026-05-10,2026-04-25,"P1D","fcre",NA,"ensemble",87,"ChlorophyllMaximum_depth_sample",2.38684431025297,"fDCMdepth_mp","vera4cast"
2026-05-10,2026-04-25,"P1D","fcre",NA,"ensemble",118,"ChlorophyllMaximum_depth_sample",1.35451956444418,"fDCMdepth_mp","vera4cast"
2026-05-10,2026-04-25,"P1D","fcre",NA,"ensemble",149,"ChlorophyllMaximum_depth_sample",3.89274707315899,"fDCMdepth_mp","vera4cast"
2026-05-11,2026-04-25,"P1D","fcre",NA,"ensemble",25,"ChlorophyllMaximum_depth_sample",3.30793020645199,"fDCMdepth_mp","vera4cast"
2026-05-11,2026-04-25,"P1D","fcre",NA,"ensemble",56,"ChlorophyllMaximum_depth_sample",3.1079954035902,"fDCMdepth_mp","vera4cast"
2026-05-11,2026-04-25,"P1D","fcre",NA,"ensemble",87,"ChlorophyllMaximum_depth_sample",2.45558862654546,"fDCMdepth_mp","vera4cast"
2026-05-11,2026-04-25,"P1D","fcre",NA,"ensemble",118,"ChlorophyllMaximum_depth_sample",2.77343575816302,"fDCMdepth_mp","vera4cast"
2026-05-11,2026-04-25,"P1D","fcre",NA,"ensemble",149,"ChlorophyllMaximum_depth_sample",3.03506209145232,"fDCMdepth_mp","vera4cast"
2026-05-12,2026-04-25,"P1D","fcre",NA,"ensemble",25,"ChlorophyllMaximum_depth_sample",3.76892138010026,"fDCMdepth_mp","vera4cast"
2026-05-12,2026-04-25,"P1D","fcre",NA,"ensemble",56,"ChlorophyllMaximum_depth_sample",2.24604819947689,"fDCMdepth_mp","vera4cast"
2026-05-12,2026-04-25,"P1D","fcre",NA,"ensemble",87,"ChlorophyllMaximum_depth_sample",2.9299577745618,"fDCMdepth_mp","vera4cast"
2026-05-12,2026-04-25,"P1D","fcre",NA,"ensemble",118,"ChlorophyllMaximum_depth_sample",3.81157179156027,"fDCMdepth_mp","vera4cast"
2026-05-12,2026-04-25,"P1D","fcre",NA,"ensemble",149,"ChlorophyllMaximum_depth_sample",3.05042800067252,"fDCMdepth_mp","vera4cast"
2026-05-13,2026-04-25,"P1D","fcre",NA,"ensemble",25,"ChlorophyllMaximum_depth_sample",1.64390719742534,"fDCMdepth_mp","vera4cast"
2026-05-13,2026-04-25,"P1D","fcre",NA,"ensemble",56,"ChlorophyllMaximum_depth_sample",2.91173512752229,"fDCMdepth_mp","vera4cast"
2026-05-13,2026-04-25,"P1D","fcre",NA,"ensemble",87,"ChlorophyllMaximum_depth_sample",1.2361029225962,"fDCMdepth_mp","vera4cast"
2026-05-13,2026-04-25,"P1D","fcre",NA,"ensemble",118,"ChlorophyllMaximum_depth_sample",1.6461025959871,"fDCMdepth_mp","vera4cast"
2026-05-13,2026-04-25,"P1D","fcre",NA,"ensemble",149,"ChlorophyllMaximum_depth_sample",2.38421928699359,"fDCMdepth_mp","vera4cast"
2026-05-14,2026-04-25,"P1D","fcre",NA,"ensemble",25,"ChlorophyllMaximum_depth_sample",2.71225535175724,"fDCMdepth_mp","vera4cast"
2026-05-14,2026-04-25,"P1D","fcre",NA,"ensemble",56,"ChlorophyllMaximum_depth_sample",5.19571423382859,"fDCMdepth_mp","vera4cast"
2026-05-14,2026-04-25,"P1D","fcre",NA,"ensemble",87,"ChlorophyllMaximum_depth_sample",2.16391255314154,"fDCMdepth_mp","vera4cast"
2026-05-14,2026-04-25,"P1D","fcre",NA,"ensemble",118,"ChlorophyllMaximum_depth_sample",4.9974623198611,"fDCMdepth_mp","vera4cast"
2026-05-14,2026-04-25,"P1D","fcre",NA,"ensemble",149,"ChlorophyllMaximum_depth_sample",3.83224131298304,"fDCMdepth_mp","vera4cast"
2026-05-15,2026-04-25,"P1D","fcre",NA,"ensemble",25,"ChlorophyllMaximum_depth_sample",4.18434018398464,"fDCMdepth_mp","vera4cast"
2026-05-15,2026-04-25,"P1D","fcre",NA,"ensemble",56,"ChlorophyllMaximum_depth_sample",3.75642323728809,"fDCMdepth_mp","vera4cast"
2026-05-15,2026-04-25,"P1D","fcre",NA,"ensemble",87,"ChlorophyllMaximum_depth_sample",1.67284931252263,"fDCMdepth_mp","vera4cast"
2026-05-15,2026-04-25,"P1D","fcre",NA,"ensemble",118,"ChlorophyllMaximum_depth_sample",2.06787474850622,"fDCMdepth_mp","vera4cast"
2026-05-15,2026-04-25,"P1D","fcre",NA,"ensemble",149,"ChlorophyllMaximum_depth_sample",4.21228299453608,"fDCMdepth_mp","vera4cast"
2026-05-16,2026-04-25,"P1D","fcre",NA,"ensemble",25,"ChlorophyllMaximum_depth_sample",3.41007042650754,"fDCMdepth_mp","vera4cast"
2026-05-16,2026-04-25,"P1D","fcre",NA,"ensemble",56,"ChlorophyllMaximum_depth_sample",2.40045698120666,"fDCMdepth_mp","vera4cast"
2026-05-16,2026-04-25,"P1D","fcre",NA,"ensemble",87,"ChlorophyllMaximum_depth_sample",4.62310108998896,"fDCMdepth_mp","vera4cast"
2026-05-16,2026-04-25,"P1D","fcre",NA,"ensemble",118,"ChlorophyllMaximum_depth_sample",4.26905893492246,"fDCMdepth_mp","vera4cast"
2026-05-16,2026-04-25,"P1D","fcre",NA,"ensemble",149,"ChlorophyllMaximum_depth_sample",2.66085664704949,"fDCMdepth_mp","vera4cast"
2026-05-17,2026-04-25,"P1D","fcre",NA,"ensemble",25,"ChlorophyllMaximum_depth_sample",5.83922026377531,"fDCMdepth_mp","vera4cast"
2026-05-17,2026-04-25,"P1D","fcre",NA,"ensemble",56,"ChlorophyllMaximum_depth_sample",2.26922555238958,"fDCMdepth_mp","vera4cast"
2026-05-17,2026-04-25,"P1D","fcre",NA,"ensemble",87,"ChlorophyllMaximum_depth_sample",2.13702332366988,"fDCMdepth_mp","vera4cast"
2026-05-17,2026-04-25,"P1D","fcre",NA,"ensemble",118,"ChlorophyllMaximum_depth_sample",4.14571356664615,"fDCMdepth_mp","vera4cast"
2026-05-17,2026-04-25,"P1D","fcre",NA,"ensemble",149,"ChlorophyllMaximum_depth_sample",3.47697997964344,"fDCMdepth_mp","vera4cast"
2026-05-18,2026-04-25,"P1D","fcre",NA,"ensemble",25,"ChlorophyllMaximum_depth_sample",3.53043465124978,"fDCMdepth_mp","vera4cast"
2026-05-18,2026-04-25,"P1D","fcre",NA,"ensemble",56,"ChlorophyllMaximum_depth_sample",3.39594847646442,"fDCMdepth_mp","vera4cast"
2026-05-18,2026-04-25,"P1D","fcre",NA,"ensemble",87,"ChlorophyllMaximum_depth_sample",3.67744767176985,"fDCMdepth_mp","vera4cast"
2026-05-18,2026-04-25,"P1D","fcre",NA,"ensemble",118,"ChlorophyllMaximum_depth_sample",2.42312275968492,"fDCMdepth_mp","vera4cast"
2026-05-18,2026-04-25,"P1D","fcre",NA,"ensemble",149,"ChlorophyllMaximum_depth_sample",3.17877844056031,"fDCMdepth_mp","vera4cast"
2026-05-19,2026-04-25,"P1D","fcre",NA,"ensemble",25,"ChlorophyllMaximum_depth_sample",1.68913250594711,"fDCMdepth_mp","vera4cast"
2026-05-19,2026-04-25,"P1D","fcre",NA,"ensemble",56,"ChlorophyllMaximum_depth_sample",2.82327458731757,"fDCMdepth_mp","vera4cast"
2026-05-19,2026-04-25,"P1D","fcre",NA,"ensemble",87,"ChlorophyllMaximum_depth_sample",5.85885447319387,"fDCMdepth_mp","vera4cast"
2026-05-19,2026-04-25,"P1D","fcre",NA,"ensemble",118,"ChlorophyllMaximum_depth_sample",5.30241385590753,"fDCMdepth_mp","vera4cast"
2026-05-19,2026-04-25,"P1D","fcre",NA,"ensemble",149,"ChlorophyllMaximum_depth_sample",4.05534557367749,"fDCMdepth_mp","vera4cast"
2026-05-20,2026-04-25,"P1D","fcre",NA,"ensemble",25,"ChlorophyllMaximum_depth_sample",4.37045438853882,"fDCMdepth_mp","vera4cast"
2026-05-20,2026-04-25,"P1D","fcre",NA,"ensemble",56,"ChlorophyllMaximum_depth_sample",0.913530967896777,"fDCMdepth_mp","vera4cast"
2026-05-20,2026-04-25,"P1D","fcre",NA,"ensemble",87,"ChlorophyllMaximum_depth_sample",4.02031800494126,"fDCMdepth_mp","vera4cast"
2026-05-20,2026-04-25,"P1D","fcre",NA,"ensemble",118,"ChlorophyllMaximum_depth_sample",3.10898768336457,"fDCMdepth_mp","vera4cast"
2026-05-20,2026-04-25,"P1D","fcre",NA,"ensemble",149,"ChlorophyllMaximum_depth_sample",3.56826058295469,"fDCMdepth_mp","vera4cast"
2026-05-21,2026-04-25,"P1D","fcre",NA,"ensemble",25,"ChlorophyllMaximum_depth_sample",1.74044497798992,"fDCMdepth_mp","vera4cast"
2026-05-21,2026-04-25,"P1D","fcre",NA,"ensemble",56,"ChlorophyllMaximum_depth_sample",1.07785031598623,"fDCMdepth_mp","vera4cast"
2026-05-21,2026-04-25,"P1D","fcre",NA,"ensemble",87,"ChlorophyllMaximum_depth_sample",4.19400201910178,"fDCMdepth_mp","vera4cast"
2026-05-21,2026-04-25,"P1D","fcre",NA,"ensemble",118,"ChlorophyllMaximum_depth_sample",4.21009563992451,"fDCMdepth_mp","vera4cast"
2026-05-21,2026-04-25,"P1D","fcre",NA,"ensemble",149,"ChlorophyllMaximum_depth_sample",2.94606342743322,"fDCMdepth_mp","vera4cast"
2026-05-22,2026-04-25,"P1D","fcre",NA,"ensemble",25,"ChlorophyllMaximum_depth_sample",3.49406774181322,"fDCMdepth_mp","vera4cast"
2026-05-22,2026-04-25,"P1D","fcre",NA,"ensemble",56,"ChlorophyllMaximum_depth_sample",2.04258284708338,"fDCMdepth_mp","vera4cast"
2026-05-22,2026-04-25,"P1D","fcre",NA,"ensemble",87,"ChlorophyllMaximum_depth_sample",2.46157146019495,"fDCMdepth_mp","vera4cast"
2026-05-22,2026-04-25,"P1D","fcre",NA,"ensemble",118,"ChlorophyllMaximum_depth_sample",4.07200681063985,"fDCMdepth_mp","vera4cast"
2026-05-22,2026-04-25,"P1D","fcre",NA,"ensemble",149,"ChlorophyllMaximum_depth_sample",0.855949709050799,"fDCMdepth_mp","vera4cast"
2026-05-23,2026-04-25,"P1D","fcre",NA,"ensemble",25,"ChlorophyllMaximum_depth_sample",4.01120788355876,"fDCMdepth_mp","vera4cast"
2026-05-23,2026-04-25,"P1D","fcre",NA,"ensemble",56,"ChlorophyllMaximum_depth_sample",5.27650900933533,"fDCMdepth_mp","vera4cast"
2026-05-23,2026-04-25,"P1D","fcre",NA,"ensemble",87,"ChlorophyllMaximum_depth_sample",5.49925067975759,"fDCMdepth_mp","vera4cast"
2026-05-23,2026-04-25,"P1D","fcre",NA,"ensemble",118,"ChlorophyllMaximum_depth_sample",4.10229376400677,"fDCMdepth_mp","vera4cast"
2026-05-23,2026-04-25,"P1D","fcre",NA,"ensemble",149,"ChlorophyllMaximum_depth_sample",3.61837735535999,"fDCMdepth_mp","vera4cast"
2026-05-24,2026-04-25,"P1D","fcre",NA,"ensemble",25,"ChlorophyllMaximum_depth_sample",4.10983074118111,"fDCMdepth_mp","vera4cast"
2026-05-24,2026-04-25,"P1D","fcre",NA,"ensemble",56,"ChlorophyllMaximum_depth_sample",5.22226535497974,"fDCMdepth_mp","vera4cast"
2026-05-24,2026-04-25,"P1D","fcre",NA,"ensemble",87,"ChlorophyllMaximum_depth_sample",2.93666486898175,"fDCMdepth_mp","vera4cast"
2026-05-24,2026-04-25,"P1D","fcre",NA,"ensemble",118,"ChlorophyllMaximum_depth_sample",2.76915487555151,"fDCMdepth_mp","vera4cast"
2026-05-24,2026-04-25,"P1D","fcre",NA,"ensemble",149,"ChlorophyllMaximum_depth_sample",1.69047277025893,"fDCMdepth_mp","vera4cast"
2026-05-25,2026-04-25,"P1D","fcre",NA,"ensemble",25,"ChlorophyllMaximum_depth_sample",0.465899320735065,"fDCMdepth_mp","vera4cast"
2026-05-25,2026-04-25,"P1D","fcre",NA,"ensemble",56,"ChlorophyllMaximum_depth_sample",2.43209245965678,"fDCMdepth_mp","vera4cast"
2026-05-25,2026-04-25,"P1D","fcre",NA,"ensemble",87,"ChlorophyllMaximum_depth_sample",4.14825275289691,"fDCMdepth_mp","vera4cast"
2026-05-25,2026-04-25,"P1D","fcre",NA,"ensemble",118,"ChlorophyllMaximum_depth_sample",2.01057846828588,"fDCMdepth_mp","vera4cast"
2026-05-25,2026-04-25,"P1D","fcre",NA,"ensemble",149,"ChlorophyllMaximum_depth_sample",3.15377917269496,"fDCMdepth_mp","vera4cast"
2026-05-26,2026-04-25,"P1D","fcre",NA,"ensemble",25,"ChlorophyllMaximum_depth_sample",2.28216378197522,"fDCMdepth_mp","vera4cast"
2026-05-26,2026-04-25,"P1D","fcre",NA,"ensemble",56,"ChlorophyllMaximum_depth_sample",0.963008577398017,"fDCMdepth_mp","vera4cast"
2026-05-26,2026-04-25,"P1D","fcre",NA,"ensemble",87,"ChlorophyllMaximum_depth_sample",5.31722195952422,"fDCMdepth_mp","vera4cast"
2026-05-26,2026-04-25,"P1D","fcre",NA,"ensemble",118,"ChlorophyllMaximum_depth_sample",2.72464127802191,"fDCMdepth_mp","vera4cast"
2026-05-26,2026-04-25,"P1D","fcre",NA,"ensemble",149,"ChlorophyllMaximum_depth_sample",4.40620636743846,"fDCMdepth_mp","vera4cast"
2026-05-27,2026-04-25,"P1D","fcre",NA,"ensemble",25,"ChlorophyllMaximum_depth_sample",3.20122478709112,"fDCMdepth_mp","vera4cast"
2026-05-27,2026-04-25,"P1D","fcre",NA,"ensemble",56,"ChlorophyllMaximum_depth_sample",4.1355934633179,"fDCMdepth_mp","vera4cast"
2026-05-27,2026-04-25,"P1D","fcre",NA,"ensemble",87,"ChlorophyllMaximum_depth_sample",4.93991692745223,"fDCMdepth_mp","vera4cast"
2026-05-27,2026-04-25,"P1D","fcre",NA,"ensemble",118,"ChlorophyllMaximum_depth_sample",2.67020868994799,"fDCMdepth_mp","vera4cast"
2026-05-27,2026-04-25,"P1D","fcre",NA,"ensemble",149,"ChlorophyllMaximum_depth_sample",2.20670723626991,"fDCMdepth_mp","vera4cast"
2026-05-28,2026-04-25,"P1D","fcre",NA,"ensemble",25,"ChlorophyllMaximum_depth_sample",3.49808393039016,"fDCMdepth_mp","vera4cast"
2026-05-28,2026-04-25,"P1D","fcre",NA,"ensemble",56,"ChlorophyllMaximum_depth_sample",1.60235096655444,"fDCMdepth_mp","vera4cast"
2026-05-28,2026-04-25,"P1D","fcre",NA,"ensemble",87,"ChlorophyllMaximum_depth_sample",2.91979559229645,"fDCMdepth_mp","vera4cast"
2026-05-28,2026-04-25,"P1D","fcre",NA,"ensemble",118,"ChlorophyllMaximum_depth_sample",2.83174510854636,"fDCMdepth_mp","vera4cast"
2026-05-28,2026-04-25,"P1D","fcre",NA,"ensemble",149,"ChlorophyllMaximum_depth_sample",1.65707613450138,"fDCMdepth_mp","vera4cast"
2026-05-29,2026-04-25,"P1D","fcre",NA,"ensemble",25,"ChlorophyllMaximum_depth_sample",3.18540736204324,"fDCMdepth_mp","vera4cast"
2026-05-29,2026-04-25,"P1D","fcre",NA,"ensemble",56,"ChlorophyllMaximum_depth_sample",4.47782664850579,"fDCMdepth_mp","vera4cast"
2026-05-29,2026-04-25,"P1D","fcre",NA,"ensemble",87,"ChlorophyllMaximum_depth_sample",3.42881111979846,"fDCMdepth_mp","vera4cast"
2026-05-29,2026-04-25,"P1D","fcre",NA,"ensemble",118,"ChlorophyllMaximum_depth_sample",2.23757084461753,"fDCMdepth_mp","vera4cast"
2026-05-29,2026-04-25,"P1D","fcre",NA,"ensemble",149,"ChlorophyllMaximum_depth_sample",1.60637072512205,"fDCMdepth_mp","vera4cast"
2026-04-26,2026-04-25,"P1D","fcre",NA,"ensemble",26,"ChlorophyllMaximum_depth_sample",3.71522091223788,"fDCMdepth_mp","vera4cast"
2026-04-26,2026-04-25,"P1D","fcre",NA,"ensemble",57,"ChlorophyllMaximum_depth_sample",2.93446650928051,"fDCMdepth_mp","vera4cast"
2026-04-26,2026-04-25,"P1D","fcre",NA,"ensemble",88,"ChlorophyllMaximum_depth_sample",0.0547257107462751,"fDCMdepth_mp","vera4cast"
2026-04-26,2026-04-25,"P1D","fcre",NA,"ensemble",119,"ChlorophyllMaximum_depth_sample",3.05140479927839,"fDCMdepth_mp","vera4cast"
2026-04-26,2026-04-25,"P1D","fcre",NA,"ensemble",150,"ChlorophyllMaximum_depth_sample",3.69193998528718,"fDCMdepth_mp","vera4cast"
2026-04-27,2026-04-25,"P1D","fcre",NA,"ensemble",26,"ChlorophyllMaximum_depth_sample",4.6375194907292,"fDCMdepth_mp","vera4cast"
2026-04-27,2026-04-25,"P1D","fcre",NA,"ensemble",57,"ChlorophyllMaximum_depth_sample",4.69683322526463,"fDCMdepth_mp","vera4cast"
2026-04-27,2026-04-25,"P1D","fcre",NA,"ensemble",88,"ChlorophyllMaximum_depth_sample",4.82535820500005,"fDCMdepth_mp","vera4cast"
2026-04-27,2026-04-25,"P1D","fcre",NA,"ensemble",119,"ChlorophyllMaximum_depth_sample",2.31157092347257,"fDCMdepth_mp","vera4cast"
2026-04-27,2026-04-25,"P1D","fcre",NA,"ensemble",150,"ChlorophyllMaximum_depth_sample",1.46184042651644,"fDCMdepth_mp","vera4cast"
2026-04-28,2026-04-25,"P1D","fcre",NA,"ensemble",26,"ChlorophyllMaximum_depth_sample",2.73139991838951,"fDCMdepth_mp","vera4cast"
2026-04-28,2026-04-25,"P1D","fcre",NA,"ensemble",57,"ChlorophyllMaximum_depth_sample",3.73827972132794,"fDCMdepth_mp","vera4cast"
2026-04-28,2026-04-25,"P1D","fcre",NA,"ensemble",88,"ChlorophyllMaximum_depth_sample",1.68945737046828,"fDCMdepth_mp","vera4cast"
2026-04-28,2026-04-25,"P1D","fcre",NA,"ensemble",119,"ChlorophyllMaximum_depth_sample",2.16888327150082,"fDCMdepth_mp","vera4cast"
2026-04-28,2026-04-25,"P1D","fcre",NA,"ensemble",150,"ChlorophyllMaximum_depth_sample",4.32209681298875,"fDCMdepth_mp","vera4cast"
2026-04-29,2026-04-25,"P1D","fcre",NA,"ensemble",26,"ChlorophyllMaximum_depth_sample",2.10125001269397,"fDCMdepth_mp","vera4cast"
2026-04-29,2026-04-25,"P1D","fcre",NA,"ensemble",57,"ChlorophyllMaximum_depth_sample",3.68252372028818,"fDCMdepth_mp","vera4cast"
2026-04-29,2026-04-25,"P1D","fcre",NA,"ensemble",88,"ChlorophyllMaximum_depth_sample",2.94553841673914,"fDCMdepth_mp","vera4cast"
2026-04-29,2026-04-25,"P1D","fcre",NA,"ensemble",119,"ChlorophyllMaximum_depth_sample",5.56950306147274,"fDCMdepth_mp","vera4cast"
2026-04-29,2026-04-25,"P1D","fcre",NA,"ensemble",150,"ChlorophyllMaximum_depth_sample",2.72720580494772,"fDCMdepth_mp","vera4cast"
2026-04-30,2026-04-25,"P1D","fcre",NA,"ensemble",26,"ChlorophyllMaximum_depth_sample",2.98130643106472,"fDCMdepth_mp","vera4cast"
2026-04-30,2026-04-25,"P1D","fcre",NA,"ensemble",57,"ChlorophyllMaximum_depth_sample",1.67078917457374,"fDCMdepth_mp","vera4cast"
2026-04-30,2026-04-25,"P1D","fcre",NA,"ensemble",88,"ChlorophyllMaximum_depth_sample",3.11069214555839,"fDCMdepth_mp","vera4cast"
2026-04-30,2026-04-25,"P1D","fcre",NA,"ensemble",119,"ChlorophyllMaximum_depth_sample",2.07634945368822,"fDCMdepth_mp","vera4cast"
2026-04-30,2026-04-25,"P1D","fcre",NA,"ensemble",150,"ChlorophyllMaximum_depth_sample",4.25611497332525,"fDCMdepth_mp","vera4cast"
2026-05-01,2026-04-25,"P1D","fcre",NA,"ensemble",26,"ChlorophyllMaximum_depth_sample",5.86147256646415,"fDCMdepth_mp","vera4cast"
2026-05-01,2026-04-25,"P1D","fcre",NA,"ensemble",57,"ChlorophyllMaximum_depth_sample",2.32479460684579,"fDCMdepth_mp","vera4cast"
2026-05-01,2026-04-25,"P1D","fcre",NA,"ensemble",88,"ChlorophyllMaximum_depth_sample",5.25641705734257,"fDCMdepth_mp","vera4cast"
2026-05-01,2026-04-25,"P1D","fcre",NA,"ensemble",119,"ChlorophyllMaximum_depth_sample",1.47975414105825,"fDCMdepth_mp","vera4cast"
2026-05-01,2026-04-25,"P1D","fcre",NA,"ensemble",150,"ChlorophyllMaximum_depth_sample",3.62565304319054,"fDCMdepth_mp","vera4cast"
2026-05-02,2026-04-25,"P1D","fcre",NA,"ensemble",26,"ChlorophyllMaximum_depth_sample",4.99364404346144,"fDCMdepth_mp","vera4cast"
2026-05-02,2026-04-25,"P1D","fcre",NA,"ensemble",57,"ChlorophyllMaximum_depth_sample",5.3401797276211,"fDCMdepth_mp","vera4cast"
2026-05-02,2026-04-25,"P1D","fcre",NA,"ensemble",88,"ChlorophyllMaximum_depth_sample",3.12987816721343,"fDCMdepth_mp","vera4cast"
2026-05-02,2026-04-25,"P1D","fcre",NA,"ensemble",119,"ChlorophyllMaximum_depth_sample",0.666005210487683,"fDCMdepth_mp","vera4cast"
2026-05-02,2026-04-25,"P1D","fcre",NA,"ensemble",150,"ChlorophyllMaximum_depth_sample",3.44959328245709,"fDCMdepth_mp","vera4cast"
2026-05-03,2026-04-25,"P1D","fcre",NA,"ensemble",26,"ChlorophyllMaximum_depth_sample",1.5355600290801,"fDCMdepth_mp","vera4cast"
2026-05-03,2026-04-25,"P1D","fcre",NA,"ensemble",57,"ChlorophyllMaximum_depth_sample",3.99715611707905,"fDCMdepth_mp","vera4cast"
2026-05-03,2026-04-25,"P1D","fcre",NA,"ensemble",88,"ChlorophyllMaximum_depth_sample",4.42901465301754,"fDCMdepth_mp","vera4cast"
2026-05-03,2026-04-25,"P1D","fcre",NA,"ensemble",119,"ChlorophyllMaximum_depth_sample",3.28507711323105,"fDCMdepth_mp","vera4cast"
2026-05-03,2026-04-25,"P1D","fcre",NA,"ensemble",150,"ChlorophyllMaximum_depth_sample",3.47499672403508,"fDCMdepth_mp","vera4cast"
2026-05-04,2026-04-25,"P1D","fcre",NA,"ensemble",26,"ChlorophyllMaximum_depth_sample",2.03505140465052,"fDCMdepth_mp","vera4cast"
2026-05-04,2026-04-25,"P1D","fcre",NA,"ensemble",57,"ChlorophyllMaximum_depth_sample",2.33393546684954,"fDCMdepth_mp","vera4cast"
2026-05-04,2026-04-25,"P1D","fcre",NA,"ensemble",88,"ChlorophyllMaximum_depth_sample",2.08944708821899,"fDCMdepth_mp","vera4cast"
2026-05-04,2026-04-25,"P1D","fcre",NA,"ensemble",119,"ChlorophyllMaximum_depth_sample",-0.0764359816389879,"fDCMdepth_mp","vera4cast"
2026-05-04,2026-04-25,"P1D","fcre",NA,"ensemble",150,"ChlorophyllMaximum_depth_sample",2.2508162770804,"fDCMdepth_mp","vera4cast"
2026-05-05,2026-04-25,"P1D","fcre",NA,"ensemble",26,"ChlorophyllMaximum_depth_sample",3.37530008282849,"fDCMdepth_mp","vera4cast"
2026-05-05,2026-04-25,"P1D","fcre",NA,"ensemble",57,"ChlorophyllMaximum_depth_sample",1.33088191460277,"fDCMdepth_mp","vera4cast"
2026-05-05,2026-04-25,"P1D","fcre",NA,"ensemble",88,"ChlorophyllMaximum_depth_sample",3.15267984923034,"fDCMdepth_mp","vera4cast"
2026-05-05,2026-04-25,"P1D","fcre",NA,"ensemble",119,"ChlorophyllMaximum_depth_sample",1.4866608400117,"fDCMdepth_mp","vera4cast"
2026-05-05,2026-04-25,"P1D","fcre",NA,"ensemble",150,"ChlorophyllMaximum_depth_sample",4.95050226935943,"fDCMdepth_mp","vera4cast"
2026-05-06,2026-04-25,"P1D","fcre",NA,"ensemble",26,"ChlorophyllMaximum_depth_sample",2.94959312203532,"fDCMdepth_mp","vera4cast"
2026-05-06,2026-04-25,"P1D","fcre",NA,"ensemble",57,"ChlorophyllMaximum_depth_sample",3.2421124586831,"fDCMdepth_mp","vera4cast"
2026-05-06,2026-04-25,"P1D","fcre",NA,"ensemble",88,"ChlorophyllMaximum_depth_sample",2.79482404772281,"fDCMdepth_mp","vera4cast"
2026-05-06,2026-04-25,"P1D","fcre",NA,"ensemble",119,"ChlorophyllMaximum_depth_sample",5.58553754026495,"fDCMdepth_mp","vera4cast"
2026-05-06,2026-04-25,"P1D","fcre",NA,"ensemble",150,"ChlorophyllMaximum_depth_sample",3.26412709447894,"fDCMdepth_mp","vera4cast"
2026-05-07,2026-04-25,"P1D","fcre",NA,"ensemble",26,"ChlorophyllMaximum_depth_sample",2.02748469444576,"fDCMdepth_mp","vera4cast"
2026-05-07,2026-04-25,"P1D","fcre",NA,"ensemble",57,"ChlorophyllMaximum_depth_sample",3.78959569370608,"fDCMdepth_mp","vera4cast"
2026-05-07,2026-04-25,"P1D","fcre",NA,"ensemble",88,"ChlorophyllMaximum_depth_sample",4.07915418428586,"fDCMdepth_mp","vera4cast"
2026-05-07,2026-04-25,"P1D","fcre",NA,"ensemble",119,"ChlorophyllMaximum_depth_sample",1.29313050632282,"fDCMdepth_mp","vera4cast"
2026-05-07,2026-04-25,"P1D","fcre",NA,"ensemble",150,"ChlorophyllMaximum_depth_sample",4.38197395004924,"fDCMdepth_mp","vera4cast"
2026-05-08,2026-04-25,"P1D","fcre",NA,"ensemble",26,"ChlorophyllMaximum_depth_sample",5.61349730039143,"fDCMdepth_mp","vera4cast"
2026-05-08,2026-04-25,"P1D","fcre",NA,"ensemble",57,"ChlorophyllMaximum_depth_sample",3.18128758229548,"fDCMdepth_mp","vera4cast"
2026-05-08,2026-04-25,"P1D","fcre",NA,"ensemble",88,"ChlorophyllMaximum_depth_sample",2.61662947191942,"fDCMdepth_mp","vera4cast"
2026-05-08,2026-04-25,"P1D","fcre",NA,"ensemble",119,"ChlorophyllMaximum_depth_sample",1.59828588453702,"fDCMdepth_mp","vera4cast"
2026-05-08,2026-04-25,"P1D","fcre",NA,"ensemble",150,"ChlorophyllMaximum_depth_sample",2.32992345945139,"fDCMdepth_mp","vera4cast"
2026-05-09,2026-04-25,"P1D","fcre",NA,"ensemble",26,"ChlorophyllMaximum_depth_sample",2.87862694366669,"fDCMdepth_mp","vera4cast"
2026-05-09,2026-04-25,"P1D","fcre",NA,"ensemble",57,"ChlorophyllMaximum_depth_sample",1.37497897926401,"fDCMdepth_mp","vera4cast"
2026-05-09,2026-04-25,"P1D","fcre",NA,"ensemble",88,"ChlorophyllMaximum_depth_sample",1.96389496707327,"fDCMdepth_mp","vera4cast"
2026-05-09,2026-04-25,"P1D","fcre",NA,"ensemble",119,"ChlorophyllMaximum_depth_sample",0.536567368901641,"fDCMdepth_mp","vera4cast"
2026-05-09,2026-04-25,"P1D","fcre",NA,"ensemble",150,"ChlorophyllMaximum_depth_sample",3.62397169473384,"fDCMdepth_mp","vera4cast"
2026-05-10,2026-04-25,"P1D","fcre",NA,"ensemble",26,"ChlorophyllMaximum_depth_sample",4.34344704723582,"fDCMdepth_mp","vera4cast"
2026-05-10,2026-04-25,"P1D","fcre",NA,"ensemble",57,"ChlorophyllMaximum_depth_sample",4.23579077758288,"fDCMdepth_mp","vera4cast"
2026-05-10,2026-04-25,"P1D","fcre",NA,"ensemble",88,"ChlorophyllMaximum_depth_sample",4.10390340689057,"fDCMdepth_mp","vera4cast"
2026-05-10,2026-04-25,"P1D","fcre",NA,"ensemble",119,"ChlorophyllMaximum_depth_sample",5.75066233047254,"fDCMdepth_mp","vera4cast"
2026-05-10,2026-04-25,"P1D","fcre",NA,"ensemble",150,"ChlorophyllMaximum_depth_sample",5.4232047413236,"fDCMdepth_mp","vera4cast"
2026-05-11,2026-04-25,"P1D","fcre",NA,"ensemble",26,"ChlorophyllMaximum_depth_sample",2.87940201166237,"fDCMdepth_mp","vera4cast"
2026-05-11,2026-04-25,"P1D","fcre",NA,"ensemble",57,"ChlorophyllMaximum_depth_sample",1.82718878294257,"fDCMdepth_mp","vera4cast"
2026-05-11,2026-04-25,"P1D","fcre",NA,"ensemble",88,"ChlorophyllMaximum_depth_sample",3.14119115363201,"fDCMdepth_mp","vera4cast"
2026-05-11,2026-04-25,"P1D","fcre",NA,"ensemble",119,"ChlorophyllMaximum_depth_sample",2.43169623751756,"fDCMdepth_mp","vera4cast"
2026-05-11,2026-04-25,"P1D","fcre",NA,"ensemble",150,"ChlorophyllMaximum_depth_sample",1.81760229675299,"fDCMdepth_mp","vera4cast"
2026-05-12,2026-04-25,"P1D","fcre",NA,"ensemble",26,"ChlorophyllMaximum_depth_sample",2.4631737564546,"fDCMdepth_mp","vera4cast"
2026-05-12,2026-04-25,"P1D","fcre",NA,"ensemble",57,"ChlorophyllMaximum_depth_sample",3.8107765977478,"fDCMdepth_mp","vera4cast"
2026-05-12,2026-04-25,"P1D","fcre",NA,"ensemble",88,"ChlorophyllMaximum_depth_sample",2.60357852475711,"fDCMdepth_mp","vera4cast"
2026-05-12,2026-04-25,"P1D","fcre",NA,"ensemble",119,"ChlorophyllMaximum_depth_sample",2.31365965789858,"fDCMdepth_mp","vera4cast"
2026-05-12,2026-04-25,"P1D","fcre",NA,"ensemble",150,"ChlorophyllMaximum_depth_sample",3.48535783393476,"fDCMdepth_mp","vera4cast"
2026-05-13,2026-04-25,"P1D","fcre",NA,"ensemble",26,"ChlorophyllMaximum_depth_sample",3.64918193688597,"fDCMdepth_mp","vera4cast"
2026-05-13,2026-04-25,"P1D","fcre",NA,"ensemble",57,"ChlorophyllMaximum_depth_sample",6.12096144413065,"fDCMdepth_mp","vera4cast"
2026-05-13,2026-04-25,"P1D","fcre",NA,"ensemble",88,"ChlorophyllMaximum_depth_sample",4.8368804127322,"fDCMdepth_mp","vera4cast"
2026-05-13,2026-04-25,"P1D","fcre",NA,"ensemble",119,"ChlorophyllMaximum_depth_sample",0.861058021340181,"fDCMdepth_mp","vera4cast"
2026-05-13,2026-04-25,"P1D","fcre",NA,"ensemble",150,"ChlorophyllMaximum_depth_sample",3.72802904160241,"fDCMdepth_mp","vera4cast"
2026-05-14,2026-04-25,"P1D","fcre",NA,"ensemble",26,"ChlorophyllMaximum_depth_sample",1.65997921328318,"fDCMdepth_mp","vera4cast"
2026-05-14,2026-04-25,"P1D","fcre",NA,"ensemble",57,"ChlorophyllMaximum_depth_sample",1.06576112384908,"fDCMdepth_mp","vera4cast"
2026-05-14,2026-04-25,"P1D","fcre",NA,"ensemble",88,"ChlorophyllMaximum_depth_sample",4.15806081065189,"fDCMdepth_mp","vera4cast"
2026-05-14,2026-04-25,"P1D","fcre",NA,"ensemble",119,"ChlorophyllMaximum_depth_sample",1.60203507373156,"fDCMdepth_mp","vera4cast"
2026-05-14,2026-04-25,"P1D","fcre",NA,"ensemble",150,"ChlorophyllMaximum_depth_sample",3.32252807596277,"fDCMdepth_mp","vera4cast"
2026-05-15,2026-04-25,"P1D","fcre",NA,"ensemble",26,"ChlorophyllMaximum_depth_sample",2.68128579034001,"fDCMdepth_mp","vera4cast"
2026-05-15,2026-04-25,"P1D","fcre",NA,"ensemble",57,"ChlorophyllMaximum_depth_sample",3.39043735517407,"fDCMdepth_mp","vera4cast"
2026-05-15,2026-04-25,"P1D","fcre",NA,"ensemble",88,"ChlorophyllMaximum_depth_sample",6.70775700262458,"fDCMdepth_mp","vera4cast"
2026-05-15,2026-04-25,"P1D","fcre",NA,"ensemble",119,"ChlorophyllMaximum_depth_sample",4.65487222093234,"fDCMdepth_mp","vera4cast"
2026-05-15,2026-04-25,"P1D","fcre",NA,"ensemble",150,"ChlorophyllMaximum_depth_sample",2.27075915112961,"fDCMdepth_mp","vera4cast"
2026-05-16,2026-04-25,"P1D","fcre",NA,"ensemble",26,"ChlorophyllMaximum_depth_sample",3.9916253152663,"fDCMdepth_mp","vera4cast"
2026-05-16,2026-04-25,"P1D","fcre",NA,"ensemble",57,"ChlorophyllMaximum_depth_sample",5.9080646057823,"fDCMdepth_mp","vera4cast"
2026-05-16,2026-04-25,"P1D","fcre",NA,"ensemble",88,"ChlorophyllMaximum_depth_sample",5.71134859159573,"fDCMdepth_mp","vera4cast"
2026-05-16,2026-04-25,"P1D","fcre",NA,"ensemble",119,"ChlorophyllMaximum_depth_sample",3.42074504465501,"fDCMdepth_mp","vera4cast"
2026-05-16,2026-04-25,"P1D","fcre",NA,"ensemble",150,"ChlorophyllMaximum_depth_sample",3.04450557929237,"fDCMdepth_mp","vera4cast"
2026-05-17,2026-04-25,"P1D","fcre",NA,"ensemble",26,"ChlorophyllMaximum_depth_sample",4.26001524144297,"fDCMdepth_mp","vera4cast"
2026-05-17,2026-04-25,"P1D","fcre",NA,"ensemble",57,"ChlorophyllMaximum_depth_sample",1.08819396445007,"fDCMdepth_mp","vera4cast"
2026-05-17,2026-04-25,"P1D","fcre",NA,"ensemble",88,"ChlorophyllMaximum_depth_sample",2.07925367000299,"fDCMdepth_mp","vera4cast"
2026-05-17,2026-04-25,"P1D","fcre",NA,"ensemble",119,"ChlorophyllMaximum_depth_sample",2.4260748097979,"fDCMdepth_mp","vera4cast"
2026-05-17,2026-04-25,"P1D","fcre",NA,"ensemble",150,"ChlorophyllMaximum_depth_sample",2.21753666444996,"fDCMdepth_mp","vera4cast"
2026-05-18,2026-04-25,"P1D","fcre",NA,"ensemble",26,"ChlorophyllMaximum_depth_sample",2.94972520284314,"fDCMdepth_mp","vera4cast"
2026-05-18,2026-04-25,"P1D","fcre",NA,"ensemble",57,"ChlorophyllMaximum_depth_sample",3.85791795587414,"fDCMdepth_mp","vera4cast"
2026-05-18,2026-04-25,"P1D","fcre",NA,"ensemble",88,"ChlorophyllMaximum_depth_sample",0.585022599570163,"fDCMdepth_mp","vera4cast"
2026-05-18,2026-04-25,"P1D","fcre",NA,"ensemble",119,"ChlorophyllMaximum_depth_sample",4.82030260174567,"fDCMdepth_mp","vera4cast"
2026-05-18,2026-04-25,"P1D","fcre",NA,"ensemble",150,"ChlorophyllMaximum_depth_sample",3.2483513098859,"fDCMdepth_mp","vera4cast"
2026-05-19,2026-04-25,"P1D","fcre",NA,"ensemble",26,"ChlorophyllMaximum_depth_sample",6.27024293462918,"fDCMdepth_mp","vera4cast"
2026-05-19,2026-04-25,"P1D","fcre",NA,"ensemble",57,"ChlorophyllMaximum_depth_sample",3.69415423252443,"fDCMdepth_mp","vera4cast"
2026-05-19,2026-04-25,"P1D","fcre",NA,"ensemble",88,"ChlorophyllMaximum_depth_sample",4.65273512656889,"fDCMdepth_mp","vera4cast"
2026-05-19,2026-04-25,"P1D","fcre",NA,"ensemble",119,"ChlorophyllMaximum_depth_sample",3.45959842961349,"fDCMdepth_mp","vera4cast"
2026-05-19,2026-04-25,"P1D","fcre",NA,"ensemble",150,"ChlorophyllMaximum_depth_sample",4.00191618998805,"fDCMdepth_mp","vera4cast"
2026-05-20,2026-04-25,"P1D","fcre",NA,"ensemble",26,"ChlorophyllMaximum_depth_sample",4.43307304199018,"fDCMdepth_mp","vera4cast"
2026-05-20,2026-04-25,"P1D","fcre",NA,"ensemble",57,"ChlorophyllMaximum_depth_sample",4.62416085353312,"fDCMdepth_mp","vera4cast"
2026-05-20,2026-04-25,"P1D","fcre",NA,"ensemble",88,"ChlorophyllMaximum_depth_sample",5.54214366266325,"fDCMdepth_mp","vera4cast"
2026-05-20,2026-04-25,"P1D","fcre",NA,"ensemble",119,"ChlorophyllMaximum_depth_sample",0.355877070628886,"fDCMdepth_mp","vera4cast"
2026-05-20,2026-04-25,"P1D","fcre",NA,"ensemble",150,"ChlorophyllMaximum_depth_sample",4.55062039682846,"fDCMdepth_mp","vera4cast"
2026-05-21,2026-04-25,"P1D","fcre",NA,"ensemble",26,"ChlorophyllMaximum_depth_sample",1.25269100256322,"fDCMdepth_mp","vera4cast"
2026-05-21,2026-04-25,"P1D","fcre",NA,"ensemble",57,"ChlorophyllMaximum_depth_sample",2.95329089685474,"fDCMdepth_mp","vera4cast"
2026-05-21,2026-04-25,"P1D","fcre",NA,"ensemble",88,"ChlorophyllMaximum_depth_sample",2.63984747701848,"fDCMdepth_mp","vera4cast"
2026-05-21,2026-04-25,"P1D","fcre",NA,"ensemble",119,"ChlorophyllMaximum_depth_sample",1.13536783985612,"fDCMdepth_mp","vera4cast"
2026-05-21,2026-04-25,"P1D","fcre",NA,"ensemble",150,"ChlorophyllMaximum_depth_sample",3.12519471351299,"fDCMdepth_mp","vera4cast"
2026-05-22,2026-04-25,"P1D","fcre",NA,"ensemble",26,"ChlorophyllMaximum_depth_sample",2.12239248096467,"fDCMdepth_mp","vera4cast"
2026-05-22,2026-04-25,"P1D","fcre",NA,"ensemble",57,"ChlorophyllMaximum_depth_sample",2.57671775861146,"fDCMdepth_mp","vera4cast"
2026-05-22,2026-04-25,"P1D","fcre",NA,"ensemble",88,"ChlorophyllMaximum_depth_sample",2.01423501095159,"fDCMdepth_mp","vera4cast"
2026-05-22,2026-04-25,"P1D","fcre",NA,"ensemble",119,"ChlorophyllMaximum_depth_sample",1.60829638844464,"fDCMdepth_mp","vera4cast"
2026-05-22,2026-04-25,"P1D","fcre",NA,"ensemble",150,"ChlorophyllMaximum_depth_sample",2.26746768969103,"fDCMdepth_mp","vera4cast"
2026-05-23,2026-04-25,"P1D","fcre",NA,"ensemble",26,"ChlorophyllMaximum_depth_sample",5.32565936455594,"fDCMdepth_mp","vera4cast"
2026-05-23,2026-04-25,"P1D","fcre",NA,"ensemble",57,"ChlorophyllMaximum_depth_sample",5.16557315349222,"fDCMdepth_mp","vera4cast"
2026-05-23,2026-04-25,"P1D","fcre",NA,"ensemble",88,"ChlorophyllMaximum_depth_sample",3.46715510396242,"fDCMdepth_mp","vera4cast"
2026-05-23,2026-04-25,"P1D","fcre",NA,"ensemble",119,"ChlorophyllMaximum_depth_sample",6.41344481980535,"fDCMdepth_mp","vera4cast"
2026-05-23,2026-04-25,"P1D","fcre",NA,"ensemble",150,"ChlorophyllMaximum_depth_sample",2.84937104606492,"fDCMdepth_mp","vera4cast"
2026-05-24,2026-04-25,"P1D","fcre",NA,"ensemble",26,"ChlorophyllMaximum_depth_sample",5.15402054277626,"fDCMdepth_mp","vera4cast"
2026-05-24,2026-04-25,"P1D","fcre",NA,"ensemble",57,"ChlorophyllMaximum_depth_sample",3.55087467904143,"fDCMdepth_mp","vera4cast"
2026-05-24,2026-04-25,"P1D","fcre",NA,"ensemble",88,"ChlorophyllMaximum_depth_sample",3.34705709676995,"fDCMdepth_mp","vera4cast"
2026-05-24,2026-04-25,"P1D","fcre",NA,"ensemble",119,"ChlorophyllMaximum_depth_sample",0.283717938465576,"fDCMdepth_mp","vera4cast"
2026-05-24,2026-04-25,"P1D","fcre",NA,"ensemble",150,"ChlorophyllMaximum_depth_sample",4.58164199423567,"fDCMdepth_mp","vera4cast"
2026-05-25,2026-04-25,"P1D","fcre",NA,"ensemble",26,"ChlorophyllMaximum_depth_sample",2.87765031545721,"fDCMdepth_mp","vera4cast"
2026-05-25,2026-04-25,"P1D","fcre",NA,"ensemble",57,"ChlorophyllMaximum_depth_sample",1.62128165744591,"fDCMdepth_mp","vera4cast"
2026-05-25,2026-04-25,"P1D","fcre",NA,"ensemble",88,"ChlorophyllMaximum_depth_sample",1.36145704120936,"fDCMdepth_mp","vera4cast"
2026-05-25,2026-04-25,"P1D","fcre",NA,"ensemble",119,"ChlorophyllMaximum_depth_sample",2.92578859654507,"fDCMdepth_mp","vera4cast"
2026-05-25,2026-04-25,"P1D","fcre",NA,"ensemble",150,"ChlorophyllMaximum_depth_sample",4.18258535894595,"fDCMdepth_mp","vera4cast"
2026-05-26,2026-04-25,"P1D","fcre",NA,"ensemble",26,"ChlorophyllMaximum_depth_sample",3.20622291522435,"fDCMdepth_mp","vera4cast"
2026-05-26,2026-04-25,"P1D","fcre",NA,"ensemble",57,"ChlorophyllMaximum_depth_sample",5.39412669980331,"fDCMdepth_mp","vera4cast"
2026-05-26,2026-04-25,"P1D","fcre",NA,"ensemble",88,"ChlorophyllMaximum_depth_sample",5.93727266921471,"fDCMdepth_mp","vera4cast"
2026-05-26,2026-04-25,"P1D","fcre",NA,"ensemble",119,"ChlorophyllMaximum_depth_sample",5.88294200637714,"fDCMdepth_mp","vera4cast"
2026-05-26,2026-04-25,"P1D","fcre",NA,"ensemble",150,"ChlorophyllMaximum_depth_sample",2.97630644838425,"fDCMdepth_mp","vera4cast"
2026-05-27,2026-04-25,"P1D","fcre",NA,"ensemble",26,"ChlorophyllMaximum_depth_sample",2.60513816326703,"fDCMdepth_mp","vera4cast"
2026-05-27,2026-04-25,"P1D","fcre",NA,"ensemble",57,"ChlorophyllMaximum_depth_sample",2.61439979452283,"fDCMdepth_mp","vera4cast"
2026-05-27,2026-04-25,"P1D","fcre",NA,"ensemble",88,"ChlorophyllMaximum_depth_sample",2.5758153066976,"fDCMdepth_mp","vera4cast"
2026-05-27,2026-04-25,"P1D","fcre",NA,"ensemble",119,"ChlorophyllMaximum_depth_sample",0.321758837568415,"fDCMdepth_mp","vera4cast"
2026-05-27,2026-04-25,"P1D","fcre",NA,"ensemble",150,"ChlorophyllMaximum_depth_sample",2.33839326665151,"fDCMdepth_mp","vera4cast"
2026-05-28,2026-04-25,"P1D","fcre",NA,"ensemble",26,"ChlorophyllMaximum_depth_sample",4.05455380145052,"fDCMdepth_mp","vera4cast"
2026-05-28,2026-04-25,"P1D","fcre",NA,"ensemble",57,"ChlorophyllMaximum_depth_sample",0.622836878417413,"fDCMdepth_mp","vera4cast"
2026-05-28,2026-04-25,"P1D","fcre",NA,"ensemble",88,"ChlorophyllMaximum_depth_sample",3.22221961791048,"fDCMdepth_mp","vera4cast"
2026-05-28,2026-04-25,"P1D","fcre",NA,"ensemble",119,"ChlorophyllMaximum_depth_sample",4.81724064760862,"fDCMdepth_mp","vera4cast"
2026-05-28,2026-04-25,"P1D","fcre",NA,"ensemble",150,"ChlorophyllMaximum_depth_sample",3.08832248303827,"fDCMdepth_mp","vera4cast"
2026-05-29,2026-04-25,"P1D","fcre",NA,"ensemble",26,"ChlorophyllMaximum_depth_sample",7.29761221918363,"fDCMdepth_mp","vera4cast"
2026-05-29,2026-04-25,"P1D","fcre",NA,"ensemble",57,"ChlorophyllMaximum_depth_sample",1.19415108365044,"fDCMdepth_mp","vera4cast"
2026-05-29,2026-04-25,"P1D","fcre",NA,"ensemble",88,"ChlorophyllMaximum_depth_sample",4.32143552622843,"fDCMdepth_mp","vera4cast"
2026-05-29,2026-04-25,"P1D","fcre",NA,"ensemble",119,"ChlorophyllMaximum_depth_sample",0.540358621128442,"fDCMdepth_mp","vera4cast"
2026-05-29,2026-04-25,"P1D","fcre",NA,"ensemble",150,"ChlorophyllMaximum_depth_sample",2.1798675630275,"fDCMdepth_mp","vera4cast"
2026-04-26,2026-04-25,"P1D","fcre",NA,"ensemble",27,"ChlorophyllMaximum_depth_sample",3.63061332133473,"fDCMdepth_mp","vera4cast"
2026-04-26,2026-04-25,"P1D","fcre",NA,"ensemble",58,"ChlorophyllMaximum_depth_sample",3.14012518681421,"fDCMdepth_mp","vera4cast"
2026-04-26,2026-04-25,"P1D","fcre",NA,"ensemble",89,"ChlorophyllMaximum_depth_sample",4.22681648441935,"fDCMdepth_mp","vera4cast"
2026-04-26,2026-04-25,"P1D","fcre",NA,"ensemble",120,"ChlorophyllMaximum_depth_sample",-0.654272098000993,"fDCMdepth_mp","vera4cast"
2026-04-27,2026-04-25,"P1D","fcre",NA,"ensemble",27,"ChlorophyllMaximum_depth_sample",2.03231279947654,"fDCMdepth_mp","vera4cast"
2026-04-27,2026-04-25,"P1D","fcre",NA,"ensemble",58,"ChlorophyllMaximum_depth_sample",3.36143317001903,"fDCMdepth_mp","vera4cast"
2026-04-27,2026-04-25,"P1D","fcre",NA,"ensemble",89,"ChlorophyllMaximum_depth_sample",3.37347825744243,"fDCMdepth_mp","vera4cast"
2026-04-27,2026-04-25,"P1D","fcre",NA,"ensemble",120,"ChlorophyllMaximum_depth_sample",2.77109916537914,"fDCMdepth_mp","vera4cast"
2026-04-28,2026-04-25,"P1D","fcre",NA,"ensemble",27,"ChlorophyllMaximum_depth_sample",2.29777074306032,"fDCMdepth_mp","vera4cast"
2026-04-28,2026-04-25,"P1D","fcre",NA,"ensemble",58,"ChlorophyllMaximum_depth_sample",3.11721233935535,"fDCMdepth_mp","vera4cast"
2026-04-28,2026-04-25,"P1D","fcre",NA,"ensemble",89,"ChlorophyllMaximum_depth_sample",1.20678397231491,"fDCMdepth_mp","vera4cast"
2026-04-28,2026-04-25,"P1D","fcre",NA,"ensemble",120,"ChlorophyllMaximum_depth_sample",2.99609123075796,"fDCMdepth_mp","vera4cast"
2026-04-29,2026-04-25,"P1D","fcre",NA,"ensemble",27,"ChlorophyllMaximum_depth_sample",2.90811359967148,"fDCMdepth_mp","vera4cast"
2026-04-29,2026-04-25,"P1D","fcre",NA,"ensemble",58,"ChlorophyllMaximum_depth_sample",4.05843074151382,"fDCMdepth_mp","vera4cast"
2026-04-29,2026-04-25,"P1D","fcre",NA,"ensemble",89,"ChlorophyllMaximum_depth_sample",3.21769937109971,"fDCMdepth_mp","vera4cast"
2026-04-29,2026-04-25,"P1D","fcre",NA,"ensemble",120,"ChlorophyllMaximum_depth_sample",2.6015683200915,"fDCMdepth_mp","vera4cast"
2026-04-30,2026-04-25,"P1D","fcre",NA,"ensemble",27,"ChlorophyllMaximum_depth_sample",5.10136920496296,"fDCMdepth_mp","vera4cast"
2026-04-30,2026-04-25,"P1D","fcre",NA,"ensemble",58,"ChlorophyllMaximum_depth_sample",3.2550968771208,"fDCMdepth_mp","vera4cast"
2026-04-30,2026-04-25,"P1D","fcre",NA,"ensemble",89,"ChlorophyllMaximum_depth_sample",3.15061574421107,"fDCMdepth_mp","vera4cast"
2026-04-30,2026-04-25,"P1D","fcre",NA,"ensemble",120,"ChlorophyllMaximum_depth_sample",1.58200778946475,"fDCMdepth_mp","vera4cast"
2026-05-01,2026-04-25,"P1D","fcre",NA,"ensemble",27,"ChlorophyllMaximum_depth_sample",5.35740611785171,"fDCMdepth_mp","vera4cast"
2026-05-01,2026-04-25,"P1D","fcre",NA,"ensemble",58,"ChlorophyllMaximum_depth_sample",4.42461069361613,"fDCMdepth_mp","vera4cast"
2026-05-01,2026-04-25,"P1D","fcre",NA,"ensemble",89,"ChlorophyllMaximum_depth_sample",1.47525419463532,"fDCMdepth_mp","vera4cast"
2026-05-01,2026-04-25,"P1D","fcre",NA,"ensemble",120,"ChlorophyllMaximum_depth_sample",3.75940963497096,"fDCMdepth_mp","vera4cast"
2026-05-02,2026-04-25,"P1D","fcre",NA,"ensemble",27,"ChlorophyllMaximum_depth_sample",4.7659584465882,"fDCMdepth_mp","vera4cast"
2026-05-02,2026-04-25,"P1D","fcre",NA,"ensemble",58,"ChlorophyllMaximum_depth_sample",3.11049037468034,"fDCMdepth_mp","vera4cast"
2026-05-02,2026-04-25,"P1D","fcre",NA,"ensemble",89,"ChlorophyllMaximum_depth_sample",2.61496140454829,"fDCMdepth_mp","vera4cast"
2026-05-02,2026-04-25,"P1D","fcre",NA,"ensemble",120,"ChlorophyllMaximum_depth_sample",5.23608644078728,"fDCMdepth_mp","vera4cast"
2026-05-03,2026-04-25,"P1D","fcre",NA,"ensemble",27,"ChlorophyllMaximum_depth_sample",1.41491219642069,"fDCMdepth_mp","vera4cast"
2026-05-03,2026-04-25,"P1D","fcre",NA,"ensemble",58,"ChlorophyllMaximum_depth_sample",1.60399131517163,"fDCMdepth_mp","vera4cast"
2026-05-03,2026-04-25,"P1D","fcre",NA,"ensemble",89,"ChlorophyllMaximum_depth_sample",1.01878802233915,"fDCMdepth_mp","vera4cast"
2026-05-03,2026-04-25,"P1D","fcre",NA,"ensemble",120,"ChlorophyllMaximum_depth_sample",4.49752473280523,"fDCMdepth_mp","vera4cast"
2026-05-04,2026-04-25,"P1D","fcre",NA,"ensemble",27,"ChlorophyllMaximum_depth_sample",3.37373282026516,"fDCMdepth_mp","vera4cast"
2026-05-04,2026-04-25,"P1D","fcre",NA,"ensemble",58,"ChlorophyllMaximum_depth_sample",7.18715906143451,"fDCMdepth_mp","vera4cast"
2026-05-04,2026-04-25,"P1D","fcre",NA,"ensemble",89,"ChlorophyllMaximum_depth_sample",6.19615550230703,"fDCMdepth_mp","vera4cast"
2026-05-04,2026-04-25,"P1D","fcre",NA,"ensemble",120,"ChlorophyllMaximum_depth_sample",4.01002291930473,"fDCMdepth_mp","vera4cast"
2026-05-05,2026-04-25,"P1D","fcre",NA,"ensemble",27,"ChlorophyllMaximum_depth_sample",1.03756932455272,"fDCMdepth_mp","vera4cast"
2026-05-05,2026-04-25,"P1D","fcre",NA,"ensemble",58,"ChlorophyllMaximum_depth_sample",3.03336189651542,"fDCMdepth_mp","vera4cast"
2026-05-05,2026-04-25,"P1D","fcre",NA,"ensemble",89,"ChlorophyllMaximum_depth_sample",0.480514922206634,"fDCMdepth_mp","vera4cast"
2026-05-05,2026-04-25,"P1D","fcre",NA,"ensemble",120,"ChlorophyllMaximum_depth_sample",0.903519351730231,"fDCMdepth_mp","vera4cast"
2026-05-06,2026-04-25,"P1D","fcre",NA,"ensemble",27,"ChlorophyllMaximum_depth_sample",3.13801429708099,"fDCMdepth_mp","vera4cast"
2026-05-06,2026-04-25,"P1D","fcre",NA,"ensemble",58,"ChlorophyllMaximum_depth_sample",1.51295142951578,"fDCMdepth_mp","vera4cast"
2026-05-06,2026-04-25,"P1D","fcre",NA,"ensemble",89,"ChlorophyllMaximum_depth_sample",1.09272479866677,"fDCMdepth_mp","vera4cast"
2026-05-06,2026-04-25,"P1D","fcre",NA,"ensemble",120,"ChlorophyllMaximum_depth_sample",-0.32173382052293,"fDCMdepth_mp","vera4cast"
2026-05-07,2026-04-25,"P1D","fcre",NA,"ensemble",27,"ChlorophyllMaximum_depth_sample",4.18268328052838,"fDCMdepth_mp","vera4cast"
2026-05-07,2026-04-25,"P1D","fcre",NA,"ensemble",58,"ChlorophyllMaximum_depth_sample",-0.225353804230506,"fDCMdepth_mp","vera4cast"
2026-05-07,2026-04-25,"P1D","fcre",NA,"ensemble",89,"ChlorophyllMaximum_depth_sample",3.05770602104745,"fDCMdepth_mp","vera4cast"
2026-05-07,2026-04-25,"P1D","fcre",NA,"ensemble",120,"ChlorophyllMaximum_depth_sample",-0.377738496623074,"fDCMdepth_mp","vera4cast"
2026-05-08,2026-04-25,"P1D","fcre",NA,"ensemble",27,"ChlorophyllMaximum_depth_sample",5.58184453872538,"fDCMdepth_mp","vera4cast"
2026-05-08,2026-04-25,"P1D","fcre",NA,"ensemble",58,"ChlorophyllMaximum_depth_sample",1.52807713932435,"fDCMdepth_mp","vera4cast"
2026-05-08,2026-04-25,"P1D","fcre",NA,"ensemble",89,"ChlorophyllMaximum_depth_sample",4.52836664070742,"fDCMdepth_mp","vera4cast"
2026-05-08,2026-04-25,"P1D","fcre",NA,"ensemble",120,"ChlorophyllMaximum_depth_sample",5.36583674933567,"fDCMdepth_mp","vera4cast"
2026-05-09,2026-04-25,"P1D","fcre",NA,"ensemble",27,"ChlorophyllMaximum_depth_sample",6.62947101729374,"fDCMdepth_mp","vera4cast"
2026-05-09,2026-04-25,"P1D","fcre",NA,"ensemble",58,"ChlorophyllMaximum_depth_sample",3.71608079762367,"fDCMdepth_mp","vera4cast"
2026-05-09,2026-04-25,"P1D","fcre",NA,"ensemble",89,"ChlorophyllMaximum_depth_sample",4.3698346059076,"fDCMdepth_mp","vera4cast"
2026-05-09,2026-04-25,"P1D","fcre",NA,"ensemble",120,"ChlorophyllMaximum_depth_sample",1.80371763971389,"fDCMdepth_mp","vera4cast"
2026-05-10,2026-04-25,"P1D","fcre",NA,"ensemble",27,"ChlorophyllMaximum_depth_sample",2.23564757567321,"fDCMdepth_mp","vera4cast"
2026-05-10,2026-04-25,"P1D","fcre",NA,"ensemble",58,"ChlorophyllMaximum_depth_sample",5.95987569216325,"fDCMdepth_mp","vera4cast"
2026-05-10,2026-04-25,"P1D","fcre",NA,"ensemble",89,"ChlorophyllMaximum_depth_sample",4.65627541992079,"fDCMdepth_mp","vera4cast"
2026-05-10,2026-04-25,"P1D","fcre",NA,"ensemble",120,"ChlorophyllMaximum_depth_sample",1.57875275715142,"fDCMdepth_mp","vera4cast"
2026-05-11,2026-04-25,"P1D","fcre",NA,"ensemble",27,"ChlorophyllMaximum_depth_sample",4.45598283414491,"fDCMdepth_mp","vera4cast"
2026-05-11,2026-04-25,"P1D","fcre",NA,"ensemble",58,"ChlorophyllMaximum_depth_sample",2.65325229232852,"fDCMdepth_mp","vera4cast"
2026-05-11,2026-04-25,"P1D","fcre",NA,"ensemble",89,"ChlorophyllMaximum_depth_sample",3.34516987953376,"fDCMdepth_mp","vera4cast"
2026-05-11,2026-04-25,"P1D","fcre",NA,"ensemble",120,"ChlorophyllMaximum_depth_sample",5.953537207597,"fDCMdepth_mp","vera4cast"
2026-05-12,2026-04-25,"P1D","fcre",NA,"ensemble",27,"ChlorophyllMaximum_depth_sample",3.85626100128572,"fDCMdepth_mp","vera4cast"
2026-05-12,2026-04-25,"P1D","fcre",NA,"ensemble",58,"ChlorophyllMaximum_depth_sample",2.65476269471829,"fDCMdepth_mp","vera4cast"
2026-05-12,2026-04-25,"P1D","fcre",NA,"ensemble",89,"ChlorophyllMaximum_depth_sample",2.42002930893756,"fDCMdepth_mp","vera4cast"
2026-05-12,2026-04-25,"P1D","fcre",NA,"ensemble",120,"ChlorophyllMaximum_depth_sample",3.55766080497888,"fDCMdepth_mp","vera4cast"
2026-05-13,2026-04-25,"P1D","fcre",NA,"ensemble",27,"ChlorophyllMaximum_depth_sample",1.46941006324356,"fDCMdepth_mp","vera4cast"
2026-05-13,2026-04-25,"P1D","fcre",NA,"ensemble",58,"ChlorophyllMaximum_depth_sample",3.12974607320346,"fDCMdepth_mp","vera4cast"
2026-05-13,2026-04-25,"P1D","fcre",NA,"ensemble",89,"ChlorophyllMaximum_depth_sample",2.94639693194149,"fDCMdepth_mp","vera4cast"
2026-05-13,2026-04-25,"P1D","fcre",NA,"ensemble",120,"ChlorophyllMaximum_depth_sample",5.73068852782826,"fDCMdepth_mp","vera4cast"
2026-05-14,2026-04-25,"P1D","fcre",NA,"ensemble",27,"ChlorophyllMaximum_depth_sample",4.2717551921287,"fDCMdepth_mp","vera4cast"
2026-05-14,2026-04-25,"P1D","fcre",NA,"ensemble",58,"ChlorophyllMaximum_depth_sample",2.74944213301383,"fDCMdepth_mp","vera4cast"
2026-05-14,2026-04-25,"P1D","fcre",NA,"ensemble",89,"ChlorophyllMaximum_depth_sample",2.16550559914581,"fDCMdepth_mp","vera4cast"
2026-05-14,2026-04-25,"P1D","fcre",NA,"ensemble",120,"ChlorophyllMaximum_depth_sample",3.00243120833735,"fDCMdepth_mp","vera4cast"
2026-05-15,2026-04-25,"P1D","fcre",NA,"ensemble",27,"ChlorophyllMaximum_depth_sample",2.66723244289116,"fDCMdepth_mp","vera4cast"
2026-05-15,2026-04-25,"P1D","fcre",NA,"ensemble",58,"ChlorophyllMaximum_depth_sample",2.77031018675453,"fDCMdepth_mp","vera4cast"
2026-05-15,2026-04-25,"P1D","fcre",NA,"ensemble",89,"ChlorophyllMaximum_depth_sample",1.47906798735351,"fDCMdepth_mp","vera4cast"
2026-05-15,2026-04-25,"P1D","fcre",NA,"ensemble",120,"ChlorophyllMaximum_depth_sample",3.38067511373929,"fDCMdepth_mp","vera4cast"
2026-05-16,2026-04-25,"P1D","fcre",NA,"ensemble",27,"ChlorophyllMaximum_depth_sample",2.82198281018752,"fDCMdepth_mp","vera4cast"
2026-05-16,2026-04-25,"P1D","fcre",NA,"ensemble",58,"ChlorophyllMaximum_depth_sample",1.79229641023871,"fDCMdepth_mp","vera4cast"
2026-05-16,2026-04-25,"P1D","fcre",NA,"ensemble",89,"ChlorophyllMaximum_depth_sample",3.46797143435709,"fDCMdepth_mp","vera4cast"
2026-05-16,2026-04-25,"P1D","fcre",NA,"ensemble",120,"ChlorophyllMaximum_depth_sample",4.65930730434544,"fDCMdepth_mp","vera4cast"
2026-05-17,2026-04-25,"P1D","fcre",NA,"ensemble",27,"ChlorophyllMaximum_depth_sample",2.97951642337184,"fDCMdepth_mp","vera4cast"
2026-05-17,2026-04-25,"P1D","fcre",NA,"ensemble",58,"ChlorophyllMaximum_depth_sample",3.73563061945011,"fDCMdepth_mp","vera4cast"
2026-05-17,2026-04-25,"P1D","fcre",NA,"ensemble",89,"ChlorophyllMaximum_depth_sample",3.33614278436011,"fDCMdepth_mp","vera4cast"
2026-05-17,2026-04-25,"P1D","fcre",NA,"ensemble",120,"ChlorophyllMaximum_depth_sample",4.08953851264851,"fDCMdepth_mp","vera4cast"
2026-05-18,2026-04-25,"P1D","fcre",NA,"ensemble",27,"ChlorophyllMaximum_depth_sample",1.64364251054092,"fDCMdepth_mp","vera4cast"
2026-05-18,2026-04-25,"P1D","fcre",NA,"ensemble",58,"ChlorophyllMaximum_depth_sample",1.3591886937246,"fDCMdepth_mp","vera4cast"
2026-05-18,2026-04-25,"P1D","fcre",NA,"ensemble",89,"ChlorophyllMaximum_depth_sample",5.46020702598173,"fDCMdepth_mp","vera4cast"
2026-05-18,2026-04-25,"P1D","fcre",NA,"ensemble",120,"ChlorophyllMaximum_depth_sample",4.98104896178219,"fDCMdepth_mp","vera4cast"
2026-05-19,2026-04-25,"P1D","fcre",NA,"ensemble",27,"ChlorophyllMaximum_depth_sample",4.7555855036217,"fDCMdepth_mp","vera4cast"
2026-05-19,2026-04-25,"P1D","fcre",NA,"ensemble",58,"ChlorophyllMaximum_depth_sample",2.98757527985613,"fDCMdepth_mp","vera4cast"
2026-05-19,2026-04-25,"P1D","fcre",NA,"ensemble",89,"ChlorophyllMaximum_depth_sample",4.80184509198549,"fDCMdepth_mp","vera4cast"
2026-05-19,2026-04-25,"P1D","fcre",NA,"ensemble",120,"ChlorophyllMaximum_depth_sample",2.3717948162961,"fDCMdepth_mp","vera4cast"
2026-05-20,2026-04-25,"P1D","fcre",NA,"ensemble",27,"ChlorophyllMaximum_depth_sample",4.25565034545452,"fDCMdepth_mp","vera4cast"
2026-05-20,2026-04-25,"P1D","fcre",NA,"ensemble",58,"ChlorophyllMaximum_depth_sample",3.37834879788259,"fDCMdepth_mp","vera4cast"
2026-05-20,2026-04-25,"P1D","fcre",NA,"ensemble",89,"ChlorophyllMaximum_depth_sample",2.74493754961687,"fDCMdepth_mp","vera4cast"
2026-05-20,2026-04-25,"P1D","fcre",NA,"ensemble",120,"ChlorophyllMaximum_depth_sample",4.23889632708698,"fDCMdepth_mp","vera4cast"
2026-05-21,2026-04-25,"P1D","fcre",NA,"ensemble",27,"ChlorophyllMaximum_depth_sample",3.42028194204689,"fDCMdepth_mp","vera4cast"
2026-05-21,2026-04-25,"P1D","fcre",NA,"ensemble",58,"ChlorophyllMaximum_depth_sample",0.517394949065893,"fDCMdepth_mp","vera4cast"
2026-05-21,2026-04-25,"P1D","fcre",NA,"ensemble",89,"ChlorophyllMaximum_depth_sample",2.95803105006984,"fDCMdepth_mp","vera4cast"
2026-05-21,2026-04-25,"P1D","fcre",NA,"ensemble",120,"ChlorophyllMaximum_depth_sample",3.0129745365302,"fDCMdepth_mp","vera4cast"
2026-05-22,2026-04-25,"P1D","fcre",NA,"ensemble",27,"ChlorophyllMaximum_depth_sample",3.90473115006981,"fDCMdepth_mp","vera4cast"
2026-05-22,2026-04-25,"P1D","fcre",NA,"ensemble",58,"ChlorophyllMaximum_depth_sample",4.03508271777599,"fDCMdepth_mp","vera4cast"
2026-05-22,2026-04-25,"P1D","fcre",NA,"ensemble",89,"ChlorophyllMaximum_depth_sample",2.70539710406863,"fDCMdepth_mp","vera4cast"
2026-05-22,2026-04-25,"P1D","fcre",NA,"ensemble",120,"ChlorophyllMaximum_depth_sample",5.22662410548328,"fDCMdepth_mp","vera4cast"
2026-05-23,2026-04-25,"P1D","fcre",NA,"ensemble",27,"ChlorophyllMaximum_depth_sample",2.69099408442639,"fDCMdepth_mp","vera4cast"
2026-05-23,2026-04-25,"P1D","fcre",NA,"ensemble",58,"ChlorophyllMaximum_depth_sample",4.60511504280824,"fDCMdepth_mp","vera4cast"
2026-05-23,2026-04-25,"P1D","fcre",NA,"ensemble",89,"ChlorophyllMaximum_depth_sample",4.43421934675934,"fDCMdepth_mp","vera4cast"
2026-05-23,2026-04-25,"P1D","fcre",NA,"ensemble",120,"ChlorophyllMaximum_depth_sample",2.62408802152713,"fDCMdepth_mp","vera4cast"
2026-05-24,2026-04-25,"P1D","fcre",NA,"ensemble",27,"ChlorophyllMaximum_depth_sample",3.99255514683587,"fDCMdepth_mp","vera4cast"
2026-05-24,2026-04-25,"P1D","fcre",NA,"ensemble",58,"ChlorophyllMaximum_depth_sample",2.14332113401457,"fDCMdepth_mp","vera4cast"
2026-05-24,2026-04-25,"P1D","fcre",NA,"ensemble",89,"ChlorophyllMaximum_depth_sample",2.79174081982023,"fDCMdepth_mp","vera4cast"
2026-05-24,2026-04-25,"P1D","fcre",NA,"ensemble",120,"ChlorophyllMaximum_depth_sample",3.21405582297341,"fDCMdepth_mp","vera4cast"
2026-05-25,2026-04-25,"P1D","fcre",NA,"ensemble",27,"ChlorophyllMaximum_depth_sample",3.72477781050415,"fDCMdepth_mp","vera4cast"
2026-05-25,2026-04-25,"P1D","fcre",NA,"ensemble",58,"ChlorophyllMaximum_depth_sample",2.35008578881891,"fDCMdepth_mp","vera4cast"
2026-05-25,2026-04-25,"P1D","fcre",NA,"ensemble",89,"ChlorophyllMaximum_depth_sample",2.28084885492579,"fDCMdepth_mp","vera4cast"
2026-05-25,2026-04-25,"P1D","fcre",NA,"ensemble",120,"ChlorophyllMaximum_depth_sample",3.53923344526389,"fDCMdepth_mp","vera4cast"
2026-05-26,2026-04-25,"P1D","fcre",NA,"ensemble",27,"ChlorophyllMaximum_depth_sample",2.72555569491089,"fDCMdepth_mp","vera4cast"
2026-05-26,2026-04-25,"P1D","fcre",NA,"ensemble",58,"ChlorophyllMaximum_depth_sample",2.2363720652149,"fDCMdepth_mp","vera4cast"
2026-05-26,2026-04-25,"P1D","fcre",NA,"ensemble",89,"ChlorophyllMaximum_depth_sample",4.6472975899717,"fDCMdepth_mp","vera4cast"
2026-05-26,2026-04-25,"P1D","fcre",NA,"ensemble",120,"ChlorophyllMaximum_depth_sample",4.03142622200983,"fDCMdepth_mp","vera4cast"
2026-05-27,2026-04-25,"P1D","fcre",NA,"ensemble",27,"ChlorophyllMaximum_depth_sample",3.61095742793787,"fDCMdepth_mp","vera4cast"
2026-05-27,2026-04-25,"P1D","fcre",NA,"ensemble",58,"ChlorophyllMaximum_depth_sample",3.48888434296983,"fDCMdepth_mp","vera4cast"
2026-05-27,2026-04-25,"P1D","fcre",NA,"ensemble",89,"ChlorophyllMaximum_depth_sample",2.83252131353163,"fDCMdepth_mp","vera4cast"
2026-05-27,2026-04-25,"P1D","fcre",NA,"ensemble",120,"ChlorophyllMaximum_depth_sample",1.60534571508243,"fDCMdepth_mp","vera4cast"
2026-05-28,2026-04-25,"P1D","fcre",NA,"ensemble",27,"ChlorophyllMaximum_depth_sample",4.70401622475172,"fDCMdepth_mp","vera4cast"
2026-05-28,2026-04-25,"P1D","fcre",NA,"ensemble",58,"ChlorophyllMaximum_depth_sample",2.67119350395956,"fDCMdepth_mp","vera4cast"
2026-05-28,2026-04-25,"P1D","fcre",NA,"ensemble",89,"ChlorophyllMaximum_depth_sample",4.83163366614718,"fDCMdepth_mp","vera4cast"
2026-05-28,2026-04-25,"P1D","fcre",NA,"ensemble",120,"ChlorophyllMaximum_depth_sample",0.453508903371589,"fDCMdepth_mp","vera4cast"
2026-05-29,2026-04-25,"P1D","fcre",NA,"ensemble",27,"ChlorophyllMaximum_depth_sample",4.94554498869608,"fDCMdepth_mp","vera4cast"
2026-05-29,2026-04-25,"P1D","fcre",NA,"ensemble",58,"ChlorophyllMaximum_depth_sample",4.88122566424548,"fDCMdepth_mp","vera4cast"
2026-05-29,2026-04-25,"P1D","fcre",NA,"ensemble",89,"ChlorophyllMaximum_depth_sample",1.71451833907523,"fDCMdepth_mp","vera4cast"
2026-05-29,2026-04-25,"P1D","fcre",NA,"ensemble",120,"ChlorophyllMaximum_depth_sample",0.926827266298663,"fDCMdepth_mp","vera4cast"
2026-04-26,2026-04-25,"P1D","fcre",NA,"ensemble",28,"ChlorophyllMaximum_depth_sample",1.70466229196804,"fDCMdepth_mp","vera4cast"
2026-04-26,2026-04-25,"P1D","fcre",NA,"ensemble",59,"ChlorophyllMaximum_depth_sample",3.16985542918284,"fDCMdepth_mp","vera4cast"
2026-04-26,2026-04-25,"P1D","fcre",NA,"ensemble",90,"ChlorophyllMaximum_depth_sample",2.14574662267405,"fDCMdepth_mp","vera4cast"
2026-04-26,2026-04-25,"P1D","fcre",NA,"ensemble",121,"ChlorophyllMaximum_depth_sample",4.46628890833555,"fDCMdepth_mp","vera4cast"
2026-04-27,2026-04-25,"P1D","fcre",NA,"ensemble",28,"ChlorophyllMaximum_depth_sample",3.16168667026062,"fDCMdepth_mp","vera4cast"
2026-04-27,2026-04-25,"P1D","fcre",NA,"ensemble",59,"ChlorophyllMaximum_depth_sample",3.72956115422727,"fDCMdepth_mp","vera4cast"
2026-04-27,2026-04-25,"P1D","fcre",NA,"ensemble",90,"ChlorophyllMaximum_depth_sample",2.00915573482303,"fDCMdepth_mp","vera4cast"
2026-04-27,2026-04-25,"P1D","fcre",NA,"ensemble",121,"ChlorophyllMaximum_depth_sample",0.27352554936809,"fDCMdepth_mp","vera4cast"
2026-04-28,2026-04-25,"P1D","fcre",NA,"ensemble",28,"ChlorophyllMaximum_depth_sample",3.37419115393039,"fDCMdepth_mp","vera4cast"
2026-04-28,2026-04-25,"P1D","fcre",NA,"ensemble",59,"ChlorophyllMaximum_depth_sample",3.04033909301405,"fDCMdepth_mp","vera4cast"
2026-04-28,2026-04-25,"P1D","fcre",NA,"ensemble",90,"ChlorophyllMaximum_depth_sample",3.99639100810817,"fDCMdepth_mp","vera4cast"
2026-04-28,2026-04-25,"P1D","fcre",NA,"ensemble",121,"ChlorophyllMaximum_depth_sample",3.03789690581996,"fDCMdepth_mp","vera4cast"
2026-04-29,2026-04-25,"P1D","fcre",NA,"ensemble",28,"ChlorophyllMaximum_depth_sample",2.62818073546111,"fDCMdepth_mp","vera4cast"
2026-04-29,2026-04-25,"P1D","fcre",NA,"ensemble",59,"ChlorophyllMaximum_depth_sample",4.46044496494361,"fDCMdepth_mp","vera4cast"
2026-04-29,2026-04-25,"P1D","fcre",NA,"ensemble",90,"ChlorophyllMaximum_depth_sample",0.170603224008836,"fDCMdepth_mp","vera4cast"
2026-04-29,2026-04-25,"P1D","fcre",NA,"ensemble",121,"ChlorophyllMaximum_depth_sample",1.96938404294218,"fDCMdepth_mp","vera4cast"
2026-04-30,2026-04-25,"P1D","fcre",NA,"ensemble",28,"ChlorophyllMaximum_depth_sample",0.789762443719868,"fDCMdepth_mp","vera4cast"
2026-04-30,2026-04-25,"P1D","fcre",NA,"ensemble",59,"ChlorophyllMaximum_depth_sample",4.78858827620817,"fDCMdepth_mp","vera4cast"
2026-04-30,2026-04-25,"P1D","fcre",NA,"ensemble",90,"ChlorophyllMaximum_depth_sample",3.85077213789543,"fDCMdepth_mp","vera4cast"
2026-04-30,2026-04-25,"P1D","fcre",NA,"ensemble",121,"ChlorophyllMaximum_depth_sample",2.86592444729294,"fDCMdepth_mp","vera4cast"
2026-05-01,2026-04-25,"P1D","fcre",NA,"ensemble",28,"ChlorophyllMaximum_depth_sample",4.34425931654505,"fDCMdepth_mp","vera4cast"
2026-05-01,2026-04-25,"P1D","fcre",NA,"ensemble",59,"ChlorophyllMaximum_depth_sample",2.56212970706954,"fDCMdepth_mp","vera4cast"
2026-05-01,2026-04-25,"P1D","fcre",NA,"ensemble",90,"ChlorophyllMaximum_depth_sample",3.32208512099953,"fDCMdepth_mp","vera4cast"
2026-05-01,2026-04-25,"P1D","fcre",NA,"ensemble",121,"ChlorophyllMaximum_depth_sample",1.82167341151577,"fDCMdepth_mp","vera4cast"
2026-05-02,2026-04-25,"P1D","fcre",NA,"ensemble",28,"ChlorophyllMaximum_depth_sample",1.99114942506508,"fDCMdepth_mp","vera4cast"
2026-05-02,2026-04-25,"P1D","fcre",NA,"ensemble",59,"ChlorophyllMaximum_depth_sample",2.41241190257437,"fDCMdepth_mp","vera4cast"
2026-05-02,2026-04-25,"P1D","fcre",NA,"ensemble",90,"ChlorophyllMaximum_depth_sample",2.58563287592303,"fDCMdepth_mp","vera4cast"
2026-05-02,2026-04-25,"P1D","fcre",NA,"ensemble",121,"ChlorophyllMaximum_depth_sample",3.5941323473931,"fDCMdepth_mp","vera4cast"
2026-05-03,2026-04-25,"P1D","fcre",NA,"ensemble",28,"ChlorophyllMaximum_depth_sample",0.39051911859907,"fDCMdepth_mp","vera4cast"
2026-05-03,2026-04-25,"P1D","fcre",NA,"ensemble",59,"ChlorophyllMaximum_depth_sample",0.345911448615181,"fDCMdepth_mp","vera4cast"
2026-05-03,2026-04-25,"P1D","fcre",NA,"ensemble",90,"ChlorophyllMaximum_depth_sample",2.76538317538733,"fDCMdepth_mp","vera4cast"
2026-05-03,2026-04-25,"P1D","fcre",NA,"ensemble",121,"ChlorophyllMaximum_depth_sample",3.45504425847294,"fDCMdepth_mp","vera4cast"
2026-05-04,2026-04-25,"P1D","fcre",NA,"ensemble",28,"ChlorophyllMaximum_depth_sample",1.21141981502202,"fDCMdepth_mp","vera4cast"
2026-05-04,2026-04-25,"P1D","fcre",NA,"ensemble",59,"ChlorophyllMaximum_depth_sample",3.54032676163376,"fDCMdepth_mp","vera4cast"
2026-05-04,2026-04-25,"P1D","fcre",NA,"ensemble",90,"ChlorophyllMaximum_depth_sample",1.59417096720639,"fDCMdepth_mp","vera4cast"
2026-05-04,2026-04-25,"P1D","fcre",NA,"ensemble",121,"ChlorophyllMaximum_depth_sample",1.39626442200856,"fDCMdepth_mp","vera4cast"
2026-05-05,2026-04-25,"P1D","fcre",NA,"ensemble",28,"ChlorophyllMaximum_depth_sample",4.07050304614389,"fDCMdepth_mp","vera4cast"
2026-05-05,2026-04-25,"P1D","fcre",NA,"ensemble",59,"ChlorophyllMaximum_depth_sample",4.2638736010653,"fDCMdepth_mp","vera4cast"
2026-05-05,2026-04-25,"P1D","fcre",NA,"ensemble",90,"ChlorophyllMaximum_depth_sample",4.14526176155926,"fDCMdepth_mp","vera4cast"
2026-05-05,2026-04-25,"P1D","fcre",NA,"ensemble",121,"ChlorophyllMaximum_depth_sample",5.35048884743207,"fDCMdepth_mp","vera4cast"
2026-05-06,2026-04-25,"P1D","fcre",NA,"ensemble",28,"ChlorophyllMaximum_depth_sample",3.07336216465262,"fDCMdepth_mp","vera4cast"
2026-05-06,2026-04-25,"P1D","fcre",NA,"ensemble",59,"ChlorophyllMaximum_depth_sample",1.68616146079076,"fDCMdepth_mp","vera4cast"
2026-05-06,2026-04-25,"P1D","fcre",NA,"ensemble",90,"ChlorophyllMaximum_depth_sample",3.59678019714561,"fDCMdepth_mp","vera4cast"
2026-05-06,2026-04-25,"P1D","fcre",NA,"ensemble",121,"ChlorophyllMaximum_depth_sample",4.92852697919779,"fDCMdepth_mp","vera4cast"
2026-05-07,2026-04-25,"P1D","fcre",NA,"ensemble",28,"ChlorophyllMaximum_depth_sample",4.0225381797835,"fDCMdepth_mp","vera4cast"
2026-05-07,2026-04-25,"P1D","fcre",NA,"ensemble",59,"ChlorophyllMaximum_depth_sample",1.77239416739109,"fDCMdepth_mp","vera4cast"
2026-05-07,2026-04-25,"P1D","fcre",NA,"ensemble",90,"ChlorophyllMaximum_depth_sample",3.69433577472804,"fDCMdepth_mp","vera4cast"
2026-05-07,2026-04-25,"P1D","fcre",NA,"ensemble",121,"ChlorophyllMaximum_depth_sample",3.82744296777321,"fDCMdepth_mp","vera4cast"
2026-05-08,2026-04-25,"P1D","fcre",NA,"ensemble",28,"ChlorophyllMaximum_depth_sample",4.88181806585022,"fDCMdepth_mp","vera4cast"
2026-05-08,2026-04-25,"P1D","fcre",NA,"ensemble",59,"ChlorophyllMaximum_depth_sample",2.90860211863489,"fDCMdepth_mp","vera4cast"
2026-05-08,2026-04-25,"P1D","fcre",NA,"ensemble",90,"ChlorophyllMaximum_depth_sample",3.9667072836721,"fDCMdepth_mp","vera4cast"
2026-05-08,2026-04-25,"P1D","fcre",NA,"ensemble",121,"ChlorophyllMaximum_depth_sample",4.39436751873775,"fDCMdepth_mp","vera4cast"
2026-05-09,2026-04-25,"P1D","fcre",NA,"ensemble",28,"ChlorophyllMaximum_depth_sample",2.18619761133043,"fDCMdepth_mp","vera4cast"
2026-05-09,2026-04-25,"P1D","fcre",NA,"ensemble",59,"ChlorophyllMaximum_depth_sample",2.19818569954735,"fDCMdepth_mp","vera4cast"
2026-05-09,2026-04-25,"P1D","fcre",NA,"ensemble",90,"ChlorophyllMaximum_depth_sample",5.2115667250285,"fDCMdepth_mp","vera4cast"
2026-05-09,2026-04-25,"P1D","fcre",NA,"ensemble",121,"ChlorophyllMaximum_depth_sample",2.39152626539992,"fDCMdepth_mp","vera4cast"
2026-05-10,2026-04-25,"P1D","fcre",NA,"ensemble",28,"ChlorophyllMaximum_depth_sample",3.41060463312043,"fDCMdepth_mp","vera4cast"
2026-05-10,2026-04-25,"P1D","fcre",NA,"ensemble",59,"ChlorophyllMaximum_depth_sample",3.76107908093239,"fDCMdepth_mp","vera4cast"
2026-05-10,2026-04-25,"P1D","fcre",NA,"ensemble",90,"ChlorophyllMaximum_depth_sample",2.50669813364015,"fDCMdepth_mp","vera4cast"
2026-05-10,2026-04-25,"P1D","fcre",NA,"ensemble",121,"ChlorophyllMaximum_depth_sample",2.66989313021143,"fDCMdepth_mp","vera4cast"
2026-05-11,2026-04-25,"P1D","fcre",NA,"ensemble",28,"ChlorophyllMaximum_depth_sample",3.23192347639253,"fDCMdepth_mp","vera4cast"
2026-05-11,2026-04-25,"P1D","fcre",NA,"ensemble",59,"ChlorophyllMaximum_depth_sample",2.77633352601733,"fDCMdepth_mp","vera4cast"
2026-05-11,2026-04-25,"P1D","fcre",NA,"ensemble",90,"ChlorophyllMaximum_depth_sample",4.5108486328465,"fDCMdepth_mp","vera4cast"
2026-05-11,2026-04-25,"P1D","fcre",NA,"ensemble",121,"ChlorophyllMaximum_depth_sample",2.24471985646262,"fDCMdepth_mp","vera4cast"
2026-05-12,2026-04-25,"P1D","fcre",NA,"ensemble",28,"ChlorophyllMaximum_depth_sample",2.5928214806903,"fDCMdepth_mp","vera4cast"
2026-05-12,2026-04-25,"P1D","fcre",NA,"ensemble",59,"ChlorophyllMaximum_depth_sample",3.24812016120318,"fDCMdepth_mp","vera4cast"
2026-05-12,2026-04-25,"P1D","fcre",NA,"ensemble",90,"ChlorophyllMaximum_depth_sample",3.7446923510443,"fDCMdepth_mp","vera4cast"
2026-05-12,2026-04-25,"P1D","fcre",NA,"ensemble",121,"ChlorophyllMaximum_depth_sample",2.06384170848608,"fDCMdepth_mp","vera4cast"
2026-05-13,2026-04-25,"P1D","fcre",NA,"ensemble",28,"ChlorophyllMaximum_depth_sample",2.96964183130215,"fDCMdepth_mp","vera4cast"
2026-05-13,2026-04-25,"P1D","fcre",NA,"ensemble",59,"ChlorophyllMaximum_depth_sample",3.15093332339677,"fDCMdepth_mp","vera4cast"
2026-05-13,2026-04-25,"P1D","fcre",NA,"ensemble",90,"ChlorophyllMaximum_depth_sample",6.15342802456738,"fDCMdepth_mp","vera4cast"
2026-05-13,2026-04-25,"P1D","fcre",NA,"ensemble",121,"ChlorophyllMaximum_depth_sample",4.31465727721245,"fDCMdepth_mp","vera4cast"
2026-05-14,2026-04-25,"P1D","fcre",NA,"ensemble",28,"ChlorophyllMaximum_depth_sample",3.69528664717448,"fDCMdepth_mp","vera4cast"
2026-05-14,2026-04-25,"P1D","fcre",NA,"ensemble",59,"ChlorophyllMaximum_depth_sample",3.66361539921283,"fDCMdepth_mp","vera4cast"
2026-05-14,2026-04-25,"P1D","fcre",NA,"ensemble",90,"ChlorophyllMaximum_depth_sample",5.52686776592749,"fDCMdepth_mp","vera4cast"
2026-05-14,2026-04-25,"P1D","fcre",NA,"ensemble",121,"ChlorophyllMaximum_depth_sample",2.84443060643023,"fDCMdepth_mp","vera4cast"
2026-05-15,2026-04-25,"P1D","fcre",NA,"ensemble",28,"ChlorophyllMaximum_depth_sample",5.98884640319413,"fDCMdepth_mp","vera4cast"
2026-05-15,2026-04-25,"P1D","fcre",NA,"ensemble",59,"ChlorophyllMaximum_depth_sample",4.53526250527477,"fDCMdepth_mp","vera4cast"
2026-05-15,2026-04-25,"P1D","fcre",NA,"ensemble",90,"ChlorophyllMaximum_depth_sample",2.30887232168756,"fDCMdepth_mp","vera4cast"
2026-05-15,2026-04-25,"P1D","fcre",NA,"ensemble",121,"ChlorophyllMaximum_depth_sample",5.70135485150511,"fDCMdepth_mp","vera4cast"
2026-05-16,2026-04-25,"P1D","fcre",NA,"ensemble",28,"ChlorophyllMaximum_depth_sample",3.16375339435842,"fDCMdepth_mp","vera4cast"
2026-05-16,2026-04-25,"P1D","fcre",NA,"ensemble",59,"ChlorophyllMaximum_depth_sample",4.31942769082166,"fDCMdepth_mp","vera4cast"
2026-05-16,2026-04-25,"P1D","fcre",NA,"ensemble",90,"ChlorophyllMaximum_depth_sample",4.67950262811301,"fDCMdepth_mp","vera4cast"
2026-05-16,2026-04-25,"P1D","fcre",NA,"ensemble",121,"ChlorophyllMaximum_depth_sample",5.73658421129712,"fDCMdepth_mp","vera4cast"
2026-05-17,2026-04-25,"P1D","fcre",NA,"ensemble",28,"ChlorophyllMaximum_depth_sample",3.13362344258415,"fDCMdepth_mp","vera4cast"
2026-05-17,2026-04-25,"P1D","fcre",NA,"ensemble",59,"ChlorophyllMaximum_depth_sample",2.22090172136876,"fDCMdepth_mp","vera4cast"
2026-05-17,2026-04-25,"P1D","fcre",NA,"ensemble",90,"ChlorophyllMaximum_depth_sample",5.09533702125924,"fDCMdepth_mp","vera4cast"
2026-05-17,2026-04-25,"P1D","fcre",NA,"ensemble",121,"ChlorophyllMaximum_depth_sample",3.36449480913563,"fDCMdepth_mp","vera4cast"
2026-05-18,2026-04-25,"P1D","fcre",NA,"ensemble",28,"ChlorophyllMaximum_depth_sample",4.12022765454123,"fDCMdepth_mp","vera4cast"
2026-05-18,2026-04-25,"P1D","fcre",NA,"ensemble",59,"ChlorophyllMaximum_depth_sample",2.63993199972124,"fDCMdepth_mp","vera4cast"
2026-05-18,2026-04-25,"P1D","fcre",NA,"ensemble",90,"ChlorophyllMaximum_depth_sample",4.79410497688556,"fDCMdepth_mp","vera4cast"
2026-05-18,2026-04-25,"P1D","fcre",NA,"ensemble",121,"ChlorophyllMaximum_depth_sample",3.09638895373133,"fDCMdepth_mp","vera4cast"
2026-05-19,2026-04-25,"P1D","fcre",NA,"ensemble",28,"ChlorophyllMaximum_depth_sample",4.13297754967125,"fDCMdepth_mp","vera4cast"
2026-05-19,2026-04-25,"P1D","fcre",NA,"ensemble",59,"ChlorophyllMaximum_depth_sample",2.71241953528532,"fDCMdepth_mp","vera4cast"
2026-05-19,2026-04-25,"P1D","fcre",NA,"ensemble",90,"ChlorophyllMaximum_depth_sample",3.04175790838231,"fDCMdepth_mp","vera4cast"
2026-05-19,2026-04-25,"P1D","fcre",NA,"ensemble",121,"ChlorophyllMaximum_depth_sample",2.8817652455032,"fDCMdepth_mp","vera4cast"
2026-05-20,2026-04-25,"P1D","fcre",NA,"ensemble",28,"ChlorophyllMaximum_depth_sample",4.72711430688311,"fDCMdepth_mp","vera4cast"
2026-05-20,2026-04-25,"P1D","fcre",NA,"ensemble",59,"ChlorophyllMaximum_depth_sample",3.53969264593289,"fDCMdepth_mp","vera4cast"
2026-05-20,2026-04-25,"P1D","fcre",NA,"ensemble",90,"ChlorophyllMaximum_depth_sample",1.63679740468352,"fDCMdepth_mp","vera4cast"
2026-05-20,2026-04-25,"P1D","fcre",NA,"ensemble",121,"ChlorophyllMaximum_depth_sample",2.18969243743396,"fDCMdepth_mp","vera4cast"
2026-05-21,2026-04-25,"P1D","fcre",NA,"ensemble",28,"ChlorophyllMaximum_depth_sample",5.73039430912079,"fDCMdepth_mp","vera4cast"
2026-05-21,2026-04-25,"P1D","fcre",NA,"ensemble",59,"ChlorophyllMaximum_depth_sample",4.08649465881339,"fDCMdepth_mp","vera4cast"
2026-05-21,2026-04-25,"P1D","fcre",NA,"ensemble",90,"ChlorophyllMaximum_depth_sample",3.20076717042633,"fDCMdepth_mp","vera4cast"
2026-05-21,2026-04-25,"P1D","fcre",NA,"ensemble",121,"ChlorophyllMaximum_depth_sample",3.47663135350087,"fDCMdepth_mp","vera4cast"
2026-05-22,2026-04-25,"P1D","fcre",NA,"ensemble",28,"ChlorophyllMaximum_depth_sample",2.15304918902185,"fDCMdepth_mp","vera4cast"
2026-05-22,2026-04-25,"P1D","fcre",NA,"ensemble",59,"ChlorophyllMaximum_depth_sample",5.41898399262741,"fDCMdepth_mp","vera4cast"
2026-05-22,2026-04-25,"P1D","fcre",NA,"ensemble",90,"ChlorophyllMaximum_depth_sample",3.0872893145909,"fDCMdepth_mp","vera4cast"
2026-05-22,2026-04-25,"P1D","fcre",NA,"ensemble",121,"ChlorophyllMaximum_depth_sample",2.71106539319638,"fDCMdepth_mp","vera4cast"
2026-05-23,2026-04-25,"P1D","fcre",NA,"ensemble",28,"ChlorophyllMaximum_depth_sample",4.44140129144722,"fDCMdepth_mp","vera4cast"
2026-05-23,2026-04-25,"P1D","fcre",NA,"ensemble",59,"ChlorophyllMaximum_depth_sample",3.39836174030312,"fDCMdepth_mp","vera4cast"
2026-05-23,2026-04-25,"P1D","fcre",NA,"ensemble",90,"ChlorophyllMaximum_depth_sample",4.32091659400855,"fDCMdepth_mp","vera4cast"
2026-05-23,2026-04-25,"P1D","fcre",NA,"ensemble",121,"ChlorophyllMaximum_depth_sample",4.71713669862184,"fDCMdepth_mp","vera4cast"
2026-05-24,2026-04-25,"P1D","fcre",NA,"ensemble",28,"ChlorophyllMaximum_depth_sample",3.82295433497423,"fDCMdepth_mp","vera4cast"
2026-05-24,2026-04-25,"P1D","fcre",NA,"ensemble",59,"ChlorophyllMaximum_depth_sample",2.13363050467359,"fDCMdepth_mp","vera4cast"
2026-05-24,2026-04-25,"P1D","fcre",NA,"ensemble",90,"ChlorophyllMaximum_depth_sample",4.10306375724488,"fDCMdepth_mp","vera4cast"
2026-05-24,2026-04-25,"P1D","fcre",NA,"ensemble",121,"ChlorophyllMaximum_depth_sample",1.44002451999587,"fDCMdepth_mp","vera4cast"
2026-05-25,2026-04-25,"P1D","fcre",NA,"ensemble",28,"ChlorophyllMaximum_depth_sample",1.93367578811185,"fDCMdepth_mp","vera4cast"
2026-05-25,2026-04-25,"P1D","fcre",NA,"ensemble",59,"ChlorophyllMaximum_depth_sample",4.0246195851755,"fDCMdepth_mp","vera4cast"
2026-05-25,2026-04-25,"P1D","fcre",NA,"ensemble",90,"ChlorophyllMaximum_depth_sample",3.69137621673695,"fDCMdepth_mp","vera4cast"
2026-05-25,2026-04-25,"P1D","fcre",NA,"ensemble",121,"ChlorophyllMaximum_depth_sample",0.308419147466874,"fDCMdepth_mp","vera4cast"
2026-05-26,2026-04-25,"P1D","fcre",NA,"ensemble",28,"ChlorophyllMaximum_depth_sample",0.119865630983188,"fDCMdepth_mp","vera4cast"
2026-05-26,2026-04-25,"P1D","fcre",NA,"ensemble",59,"ChlorophyllMaximum_depth_sample",1.79600443159255,"fDCMdepth_mp","vera4cast"
2026-05-26,2026-04-25,"P1D","fcre",NA,"ensemble",90,"ChlorophyllMaximum_depth_sample",1.95567576649588,"fDCMdepth_mp","vera4cast"
2026-05-26,2026-04-25,"P1D","fcre",NA,"ensemble",121,"ChlorophyllMaximum_depth_sample",1.44706973376573,"fDCMdepth_mp","vera4cast"
2026-05-27,2026-04-25,"P1D","fcre",NA,"ensemble",28,"ChlorophyllMaximum_depth_sample",2.10381520406095,"fDCMdepth_mp","vera4cast"
2026-05-27,2026-04-25,"P1D","fcre",NA,"ensemble",59,"ChlorophyllMaximum_depth_sample",1.4952031159621,"fDCMdepth_mp","vera4cast"
2026-05-27,2026-04-25,"P1D","fcre",NA,"ensemble",90,"ChlorophyllMaximum_depth_sample",2.23934142225969,"fDCMdepth_mp","vera4cast"
2026-05-27,2026-04-25,"P1D","fcre",NA,"ensemble",121,"ChlorophyllMaximum_depth_sample",1.12014567805003,"fDCMdepth_mp","vera4cast"
2026-05-28,2026-04-25,"P1D","fcre",NA,"ensemble",28,"ChlorophyllMaximum_depth_sample",2.0529987119762,"fDCMdepth_mp","vera4cast"
2026-05-28,2026-04-25,"P1D","fcre",NA,"ensemble",59,"ChlorophyllMaximum_depth_sample",4.95940611498586,"fDCMdepth_mp","vera4cast"
2026-05-28,2026-04-25,"P1D","fcre",NA,"ensemble",90,"ChlorophyllMaximum_depth_sample",3.21011169727105,"fDCMdepth_mp","vera4cast"
2026-05-28,2026-04-25,"P1D","fcre",NA,"ensemble",121,"ChlorophyllMaximum_depth_sample",1.45098859277345,"fDCMdepth_mp","vera4cast"
2026-05-29,2026-04-25,"P1D","fcre",NA,"ensemble",28,"ChlorophyllMaximum_depth_sample",3.47251105173775,"fDCMdepth_mp","vera4cast"
2026-05-29,2026-04-25,"P1D","fcre",NA,"ensemble",59,"ChlorophyllMaximum_depth_sample",4.94949921734355,"fDCMdepth_mp","vera4cast"
2026-05-29,2026-04-25,"P1D","fcre",NA,"ensemble",90,"ChlorophyllMaximum_depth_sample",3.37445059462519,"fDCMdepth_mp","vera4cast"
2026-05-29,2026-04-25,"P1D","fcre",NA,"ensemble",121,"ChlorophyllMaximum_depth_sample",2.04883123318179,"fDCMdepth_mp","vera4cast"
2026-04-26,2026-04-25,"P1D","fcre",NA,"ensemble",29,"ChlorophyllMaximum_depth_sample",5.18978471668532,"fDCMdepth_mp","vera4cast"
2026-04-26,2026-04-25,"P1D","fcre",NA,"ensemble",60,"ChlorophyllMaximum_depth_sample",2.72512232567463,"fDCMdepth_mp","vera4cast"
2026-04-26,2026-04-25,"P1D","fcre",NA,"ensemble",91,"ChlorophyllMaximum_depth_sample",3.75473066743226,"fDCMdepth_mp","vera4cast"
2026-04-26,2026-04-25,"P1D","fcre",NA,"ensemble",122,"ChlorophyllMaximum_depth_sample",1.11713376069591,"fDCMdepth_mp","vera4cast"
2026-04-27,2026-04-25,"P1D","fcre",NA,"ensemble",29,"ChlorophyllMaximum_depth_sample",3.11638811988302,"fDCMdepth_mp","vera4cast"
2026-04-27,2026-04-25,"P1D","fcre",NA,"ensemble",60,"ChlorophyllMaximum_depth_sample",4.73522020065425,"fDCMdepth_mp","vera4cast"
2026-04-27,2026-04-25,"P1D","fcre",NA,"ensemble",91,"ChlorophyllMaximum_depth_sample",3.24953748172619,"fDCMdepth_mp","vera4cast"
2026-04-27,2026-04-25,"P1D","fcre",NA,"ensemble",122,"ChlorophyllMaximum_depth_sample",3.23801267998374,"fDCMdepth_mp","vera4cast"
2026-04-28,2026-04-25,"P1D","fcre",NA,"ensemble",29,"ChlorophyllMaximum_depth_sample",3.27791881486662,"fDCMdepth_mp","vera4cast"
2026-04-28,2026-04-25,"P1D","fcre",NA,"ensemble",60,"ChlorophyllMaximum_depth_sample",-0.0492875515013158,"fDCMdepth_mp","vera4cast"
2026-04-28,2026-04-25,"P1D","fcre",NA,"ensemble",91,"ChlorophyllMaximum_depth_sample",3.9849981455468,"fDCMdepth_mp","vera4cast"
2026-04-28,2026-04-25,"P1D","fcre",NA,"ensemble",122,"ChlorophyllMaximum_depth_sample",4.7394066522725,"fDCMdepth_mp","vera4cast"
2026-04-29,2026-04-25,"P1D","fcre",NA,"ensemble",29,"ChlorophyllMaximum_depth_sample",1.79434853211451,"fDCMdepth_mp","vera4cast"
2026-04-29,2026-04-25,"P1D","fcre",NA,"ensemble",60,"ChlorophyllMaximum_depth_sample",1.38734698920657,"fDCMdepth_mp","vera4cast"
2026-04-29,2026-04-25,"P1D","fcre",NA,"ensemble",91,"ChlorophyllMaximum_depth_sample",6.11499677130959,"fDCMdepth_mp","vera4cast"
2026-04-29,2026-04-25,"P1D","fcre",NA,"ensemble",122,"ChlorophyllMaximum_depth_sample",1.45492474934157,"fDCMdepth_mp","vera4cast"
2026-04-30,2026-04-25,"P1D","fcre",NA,"ensemble",29,"ChlorophyllMaximum_depth_sample",6.2396621561106,"fDCMdepth_mp","vera4cast"
2026-04-30,2026-04-25,"P1D","fcre",NA,"ensemble",60,"ChlorophyllMaximum_depth_sample",1.15988452699609,"fDCMdepth_mp","vera4cast"
2026-04-30,2026-04-25,"P1D","fcre",NA,"ensemble",91,"ChlorophyllMaximum_depth_sample",4.89376811318681,"fDCMdepth_mp","vera4cast"
2026-04-30,2026-04-25,"P1D","fcre",NA,"ensemble",122,"ChlorophyllMaximum_depth_sample",6.16228263576046,"fDCMdepth_mp","vera4cast"
2026-05-01,2026-04-25,"P1D","fcre",NA,"ensemble",29,"ChlorophyllMaximum_depth_sample",3.07912270002552,"fDCMdepth_mp","vera4cast"
2026-05-01,2026-04-25,"P1D","fcre",NA,"ensemble",60,"ChlorophyllMaximum_depth_sample",1.72927343939229,"fDCMdepth_mp","vera4cast"
2026-05-01,2026-04-25,"P1D","fcre",NA,"ensemble",91,"ChlorophyllMaximum_depth_sample",4.26397833607938,"fDCMdepth_mp","vera4cast"
2026-05-01,2026-04-25,"P1D","fcre",NA,"ensemble",122,"ChlorophyllMaximum_depth_sample",1.45734014103844,"fDCMdepth_mp","vera4cast"
2026-05-02,2026-04-25,"P1D","fcre",NA,"ensemble",29,"ChlorophyllMaximum_depth_sample",4.4661740536613,"fDCMdepth_mp","vera4cast"
2026-05-02,2026-04-25,"P1D","fcre",NA,"ensemble",60,"ChlorophyllMaximum_depth_sample",2.08818685034278,"fDCMdepth_mp","vera4cast"
2026-05-02,2026-04-25,"P1D","fcre",NA,"ensemble",91,"ChlorophyllMaximum_depth_sample",4.0118360094849,"fDCMdepth_mp","vera4cast"
2026-05-02,2026-04-25,"P1D","fcre",NA,"ensemble",122,"ChlorophyllMaximum_depth_sample",2.3079047433,"fDCMdepth_mp","vera4cast"
2026-05-03,2026-04-25,"P1D","fcre",NA,"ensemble",29,"ChlorophyllMaximum_depth_sample",4.18208117291854,"fDCMdepth_mp","vera4cast"
2026-05-03,2026-04-25,"P1D","fcre",NA,"ensemble",60,"ChlorophyllMaximum_depth_sample",4.24518679981528,"fDCMdepth_mp","vera4cast"
2026-05-03,2026-04-25,"P1D","fcre",NA,"ensemble",91,"ChlorophyllMaximum_depth_sample",3.90651191685649,"fDCMdepth_mp","vera4cast"
2026-05-03,2026-04-25,"P1D","fcre",NA,"ensemble",122,"ChlorophyllMaximum_depth_sample",3.54705300808103,"fDCMdepth_mp","vera4cast"
2026-05-04,2026-04-25,"P1D","fcre",NA,"ensemble",29,"ChlorophyllMaximum_depth_sample",2.67687709464051,"fDCMdepth_mp","vera4cast"
2026-05-04,2026-04-25,"P1D","fcre",NA,"ensemble",60,"ChlorophyllMaximum_depth_sample",1.54986848680995,"fDCMdepth_mp","vera4cast"
2026-05-04,2026-04-25,"P1D","fcre",NA,"ensemble",91,"ChlorophyllMaximum_depth_sample",2.24563606640517,"fDCMdepth_mp","vera4cast"
2026-05-04,2026-04-25,"P1D","fcre",NA,"ensemble",122,"ChlorophyllMaximum_depth_sample",2.56258285833562,"fDCMdepth_mp","vera4cast"
2026-05-05,2026-04-25,"P1D","fcre",NA,"ensemble",29,"ChlorophyllMaximum_depth_sample",3.70434506188954,"fDCMdepth_mp","vera4cast"
2026-05-05,2026-04-25,"P1D","fcre",NA,"ensemble",60,"ChlorophyllMaximum_depth_sample",3.42348762592579,"fDCMdepth_mp","vera4cast"
2026-05-05,2026-04-25,"P1D","fcre",NA,"ensemble",91,"ChlorophyllMaximum_depth_sample",1.87750067713367,"fDCMdepth_mp","vera4cast"
2026-05-05,2026-04-25,"P1D","fcre",NA,"ensemble",122,"ChlorophyllMaximum_depth_sample",3.10538052826685,"fDCMdepth_mp","vera4cast"
2026-05-06,2026-04-25,"P1D","fcre",NA,"ensemble",29,"ChlorophyllMaximum_depth_sample",0.193503829406248,"fDCMdepth_mp","vera4cast"
2026-05-06,2026-04-25,"P1D","fcre",NA,"ensemble",60,"ChlorophyllMaximum_depth_sample",1.07970684288398,"fDCMdepth_mp","vera4cast"
2026-05-06,2026-04-25,"P1D","fcre",NA,"ensemble",91,"ChlorophyllMaximum_depth_sample",0.378507655844746,"fDCMdepth_mp","vera4cast"
2026-05-06,2026-04-25,"P1D","fcre",NA,"ensemble",122,"ChlorophyllMaximum_depth_sample",4.28666602177445,"fDCMdepth_mp","vera4cast"
2026-05-07,2026-04-25,"P1D","fcre",NA,"ensemble",29,"ChlorophyllMaximum_depth_sample",2.29631966697265,"fDCMdepth_mp","vera4cast"
2026-05-07,2026-04-25,"P1D","fcre",NA,"ensemble",60,"ChlorophyllMaximum_depth_sample",1.2504209971059,"fDCMdepth_mp","vera4cast"
2026-05-07,2026-04-25,"P1D","fcre",NA,"ensemble",91,"ChlorophyllMaximum_depth_sample",0.200482447847075,"fDCMdepth_mp","vera4cast"
2026-05-07,2026-04-25,"P1D","fcre",NA,"ensemble",122,"ChlorophyllMaximum_depth_sample",-0.0516085141151565,"fDCMdepth_mp","vera4cast"
2026-05-08,2026-04-25,"P1D","fcre",NA,"ensemble",29,"ChlorophyllMaximum_depth_sample",4.55968481417675,"fDCMdepth_mp","vera4cast"
2026-05-08,2026-04-25,"P1D","fcre",NA,"ensemble",60,"ChlorophyllMaximum_depth_sample",1.67421646309903,"fDCMdepth_mp","vera4cast"
2026-05-08,2026-04-25,"P1D","fcre",NA,"ensemble",91,"ChlorophyllMaximum_depth_sample",2.30279417226716,"fDCMdepth_mp","vera4cast"
2026-05-08,2026-04-25,"P1D","fcre",NA,"ensemble",122,"ChlorophyllMaximum_depth_sample",2.6626733088859,"fDCMdepth_mp","vera4cast"
2026-05-09,2026-04-25,"P1D","fcre",NA,"ensemble",29,"ChlorophyllMaximum_depth_sample",0.511565432767975,"fDCMdepth_mp","vera4cast"
2026-05-09,2026-04-25,"P1D","fcre",NA,"ensemble",60,"ChlorophyllMaximum_depth_sample",4.38769530709902,"fDCMdepth_mp","vera4cast"
2026-05-09,2026-04-25,"P1D","fcre",NA,"ensemble",91,"ChlorophyllMaximum_depth_sample",2.25854595504677,"fDCMdepth_mp","vera4cast"
2026-05-09,2026-04-25,"P1D","fcre",NA,"ensemble",122,"ChlorophyllMaximum_depth_sample",3.31404962998662,"fDCMdepth_mp","vera4cast"
2026-05-10,2026-04-25,"P1D","fcre",NA,"ensemble",29,"ChlorophyllMaximum_depth_sample",3.08620918345278,"fDCMdepth_mp","vera4cast"
2026-05-10,2026-04-25,"P1D","fcre",NA,"ensemble",60,"ChlorophyllMaximum_depth_sample",3.67032986144586,"fDCMdepth_mp","vera4cast"
2026-05-10,2026-04-25,"P1D","fcre",NA,"ensemble",91,"ChlorophyllMaximum_depth_sample",3.77147088351938,"fDCMdepth_mp","vera4cast"
2026-05-10,2026-04-25,"P1D","fcre",NA,"ensemble",122,"ChlorophyllMaximum_depth_sample",2.44160355959142,"fDCMdepth_mp","vera4cast"
2026-05-11,2026-04-25,"P1D","fcre",NA,"ensemble",29,"ChlorophyllMaximum_depth_sample",2.14444505230055,"fDCMdepth_mp","vera4cast"
2026-05-11,2026-04-25,"P1D","fcre",NA,"ensemble",60,"ChlorophyllMaximum_depth_sample",2.93350027502778,"fDCMdepth_mp","vera4cast"
2026-05-11,2026-04-25,"P1D","fcre",NA,"ensemble",91,"ChlorophyllMaximum_depth_sample",1.14981795585601,"fDCMdepth_mp","vera4cast"
2026-05-11,2026-04-25,"P1D","fcre",NA,"ensemble",122,"ChlorophyllMaximum_depth_sample",2.39358628575441,"fDCMdepth_mp","vera4cast"
2026-05-12,2026-04-25,"P1D","fcre",NA,"ensemble",29,"ChlorophyllMaximum_depth_sample",4.49208051969852,"fDCMdepth_mp","vera4cast"
2026-05-12,2026-04-25,"P1D","fcre",NA,"ensemble",60,"ChlorophyllMaximum_depth_sample",3.35232894310893,"fDCMdepth_mp","vera4cast"
2026-05-12,2026-04-25,"P1D","fcre",NA,"ensemble",91,"ChlorophyllMaximum_depth_sample",4.28766613451619,"fDCMdepth_mp","vera4cast"
2026-05-12,2026-04-25,"P1D","fcre",NA,"ensemble",122,"ChlorophyllMaximum_depth_sample",5.58845770632394,"fDCMdepth_mp","vera4cast"
2026-05-13,2026-04-25,"P1D","fcre",NA,"ensemble",29,"ChlorophyllMaximum_depth_sample",2.35208167945103,"fDCMdepth_mp","vera4cast"
2026-05-13,2026-04-25,"P1D","fcre",NA,"ensemble",60,"ChlorophyllMaximum_depth_sample",1.71965461990722,"fDCMdepth_mp","vera4cast"
2026-05-13,2026-04-25,"P1D","fcre",NA,"ensemble",91,"ChlorophyllMaximum_depth_sample",3.53925877536912,"fDCMdepth_mp","vera4cast"
2026-05-13,2026-04-25,"P1D","fcre",NA,"ensemble",122,"ChlorophyllMaximum_depth_sample",1.76547088510278,"fDCMdepth_mp","vera4cast"
2026-05-14,2026-04-25,"P1D","fcre",NA,"ensemble",29,"ChlorophyllMaximum_depth_sample",3.04357076595619,"fDCMdepth_mp","vera4cast"
2026-05-14,2026-04-25,"P1D","fcre",NA,"ensemble",60,"ChlorophyllMaximum_depth_sample",4.39977269475769,"fDCMdepth_mp","vera4cast"
2026-05-14,2026-04-25,"P1D","fcre",NA,"ensemble",91,"ChlorophyllMaximum_depth_sample",5.38841154976845,"fDCMdepth_mp","vera4cast"
2026-05-14,2026-04-25,"P1D","fcre",NA,"ensemble",122,"ChlorophyllMaximum_depth_sample",2.56911038876037,"fDCMdepth_mp","vera4cast"
2026-05-15,2026-04-25,"P1D","fcre",NA,"ensemble",29,"ChlorophyllMaximum_depth_sample",1.70878683528015,"fDCMdepth_mp","vera4cast"
2026-05-15,2026-04-25,"P1D","fcre",NA,"ensemble",60,"ChlorophyllMaximum_depth_sample",3.5866927031359,"fDCMdepth_mp","vera4cast"
2026-05-15,2026-04-25,"P1D","fcre",NA,"ensemble",91,"ChlorophyllMaximum_depth_sample",1.85509801489309,"fDCMdepth_mp","vera4cast"
2026-05-15,2026-04-25,"P1D","fcre",NA,"ensemble",122,"ChlorophyllMaximum_depth_sample",2.1612314876334,"fDCMdepth_mp","vera4cast"
2026-05-16,2026-04-25,"P1D","fcre",NA,"ensemble",29,"ChlorophyllMaximum_depth_sample",3.88864267840949,"fDCMdepth_mp","vera4cast"
2026-05-16,2026-04-25,"P1D","fcre",NA,"ensemble",60,"ChlorophyllMaximum_depth_sample",3.42497688373479,"fDCMdepth_mp","vera4cast"
2026-05-16,2026-04-25,"P1D","fcre",NA,"ensemble",91,"ChlorophyllMaximum_depth_sample",3.80803903205031,"fDCMdepth_mp","vera4cast"
2026-05-16,2026-04-25,"P1D","fcre",NA,"ensemble",122,"ChlorophyllMaximum_depth_sample",3.68247311959332,"fDCMdepth_mp","vera4cast"
2026-05-17,2026-04-25,"P1D","fcre",NA,"ensemble",29,"ChlorophyllMaximum_depth_sample",3.23712283288183,"fDCMdepth_mp","vera4cast"
2026-05-17,2026-04-25,"P1D","fcre",NA,"ensemble",60,"ChlorophyllMaximum_depth_sample",5.28718505914835,"fDCMdepth_mp","vera4cast"
2026-05-17,2026-04-25,"P1D","fcre",NA,"ensemble",91,"ChlorophyllMaximum_depth_sample",3.87768378289116,"fDCMdepth_mp","vera4cast"
2026-05-17,2026-04-25,"P1D","fcre",NA,"ensemble",122,"ChlorophyllMaximum_depth_sample",5.49480191444289,"fDCMdepth_mp","vera4cast"
2026-05-18,2026-04-25,"P1D","fcre",NA,"ensemble",29,"ChlorophyllMaximum_depth_sample",4.29205428911487,"fDCMdepth_mp","vera4cast"
2026-05-18,2026-04-25,"P1D","fcre",NA,"ensemble",60,"ChlorophyllMaximum_depth_sample",4.19375200778558,"fDCMdepth_mp","vera4cast"
2026-05-18,2026-04-25,"P1D","fcre",NA,"ensemble",91,"ChlorophyllMaximum_depth_sample",5.58209910438287,"fDCMdepth_mp","vera4cast"
2026-05-18,2026-04-25,"P1D","fcre",NA,"ensemble",122,"ChlorophyllMaximum_depth_sample",-0.267939709054033,"fDCMdepth_mp","vera4cast"
2026-05-19,2026-04-25,"P1D","fcre",NA,"ensemble",29,"ChlorophyllMaximum_depth_sample",3.04999486527875,"fDCMdepth_mp","vera4cast"
2026-05-19,2026-04-25,"P1D","fcre",NA,"ensemble",60,"ChlorophyllMaximum_depth_sample",2.59735224954723,"fDCMdepth_mp","vera4cast"
2026-05-19,2026-04-25,"P1D","fcre",NA,"ensemble",91,"ChlorophyllMaximum_depth_sample",4.79945396760395,"fDCMdepth_mp","vera4cast"
2026-05-19,2026-04-25,"P1D","fcre",NA,"ensemble",122,"ChlorophyllMaximum_depth_sample",2.22418249540196,"fDCMdepth_mp","vera4cast"
2026-05-20,2026-04-25,"P1D","fcre",NA,"ensemble",29,"ChlorophyllMaximum_depth_sample",3.35625093231819,"fDCMdepth_mp","vera4cast"
2026-05-20,2026-04-25,"P1D","fcre",NA,"ensemble",60,"ChlorophyllMaximum_depth_sample",1.52628344959244,"fDCMdepth_mp","vera4cast"
2026-05-20,2026-04-25,"P1D","fcre",NA,"ensemble",91,"ChlorophyllMaximum_depth_sample",4.50022491569868,"fDCMdepth_mp","vera4cast"
2026-05-20,2026-04-25,"P1D","fcre",NA,"ensemble",122,"ChlorophyllMaximum_depth_sample",3.09823516374825,"fDCMdepth_mp","vera4cast"
2026-05-21,2026-04-25,"P1D","fcre",NA,"ensemble",29,"ChlorophyllMaximum_depth_sample",3.27350690578694,"fDCMdepth_mp","vera4cast"
2026-05-21,2026-04-25,"P1D","fcre",NA,"ensemble",60,"ChlorophyllMaximum_depth_sample",5.92688961970446,"fDCMdepth_mp","vera4cast"
2026-05-21,2026-04-25,"P1D","fcre",NA,"ensemble",91,"ChlorophyllMaximum_depth_sample",1.57065030126657,"fDCMdepth_mp","vera4cast"
2026-05-21,2026-04-25,"P1D","fcre",NA,"ensemble",122,"ChlorophyllMaximum_depth_sample",1.08930450417982,"fDCMdepth_mp","vera4cast"
2026-05-22,2026-04-25,"P1D","fcre",NA,"ensemble",29,"ChlorophyllMaximum_depth_sample",4.31329533534819,"fDCMdepth_mp","vera4cast"
2026-05-22,2026-04-25,"P1D","fcre",NA,"ensemble",60,"ChlorophyllMaximum_depth_sample",2.5058757277308,"fDCMdepth_mp","vera4cast"
2026-05-22,2026-04-25,"P1D","fcre",NA,"ensemble",91,"ChlorophyllMaximum_depth_sample",2.85391189096904,"fDCMdepth_mp","vera4cast"
2026-05-22,2026-04-25,"P1D","fcre",NA,"ensemble",122,"ChlorophyllMaximum_depth_sample",2.77315328909866,"fDCMdepth_mp","vera4cast"
2026-05-23,2026-04-25,"P1D","fcre",NA,"ensemble",29,"ChlorophyllMaximum_depth_sample",3.939757730314,"fDCMdepth_mp","vera4cast"
2026-05-23,2026-04-25,"P1D","fcre",NA,"ensemble",60,"ChlorophyllMaximum_depth_sample",2.69416584658391,"fDCMdepth_mp","vera4cast"
2026-05-23,2026-04-25,"P1D","fcre",NA,"ensemble",91,"ChlorophyllMaximum_depth_sample",4.1464787880063,"fDCMdepth_mp","vera4cast"
2026-05-23,2026-04-25,"P1D","fcre",NA,"ensemble",122,"ChlorophyllMaximum_depth_sample",2.70166669127537,"fDCMdepth_mp","vera4cast"
2026-05-24,2026-04-25,"P1D","fcre",NA,"ensemble",29,"ChlorophyllMaximum_depth_sample",4.59017178254206,"fDCMdepth_mp","vera4cast"
2026-05-24,2026-04-25,"P1D","fcre",NA,"ensemble",60,"ChlorophyllMaximum_depth_sample",4.60581602844864,"fDCMdepth_mp","vera4cast"
2026-05-24,2026-04-25,"P1D","fcre",NA,"ensemble",91,"ChlorophyllMaximum_depth_sample",2.48931049582715,"fDCMdepth_mp","vera4cast"
2026-05-24,2026-04-25,"P1D","fcre",NA,"ensemble",122,"ChlorophyllMaximum_depth_sample",1.16818755832065,"fDCMdepth_mp","vera4cast"
2026-05-25,2026-04-25,"P1D","fcre",NA,"ensemble",29,"ChlorophyllMaximum_depth_sample",2.41326749192412,"fDCMdepth_mp","vera4cast"
2026-05-25,2026-04-25,"P1D","fcre",NA,"ensemble",60,"ChlorophyllMaximum_depth_sample",4.79314876340022,"fDCMdepth_mp","vera4cast"
2026-05-25,2026-04-25,"P1D","fcre",NA,"ensemble",91,"ChlorophyllMaximum_depth_sample",5.60167579611537,"fDCMdepth_mp","vera4cast"
2026-05-25,2026-04-25,"P1D","fcre",NA,"ensemble",122,"ChlorophyllMaximum_depth_sample",3.03477596451796,"fDCMdepth_mp","vera4cast"
2026-05-26,2026-04-25,"P1D","fcre",NA,"ensemble",29,"ChlorophyllMaximum_depth_sample",6.7264780965459,"fDCMdepth_mp","vera4cast"
2026-05-26,2026-04-25,"P1D","fcre",NA,"ensemble",60,"ChlorophyllMaximum_depth_sample",3.11013478955076,"fDCMdepth_mp","vera4cast"
2026-05-26,2026-04-25,"P1D","fcre",NA,"ensemble",91,"ChlorophyllMaximum_depth_sample",2.05847071088638,"fDCMdepth_mp","vera4cast"
2026-05-26,2026-04-25,"P1D","fcre",NA,"ensemble",122,"ChlorophyllMaximum_depth_sample",3.39270732216005,"fDCMdepth_mp","vera4cast"
2026-05-27,2026-04-25,"P1D","fcre",NA,"ensemble",29,"ChlorophyllMaximum_depth_sample",4.90908090532454,"fDCMdepth_mp","vera4cast"
2026-05-27,2026-04-25,"P1D","fcre",NA,"ensemble",60,"ChlorophyllMaximum_depth_sample",5.83622373853369,"fDCMdepth_mp","vera4cast"
2026-05-27,2026-04-25,"P1D","fcre",NA,"ensemble",91,"ChlorophyllMaximum_depth_sample",1.25058338194106,"fDCMdepth_mp","vera4cast"
2026-05-27,2026-04-25,"P1D","fcre",NA,"ensemble",122,"ChlorophyllMaximum_depth_sample",6.017989679389,"fDCMdepth_mp","vera4cast"
2026-05-28,2026-04-25,"P1D","fcre",NA,"ensemble",29,"ChlorophyllMaximum_depth_sample",5.76039683547938,"fDCMdepth_mp","vera4cast"
2026-05-28,2026-04-25,"P1D","fcre",NA,"ensemble",60,"ChlorophyllMaximum_depth_sample",1.5125277125603,"fDCMdepth_mp","vera4cast"
2026-05-28,2026-04-25,"P1D","fcre",NA,"ensemble",91,"ChlorophyllMaximum_depth_sample",3.70757672820913,"fDCMdepth_mp","vera4cast"
2026-05-28,2026-04-25,"P1D","fcre",NA,"ensemble",122,"ChlorophyllMaximum_depth_sample",4.25629731521455,"fDCMdepth_mp","vera4cast"
2026-05-29,2026-04-25,"P1D","fcre",NA,"ensemble",29,"ChlorophyllMaximum_depth_sample",0.752966432552657,"fDCMdepth_mp","vera4cast"
2026-05-29,2026-04-25,"P1D","fcre",NA,"ensemble",60,"ChlorophyllMaximum_depth_sample",3.95046607908915,"fDCMdepth_mp","vera4cast"
2026-05-29,2026-04-25,"P1D","fcre",NA,"ensemble",91,"ChlorophyllMaximum_depth_sample",3.60767415155304,"fDCMdepth_mp","vera4cast"
2026-05-29,2026-04-25,"P1D","fcre",NA,"ensemble",122,"ChlorophyllMaximum_depth_sample",2.92997539746944,"fDCMdepth_mp","vera4cast"
2026-04-26,2026-04-25,"P1D","fcre",NA,"ensemble",30,"ChlorophyllMaximum_depth_sample",3.02845200891577,"fDCMdepth_mp","vera4cast"
2026-04-26,2026-04-25,"P1D","fcre",NA,"ensemble",61,"ChlorophyllMaximum_depth_sample",0.534561925930711,"fDCMdepth_mp","vera4cast"
2026-04-26,2026-04-25,"P1D","fcre",NA,"ensemble",92,"ChlorophyllMaximum_depth_sample",4.92245024446899,"fDCMdepth_mp","vera4cast"
2026-04-26,2026-04-25,"P1D","fcre",NA,"ensemble",123,"ChlorophyllMaximum_depth_sample",0.729691543540644,"fDCMdepth_mp","vera4cast"
2026-04-27,2026-04-25,"P1D","fcre",NA,"ensemble",30,"ChlorophyllMaximum_depth_sample",3.16716748707141,"fDCMdepth_mp","vera4cast"
2026-04-27,2026-04-25,"P1D","fcre",NA,"ensemble",61,"ChlorophyllMaximum_depth_sample",2.42239546156031,"fDCMdepth_mp","vera4cast"
2026-04-27,2026-04-25,"P1D","fcre",NA,"ensemble",92,"ChlorophyllMaximum_depth_sample",1.00879634483301,"fDCMdepth_mp","vera4cast"
2026-04-27,2026-04-25,"P1D","fcre",NA,"ensemble",123,"ChlorophyllMaximum_depth_sample",2.20917907329051,"fDCMdepth_mp","vera4cast"
2026-04-28,2026-04-25,"P1D","fcre",NA,"ensemble",30,"ChlorophyllMaximum_depth_sample",3.37444579042043,"fDCMdepth_mp","vera4cast"
2026-04-28,2026-04-25,"P1D","fcre",NA,"ensemble",61,"ChlorophyllMaximum_depth_sample",6.17734072536071,"fDCMdepth_mp","vera4cast"
2026-04-28,2026-04-25,"P1D","fcre",NA,"ensemble",92,"ChlorophyllMaximum_depth_sample",5.16921755570244,"fDCMdepth_mp","vera4cast"
2026-04-28,2026-04-25,"P1D","fcre",NA,"ensemble",123,"ChlorophyllMaximum_depth_sample",3.9539868300243,"fDCMdepth_mp","vera4cast"
2026-04-29,2026-04-25,"P1D","fcre",NA,"ensemble",30,"ChlorophyllMaximum_depth_sample",3.66548273988799,"fDCMdepth_mp","vera4cast"
2026-04-29,2026-04-25,"P1D","fcre",NA,"ensemble",61,"ChlorophyllMaximum_depth_sample",4.29489547779069,"fDCMdepth_mp","vera4cast"
2026-04-29,2026-04-25,"P1D","fcre",NA,"ensemble",92,"ChlorophyllMaximum_depth_sample",4.24961671683426,"fDCMdepth_mp","vera4cast"
2026-04-29,2026-04-25,"P1D","fcre",NA,"ensemble",123,"ChlorophyllMaximum_depth_sample",3.81133902072299,"fDCMdepth_mp","vera4cast"
2026-04-30,2026-04-25,"P1D","fcre",NA,"ensemble",30,"ChlorophyllMaximum_depth_sample",4.18134188744425,"fDCMdepth_mp","vera4cast"
2026-04-30,2026-04-25,"P1D","fcre",NA,"ensemble",61,"ChlorophyllMaximum_depth_sample",4.2105010112248,"fDCMdepth_mp","vera4cast"
2026-04-30,2026-04-25,"P1D","fcre",NA,"ensemble",92,"ChlorophyllMaximum_depth_sample",5.46151217365384,"fDCMdepth_mp","vera4cast"
2026-04-30,2026-04-25,"P1D","fcre",NA,"ensemble",123,"ChlorophyllMaximum_depth_sample",2.24131434615757,"fDCMdepth_mp","vera4cast"
2026-05-01,2026-04-25,"P1D","fcre",NA,"ensemble",30,"ChlorophyllMaximum_depth_sample",3.48281656868694,"fDCMdepth_mp","vera4cast"
2026-05-01,2026-04-25,"P1D","fcre",NA,"ensemble",61,"ChlorophyllMaximum_depth_sample",1.33132591205518,"fDCMdepth_mp","vera4cast"
2026-05-01,2026-04-25,"P1D","fcre",NA,"ensemble",92,"ChlorophyllMaximum_depth_sample",4.9240240057667,"fDCMdepth_mp","vera4cast"
2026-05-01,2026-04-25,"P1D","fcre",NA,"ensemble",123,"ChlorophyllMaximum_depth_sample",3.2613013171049,"fDCMdepth_mp","vera4cast"
2026-05-02,2026-04-25,"P1D","fcre",NA,"ensemble",30,"ChlorophyllMaximum_depth_sample",4.59124138020893,"fDCMdepth_mp","vera4cast"
2026-05-02,2026-04-25,"P1D","fcre",NA,"ensemble",61,"ChlorophyllMaximum_depth_sample",4.16648379756024,"fDCMdepth_mp","vera4cast"
2026-05-02,2026-04-25,"P1D","fcre",NA,"ensemble",92,"ChlorophyllMaximum_depth_sample",3.26614324105847,"fDCMdepth_mp","vera4cast"
2026-05-02,2026-04-25,"P1D","fcre",NA,"ensemble",123,"ChlorophyllMaximum_depth_sample",0.0735436984604214,"fDCMdepth_mp","vera4cast"
2026-05-03,2026-04-25,"P1D","fcre",NA,"ensemble",30,"ChlorophyllMaximum_depth_sample",4.15745910172992,"fDCMdepth_mp","vera4cast"
2026-05-03,2026-04-25,"P1D","fcre",NA,"ensemble",61,"ChlorophyllMaximum_depth_sample",3.95761629798086,"fDCMdepth_mp","vera4cast"
2026-05-03,2026-04-25,"P1D","fcre",NA,"ensemble",92,"ChlorophyllMaximum_depth_sample",1.62025276287978,"fDCMdepth_mp","vera4cast"
2026-05-03,2026-04-25,"P1D","fcre",NA,"ensemble",123,"ChlorophyllMaximum_depth_sample",3.71104118352816,"fDCMdepth_mp","vera4cast"
2026-05-04,2026-04-25,"P1D","fcre",NA,"ensemble",30,"ChlorophyllMaximum_depth_sample",1.47995338269786,"fDCMdepth_mp","vera4cast"
2026-05-04,2026-04-25,"P1D","fcre",NA,"ensemble",61,"ChlorophyllMaximum_depth_sample",4.21746214659277,"fDCMdepth_mp","vera4cast"
2026-05-04,2026-04-25,"P1D","fcre",NA,"ensemble",92,"ChlorophyllMaximum_depth_sample",2.79135774791058,"fDCMdepth_mp","vera4cast"
2026-05-04,2026-04-25,"P1D","fcre",NA,"ensemble",123,"ChlorophyllMaximum_depth_sample",2.91687960357162,"fDCMdepth_mp","vera4cast"
2026-05-05,2026-04-25,"P1D","fcre",NA,"ensemble",30,"ChlorophyllMaximum_depth_sample",2.26076041085398,"fDCMdepth_mp","vera4cast"
2026-05-05,2026-04-25,"P1D","fcre",NA,"ensemble",61,"ChlorophyllMaximum_depth_sample",3.44268196503746,"fDCMdepth_mp","vera4cast"
2026-05-05,2026-04-25,"P1D","fcre",NA,"ensemble",92,"ChlorophyllMaximum_depth_sample",4.54350428651081,"fDCMdepth_mp","vera4cast"
2026-05-05,2026-04-25,"P1D","fcre",NA,"ensemble",123,"ChlorophyllMaximum_depth_sample",4.05224234825494,"fDCMdepth_mp","vera4cast"
2026-05-06,2026-04-25,"P1D","fcre",NA,"ensemble",30,"ChlorophyllMaximum_depth_sample",0.340921530693522,"fDCMdepth_mp","vera4cast"
2026-05-06,2026-04-25,"P1D","fcre",NA,"ensemble",61,"ChlorophyllMaximum_depth_sample",4.32391343442439,"fDCMdepth_mp","vera4cast"
2026-05-06,2026-04-25,"P1D","fcre",NA,"ensemble",92,"ChlorophyllMaximum_depth_sample",1.10550703399663,"fDCMdepth_mp","vera4cast"
2026-05-06,2026-04-25,"P1D","fcre",NA,"ensemble",123,"ChlorophyllMaximum_depth_sample",1.13434061426647,"fDCMdepth_mp","vera4cast"
2026-05-07,2026-04-25,"P1D","fcre",NA,"ensemble",30,"ChlorophyllMaximum_depth_sample",3.26715132724185,"fDCMdepth_mp","vera4cast"
2026-05-07,2026-04-25,"P1D","fcre",NA,"ensemble",61,"ChlorophyllMaximum_depth_sample",1.70478957585746,"fDCMdepth_mp","vera4cast"
2026-05-07,2026-04-25,"P1D","fcre",NA,"ensemble",92,"ChlorophyllMaximum_depth_sample",1.57748529638566,"fDCMdepth_mp","vera4cast"
2026-05-07,2026-04-25,"P1D","fcre",NA,"ensemble",123,"ChlorophyllMaximum_depth_sample",3.99278272178441,"fDCMdepth_mp","vera4cast"
2026-05-08,2026-04-25,"P1D","fcre",NA,"ensemble",30,"ChlorophyllMaximum_depth_sample",4.16460085433426,"fDCMdepth_mp","vera4cast"
2026-05-08,2026-04-25,"P1D","fcre",NA,"ensemble",61,"ChlorophyllMaximum_depth_sample",2.42312084277542,"fDCMdepth_mp","vera4cast"
2026-05-08,2026-04-25,"P1D","fcre",NA,"ensemble",92,"ChlorophyllMaximum_depth_sample",4.34054147094922,"fDCMdepth_mp","vera4cast"
2026-05-08,2026-04-25,"P1D","fcre",NA,"ensemble",123,"ChlorophyllMaximum_depth_sample",6.53856939736732,"fDCMdepth_mp","vera4cast"
2026-05-09,2026-04-25,"P1D","fcre",NA,"ensemble",30,"ChlorophyllMaximum_depth_sample",5.16960886545257,"fDCMdepth_mp","vera4cast"
2026-05-09,2026-04-25,"P1D","fcre",NA,"ensemble",61,"ChlorophyllMaximum_depth_sample",2.56855242728404,"fDCMdepth_mp","vera4cast"
2026-05-09,2026-04-25,"P1D","fcre",NA,"ensemble",92,"ChlorophyllMaximum_depth_sample",3.63036336766726,"fDCMdepth_mp","vera4cast"
2026-05-09,2026-04-25,"P1D","fcre",NA,"ensemble",123,"ChlorophyllMaximum_depth_sample",0.740557301550393,"fDCMdepth_mp","vera4cast"
2026-05-10,2026-04-25,"P1D","fcre",NA,"ensemble",30,"ChlorophyllMaximum_depth_sample",1.94112324496725,"fDCMdepth_mp","vera4cast"
2026-05-10,2026-04-25,"P1D","fcre",NA,"ensemble",61,"ChlorophyllMaximum_depth_sample",5.64254853309349,"fDCMdepth_mp","vera4cast"
2026-05-10,2026-04-25,"P1D","fcre",NA,"ensemble",92,"ChlorophyllMaximum_depth_sample",3.52507208074407,"fDCMdepth_mp","vera4cast"
2026-05-10,2026-04-25,"P1D","fcre",NA,"ensemble",123,"ChlorophyllMaximum_depth_sample",0.240937947852035,"fDCMdepth_mp","vera4cast"
2026-05-11,2026-04-25,"P1D","fcre",NA,"ensemble",30,"ChlorophyllMaximum_depth_sample",2.23101794163116,"fDCMdepth_mp","vera4cast"
2026-05-11,2026-04-25,"P1D","fcre",NA,"ensemble",61,"ChlorophyllMaximum_depth_sample",4.66599082831743,"fDCMdepth_mp","vera4cast"
2026-05-11,2026-04-25,"P1D","fcre",NA,"ensemble",92,"ChlorophyllMaximum_depth_sample",3.15452259108599,"fDCMdepth_mp","vera4cast"
2026-05-11,2026-04-25,"P1D","fcre",NA,"ensemble",123,"ChlorophyllMaximum_depth_sample",3.47359379977433,"fDCMdepth_mp","vera4cast"
2026-05-12,2026-04-25,"P1D","fcre",NA,"ensemble",30,"ChlorophyllMaximum_depth_sample",3.15715046468352,"fDCMdepth_mp","vera4cast"
2026-05-12,2026-04-25,"P1D","fcre",NA,"ensemble",61,"ChlorophyllMaximum_depth_sample",5.21185479985116,"fDCMdepth_mp","vera4cast"
2026-05-12,2026-04-25,"P1D","fcre",NA,"ensemble",92,"ChlorophyllMaximum_depth_sample",1.55204527855073,"fDCMdepth_mp","vera4cast"
2026-05-12,2026-04-25,"P1D","fcre",NA,"ensemble",123,"ChlorophyllMaximum_depth_sample",3.01041709634309,"fDCMdepth_mp","vera4cast"
2026-05-13,2026-04-25,"P1D","fcre",NA,"ensemble",30,"ChlorophyllMaximum_depth_sample",2.81218808848637,"fDCMdepth_mp","vera4cast"
2026-05-13,2026-04-25,"P1D","fcre",NA,"ensemble",61,"ChlorophyllMaximum_depth_sample",1.1124778361725,"fDCMdepth_mp","vera4cast"
2026-05-13,2026-04-25,"P1D","fcre",NA,"ensemble",92,"ChlorophyllMaximum_depth_sample",3.79560799417368,"fDCMdepth_mp","vera4cast"
2026-05-13,2026-04-25,"P1D","fcre",NA,"ensemble",123,"ChlorophyllMaximum_depth_sample",1.93285983540891,"fDCMdepth_mp","vera4cast"
2026-05-14,2026-04-25,"P1D","fcre",NA,"ensemble",30,"ChlorophyllMaximum_depth_sample",5.22872244876125,"fDCMdepth_mp","vera4cast"
2026-05-14,2026-04-25,"P1D","fcre",NA,"ensemble",61,"ChlorophyllMaximum_depth_sample",3.02233255545719,"fDCMdepth_mp","vera4cast"
2026-05-14,2026-04-25,"P1D","fcre",NA,"ensemble",92,"ChlorophyllMaximum_depth_sample",0.922682043856299,"fDCMdepth_mp","vera4cast"
2026-05-14,2026-04-25,"P1D","fcre",NA,"ensemble",123,"ChlorophyllMaximum_depth_sample",2.21014057850621,"fDCMdepth_mp","vera4cast"
2026-05-15,2026-04-25,"P1D","fcre",NA,"ensemble",30,"ChlorophyllMaximum_depth_sample",5.93379085936354,"fDCMdepth_mp","vera4cast"
2026-05-15,2026-04-25,"P1D","fcre",NA,"ensemble",61,"ChlorophyllMaximum_depth_sample",1.87538210198836,"fDCMdepth_mp","vera4cast"
2026-05-15,2026-04-25,"P1D","fcre",NA,"ensemble",92,"ChlorophyllMaximum_depth_sample",5.29502216604708,"fDCMdepth_mp","vera4cast"
2026-05-15,2026-04-25,"P1D","fcre",NA,"ensemble",123,"ChlorophyllMaximum_depth_sample",4.42559855957371,"fDCMdepth_mp","vera4cast"
2026-05-16,2026-04-25,"P1D","fcre",NA,"ensemble",30,"ChlorophyllMaximum_depth_sample",4.31207088021972,"fDCMdepth_mp","vera4cast"
2026-05-16,2026-04-25,"P1D","fcre",NA,"ensemble",61,"ChlorophyllMaximum_depth_sample",4.37510437729472,"fDCMdepth_mp","vera4cast"
2026-05-16,2026-04-25,"P1D","fcre",NA,"ensemble",92,"ChlorophyllMaximum_depth_sample",3.97904364810785,"fDCMdepth_mp","vera4cast"
2026-05-16,2026-04-25,"P1D","fcre",NA,"ensemble",123,"ChlorophyllMaximum_depth_sample",4.88794196469381,"fDCMdepth_mp","vera4cast"
2026-05-17,2026-04-25,"P1D","fcre",NA,"ensemble",30,"ChlorophyllMaximum_depth_sample",2.36328431521523,"fDCMdepth_mp","vera4cast"
2026-05-17,2026-04-25,"P1D","fcre",NA,"ensemble",61,"ChlorophyllMaximum_depth_sample",3.41746223257221,"fDCMdepth_mp","vera4cast"
2026-05-17,2026-04-25,"P1D","fcre",NA,"ensemble",92,"ChlorophyllMaximum_depth_sample",3.32946881518664,"fDCMdepth_mp","vera4cast"
2026-05-17,2026-04-25,"P1D","fcre",NA,"ensemble",123,"ChlorophyllMaximum_depth_sample",5.33557449381774,"fDCMdepth_mp","vera4cast"
2026-05-18,2026-04-25,"P1D","fcre",NA,"ensemble",30,"ChlorophyllMaximum_depth_sample",2.47062842525953,"fDCMdepth_mp","vera4cast"
2026-05-18,2026-04-25,"P1D","fcre",NA,"ensemble",61,"ChlorophyllMaximum_depth_sample",4.14497874570015,"fDCMdepth_mp","vera4cast"
2026-05-18,2026-04-25,"P1D","fcre",NA,"ensemble",92,"ChlorophyllMaximum_depth_sample",3.47170657765065,"fDCMdepth_mp","vera4cast"
2026-05-18,2026-04-25,"P1D","fcre",NA,"ensemble",123,"ChlorophyllMaximum_depth_sample",1.73076205352631,"fDCMdepth_mp","vera4cast"
2026-05-19,2026-04-25,"P1D","fcre",NA,"ensemble",30,"ChlorophyllMaximum_depth_sample",3.50444574951333,"fDCMdepth_mp","vera4cast"
2026-05-19,2026-04-25,"P1D","fcre",NA,"ensemble",61,"ChlorophyllMaximum_depth_sample",4.64412744541233,"fDCMdepth_mp","vera4cast"
2026-05-19,2026-04-25,"P1D","fcre",NA,"ensemble",92,"ChlorophyllMaximum_depth_sample",1.96660152835635,"fDCMdepth_mp","vera4cast"
2026-05-19,2026-04-25,"P1D","fcre",NA,"ensemble",123,"ChlorophyllMaximum_depth_sample",3.93264885435045,"fDCMdepth_mp","vera4cast"
2026-05-20,2026-04-25,"P1D","fcre",NA,"ensemble",30,"ChlorophyllMaximum_depth_sample",2.42117185596381,"fDCMdepth_mp","vera4cast"
2026-05-20,2026-04-25,"P1D","fcre",NA,"ensemble",61,"ChlorophyllMaximum_depth_sample",3.59252545372049,"fDCMdepth_mp","vera4cast"
2026-05-20,2026-04-25,"P1D","fcre",NA,"ensemble",92,"ChlorophyllMaximum_depth_sample",2.07601214001809,"fDCMdepth_mp","vera4cast"
2026-05-20,2026-04-25,"P1D","fcre",NA,"ensemble",123,"ChlorophyllMaximum_depth_sample",2.32187570404228,"fDCMdepth_mp","vera4cast"
2026-05-21,2026-04-25,"P1D","fcre",NA,"ensemble",30,"ChlorophyllMaximum_depth_sample",1.8577456408104,"fDCMdepth_mp","vera4cast"
2026-05-21,2026-04-25,"P1D","fcre",NA,"ensemble",61,"ChlorophyllMaximum_depth_sample",3.31168500514239,"fDCMdepth_mp","vera4cast"
2026-05-21,2026-04-25,"P1D","fcre",NA,"ensemble",92,"ChlorophyllMaximum_depth_sample",2.02869088009322,"fDCMdepth_mp","vera4cast"
2026-05-21,2026-04-25,"P1D","fcre",NA,"ensemble",123,"ChlorophyllMaximum_depth_sample",5.67436287983721,"fDCMdepth_mp","vera4cast"
2026-05-22,2026-04-25,"P1D","fcre",NA,"ensemble",30,"ChlorophyllMaximum_depth_sample",4.32455319057779,"fDCMdepth_mp","vera4cast"
2026-05-22,2026-04-25,"P1D","fcre",NA,"ensemble",61,"ChlorophyllMaximum_depth_sample",3.41463440204144,"fDCMdepth_mp","vera4cast"
2026-05-22,2026-04-25,"P1D","fcre",NA,"ensemble",92,"ChlorophyllMaximum_depth_sample",3.29068023866099,"fDCMdepth_mp","vera4cast"
2026-05-22,2026-04-25,"P1D","fcre",NA,"ensemble",123,"ChlorophyllMaximum_depth_sample",1.48260492874499,"fDCMdepth_mp","vera4cast"
2026-05-23,2026-04-25,"P1D","fcre",NA,"ensemble",30,"ChlorophyllMaximum_depth_sample",5.63399237255953,"fDCMdepth_mp","vera4cast"
2026-05-23,2026-04-25,"P1D","fcre",NA,"ensemble",61,"ChlorophyllMaximum_depth_sample",2.79726129453339,"fDCMdepth_mp","vera4cast"
2026-05-23,2026-04-25,"P1D","fcre",NA,"ensemble",92,"ChlorophyllMaximum_depth_sample",3.02800914693646,"fDCMdepth_mp","vera4cast"
2026-05-23,2026-04-25,"P1D","fcre",NA,"ensemble",123,"ChlorophyllMaximum_depth_sample",2.66898264156568,"fDCMdepth_mp","vera4cast"
2026-05-24,2026-04-25,"P1D","fcre",NA,"ensemble",30,"ChlorophyllMaximum_depth_sample",4.02409591834113,"fDCMdepth_mp","vera4cast"
2026-05-24,2026-04-25,"P1D","fcre",NA,"ensemble",61,"ChlorophyllMaximum_depth_sample",1.80461813768355,"fDCMdepth_mp","vera4cast"
2026-05-24,2026-04-25,"P1D","fcre",NA,"ensemble",92,"ChlorophyllMaximum_depth_sample",2.2886596210383,"fDCMdepth_mp","vera4cast"
2026-05-24,2026-04-25,"P1D","fcre",NA,"ensemble",123,"ChlorophyllMaximum_depth_sample",2.9248339037164,"fDCMdepth_mp","vera4cast"
2026-05-25,2026-04-25,"P1D","fcre",NA,"ensemble",30,"ChlorophyllMaximum_depth_sample",2.73085927139635,"fDCMdepth_mp","vera4cast"
2026-05-25,2026-04-25,"P1D","fcre",NA,"ensemble",61,"ChlorophyllMaximum_depth_sample",6.83352489332569,"fDCMdepth_mp","vera4cast"
2026-05-25,2026-04-25,"P1D","fcre",NA,"ensemble",92,"ChlorophyllMaximum_depth_sample",5.49304787566135,"fDCMdepth_mp","vera4cast"
2026-05-25,2026-04-25,"P1D","fcre",NA,"ensemble",123,"ChlorophyllMaximum_depth_sample",5.78315786724031,"fDCMdepth_mp","vera4cast"
2026-05-26,2026-04-25,"P1D","fcre",NA,"ensemble",30,"ChlorophyllMaximum_depth_sample",1.55070416638899,"fDCMdepth_mp","vera4cast"
2026-05-26,2026-04-25,"P1D","fcre",NA,"ensemble",61,"ChlorophyllMaximum_depth_sample",4.42456558977717,"fDCMdepth_mp","vera4cast"
2026-05-26,2026-04-25,"P1D","fcre",NA,"ensemble",92,"ChlorophyllMaximum_depth_sample",4.13697151545345,"fDCMdepth_mp","vera4cast"
2026-05-26,2026-04-25,"P1D","fcre",NA,"ensemble",123,"ChlorophyllMaximum_depth_sample",3.11635005783689,"fDCMdepth_mp","vera4cast"
2026-05-27,2026-04-25,"P1D","fcre",NA,"ensemble",30,"ChlorophyllMaximum_depth_sample",4.95569214755257,"fDCMdepth_mp","vera4cast"
2026-05-27,2026-04-25,"P1D","fcre",NA,"ensemble",61,"ChlorophyllMaximum_depth_sample",2.08561618108983,"fDCMdepth_mp","vera4cast"
2026-05-27,2026-04-25,"P1D","fcre",NA,"ensemble",92,"ChlorophyllMaximum_depth_sample",0.347879128262444,"fDCMdepth_mp","vera4cast"
2026-05-27,2026-04-25,"P1D","fcre",NA,"ensemble",123,"ChlorophyllMaximum_depth_sample",6.58420404649418,"fDCMdepth_mp","vera4cast"
2026-05-28,2026-04-25,"P1D","fcre",NA,"ensemble",30,"ChlorophyllMaximum_depth_sample",3.79949277465786,"fDCMdepth_mp","vera4cast"
2026-05-28,2026-04-25,"P1D","fcre",NA,"ensemble",61,"ChlorophyllMaximum_depth_sample",4.00231456503877,"fDCMdepth_mp","vera4cast"
2026-05-28,2026-04-25,"P1D","fcre",NA,"ensemble",92,"ChlorophyllMaximum_depth_sample",2.56636584998911,"fDCMdepth_mp","vera4cast"
2026-05-28,2026-04-25,"P1D","fcre",NA,"ensemble",123,"ChlorophyllMaximum_depth_sample",3.61512588249677,"fDCMdepth_mp","vera4cast"
2026-05-29,2026-04-25,"P1D","fcre",NA,"ensemble",30,"ChlorophyllMaximum_depth_sample",3.44509735207494,"fDCMdepth_mp","vera4cast"
2026-05-29,2026-04-25,"P1D","fcre",NA,"ensemble",61,"ChlorophyllMaximum_depth_sample",3.68859446391001,"fDCMdepth_mp","vera4cast"
2026-05-29,2026-04-25,"P1D","fcre",NA,"ensemble",92,"ChlorophyllMaximum_depth_sample",2.11765738924336,"fDCMdepth_mp","vera4cast"
2026-05-29,2026-04-25,"P1D","fcre",NA,"ensemble",123,"ChlorophyllMaximum_depth_sample",1.51842219850428,"fDCMdepth_mp","vera4cast"
2026-04-26,2026-04-25,"P1D","fcre",NA,"ensemble",31,"ChlorophyllMaximum_depth_sample",3.35058054271258,"fDCMdepth_mp","vera4cast"
2026-04-26,2026-04-25,"P1D","fcre",NA,"ensemble",62,"ChlorophyllMaximum_depth_sample",2.30236763382834,"fDCMdepth_mp","vera4cast"
2026-04-26,2026-04-25,"P1D","fcre",NA,"ensemble",93,"ChlorophyllMaximum_depth_sample",2.24934862387878,"fDCMdepth_mp","vera4cast"
2026-04-26,2026-04-25,"P1D","fcre",NA,"ensemble",124,"ChlorophyllMaximum_depth_sample",1.23509225657134,"fDCMdepth_mp","vera4cast"
2026-04-27,2026-04-25,"P1D","fcre",NA,"ensemble",31,"ChlorophyllMaximum_depth_sample",2.36737650890462,"fDCMdepth_mp","vera4cast"
2026-04-27,2026-04-25,"P1D","fcre",NA,"ensemble",62,"ChlorophyllMaximum_depth_sample",2.47775327148388,"fDCMdepth_mp","vera4cast"
2026-04-27,2026-04-25,"P1D","fcre",NA,"ensemble",93,"ChlorophyllMaximum_depth_sample",3.34309012194175,"fDCMdepth_mp","vera4cast"
2026-04-27,2026-04-25,"P1D","fcre",NA,"ensemble",124,"ChlorophyllMaximum_depth_sample",1.33247716911038,"fDCMdepth_mp","vera4cast"
2026-04-28,2026-04-25,"P1D","fcre",NA,"ensemble",31,"ChlorophyllMaximum_depth_sample",5.39945161829725,"fDCMdepth_mp","vera4cast"
2026-04-28,2026-04-25,"P1D","fcre",NA,"ensemble",62,"ChlorophyllMaximum_depth_sample",3.46403116740973,"fDCMdepth_mp","vera4cast"
2026-04-28,2026-04-25,"P1D","fcre",NA,"ensemble",93,"ChlorophyllMaximum_depth_sample",2.04584984789161,"fDCMdepth_mp","vera4cast"
2026-04-28,2026-04-25,"P1D","fcre",NA,"ensemble",124,"ChlorophyllMaximum_depth_sample",0.996046604331772,"fDCMdepth_mp","vera4cast"
2026-04-29,2026-04-25,"P1D","fcre",NA,"ensemble",31,"ChlorophyllMaximum_depth_sample",3.07180452467604,"fDCMdepth_mp","vera4cast"
2026-04-29,2026-04-25,"P1D","fcre",NA,"ensemble",62,"ChlorophyllMaximum_depth_sample",3.96774151140132,"fDCMdepth_mp","vera4cast"
2026-04-29,2026-04-25,"P1D","fcre",NA,"ensemble",93,"ChlorophyllMaximum_depth_sample",2.12842204063669,"fDCMdepth_mp","vera4cast"
2026-04-29,2026-04-25,"P1D","fcre",NA,"ensemble",124,"ChlorophyllMaximum_depth_sample",2.56672314376281,"fDCMdepth_mp","vera4cast"
2026-04-30,2026-04-25,"P1D","fcre",NA,"ensemble",31,"ChlorophyllMaximum_depth_sample",-0.122061485837542,"fDCMdepth_mp","vera4cast"
2026-04-30,2026-04-25,"P1D","fcre",NA,"ensemble",62,"ChlorophyllMaximum_depth_sample",0.566457595390525,"fDCMdepth_mp","vera4cast"
2026-04-30,2026-04-25,"P1D","fcre",NA,"ensemble",93,"ChlorophyllMaximum_depth_sample",1.59103397908163,"fDCMdepth_mp","vera4cast"
2026-04-30,2026-04-25,"P1D","fcre",NA,"ensemble",124,"ChlorophyllMaximum_depth_sample",-0.422896318016788,"fDCMdepth_mp","vera4cast"
2026-05-01,2026-04-25,"P1D","fcre",NA,"ensemble",31,"ChlorophyllMaximum_depth_sample",4.09494626144286,"fDCMdepth_mp","vera4cast"
2026-05-01,2026-04-25,"P1D","fcre",NA,"ensemble",62,"ChlorophyllMaximum_depth_sample",2.65253151002522,"fDCMdepth_mp","vera4cast"
2026-05-01,2026-04-25,"P1D","fcre",NA,"ensemble",93,"ChlorophyllMaximum_depth_sample",2.31290078300906,"fDCMdepth_mp","vera4cast"
2026-05-01,2026-04-25,"P1D","fcre",NA,"ensemble",124,"ChlorophyllMaximum_depth_sample",2.09165916618737,"fDCMdepth_mp","vera4cast"
2026-05-02,2026-04-25,"P1D","fcre",NA,"ensemble",31,"ChlorophyllMaximum_depth_sample",3.16667698027466,"fDCMdepth_mp","vera4cast"
2026-05-02,2026-04-25,"P1D","fcre",NA,"ensemble",62,"ChlorophyllMaximum_depth_sample",2.00301059302294,"fDCMdepth_mp","vera4cast"
2026-05-02,2026-04-25,"P1D","fcre",NA,"ensemble",93,"ChlorophyllMaximum_depth_sample",2.29555771827931,"fDCMdepth_mp","vera4cast"
2026-05-02,2026-04-25,"P1D","fcre",NA,"ensemble",124,"ChlorophyllMaximum_depth_sample",1.76298075965537,"fDCMdepth_mp","vera4cast"
2026-05-03,2026-04-25,"P1D","fcre",NA,"ensemble",31,"ChlorophyllMaximum_depth_sample",3.91612216761357,"fDCMdepth_mp","vera4cast"
2026-05-03,2026-04-25,"P1D","fcre",NA,"ensemble",62,"ChlorophyllMaximum_depth_sample",4.23837612884788,"fDCMdepth_mp","vera4cast"
2026-05-03,2026-04-25,"P1D","fcre",NA,"ensemble",93,"ChlorophyllMaximum_depth_sample",4.91822903602107,"fDCMdepth_mp","vera4cast"
2026-05-03,2026-04-25,"P1D","fcre",NA,"ensemble",124,"ChlorophyllMaximum_depth_sample",0.821213444651198,"fDCMdepth_mp","vera4cast"
2026-05-04,2026-04-25,"P1D","fcre",NA,"ensemble",31,"ChlorophyllMaximum_depth_sample",1.33206373935332,"fDCMdepth_mp","vera4cast"
2026-05-04,2026-04-25,"P1D","fcre",NA,"ensemble",62,"ChlorophyllMaximum_depth_sample",0.773224935020708,"fDCMdepth_mp","vera4cast"
2026-05-04,2026-04-25,"P1D","fcre",NA,"ensemble",93,"ChlorophyllMaximum_depth_sample",1.32940445419826,"fDCMdepth_mp","vera4cast"
2026-05-04,2026-04-25,"P1D","fcre",NA,"ensemble",124,"ChlorophyllMaximum_depth_sample",4.94590583060574,"fDCMdepth_mp","vera4cast"
2026-05-05,2026-04-25,"P1D","fcre",NA,"ensemble",31,"ChlorophyllMaximum_depth_sample",3.95663290720299,"fDCMdepth_mp","vera4cast"
2026-05-05,2026-04-25,"P1D","fcre",NA,"ensemble",62,"ChlorophyllMaximum_depth_sample",5.36502453579288,"fDCMdepth_mp","vera4cast"
2026-05-05,2026-04-25,"P1D","fcre",NA,"ensemble",93,"ChlorophyllMaximum_depth_sample",2.96696991435688,"fDCMdepth_mp","vera4cast"
2026-05-05,2026-04-25,"P1D","fcre",NA,"ensemble",124,"ChlorophyllMaximum_depth_sample",5.92422044168154,"fDCMdepth_mp","vera4cast"
2026-05-06,2026-04-25,"P1D","fcre",NA,"ensemble",31,"ChlorophyllMaximum_depth_sample",2.91909380975433,"fDCMdepth_mp","vera4cast"
2026-05-06,2026-04-25,"P1D","fcre",NA,"ensemble",62,"ChlorophyllMaximum_depth_sample",1.12694606789229,"fDCMdepth_mp","vera4cast"
2026-05-06,2026-04-25,"P1D","fcre",NA,"ensemble",93,"ChlorophyllMaximum_depth_sample",3.03684549564224,"fDCMdepth_mp","vera4cast"
2026-05-06,2026-04-25,"P1D","fcre",NA,"ensemble",124,"ChlorophyllMaximum_depth_sample",2.9902327717457,"fDCMdepth_mp","vera4cast"
2026-05-07,2026-04-25,"P1D","fcre",NA,"ensemble",31,"ChlorophyllMaximum_depth_sample",1.07851677363076,"fDCMdepth_mp","vera4cast"
2026-05-07,2026-04-25,"P1D","fcre",NA,"ensemble",62,"ChlorophyllMaximum_depth_sample",3.3224929892871,"fDCMdepth_mp","vera4cast"
2026-05-07,2026-04-25,"P1D","fcre",NA,"ensemble",93,"ChlorophyllMaximum_depth_sample",2.38364603501942,"fDCMdepth_mp","vera4cast"
2026-05-07,2026-04-25,"P1D","fcre",NA,"ensemble",124,"ChlorophyllMaximum_depth_sample",4.09887148785397,"fDCMdepth_mp","vera4cast"
2026-05-08,2026-04-25,"P1D","fcre",NA,"ensemble",31,"ChlorophyllMaximum_depth_sample",2.49962414807568,"fDCMdepth_mp","vera4cast"
2026-05-08,2026-04-25,"P1D","fcre",NA,"ensemble",62,"ChlorophyllMaximum_depth_sample",3.34579567564673,"fDCMdepth_mp","vera4cast"
2026-05-08,2026-04-25,"P1D","fcre",NA,"ensemble",93,"ChlorophyllMaximum_depth_sample",1.57765565900556,"fDCMdepth_mp","vera4cast"
2026-05-08,2026-04-25,"P1D","fcre",NA,"ensemble",124,"ChlorophyllMaximum_depth_sample",1.59721123339561,"fDCMdepth_mp","vera4cast"
2026-05-09,2026-04-25,"P1D","fcre",NA,"ensemble",31,"ChlorophyllMaximum_depth_sample",4.10635544347941,"fDCMdepth_mp","vera4cast"
2026-05-09,2026-04-25,"P1D","fcre",NA,"ensemble",62,"ChlorophyllMaximum_depth_sample",1.53486456674938,"fDCMdepth_mp","vera4cast"
2026-05-09,2026-04-25,"P1D","fcre",NA,"ensemble",93,"ChlorophyllMaximum_depth_sample",3.39705005907646,"fDCMdepth_mp","vera4cast"
2026-05-09,2026-04-25,"P1D","fcre",NA,"ensemble",124,"ChlorophyllMaximum_depth_sample",4.53869561684685,"fDCMdepth_mp","vera4cast"
2026-05-10,2026-04-25,"P1D","fcre",NA,"ensemble",31,"ChlorophyllMaximum_depth_sample",2.66779054248119,"fDCMdepth_mp","vera4cast"
2026-05-10,2026-04-25,"P1D","fcre",NA,"ensemble",62,"ChlorophyllMaximum_depth_sample",1.50385458536281,"fDCMdepth_mp","vera4cast"
2026-05-10,2026-04-25,"P1D","fcre",NA,"ensemble",93,"ChlorophyllMaximum_depth_sample",3.61001219589305,"fDCMdepth_mp","vera4cast"
2026-05-10,2026-04-25,"P1D","fcre",NA,"ensemble",124,"ChlorophyllMaximum_depth_sample",5.73518522055856,"fDCMdepth_mp","vera4cast"
2026-05-11,2026-04-25,"P1D","fcre",NA,"ensemble",31,"ChlorophyllMaximum_depth_sample",5.48574921981306,"fDCMdepth_mp","vera4cast"
2026-05-11,2026-04-25,"P1D","fcre",NA,"ensemble",62,"ChlorophyllMaximum_depth_sample",3.74463749288305,"fDCMdepth_mp","vera4cast"
2026-05-11,2026-04-25,"P1D","fcre",NA,"ensemble",93,"ChlorophyllMaximum_depth_sample",4.21178060351365,"fDCMdepth_mp","vera4cast"
2026-05-11,2026-04-25,"P1D","fcre",NA,"ensemble",124,"ChlorophyllMaximum_depth_sample",0.395226257695616,"fDCMdepth_mp","vera4cast"
2026-05-12,2026-04-25,"P1D","fcre",NA,"ensemble",31,"ChlorophyllMaximum_depth_sample",2.49490840949194,"fDCMdepth_mp","vera4cast"
2026-05-12,2026-04-25,"P1D","fcre",NA,"ensemble",62,"ChlorophyllMaximum_depth_sample",4.62899481456754,"fDCMdepth_mp","vera4cast"
2026-05-12,2026-04-25,"P1D","fcre",NA,"ensemble",93,"ChlorophyllMaximum_depth_sample",2.03026117522861,"fDCMdepth_mp","vera4cast"
2026-05-12,2026-04-25,"P1D","fcre",NA,"ensemble",124,"ChlorophyllMaximum_depth_sample",4.12759054296084,"fDCMdepth_mp","vera4cast"
2026-05-13,2026-04-25,"P1D","fcre",NA,"ensemble",31,"ChlorophyllMaximum_depth_sample",3.77989439858301,"fDCMdepth_mp","vera4cast"
2026-05-13,2026-04-25,"P1D","fcre",NA,"ensemble",62,"ChlorophyllMaximum_depth_sample",3.40054998539663,"fDCMdepth_mp","vera4cast"
2026-05-13,2026-04-25,"P1D","fcre",NA,"ensemble",93,"ChlorophyllMaximum_depth_sample",4.2834057006196,"fDCMdepth_mp","vera4cast"
2026-05-13,2026-04-25,"P1D","fcre",NA,"ensemble",124,"ChlorophyllMaximum_depth_sample",3.88401076498436,"fDCMdepth_mp","vera4cast"
2026-05-14,2026-04-25,"P1D","fcre",NA,"ensemble",31,"ChlorophyllMaximum_depth_sample",2.16975389448751,"fDCMdepth_mp","vera4cast"
2026-05-14,2026-04-25,"P1D","fcre",NA,"ensemble",62,"ChlorophyllMaximum_depth_sample",2.56124771867476,"fDCMdepth_mp","vera4cast"
2026-05-14,2026-04-25,"P1D","fcre",NA,"ensemble",93,"ChlorophyllMaximum_depth_sample",3.03738002076479,"fDCMdepth_mp","vera4cast"
2026-05-14,2026-04-25,"P1D","fcre",NA,"ensemble",124,"ChlorophyllMaximum_depth_sample",3.5724501914579,"fDCMdepth_mp","vera4cast"
2026-05-15,2026-04-25,"P1D","fcre",NA,"ensemble",31,"ChlorophyllMaximum_depth_sample",2.38929436579361,"fDCMdepth_mp","vera4cast"
2026-05-15,2026-04-25,"P1D","fcre",NA,"ensemble",62,"ChlorophyllMaximum_depth_sample",4.42143320342148,"fDCMdepth_mp","vera4cast"
2026-05-15,2026-04-25,"P1D","fcre",NA,"ensemble",93,"ChlorophyllMaximum_depth_sample",1.67098588414015,"fDCMdepth_mp","vera4cast"
2026-05-15,2026-04-25,"P1D","fcre",NA,"ensemble",124,"ChlorophyllMaximum_depth_sample",4.06130750549439,"fDCMdepth_mp","vera4cast"
2026-05-16,2026-04-25,"P1D","fcre",NA,"ensemble",31,"ChlorophyllMaximum_depth_sample",4.34089628989679,"fDCMdepth_mp","vera4cast"
2026-05-16,2026-04-25,"P1D","fcre",NA,"ensemble",62,"ChlorophyllMaximum_depth_sample",3.6796088972545,"fDCMdepth_mp","vera4cast"
2026-05-16,2026-04-25,"P1D","fcre",NA,"ensemble",93,"ChlorophyllMaximum_depth_sample",4.20653564023613,"fDCMdepth_mp","vera4cast"
2026-05-16,2026-04-25,"P1D","fcre",NA,"ensemble",124,"ChlorophyllMaximum_depth_sample",2.82005946950933,"fDCMdepth_mp","vera4cast"
2026-05-17,2026-04-25,"P1D","fcre",NA,"ensemble",31,"ChlorophyllMaximum_depth_sample",1.5247383408726,"fDCMdepth_mp","vera4cast"
2026-05-17,2026-04-25,"P1D","fcre",NA,"ensemble",62,"ChlorophyllMaximum_depth_sample",3.95995235818801,"fDCMdepth_mp","vera4cast"
2026-05-17,2026-04-25,"P1D","fcre",NA,"ensemble",93,"ChlorophyllMaximum_depth_sample",5.76470243309965,"fDCMdepth_mp","vera4cast"
2026-05-17,2026-04-25,"P1D","fcre",NA,"ensemble",124,"ChlorophyllMaximum_depth_sample",3.00152635462315,"fDCMdepth_mp","vera4cast"
2026-05-18,2026-04-25,"P1D","fcre",NA,"ensemble",31,"ChlorophyllMaximum_depth_sample",4.59005018534974,"fDCMdepth_mp","vera4cast"
2026-05-18,2026-04-25,"P1D","fcre",NA,"ensemble",62,"ChlorophyllMaximum_depth_sample",4.06060778521704,"fDCMdepth_mp","vera4cast"
2026-05-18,2026-04-25,"P1D","fcre",NA,"ensemble",93,"ChlorophyllMaximum_depth_sample",3.45788930598348,"fDCMdepth_mp","vera4cast"
2026-05-18,2026-04-25,"P1D","fcre",NA,"ensemble",124,"ChlorophyllMaximum_depth_sample",5.08090424825725,"fDCMdepth_mp","vera4cast"
2026-05-19,2026-04-25,"P1D","fcre",NA,"ensemble",31,"ChlorophyllMaximum_depth_sample",2.54342979913459,"fDCMdepth_mp","vera4cast"
2026-05-19,2026-04-25,"P1D","fcre",NA,"ensemble",62,"ChlorophyllMaximum_depth_sample",6.98466604746914,"fDCMdepth_mp","vera4cast"
2026-05-19,2026-04-25,"P1D","fcre",NA,"ensemble",93,"ChlorophyllMaximum_depth_sample",1.87186138617174,"fDCMdepth_mp","vera4cast"
2026-05-19,2026-04-25,"P1D","fcre",NA,"ensemble",124,"ChlorophyllMaximum_depth_sample",5.11325415548895,"fDCMdepth_mp","vera4cast"
2026-05-20,2026-04-25,"P1D","fcre",NA,"ensemble",31,"ChlorophyllMaximum_depth_sample",4.81863547273782,"fDCMdepth_mp","vera4cast"
2026-05-20,2026-04-25,"P1D","fcre",NA,"ensemble",62,"ChlorophyllMaximum_depth_sample",4.56159362495763,"fDCMdepth_mp","vera4cast"
2026-05-20,2026-04-25,"P1D","fcre",NA,"ensemble",93,"ChlorophyllMaximum_depth_sample",4.77114370808103,"fDCMdepth_mp","vera4cast"
2026-05-20,2026-04-25,"P1D","fcre",NA,"ensemble",124,"ChlorophyllMaximum_depth_sample",1.93641294111274,"fDCMdepth_mp","vera4cast"
2026-05-21,2026-04-25,"P1D","fcre",NA,"ensemble",31,"ChlorophyllMaximum_depth_sample",2.26170482695799,"fDCMdepth_mp","vera4cast"
2026-05-21,2026-04-25,"P1D","fcre",NA,"ensemble",62,"ChlorophyllMaximum_depth_sample",3.24631022378787,"fDCMdepth_mp","vera4cast"
2026-05-21,2026-04-25,"P1D","fcre",NA,"ensemble",93,"ChlorophyllMaximum_depth_sample",4.84517189286768,"fDCMdepth_mp","vera4cast"
2026-05-21,2026-04-25,"P1D","fcre",NA,"ensemble",124,"ChlorophyllMaximum_depth_sample",4.36719143741172,"fDCMdepth_mp","vera4cast"
2026-05-22,2026-04-25,"P1D","fcre",NA,"ensemble",31,"ChlorophyllMaximum_depth_sample",3.13386834681519,"fDCMdepth_mp","vera4cast"
2026-05-22,2026-04-25,"P1D","fcre",NA,"ensemble",62,"ChlorophyllMaximum_depth_sample",3.32838798175842,"fDCMdepth_mp","vera4cast"
2026-05-22,2026-04-25,"P1D","fcre",NA,"ensemble",93,"ChlorophyllMaximum_depth_sample",2.35649130563731,"fDCMdepth_mp","vera4cast"
2026-05-22,2026-04-25,"P1D","fcre",NA,"ensemble",124,"ChlorophyllMaximum_depth_sample",2.68496235981649,"fDCMdepth_mp","vera4cast"
2026-05-23,2026-04-25,"P1D","fcre",NA,"ensemble",31,"ChlorophyllMaximum_depth_sample",3.68393206827848,"fDCMdepth_mp","vera4cast"
2026-05-23,2026-04-25,"P1D","fcre",NA,"ensemble",62,"ChlorophyllMaximum_depth_sample",4.23555517288388,"fDCMdepth_mp","vera4cast"
2026-05-23,2026-04-25,"P1D","fcre",NA,"ensemble",93,"ChlorophyllMaximum_depth_sample",0.892244639029141,"fDCMdepth_mp","vera4cast"
2026-05-23,2026-04-25,"P1D","fcre",NA,"ensemble",124,"ChlorophyllMaximum_depth_sample",5.51753401761557,"fDCMdepth_mp","vera4cast"
2026-05-24,2026-04-25,"P1D","fcre",NA,"ensemble",31,"ChlorophyllMaximum_depth_sample",2.38935114730432,"fDCMdepth_mp","vera4cast"
2026-05-24,2026-04-25,"P1D","fcre",NA,"ensemble",62,"ChlorophyllMaximum_depth_sample",2.52186729083824,"fDCMdepth_mp","vera4cast"
2026-05-24,2026-04-25,"P1D","fcre",NA,"ensemble",93,"ChlorophyllMaximum_depth_sample",2.40871520939044,"fDCMdepth_mp","vera4cast"
2026-05-24,2026-04-25,"P1D","fcre",NA,"ensemble",124,"ChlorophyllMaximum_depth_sample",2.2242813405201,"fDCMdepth_mp","vera4cast"
2026-05-25,2026-04-25,"P1D","fcre",NA,"ensemble",31,"ChlorophyllMaximum_depth_sample",4.78938618319754,"fDCMdepth_mp","vera4cast"
2026-05-25,2026-04-25,"P1D","fcre",NA,"ensemble",62,"ChlorophyllMaximum_depth_sample",1.23082744318805,"fDCMdepth_mp","vera4cast"
2026-05-25,2026-04-25,"P1D","fcre",NA,"ensemble",93,"ChlorophyllMaximum_depth_sample",4.1763440307023,"fDCMdepth_mp","vera4cast"
2026-05-25,2026-04-25,"P1D","fcre",NA,"ensemble",124,"ChlorophyllMaximum_depth_sample",4.83693125105487,"fDCMdepth_mp","vera4cast"
2026-05-26,2026-04-25,"P1D","fcre",NA,"ensemble",31,"ChlorophyllMaximum_depth_sample",4.4885476591339,"fDCMdepth_mp","vera4cast"
2026-05-26,2026-04-25,"P1D","fcre",NA,"ensemble",62,"ChlorophyllMaximum_depth_sample",3.90587429436116,"fDCMdepth_mp","vera4cast"
2026-05-26,2026-04-25,"P1D","fcre",NA,"ensemble",93,"ChlorophyllMaximum_depth_sample",4.12254724436357,"fDCMdepth_mp","vera4cast"
2026-05-26,2026-04-25,"P1D","fcre",NA,"ensemble",124,"ChlorophyllMaximum_depth_sample",1.21282805391755,"fDCMdepth_mp","vera4cast"
2026-05-27,2026-04-25,"P1D","fcre",NA,"ensemble",31,"ChlorophyllMaximum_depth_sample",3.84324333727679,"fDCMdepth_mp","vera4cast"
2026-05-27,2026-04-25,"P1D","fcre",NA,"ensemble",62,"ChlorophyllMaximum_depth_sample",4.43863125577453,"fDCMdepth_mp","vera4cast"
2026-05-27,2026-04-25,"P1D","fcre",NA,"ensemble",93,"ChlorophyllMaximum_depth_sample",2.90864357962966,"fDCMdepth_mp","vera4cast"
2026-05-27,2026-04-25,"P1D","fcre",NA,"ensemble",124,"ChlorophyllMaximum_depth_sample",1.99481089671567,"fDCMdepth_mp","vera4cast"
2026-05-28,2026-04-25,"P1D","fcre",NA,"ensemble",31,"ChlorophyllMaximum_depth_sample",2.77812787835833,"fDCMdepth_mp","vera4cast"
2026-05-28,2026-04-25,"P1D","fcre",NA,"ensemble",62,"ChlorophyllMaximum_depth_sample",1.57185583240564,"fDCMdepth_mp","vera4cast"
2026-05-28,2026-04-25,"P1D","fcre",NA,"ensemble",93,"ChlorophyllMaximum_depth_sample",4.297844648663,"fDCMdepth_mp","vera4cast"
2026-05-28,2026-04-25,"P1D","fcre",NA,"ensemble",124,"ChlorophyllMaximum_depth_sample",3.00956078544008,"fDCMdepth_mp","vera4cast"
2026-05-29,2026-04-25,"P1D","fcre",NA,"ensemble",31,"ChlorophyllMaximum_depth_sample",2.4500246773892,"fDCMdepth_mp","vera4cast"
2026-05-29,2026-04-25,"P1D","fcre",NA,"ensemble",62,"ChlorophyllMaximum_depth_sample",1.13246446885696,"fDCMdepth_mp","vera4cast"
2026-05-29,2026-04-25,"P1D","fcre",NA,"ensemble",93,"ChlorophyllMaximum_depth_sample",0.791079118262788,"fDCMdepth_mp","vera4cast"
2026-05-29,2026-04-25,"P1D","fcre",NA,"ensemble",124,"ChlorophyllMaximum_depth_sample",1.67288582280033,"fDCMdepth_mp","vera4cast"
